Ticket_ID,Created_Date,Resolved_Date,Priority,Department,Category,Status
TCK-1000,2025-01-01 00:30:14.581458,2025-01-01 12:40:26.360892615,Unassigned,DevOps,Software,Closed
TCK-1001,2025-01-01 00:30:14.581458,2025-01-01 23:32:41.905535794,High,IT Support,Network,Closed
TCK-1002,2025-01-01 00:30:14.581458,2025-01-03 02:28:49.364116696,Medium,DevOps,Software,Closed
TCK-1003,2025-01-01 01:00:29.162916,2025-01-01 02:43:49.685431188,Low,Finance,Access Control,Resolved
TCK-1004,2025-01-01 01:00:29.162916,2025-01-01 01:21:45.420534257,Unassigned,Operations,Email,Resolved
TCK-1005,2025-01-01 02:00:58.325832,2025-01-02 07:30:25.128752023,High,Operations,Access Control,Resolved
TCK-1006,2025-01-01 02:00:58.325832,2025-01-01 04:04:36.568971326,High,HR,Hardware,Resolved
TCK-1007,2025-01-01 02:31:12.907290,2025-01-04 08:16:32.731690862,Medium,Finance,Access Control,Closed
TCK-1008,2025-01-01 03:01:27.488748,2025-01-01 20:24:35.888147674,Medium,IT Support,Access Control,Closed
TCK-1009,2025-01-01 03:31:42.070207,2025-01-01 22:28:11.149632346,Low,IT Support,Hardware,Closed
TCK-1010,2025-01-01 03:31:42.070207,2025-01-01 07:31:12.062396588,Critical,HR,Hardware,Resolved
TCK-1011,2025-01-01 04:32:11.233123,2025-01-01 09:29:01.374759409,Critical,DevOps,Email,Resolved
TCK-1012,2025-01-01 04:32:11.233123,2025-01-01 23:55:14.392750157,Low,Finance,Email,Closed
TCK-1013,2025-01-01 04:32:11.233123,2025-01-02 23:49:29.729743760,Medium,HR,Network,Closed
TCK-1014,2025-01-01 05:02:25.814581,2025-01-04 05:44:53.740586142,Low,DevOps,Software,Closed
TCK-1016,2025-01-01 05:32:40.396039,2025-01-01 08:08:12.147643829,Medium,DevOps,Access Control,Closed
TCK-1017,2025-01-01 05:32:40.396039,2025-01-01 06:35:22.319238670,Medium,IT Support,Access Control,Closed
TCK-1018,2025-01-01 06:02:54.977497,2025-01-02 18:32:17.928198565,Medium,DevOps,Email,Resolved
TCK-1019,2025-01-01 06:02:54.977497,2025-01-01 12:20:00.097431102,Medium,Operations,Software,Resolved
TCK-1020,2025-01-01 06:33:09.558955,2025-01-01 06:35:07.085262739,High,IT Support,Hardware,Closed
TCK-1021,2025-01-01 08:03:53.303330,2025-01-01 12:37:31.573128450,Medium,HR,Email,Resolved
TCK-1022,2025-01-01 08:03:53.303330,2025-01-01 15:33:22.024622075,High,Operations,Software,Resolved
TCK-1023,2025-01-01 09:04:22.466246,2025-01-04 21:50:05.352523622,Medium,Finance,Hardware,Resolved
TCK-1024,2025-01-01 09:04:22.466246,2025-01-01 22:25:03.556529825,High,Finance,Access Control,Closed
TCK-1025,2025-01-01 09:04:22.466246,2025-01-01 13:11:45.127518539,Critical,IT Support,Access Control,Closed
TCK-1026,2025-01-01 10:35:06.210621,2025-01-01 17:55:24.853735057,Low,Finance,Email,Closed
TCK-1027,2025-01-01 10:35:06.210621,2025-01-01 17:48:06.922209983,Medium,HR,Software,Closed
TCK-1028,2025-01-01 11:05:20.792079,2025-01-01 11:26:51.795734654,Low,IT Support,Access Control,Closed
TCK-1029,2025-01-01 11:05:20.792079,2025-01-01 13:42:12.176750185,Medium,HR,Software,Closed
TCK-1030,2025-01-01 12:05:49.954995,2025-01-02 09:28:58.047032842,Low,IT Support,Email,Resolved
TCK-1031,2025-01-01 12:36:04.536453,2025-01-01 14:54:26.623301339,Medium,DevOps,Network,Closed
TCK-1032,2025-01-01 12:36:04.536453,2025-01-01 17:19:22.796318691,High,Operations,Software,Closed
TCK-1033,2025-01-01 13:06:19.117911,2025-01-01 20:52:47.395572132,Medium,HR,Software,Closed
TCK-1034,2025-01-01 14:06:48.280828,2025-01-02 15:37:56.723552120,Medium,Finance,Email,Closed
TCK-1035,2025-01-01 14:06:48.280828,2025-01-02 05:49:53.815057468,Low,HR,Network,Closed
TCK-1036,2025-01-01 16:07:46.606660,2025-01-02 13:09:10.564901044,Low,IT Support,Access Control,Closed
TCK-1037,2025-01-01 18:38:59.513951,2025-01-02 09:43:00.095823984,Medium,Operations,Hardware,Closed
TCK-1038,2025-01-01 19:09:14.095409,2025-01-02 15:52:01.017274508,Low,IT Support,Email,Closed
TCK-1039,2025-01-01 19:09:14.095409,2025-01-01 19:12:18.529185320,Critical,IT Support,Hardware,Closed
TCK-1040,2025-01-01 20:09:43.258325,2025-01-03 20:15:40.113716974,Medium,HR,Network,Closed
TCK-1041,2025-01-01 22:10:41.584158,2025-01-02 00:17:40.011193166,Medium,DevOps,Network,Closed
TCK-1042,2025-01-01 22:40:56.165616,2025-01-02 08:03:56.107605286,Low,HR,Software,Closed
TCK-1043,2025-01-02 00:11:39.909990,2025-01-03 02:43:48.124753860,Medium,IT Support,Hardware,Resolved
TCK-1044,2025-01-02 00:41:54.491449,2025-01-02 10:58:57.192662680,High,DevOps,Hardware,Closed
TCK-1045,2025-01-02 02:12:38.235823,2025-01-04 07:01:53.644407317,Unassigned,HR,Network,Closed
TCK-1046,2025-01-02 02:42:52.817281,2025-01-02 14:03:38.812655100,Low,IT Support,Hardware,Closed
TCK-1047,2025-01-02 03:13:07.398739,2025-01-03 16:38:23.806115416,High,HR,Access Control,Closed
TCK-1048,2025-01-02 03:43:21.980198,2025-01-03 09:41:40.409920634,Low,IT Support,Network,Resolved
TCK-1049,2025-01-02 03:43:21.980198,2025-01-05 03:02:58.178590850,Medium,Finance,Software,Closed
TCK-1050,2025-01-02 04:13:36.561656,2025-01-04 03:13:37.148179545,Medium,DevOps,Software,Resolved
TCK-1051,2025-01-02 05:14:05.724572,2025-01-03 22:20:48.747608729,Unassigned,DevOps,Software,Closed
TCK-1052,2025-01-02 06:14:34.887488,2025-01-03 05:55:05.876858851,Low,IT Support,Hardware,Closed
TCK-1053,2025-01-02 06:14:34.887488,2025-01-02 14:28:26.756547839,Low,IT Support,Network,Resolved
TCK-1054,2025-01-02 06:14:34.887488,2025-01-02 08:15:44.786714142,Medium,IT Support,Software,Resolved
TCK-1055,2025-01-02 07:15:04.050405,2025-01-03 04:15:14.096989844,High,IT Support,Network,Closed
TCK-1056,2025-01-02 08:15:33.213321,2025-01-05 05:30:11.991238707,Medium,IT Support,Hardware,Closed
TCK-1057,2025-01-02 08:15:33.213321,2025-01-03 07:36:08.159229414,Medium,IT Support,Access Control,Closed
TCK-1058,2025-01-02 08:45:47.794779,2025-01-04 08:18:22.152192794,Unassigned,IT Support,Access Control,Closed
TCK-1059,2025-01-02 09:16:02.376237,2025-01-03 14:37:43.908621981,Unassigned,Finance,Access Control,Resolved
TCK-1060,2025-01-02 09:16:02.376237,2025-01-02 12:28:21.197229109,High,HR,Hardware,Closed
TCK-1061,2025-01-02 09:16:02.376237,2025-01-02 14:25:35.416802458,High,IT Support,Software,Closed
TCK-1062,2025-01-02 09:46:16.957695,2025-01-02 17:18:05.786003553,High,HR,Hardware,Closed
TCK-1063,2025-01-02 09:46:16.957695,2025-01-02 13:05:15.445390471,Low,IT Support,Network,Closed
TCK-1064,2025-01-02 10:46:46.120612,2025-01-03 02:27:55.436616070,Low,DevOps,Access Control,Closed
TCK-1065,2025-01-02 11:47:15.283528,2025-01-05 06:30:53.080926099,Medium,HR,Network,Closed
TCK-1066,2025-01-02 11:47:15.283528,2025-01-03 13:35:07.510384217,Unassigned,IT Support,Hardware,Closed
TCK-1067,2025-01-02 12:17:29.864986,2025-01-02 22:12:07.676621232,High,IT Support,Email,Resolved
TCK-1068,2025-01-02 12:47:44.446444,2025-01-02 12:52:36.996199706,Low,IT Support,Email,Closed
TCK-1069,2025-01-02 13:17:59.027902,2025-01-02 20:03:52.347313592,Low,DevOps,Hardware,Resolved
TCK-1070,2025-01-02 13:17:59.027902,2025-01-03 02:45:59.220116766,High,Operations,Software,Closed
TCK-1071,2025-01-02 13:48:13.609360,2025-01-02 20:51:30.892836633,Medium,IT Support,Network,Resolved
TCK-1072,2025-01-02 13:48:13.609360,2025-01-02 15:55:20.396196985,Medium,DevOps,Hardware,Closed
TCK-1073,2025-01-02 14:18:28.190819,2025-01-03 00:50:01.166781166,Medium,IT Support,Hardware,Resolved
TCK-1074,2025-01-02 14:48:42.772277,2025-01-02 20:04:06.225180768,Low,IT Support,Email,Closed
TCK-1075,2025-01-02 15:18:57.353735,2025-01-04 10:30:21.883894614,Critical,IT Support,Access Control,Closed
TCK-1076,2025-01-02 15:18:57.353735,2025-01-02 17:14:51.164496777,High,Operations,Access Control,Closed
TCK-1077,2025-01-02 16:19:26.516651,2025-01-02 17:13:52.548249088,Unassigned,HR,Software,Resolved
TCK-1078,2025-01-02 16:19:26.516651,2025-01-02 16:25:11.793055572,Low,Operations,Software,Closed
TCK-1079,2025-01-02 16:49:41.098109,2025-01-02 23:59:05.619644969,High,HR,Software,Closed
TCK-1080,2025-01-02 17:19:55.679567,2025-01-03 12:46:16.314407479,Medium,IT Support,Email,Resolved
TCK-1081,2025-01-02 19:20:54.005400,2025-01-03 18:56:38.181389484,Medium,DevOps,Hardware,Closed
TCK-1082,2025-01-02 19:51:08.586858,2025-01-03 06:43:13.854108644,Medium,Operations,Software,Resolved
TCK-1083,2025-01-02 20:51:37.749774,2025-01-03 17:36:55.625625990,Critical,DevOps,Email,Closed
TCK-1084,2025-01-02 20:51:37.749774,2025-01-03 04:53:28.450775617,Medium,DevOps,Network,Closed
TCK-1085,2025-01-02 21:21:52.331233,2025-01-03 17:12:04.316235775,Medium,IT Support,Hardware,Closed
TCK-1086,2025-01-02 21:52:06.912691,2025-01-02 22:36:52.419436440,Unassigned,IT Support,Network,Closed
TCK-1087,2025-01-02 22:52:36.075607,2025-01-03 07:47:46.515850854,Medium,IT Support,Access Control,Resolved
TCK-1088,2025-01-02 23:22:50.657065,2025-01-04 03:32:43.349242507,High,HR,Access Control,Closed
TCK-1089,2025-01-03 00:23:19.819981,2025-01-04 05:37:52.744090244,High,Operations,Hardware,Resolved
TCK-1090,2025-01-03 00:53:34.401440,2025-01-03 23:33:37.368509511,High,DevOps,Software,Closed
TCK-1091,2025-01-03 01:23:48.982898,2025-01-03 05:30:32.926038652,Medium,DevOps,Hardware,Closed
TCK-1092,2025-01-03 01:23:48.982898,2025-01-03 06:30:29.752288154,Low,IT Support,Software,Resolved
TCK-1093,2025-01-03 02:24:18.145814,2025-01-07 06:11:42.376583956,Unassigned,DevOps,Access Control,Closed
TCK-1094,2025-01-03 04:25:16.471647,2025-01-03 06:23:07.507162809,Low,Operations,Hardware,Closed
TCK-1095,2025-01-03 04:25:16.471647,2025-01-03 08:00:28.483026054,Medium,HR,Hardware,Closed
TCK-1096,2025-01-03 04:55:31.053105,2025-01-03 07:25:57.190690971,Low,HR,Software,Closed
TCK-1097,2025-01-03 04:55:31.053105,2025-01-03 12:04:15.591896677,Low,DevOps,Access Control,Closed
TCK-1098,2025-01-03 04:55:31.053105,2025-01-03 09:10:20.284863212,Medium,Finance,Access Control,Closed
TCK-1099,2025-01-03 04:55:31.053105,2025-01-03 17:19:08.040615229,High,Operations,Software,Closed
TCK-1101,2025-01-03 06:56:29.378937,2025-01-05 00:39:39.953655866,Low,IT Support,Software,Closed
TCK-1102,2025-01-03 08:27:13.123312,2025-01-03 09:05:24.304179349,Medium,HR,Access Control,Closed
TCK-1103,2025-01-03 09:57:56.867686,2025-01-03 16:54:16.321823435,High,IT Support,Access Control,Resolved
TCK-1104,2025-01-03 10:28:11.449144,2025-01-04 02:48:47.916413820,Low,Finance,Hardware,Resolved
TCK-1105,2025-01-03 10:58:26.030603,2025-01-04 03:41:04.262178416,Medium,IT Support,Access Control,Closed
TCK-1106,2025-01-03 10:58:26.030603,2025-01-03 22:44:56.197677639,Low,Operations,Network,Closed
TCK-1107,2025-01-03 11:28:40.612061,2025-01-04 17:54:57.636168571,Medium,Operations,Network,Closed
TCK-1108,2025-01-03 12:29:09.774977,2025-01-03 13:39:07.229454781,Medium,IT Support,Software,Closed
TCK-1109,2025-01-03 13:29:38.937893,2025-01-04 19:54:53.497912986,High,IT Support,Software,Closed
TCK-1110,2025-01-03 14:30:08.100810,2025-01-04 02:47:27.729253180,Medium,Finance,Software,Closed
TCK-1111,2025-01-03 15:00:22.682268,2025-01-03 17:35:27.578325633,Medium,DevOps,Hardware,Closed
TCK-1112,2025-01-03 15:00:22.682268,2025-01-05 06:02:50.347409079,Medium,IT Support,Network,Closed
TCK-1113,2025-01-03 15:30:37.263726,2025-01-04 10:22:03.108517034,Medium,IT Support,Network,Closed
TCK-1114,2025-01-03 15:30:37.263726,2025-01-03 18:43:29.466535674,Medium,Finance,Access Control,Closed
TCK-1115,2025-01-03 16:31:06.426642,2025-01-03 17:08:04.459706606,Medium,DevOps,Network,Closed
TCK-1116,2025-01-03 17:01:21.008100,2025-01-03 19:45:37.996053802,Medium,IT Support,Access Control,Closed
TCK-1117,2025-01-03 17:31:35.589558,2025-01-04 10:25:12.406559883,High,DevOps,Hardware,Resolved
TCK-1118,2025-01-03 18:32:04.752475,2025-01-03 22:05:28.782576806,Low,Operations,Software,Closed
TCK-1119,2025-01-03 19:02:19.333933,2025-01-03 23:38:40.186045835,Medium,IT Support,Software,Closed
TCK-1120,2025-01-03 20:33:03.078307,2025-01-03 21:00:32.959318581,Medium,Finance,Access Control,Closed
TCK-1121,2025-01-03 21:03:17.659765,2025-01-04 20:09:27.651280201,High,IT Support,Email,Closed
TCK-1122,2025-01-03 21:33:32.241224,2025-01-05 03:29:12.022252962,High,IT Support,Access Control,Closed
TCK-1123,2025-01-03 21:33:32.241224,2025-01-05 02:14:50.590204781,Medium,IT Support,Hardware,Closed
TCK-1124,2025-01-03 22:03:46.822682,2025-01-04 00:31:10.126530482,Medium,HR,Network,Closed
TCK-1125,2025-01-03 22:34:01.404140,2025-01-05 16:37:04.153221800,Medium,DevOps,Access Control,Resolved
TCK-1126,2025-01-03 22:34:01.404140,2025-01-04 18:38:51.773644905,Low,Finance,Hardware,Resolved
TCK-1127,2025-01-03 23:04:15.985598,2025-01-05 16:04:41.515782099,Low,IT Support,Software,Resolved
TCK-1128,2025-01-03 23:34:30.567056,2025-01-04 10:14:36.721129508,Critical,IT Support,Email,Closed
TCK-1129,2025-01-03 23:34:30.567056,2025-01-04 09:54:51.394053813,Critical,Finance,Email,Closed
TCK-1130,2025-01-04 00:04:45.148514,2025-01-05 03:42:30.805608639,High,IT Support,Access Control,Closed
TCK-1131,2025-01-04 00:04:45.148514,2025-01-04 01:50:31.743402069,Medium,IT Support,Network,Closed
TCK-1132,2025-01-04 00:34:59.729972,2025-01-04 13:49:39.035022565,Medium,Finance,Access Control,Closed
TCK-1133,2025-01-04 01:05:14.311431,2025-01-05 09:40:17.507046124,Medium,Operations,Email,Closed
TCK-1134,2025-01-04 01:05:14.311431,2025-01-05 09:00:10.556902087,Medium,IT Support,Email,Closed
TCK-1135,2025-01-04 01:05:14.311431,2025-01-06 09:21:57.322381623,High,DevOps,Software,Closed
TCK-1136,2025-01-04 01:05:14.311431,2025-01-04 22:39:19.699463992,Low,IT Support,Network,Closed
TCK-1137,2025-01-04 01:35:28.892889,2025-01-04 05:47:01.092812241,Low,Finance,Network,Closed
TCK-1138,2025-01-04 02:05:43.474347,2025-01-04 02:27:51.147539846,High,Finance,Email,Closed
TCK-1139,2025-01-04 02:35:58.055805,2025-01-04 14:20:59.731277937,Critical,DevOps,Email,Closed
TCK-1140,2025-01-04 02:35:58.055805,2025-01-04 15:34:34.806495317,High,Finance,Access Control,Closed
TCK-1141,2025-01-04 02:35:58.055805,2025-01-04 07:32:43.956058686,High,HR,Access Control,Resolved
TCK-1142,2025-01-04 04:06:41.800180,2025-01-04 06:30:32.232093336,Low,IT Support,Software,Resolved
TCK-1143,2025-01-04 04:06:41.800180,2025-01-04 19:59:40.817882599,Medium,IT Support,Email,Closed
TCK-1144,2025-01-04 04:36:56.381638,2025-01-05 06:37:32.862825246,Low,Finance,Access Control,Closed
TCK-1145,2025-01-04 05:07:10.963096,2025-01-07 22:50:01.023502825,Medium,Operations,Software,Closed
TCK-1146,2025-01-04 05:07:10.963096,2025-01-05 06:40:51.422610900,Medium,Finance,Network,Resolved
TCK-1147,2025-01-04 05:07:10.963096,2025-01-05 09:31:31.603564072,Medium,DevOps,Email,Closed
TCK-1148,2025-01-04 05:37:25.544554,2025-01-04 22:52:24.269134687,Unassigned,IT Support,Hardware,Resolved
TCK-1149,2025-01-04 05:37:25.544554,2025-01-07 10:21:40.178365577,Medium,HR,Email,Closed
TCK-1150,2025-01-04 05:37:25.544554,2025-01-05 00:00:40.695190221,Medium,IT Support,Access Control,Resolved
TCK-1151,2025-01-04 06:07:40.126012,2025-01-05 17:33:01.580702825,Low,IT Support,Email,Resolved
TCK-1152,2025-01-04 06:37:54.707470,2025-01-06 11:05:53.172756563,Low,HR,Hardware,Closed
TCK-1153,2025-01-04 07:38:23.870387,2025-01-06 07:28:13.064885133,Medium,DevOps,Email,Closed
TCK-1154,2025-01-04 08:08:38.451845,2025-01-04 16:47:23.267100947,High,HR,Access Control,Resolved
TCK-1155,2025-01-04 08:38:53.033303,2025-01-04 10:07:21.992388269,Medium,DevOps,Network,Resolved
TCK-1156,2025-01-04 09:09:07.614761,2025-01-04 12:32:48.221039528,High,DevOps,Access Control,Closed
TCK-1157,2025-01-04 09:09:07.614761,2025-01-04 10:15:03.620678614,Medium,IT Support,Software,Resolved
TCK-1158,2025-01-04 09:39:22.196219,2025-01-04 11:39:39.306696255,Medium,DevOps,Access Control,Resolved
TCK-1159,2025-01-04 09:39:22.196219,2025-01-04 13:19:50.425329417,Medium,IT Support,Software,Resolved
TCK-1160,2025-01-04 10:09:36.777677,2025-01-04 17:40:09.709608903,Low,IT Support,Email,Closed
TCK-1161,2025-01-04 10:39:51.359135,2025-01-05 00:46:50.981511305,Medium,IT Support,Software,Closed
TCK-1162,2025-01-04 11:10:05.940594,2025-01-05 09:33:17.146371908,Medium,IT Support,Email,Closed
TCK-1163,2025-01-04 11:10:05.940594,2025-01-04 15:25:56.857522942,Low,DevOps,Software,Closed
TCK-1164,2025-01-04 11:40:20.522052,2025-01-05 07:45:59.071273505,Critical,Operations,Access Control,Closed
TCK-1165,2025-01-04 14:11:33.429342,2025-01-05 12:07:17.419924848,Low,IT Support,Hardware,Resolved
TCK-1166,2025-01-04 14:41:48.010801,2025-01-05 05:25:04.975339765,Low,IT Support,Email,Closed
TCK-1167,2025-01-04 15:42:17.173717,2025-01-06 09:48:52.527107640,Low,IT Support,Software,Closed
TCK-1168,2025-01-04 16:12:31.755175,2025-01-04 18:19:35.618374996,Medium,DevOps,Hardware,Closed
TCK-1169,2025-01-04 17:43:15.499549,2025-01-04 21:13:48.043654822,Medium,HR,Software,Closed
TCK-1170,2025-01-04 17:43:15.499549,2025-01-05 03:47:49.194558595,Medium,Finance,Software,Closed
TCK-1171,2025-01-04 18:13:30.081008,2025-01-04 20:39:49.879829542,Low,DevOps,Software,Closed
TCK-1172,2025-01-04 19:44:13.825382,2025-01-05 10:46:27.313594051,Low,HR,Access Control,Resolved
TCK-1173,2025-01-04 19:44:13.825382,2025-01-05 04:53:02.806053064,Low,Operations,Software,Closed
TCK-1174,2025-01-04 20:14:28.406840,2025-01-05 02:16:10.417615449,Low,IT Support,Hardware,Closed
TCK-1175,2025-01-04 21:45:12.151215,2025-01-05 01:06:25.512565656,High,Operations,Software,Closed
TCK-1176,2025-01-04 22:15:26.732673,2025-01-05 05:36:36.042066741,Medium,IT Support,Network,Closed
TCK-1177,2025-01-04 22:15:26.732673,2025-01-05 15:06:44.788324708,Medium,IT Support,Email,Resolved
TCK-1178,2025-01-04 23:15:55.895589,2025-01-05 14:42:02.891819439,Low,DevOps,Access Control,Closed
TCK-1179,2025-01-04 23:46:10.477047,2025-01-05 02:59:08.747067895,Unassigned,DevOps,Network,Closed
TCK-1180,2025-01-04 23:46:10.477047,2025-01-05 02:10:17.372973736,High,DevOps,Network,Closed
TCK-1181,2025-01-05 00:16:25.058505,2025-01-05 00:45:37.188620032,High,IT Support,Hardware,Resolved
TCK-1182,2025-01-05 00:16:25.058505,2025-01-05 00:29:55.281221861,Low,Operations,Hardware,Closed
TCK-1183,2025-01-05 00:16:25.058505,2025-01-06 14:24:35.851707234,Low,IT Support,Access Control,Resolved
TCK-1184,2025-01-05 00:46:39.639963,2025-01-05 01:36:29.316640750,High,IT Support,Access Control,Closed
TCK-1185,2025-01-05 00:46:39.639963,2025-01-06 00:25:38.170187727,Low,IT Support,Email,Closed
TCK-1186,2025-01-05 01:16:54.221422,2025-01-06 14:16:57.657811281,Medium,DevOps,Software,Closed
TCK-1187,2025-01-05 01:16:54.221422,2025-01-05 03:08:21.898594505,Low,DevOps,Access Control,Resolved
TCK-1188,2025-01-05 01:47:08.802880,2025-01-05 12:06:14.470392964,Low,HR,Access Control,Resolved
TCK-1189,2025-01-05 02:17:23.384338,2025-01-07 13:17:49.080076374,Low,IT Support,Software,Closed
TCK-1190,2025-01-05 03:17:52.547254,2025-01-06 11:38:12.430988156,Medium,IT Support,Email,Closed
TCK-1191,2025-01-05 03:48:07.128712,2025-01-05 15:54:42.261307083,High,IT Support,Hardware,Closed
TCK-1192,2025-01-05 05:18:50.873087,2025-01-06 07:11:45.958633000,Low,HR,Email,Closed
TCK-1193,2025-01-05 05:18:50.873087,2025-01-06 13:34:14.109360542,Low,DevOps,Software,Closed
TCK-1194,2025-01-05 05:49:05.454545,2025-01-05 13:31:03.788842645,Medium,Finance,Hardware,Closed
TCK-1195,2025-01-05 06:19:20.036003,2025-01-06 22:24:32.289701105,Medium,Operations,Hardware,Closed
TCK-1196,2025-01-05 06:19:20.036003,2025-01-05 17:45:58.043941286,High,IT Support,Hardware,Closed
TCK-1197,2025-01-05 06:49:34.617461,2025-01-05 20:19:58.479970594,High,IT Support,Email,Resolved
TCK-1198,2025-01-05 06:49:34.617461,2025-01-11 09:18:05.731248737,Low,HR,Software,Resolved
TCK-1199,2025-01-05 07:19:49.198919,2025-01-06 16:41:32.179520040,Medium,DevOps,Email,Closed
TCK-1200,2025-01-05 07:50:03.780378,2025-01-05 15:55:02.645989604,High,HR,Email,Closed
TCK-1201,2025-01-05 07:50:03.780378,2025-01-05 08:01:17.666950585,Medium,Operations,Network,Closed
TCK-1202,2025-01-05 08:20:18.361836,2025-01-06 02:02:59.295641915,Low,Finance,Access Control,Closed
TCK-1203,2025-01-05 08:20:18.361836,2025-01-06 06:14:46.661386491,Medium,IT Support,Email,Closed
TCK-1204,2025-01-05 08:20:18.361836,2025-01-06 03:16:35.618524868,High,IT Support,Network,Closed
TCK-1205,2025-01-05 09:20:47.524752,2025-01-07 23:13:32.239221795,Unassigned,DevOps,Software,Resolved
TCK-1206,2025-01-05 09:20:47.524752,2025-01-06 21:07:21.600424800,Medium,DevOps,Network,Closed
TCK-1207,2025-01-05 10:21:16.687668,2025-01-05 21:04:39.023520314,Medium,IT Support,Email,Closed
TCK-1208,2025-01-05 10:51:31.269126,2025-01-05 12:01:38.079542122,Medium,IT Support,Software,Closed
TCK-1209,2025-01-05 11:21:45.850585,2025-01-05 22:59:50.999605497,Low,Finance,Network,Closed
TCK-1210,2025-01-05 12:22:15.013501,2025-01-06 09:24:29.838857819,Low,Finance,Email,Closed
TCK-1211,2025-01-05 12:22:15.013501,2025-01-06 05:12:51.835631017,Medium,IT Support,Software,Closed
TCK-1212,2025-01-05 14:53:27.920792,2025-01-06 04:47:45.085861917,High,HR,Software,Closed
TCK-1213,2025-01-05 16:24:11.665166,2025-01-06 03:47:27.538773849,Low,IT Support,Access Control,Resolved
TCK-1214,2025-01-05 16:24:11.665166,2025-01-05 22:39:49.287126279,Critical,Operations,Email,Closed
TCK-1215,2025-01-05 16:54:26.246624,2025-01-05 22:45:14.957620668,Low,IT Support,Access Control,Closed
TCK-1216,2025-01-05 16:54:26.246624,2025-01-06 05:23:32.190539503,Medium,DevOps,Software,Resolved
TCK-1217,2025-01-05 16:54:26.246624,2025-01-05 20:03:30.891262282,High,Finance,Software,Closed
TCK-1218,2025-01-05 17:24:40.828082,2025-01-06 00:54:33.559951936,Low,IT Support,Network,Closed
TCK-1219,2025-01-05 17:24:40.828082,2025-01-06 00:27:32.072178318,Low,Finance,Access Control,Closed
TCK-1220,2025-01-05 17:54:55.409540,2025-01-06 09:50:19.387609964,Low,IT Support,Hardware,Closed
TCK-1221,2025-01-05 17:54:55.409540,2025-01-05 19:09:27.233046649,Critical,DevOps,Email,Closed
TCK-1222,2025-01-05 17:54:55.409540,2025-01-07 01:46:32.044517377,Medium,Finance,Access Control,Closed
TCK-1223,2025-01-05 18:25:09.990999,2025-01-06 09:17:40.751442176,Low,IT Support,Software,Closed
TCK-1224,2025-01-05 18:55:24.572457,2025-01-06 14:55:28.444235429,High,IT Support,Network,Closed
TCK-1225,2025-01-05 19:25:39.153915,2025-01-06 17:17:08.344731181,Medium,DevOps,Email,Resolved
TCK-1226,2025-01-05 20:26:08.316831,2025-01-06 02:38:17.284236021,Low,IT Support,Email,Resolved
TCK-1227,2025-01-05 20:56:22.898289,2025-01-06 08:22:48.455645723,Medium,HR,Network,Closed
TCK-1228,2025-01-05 20:56:22.898289,2025-01-08 05:15:53.194199441,Medium,IT Support,Software,Closed
TCK-1229,2025-01-05 20:56:22.898289,2025-01-06 23:08:16.223656783,Low,Operations,Hardware,Closed
TCK-1230,2025-01-05 21:26:37.479747,2025-01-08 12:17:52.282072565,Medium,Finance,Network,Closed
TCK-1231,2025-01-05 21:26:37.479747,2025-01-06 22:07:45.681885127,Low,DevOps,Hardware,Closed
TCK-1232,2025-01-05 21:26:37.479747,2025-01-06 00:55:10.333790242,Medium,IT Support,Access Control,Closed
TCK-1233,2025-01-05 21:56:52.061206,2025-01-05 23:08:55.030683382,Low,IT Support,Email,Closed
TCK-1234,2025-01-05 21:56:52.061206,2025-01-06 13:27:46.291861830,Low,IT Support,Software,Closed
TCK-1235,2025-01-05 21:56:52.061206,2025-01-06 05:55:10.437410389,Critical,IT Support,Hardware,Resolved
TCK-1236,2025-01-05 22:27:06.642664,2025-01-06 04:15:06.202130223,Medium,DevOps,Software,Closed
TCK-1237,2025-01-05 22:27:06.642664,2025-01-07 04:04:57.741576431,Low,Finance,Access Control,Closed
TCK-1238,2025-01-05 22:57:21.224122,2025-01-06 07:11:12.593602178,High,HR,Hardware,Closed
TCK-1239,2025-01-05 23:27:35.805580,2025-01-06 06:19:21.572761995,High,DevOps,Software,Closed
TCK-1240,2025-01-05 23:57:50.387038,2025-01-07 10:06:38.402529263,Low,IT Support,Software,Resolved
TCK-1241,2025-01-05 23:57:50.387038,2025-01-07 09:40:19.418636784,High,IT Support,Access Control,Closed
TCK-1242,2025-01-06 00:58:19.549954,2025-01-06 08:54:12.116586697,Medium,Operations,Network,Closed
TCK-1243,2025-01-06 01:28:34.131413,2025-01-07 09:38:16.449787074,High,Finance,Access Control,Closed
TCK-1244,2025-01-06 01:58:48.712871,2025-01-07 12:13:19.271454614,High,Finance,Hardware,Closed
TCK-1245,2025-01-06 01:58:48.712871,2025-01-06 11:54:27.664197977,Medium,IT Support,Hardware,Closed
TCK-1246,2025-01-06 02:29:03.294329,2025-01-06 03:43:20.596834545,Unassigned,HR,Email,Resolved
TCK-1247,2025-01-06 02:59:17.875787,2025-01-06 03:01:00.642194049,High,IT Support,Software,Closed
TCK-1248,2025-01-06 02:59:17.875787,2025-01-06 16:19:25.092248090,Low,Operations,Hardware,Closed
TCK-1249,2025-01-06 03:59:47.038703,2025-01-06 11:35:13.819358544,Critical,Finance,Network,Closed
TCK-1250,2025-01-06 03:59:47.038703,2025-01-10 13:22:12.942430850,Medium,IT Support,Network,Closed
TCK-1251,2025-01-06 05:30:30.783078,2025-01-07 08:09:08.644229857,High,DevOps,Access Control,Resolved
TCK-1252,2025-01-06 05:30:30.783078,2025-01-07 07:17:33.214461855,High,HR,Hardware,Closed
TCK-1253,2025-01-06 05:30:30.783078,2025-01-08 13:25:32.128541046,Medium,DevOps,Hardware,Resolved
TCK-1254,2025-01-06 06:00:45.364536,2025-01-07 21:22:29.920117007,Low,IT Support,Email,Closed
TCK-1255,2025-01-06 06:00:45.364536,2025-01-06 12:54:23.800531964,Critical,IT Support,Email,Closed
TCK-1256,2025-01-06 07:31:29.108910,2025-01-06 10:47:30.733669002,Low,IT Support,Email,Closed
TCK-1257,2025-01-06 08:31:58.271827,2025-01-07 09:11:34.074096647,Medium,IT Support,Hardware,Closed
TCK-1258,2025-01-06 09:02:12.853285,2025-01-06 17:35:29.417899322,Medium,DevOps,Access Control,Closed
TCK-1259,2025-01-06 09:02:12.853285,2025-01-06 20:34:22.032566557,Low,DevOps,Access Control,Closed
TCK-1260,2025-01-06 09:02:12.853285,2025-01-07 02:57:10.094783823,High,Finance,Access Control,Closed
TCK-1261,2025-01-06 10:02:42.016201,2025-01-08 04:58:03.040761158,Low,Operations,Access Control,Closed
TCK-1262,2025-01-06 11:03:11.179117,2025-01-06 20:49:47.660218781,Unassigned,IT Support,Network,Closed
TCK-1263,2025-01-06 11:33:25.760576,2025-01-07 15:05:05.652275149,Critical,Operations,Hardware,Closed
TCK-1264,2025-01-06 12:03:40.342034,2025-01-06 17:41:06.393674317,Medium,Operations,Software,Resolved
TCK-1265,2025-01-06 12:03:40.342034,2025-01-07 09:36:41.160860379,Medium,HR,Hardware,Resolved
TCK-1266,2025-01-06 13:04:09.504950,2025-01-06 13:05:51.932345151,Medium,IT Support,Access Control,Resolved
TCK-1267,2025-01-06 13:04:09.504950,2025-01-08 02:00:11.491749401,Medium,DevOps,Network,Closed
TCK-1268,2025-01-06 13:04:09.504950,2025-01-06 13:37:28.624063983,Medium,IT Support,Network,Closed
TCK-1269,2025-01-06 15:05:07.830783,2025-01-07 13:32:20.350889929,Critical,DevOps,Hardware,Closed
TCK-1270,2025-01-06 15:35:22.412241,2025-01-06 16:26:31.488166553,Medium,IT Support,Software,Resolved
TCK-1271,2025-01-06 15:35:22.412241,2025-01-06 21:09:43.264068745,High,Finance,Access Control,Closed
TCK-1272,2025-01-06 16:05:36.993699,2025-01-07 04:28:11.373052818,Medium,Finance,Network,Closed
TCK-1273,2025-01-06 16:05:36.993699,2025-01-07 01:53:48.464703075,Medium,IT Support,Access Control,Resolved
TCK-1274,2025-01-06 16:05:36.993699,2025-01-06 19:55:38.772433137,Low,HR,Access Control,Resolved
TCK-1275,2025-01-06 16:35:51.575157,2025-01-06 23:54:32.540495495,Medium,IT Support,Access Control,Closed
TCK-1276,2025-01-06 16:35:51.575157,2025-01-07 16:00:48.228054926,Critical,HR,Email,Closed
TCK-1277,2025-01-06 16:35:51.575157,2025-01-07 12:30:47.197182486,High,DevOps,Access Control,Closed
TCK-1278,2025-01-06 17:06:06.156615,2025-01-06 18:26:35.296533549,High,IT Support,Access Control,Resolved
TCK-1279,2025-01-06 19:07:04.482448,2025-01-07 19:52:44.327480740,High,DevOps,Software,Closed
TCK-1280,2025-01-06 19:37:19.063906,2025-01-06 20:36:10.964316431,Low,IT Support,Software,Resolved
TCK-1281,2025-01-06 19:37:19.063906,2025-01-07 09:42:51.685487764,Low,DevOps,Email,Resolved
TCK-1282,2025-01-06 19:37:19.063906,2025-01-07 01:02:36.168844795,Medium,Operations,Email,Resolved
TCK-1283,2025-01-06 19:37:19.063906,2025-01-07 11:34:10.574046320,Medium,IT Support,Access Control,Resolved
TCK-1284,2025-01-06 19:37:19.063906,2025-01-07 01:04:27.102853520,Low,Operations,Network,Resolved
TCK-1285,2025-01-06 20:07:33.645364,2025-01-09 23:40:13.217103551,Low,Finance,Network,Closed
TCK-1286,2025-01-06 20:37:48.226822,2025-01-07 03:18:07.631309419,High,IT Support,Hardware,Closed
TCK-1287,2025-01-06 21:38:17.389738,2025-01-07 02:37:28.283331349,Medium,Operations,Network,Resolved
TCK-1288,2025-01-06 22:08:31.971197,2025-01-07 04:01:01.057918564,Medium,IT Support,Network,Closed
TCK-1289,2025-01-06 22:08:31.971197,2025-01-08 14:57:53.281283712,Medium,IT Support,Software,Closed
TCK-1290,2025-01-06 22:38:46.552655,2025-01-07 16:50:52.492137274,Low,Finance,Hardware,Closed
TCK-1291,2025-01-06 23:39:15.715571,2025-01-07 23:16:04.906434170,Medium,DevOps,Hardware,Closed
TCK-1292,2025-01-06 23:39:15.715571,2025-01-08 20:40:31.156496607,Low,DevOps,Software,Closed
TCK-1293,2025-01-07 00:39:44.878487,2025-01-08 20:23:02.165428424,Critical,IT Support,Network,Closed
TCK-1294,2025-01-07 01:40:14.041404,2025-01-08 01:50:42.217494801,Low,Operations,Network,Closed
TCK-1295,2025-01-07 03:10:57.785778,2025-01-07 07:09:01.505819465,High,DevOps,Hardware,Closed
TCK-1296,2025-01-07 04:11:26.948694,2025-01-08 13:33:39.030017170,Medium,Operations,Network,Resolved
TCK-1297,2025-01-07 04:11:26.948694,2025-01-07 08:17:33.233701329,Medium,IT Support,Hardware,Closed
TCK-1298,2025-01-07 04:11:26.948694,2025-01-08 04:38:23.852470905,Critical,DevOps,Network,Closed
TCK-1299,2025-01-07 04:11:26.948694,2025-01-08 01:01:06.962087123,Low,Operations,Access Control,Closed
TCK-1300,2025-01-07 04:41:41.530153,2025-01-08 06:17:59.351893127,Low,HR,Software,Resolved
TCK-1301,2025-01-07 05:11:56.111611,2025-01-07 18:53:32.918138121,Medium,Operations,Email,Closed
TCK-1302,2025-01-07 05:42:10.693069,2025-01-08 00:01:44.811412476,High,IT Support,Access Control,Closed
TCK-1303,2025-01-07 06:12:25.274527,2025-01-09 13:22:01.063941236,Low,IT Support,Network,Closed
TCK-1304,2025-01-07 06:12:25.274527,2025-01-07 08:07:31.062161919,Low,Operations,Email,Closed
TCK-1305,2025-01-07 07:12:54.437443,2025-01-07 13:51:51.198390048,Medium,Operations,Access Control,Closed
TCK-1306,2025-01-07 07:43:09.018901,2025-01-08 00:43:51.118410622,High,IT Support,Software,Resolved
TCK-1307,2025-01-07 07:43:09.018901,2025-01-09 19:34:57.041329056,Low,IT Support,Email,Closed
TCK-1308,2025-01-07 08:13:23.600360,2025-01-07 10:01:53.102868109,Medium,DevOps,Email,Closed
TCK-1309,2025-01-07 08:13:23.600360,2025-01-07 08:38:01.516179721,Medium,Operations,Software,Closed
TCK-1310,2025-01-07 09:44:07.344734,2025-01-07 10:46:04.524945517,Low,Finance,Access Control,Closed
TCK-1311,2025-01-07 10:14:21.926192,2025-01-07 11:12:30.032926056,High,Finance,Email,Closed
TCK-1312,2025-01-07 10:44:36.507650,2025-01-09 05:39:17.579388572,Medium,DevOps,Software,Closed
TCK-1313,2025-01-07 10:44:36.507650,2025-01-08 09:44:16.455166994,High,IT Support,Access Control,Resolved
TCK-1314,2025-01-07 10:44:36.507650,2025-01-08 07:05:28.521798222,Medium,Operations,Network,Closed
TCK-1315,2025-01-07 11:14:51.089108,2025-01-08 00:33:20.556581948,Low,HR,Hardware,Resolved
TCK-1316,2025-01-07 12:15:20.252025,2025-01-08 15:40:13.431068392,Medium,Finance,Network,Closed
TCK-1317,2025-01-07 13:15:49.414941,2025-01-07 16:18:32.654855396,Unassigned,HR,Network,Closed
TCK-1318,2025-01-07 14:16:18.577857,2025-01-07 23:13:35.519956312,Medium,HR,Hardware,Closed
TCK-1319,2025-01-07 14:16:18.577857,2025-01-08 02:23:31.845007859,Medium,DevOps,Network,Closed
TCK-1320,2025-01-07 15:47:02.322232,2025-01-07 17:53:23.535498345,Medium,Operations,Network,Resolved
TCK-1321,2025-01-07 15:47:02.322232,2025-01-08 01:34:26.335559027,Low,DevOps,Software,Closed
TCK-1322,2025-01-07 17:17:46.066606,2025-01-08 00:08:44.490049864,High,DevOps,Software,Closed
TCK-1323,2025-01-07 17:17:46.066606,2025-01-07 17:56:53.810753955,Medium,IT Support,Access Control,Resolved
TCK-1324,2025-01-07 19:18:44.392439,2025-01-07 21:57:32.197789527,Medium,DevOps,Email,Closed
TCK-1325,2025-01-07 19:18:44.392439,2025-01-08 21:18:20.745108276,Low,IT Support,Access Control,Closed
TCK-1326,2025-01-07 19:48:58.973897,2025-01-07 20:08:38.500806013,Critical,IT Support,Software,Closed
TCK-1327,2025-01-07 19:48:58.973897,2025-01-09 20:48:41.060800876,Low,IT Support,Software,Closed
TCK-1328,2025-01-07 21:19:42.718271,2025-01-07 22:57:19.951546812,Medium,DevOps,Hardware,Closed
TCK-1329,2025-01-07 21:49:57.299729,2025-01-09 02:44:02.487991236,High,Operations,Hardware,Resolved
TCK-1330,2025-01-07 21:49:57.299729,2025-01-09 15:01:54.476906077,Low,DevOps,Software,Closed
TCK-1331,2025-01-07 21:49:57.299729,2025-01-10 00:49:04.500340447,Critical,IT Support,Network,Closed
TCK-1332,2025-01-07 22:50:26.462646,2025-01-09 11:13:07.213463554,Medium,IT Support,Access Control,Closed
TCK-1333,2025-01-07 22:50:26.462646,2025-01-08 04:56:36.617531066,Medium,Finance,Software,Closed
TCK-1334,2025-01-07 22:50:26.462646,2025-01-08 06:07:56.675235285,Medium,IT Support,Software,Resolved
TCK-1335,2025-01-08 01:21:39.369936,2025-01-08 11:22:13.161434756,High,HR,Hardware,Closed
TCK-1336,2025-01-08 02:22:08.532853,2025-01-08 05:04:08.884129799,Critical,DevOps,Access Control,Resolved
TCK-1337,2025-01-08 03:22:37.695769,2025-01-08 03:46:57.265981367,Medium,Operations,Access Control,Closed
TCK-1338,2025-01-08 03:22:37.695769,2025-01-09 15:58:47.636537726,Medium,HR,Email,Closed
TCK-1339,2025-01-08 03:22:37.695769,2025-01-08 17:54:58.273823976,Medium,IT Support,Software,Closed
TCK-1340,2025-01-08 03:22:37.695769,2025-01-08 20:16:02.087732129,Medium,DevOps,Email,Resolved
TCK-1341,2025-01-08 03:52:52.277227,2025-01-10 02:59:22.817753442,Low,DevOps,Hardware,Closed
TCK-1342,2025-01-08 04:23:06.858685,2025-01-09 00:04:36.992864808,High,Operations,Email,Resolved
TCK-1343,2025-01-08 04:53:21.440144,2025-01-09 02:01:12.753339218,Unassigned,IT Support,Network,Closed
TCK-1344,2025-01-08 04:53:21.440144,2025-01-09 08:43:22.712645578,High,HR,Software,Closed
TCK-1345,2025-01-08 05:53:50.603060,2025-01-08 08:07:25.874992772,Medium,Operations,Software,Closed
TCK-1346,2025-01-08 07:24:34.347434,2025-01-08 15:26:50.171777439,High,IT Support,Access Control,Closed
TCK-1347,2025-01-08 07:54:48.928892,2025-01-10 21:59:14.211971243,High,DevOps,Email,Closed
TCK-1348,2025-01-08 08:25:03.510351,2025-01-10 06:33:08.644429218,Medium,IT Support,Access Control,Closed
TCK-1349,2025-01-08 09:25:32.673267,2025-01-10 00:12:44.646695360,Critical,Finance,Email,Closed
TCK-1350,2025-01-08 09:25:32.673267,2025-01-08 20:15:19.043782194,Low,DevOps,Email,Closed
TCK-1351,2025-01-08 10:26:01.836183,2025-01-09 21:27:59.541574017,Low,HR,Hardware,Closed
TCK-1352,2025-01-08 10:56:16.417641,2025-01-08 11:49:50.897655106,Low,DevOps,Email,Closed
TCK-1353,2025-01-08 11:26:30.999099,2025-01-08 14:20:09.299587312,Low,HR,Access Control,Closed
TCK-1354,2025-01-08 12:27:00.162016,2025-01-08 22:04:08.009919645,Medium,Operations,Email,Closed
TCK-1355,2025-01-08 12:27:00.162016,2025-01-09 00:20:18.685514790,Critical,HR,Email,Closed
TCK-1356,2025-01-08 12:27:00.162016,2025-01-08 17:57:19.615003886,Medium,IT Support,Software,Closed
TCK-1357,2025-01-08 12:57:14.743474,2025-01-08 20:53:18.389013367,Medium,HR,Software,Closed
TCK-1358,2025-01-08 14:27:58.487848,2025-01-08 17:39:51.098362199,Medium,DevOps,Software,Closed
TCK-1359,2025-01-08 14:58:13.069306,2025-01-09 03:03:35.860753775,Medium,DevOps,Network,Closed
TCK-1360,2025-01-08 15:28:27.650765,2025-01-09 19:53:54.541563062,Medium,HR,Software,Resolved
TCK-1361,2025-01-08 15:28:27.650765,2025-01-09 10:57:54.311937033,Medium,Finance,Network,Resolved
TCK-1362,2025-01-08 15:28:27.650765,2025-01-08 17:31:38.496865289,High,DevOps,Network,Resolved
TCK-1363,2025-01-08 15:28:27.650765,2025-01-09 03:30:33.825444819,Medium,DevOps,Access Control,Closed
TCK-1364,2025-01-08 15:28:27.650765,2025-01-09 13:00:18.691021461,Medium,DevOps,Software,Closed
TCK-1365,2025-01-08 15:58:42.232223,2025-01-09 05:33:53.261582764,High,DevOps,Email,Resolved
TCK-1366,2025-01-08 15:58:42.232223,2025-01-09 00:55:30.876590368,Low,Finance,Hardware,Closed
TCK-1367,2025-01-08 17:29:25.976597,2025-01-09 10:59:52.705822299,Medium,IT Support,Email,Closed
TCK-1368,2025-01-08 17:59:40.558055,2025-01-11 08:18:49.791199032,Unassigned,IT Support,Software,Closed
TCK-1369,2025-01-08 18:29:55.139513,2025-01-08 20:17:36.903710487,Unassigned,Operations,Email,Closed
TCK-1370,2025-01-08 18:29:55.139513,2025-01-09 03:23:47.247314373,Low,IT Support,Software,Resolved
TCK-1371,2025-01-08 19:00:09.720972,2025-01-09 04:23:48.609943814,Medium,HR,Software,Resolved
TCK-1372,2025-01-08 19:00:09.720972,2025-01-09 10:29:17.538283297,Medium,Operations,Email,Closed
TCK-1373,2025-01-08 19:30:24.302430,2025-01-08 22:28:41.522901765,Low,IT Support,Network,Closed
TCK-1374,2025-01-08 20:30:53.465346,2025-01-09 00:00:48.345195806,Medium,DevOps,Access Control,Closed
TCK-1375,2025-01-08 21:01:08.046804,2025-01-09 03:03:59.440580850,Medium,DevOps,Access Control,Closed
TCK-1376,2025-01-08 22:31:51.791179,2025-01-11 06:42:07.736243447,High,Operations,Access Control,Closed
TCK-1377,2025-01-08 22:31:51.791179,2025-01-09 22:22:30.229215711,Low,IT Support,Access Control,Resolved
TCK-1378,2025-01-09 00:32:50.117011,2025-01-09 20:03:20.512756802,Critical,IT Support,Hardware,Resolved
TCK-1379,2025-01-09 00:32:50.117011,2025-01-10 07:06:42.975292462,Medium,Operations,Software,Closed
TCK-1380,2025-01-09 00:32:50.117011,2025-01-09 03:00:14.038649818,Medium,IT Support,Hardware,Resolved
TCK-1381,2025-01-09 01:03:04.698469,2025-01-10 12:21:20.735902443,Medium,Finance,Access Control,Closed
TCK-1382,2025-01-09 01:33:19.279927,2025-01-09 17:49:03.179804848,Unassigned,DevOps,Access Control,Resolved
TCK-1383,2025-01-09 02:33:48.442844,2025-01-09 09:54:56.852295084,Unassigned,IT Support,Email,Closed
TCK-1384,2025-01-09 02:33:48.442844,2025-01-10 09:01:12.192717932,Medium,Operations,Access Control,Resolved
TCK-1385,2025-01-09 02:33:48.442844,2025-01-10 07:45:56.301918296,Medium,DevOps,Software,Closed
TCK-1386,2025-01-09 02:33:48.442844,2025-01-10 12:12:13.949402472,Medium,IT Support,Access Control,Resolved
TCK-1387,2025-01-09 04:04:32.187218,2025-01-09 06:17:06.581820843,Medium,IT Support,Access Control,Resolved
TCK-1388,2025-01-09 04:34:46.768676,2025-01-11 19:19:06.492679594,Low,IT Support,Hardware,Closed
TCK-1389,2025-01-09 04:34:46.768676,2025-01-11 14:21:07.103915464,Medium,IT Support,Software,Closed
TCK-1390,2025-01-09 04:34:46.768676,2025-01-09 12:32:30.479665481,Medium,DevOps,Network,Resolved
TCK-1391,2025-01-09 05:05:01.350135,2025-01-09 06:18:38.466520888,Low,IT Support,Email,Closed
TCK-1392,2025-01-09 05:05:01.350135,2025-01-09 08:22:26.042935473,Medium,HR,Network,Closed
TCK-1393,2025-01-09 05:35:15.931593,2025-01-12 22:28:16.047767633,Medium,Operations,Hardware,Closed
TCK-1394,2025-01-09 05:35:15.931593,2025-01-09 20:29:20.721919339,Medium,Finance,Access Control,Closed
TCK-1395,2025-01-09 05:35:15.931593,2025-01-09 13:31:34.192536591,High,IT Support,Email,Resolved
TCK-1396,2025-01-09 06:05:30.513051,2025-01-09 12:12:40.056513684,Low,Operations,Software,Resolved
TCK-1397,2025-01-09 07:05:59.675967,2025-01-09 12:26:48.393554771,High,IT Support,Email,Closed
TCK-1398,2025-01-09 07:05:59.675967,2025-01-10 02:44:22.883410920,Medium,Operations,Hardware,Resolved
TCK-1399,2025-01-09 08:06:28.838883,2025-01-09 17:53:38.801924174,Low,DevOps,Access Control,Closed
TCK-1400,2025-01-09 09:37:12.583258,2025-01-11 22:10:33.447961026,High,DevOps,Hardware,Resolved
TCK-1401,2025-01-09 10:37:41.746174,2025-01-10 07:21:20.012151164,Medium,DevOps,Software,Resolved
TCK-1402,2025-01-09 11:07:56.327632,2025-01-10 15:24:00.295461466,Medium,Finance,Network,Closed
TCK-1403,2025-01-09 11:38:10.909090,2025-01-09 17:52:14.980013113,Medium,DevOps,Access Control,Closed
TCK-1404,2025-01-09 11:38:10.909090,2025-01-09 13:07:16.757575291,Critical,DevOps,Access Control,Closed
TCK-1405,2025-01-09 11:38:10.909090,2025-01-09 23:40:47.597199995,Critical,HR,Hardware,Closed
TCK-1406,2025-01-09 12:08:25.490549,2025-01-09 18:56:22.118907770,Critical,HR,Hardware,Resolved
TCK-1407,2025-01-09 12:38:40.072007,2025-01-09 16:42:28.730570984,Critical,Operations,Hardware,Closed
TCK-1408,2025-01-09 12:38:40.072007,2025-01-11 19:32:41.515815202,Low,Finance,Access Control,Closed
TCK-1409,2025-01-09 12:38:40.072007,2025-01-09 23:12:35.455051881,Medium,Operations,Hardware,Closed
TCK-1410,2025-01-09 15:40:07.560756,2025-01-09 19:07:30.374671023,Critical,Finance,Email,Closed
TCK-1411,2025-01-09 17:10:51.305130,2025-01-09 21:10:01.802193688,High,Finance,Email,Closed
TCK-1412,2025-01-09 18:11:20.468046,2025-01-10 00:07:11.439911704,Medium,IT Support,Email,Closed
TCK-1413,2025-01-09 18:41:35.049504,2025-01-15 05:52:33.873026923,High,IT Support,Access Control,Closed
TCK-1414,2025-01-09 19:11:49.630963,2025-01-10 00:48:46.613823131,Low,Finance,Hardware,Resolved
TCK-1415,2025-01-09 19:11:49.630963,2025-01-10 02:22:24.795607689,Medium,Finance,Software,Resolved
TCK-1416,2025-01-09 19:11:49.630963,2025-01-10 14:34:48.572471917,Medium,Finance,Hardware,Closed
TCK-1417,2025-01-09 20:12:18.793879,2025-01-10 02:28:14.723609755,Medium,DevOps,Access Control,Closed
TCK-1418,2025-01-09 20:12:18.793879,2025-01-10 00:34:51.454208667,High,DevOps,Email,Closed
TCK-1419,2025-01-09 20:42:33.375337,2025-01-09 23:49:06.428698607,Critical,DevOps,Access Control,Closed
TCK-1420,2025-01-09 21:12:47.956795,2025-01-10 03:57:45.311615606,Low,IT Support,Hardware,Closed
TCK-1421,2025-01-09 23:13:46.282628,2025-01-10 01:14:40.979675629,High,Finance,Access Control,Resolved
TCK-1422,2025-01-10 00:44:30.027002,2025-01-10 01:04:49.733153686,Medium,IT Support,Software,Closed
TCK-1423,2025-01-10 01:44:59.189918,2025-01-11 07:08:32.403124993,Medium,HR,Access Control,Closed
TCK-1424,2025-01-10 03:45:57.515751,2025-01-10 06:26:12.419170873,Medium,IT Support,Network,Closed
TCK-1425,2025-01-10 04:16:12.097209,2025-01-11 07:11:53.278455143,Critical,HR,Access Control,Closed
TCK-1426,2025-01-10 04:16:12.097209,2025-01-11 09:01:12.289340503,Medium,HR,Hardware,Closed
TCK-1427,2025-01-10 04:16:12.097209,2025-01-10 18:09:58.748111707,Low,IT Support,Network,Closed
TCK-1428,2025-01-10 05:46:55.841584,2025-01-10 12:27:10.906756816,Medium,HR,Email,Closed
TCK-1429,2025-01-10 06:17:10.423042,2025-01-10 09:06:24.070854107,Low,Operations,Hardware,Closed
TCK-1430,2025-01-10 06:17:10.423042,2025-01-11 06:18:49.382285618,Medium,IT Support,Software,Closed
TCK-1431,2025-01-10 06:47:25.004500,2025-01-10 23:20:45.726112703,Low,DevOps,Access Control,Closed
TCK-1432,2025-01-10 07:47:54.167416,2025-01-11 02:58:40.258251229,Medium,Finance,Access Control,Closed
TCK-1433,2025-01-10 08:18:08.748874,2025-01-10 08:27:32.955021745,Medium,IT Support,Hardware,Resolved
TCK-1434,2025-01-10 08:48:23.330333,2025-01-12 08:02:44.673509772,Low,IT Support,Access Control,Resolved
TCK-1435,2025-01-10 08:48:23.330333,2025-01-10 10:02:27.935261245,High,IT Support,Access Control,Closed
TCK-1436,2025-01-10 08:48:23.330333,2025-01-10 17:01:55.520628536,Medium,DevOps,Email,Closed
TCK-1437,2025-01-10 09:48:52.493249,2025-01-10 19:05:27.515606035,Medium,IT Support,Access Control,Resolved
TCK-1438,2025-01-10 11:19:36.237623,2025-01-10 11:21:04.135197592,Critical,IT Support,Access Control,Closed
TCK-1439,2025-01-10 11:49:50.819081,2025-01-11 00:12:10.624617225,Medium,IT Support,Email,Closed
TCK-1440,2025-01-10 12:20:05.400540,2025-01-11 13:29:29.487827564,High,Finance,Access Control,Closed
TCK-1441,2025-01-10 12:50:19.981998,2025-01-11 20:02:06.450483358,Medium,DevOps,Email,Closed
TCK-1442,2025-01-10 13:50:49.144914,2025-01-12 03:55:17.413852852,Medium,HR,Software,Closed
TCK-1443,2025-01-10 14:51:18.307830,2025-01-11 02:53:41.843241499,High,HR,Access Control,Closed
TCK-1444,2025-01-10 15:21:32.889288,2025-01-11 09:17:11.951814079,Low,HR,Hardware,Closed
TCK-1445,2025-01-10 16:52:16.633663,2025-01-10 18:21:45.941859826,Medium,IT Support,Network,Closed
TCK-1446,2025-01-10 17:22:31.215121,2025-01-11 05:25:35.159437736,Medium,HR,Software,Closed
TCK-1447,2025-01-10 17:52:45.796579,2025-01-10 20:54:25.197650578,Medium,Finance,Access Control,Resolved
TCK-1448,2025-01-10 17:52:45.796579,2025-01-11 02:11:08.996852394,High,Finance,Hardware,Closed
TCK-1449,2025-01-10 18:53:14.959495,2025-01-11 02:04:38.752966770,Medium,DevOps,Network,Resolved
TCK-1450,2025-01-10 20:54:13.285328,2025-01-11 06:49:08.386533898,High,DevOps,Email,Closed
TCK-1451,2025-01-10 21:24:27.866786,2025-01-11 12:40:04.232414437,Medium,IT Support,Access Control,Resolved
TCK-1452,2025-01-10 23:25:26.192619,2025-01-12 17:23:45.110793296,Low,IT Support,Email,Resolved
TCK-1453,2025-01-10 23:25:26.192619,2025-01-11 08:27:14.754298252,Medium,HR,Software,Closed
TCK-1454,2025-01-11 00:25:55.355535,2025-01-13 23:53:47.250155366,Critical,DevOps,Network,Closed
TCK-1455,2025-01-11 00:56:09.936993,2025-01-12 02:33:05.179770429,Medium,IT Support,Network,Closed
TCK-1456,2025-01-11 01:56:39.099909,2025-01-11 14:50:20.330121776,High,Operations,Email,Closed
TCK-1457,2025-01-11 02:26:53.681368,2025-01-11 21:02:25.524413984,Medium,Finance,Email,Resolved
TCK-1458,2025-01-11 02:26:53.681368,2025-01-11 04:23:21.381308231,High,IT Support,Software,Closed
TCK-1459,2025-01-11 02:57:08.262826,2025-01-12 12:27:17.134650925,Low,DevOps,Hardware,Closed
TCK-1460,2025-01-11 04:58:06.588658,2025-01-11 20:41:05.371702260,Low,IT Support,Access Control,Closed
TCK-1461,2025-01-11 05:58:35.751575,2025-01-14 10:54:00.470826138,Low,HR,Hardware,Closed
TCK-1462,2025-01-11 06:28:50.333033,2025-01-12 00:41:33.675285301,High,HR,Network,Closed
TCK-1463,2025-01-11 06:28:50.333033,2025-01-12 14:48:59.638876794,Medium,IT Support,Access Control,Closed
TCK-1464,2025-01-11 06:28:50.333033,2025-01-12 11:25:45.083984054,Medium,DevOps,Software,Resolved
TCK-1465,2025-01-11 06:59:04.914491,2025-01-11 14:36:48.731680767,High,DevOps,Hardware,Resolved
TCK-1466,2025-01-11 06:59:04.914491,2025-01-11 12:23:42.436869563,Low,IT Support,Hardware,Closed
TCK-1467,2025-01-11 07:59:34.077407,2025-01-11 18:07:35.520255098,Medium,HR,Access Control,Resolved
TCK-1468,2025-01-11 08:29:48.658865,2025-01-11 19:49:52.360986340,Medium,IT Support,Software,Closed
TCK-1469,2025-01-11 08:29:48.658865,2025-01-11 13:26:19.388823545,Medium,DevOps,Software,Closed
TCK-1470,2025-01-11 09:00:03.240324,2025-01-13 01:30:01.456130045,Low,IT Support,Hardware,Closed
TCK-1471,2025-01-11 09:30:17.821782,2025-01-11 23:34:56.801269985,Medium,HR,Hardware,Resolved
TCK-1472,2025-01-11 09:30:17.821782,2025-01-14 06:34:23.150568243,Medium,IT Support,Email,Closed
TCK-1473,2025-01-11 10:00:32.403240,2025-01-12 15:54:13.848975188,Low,IT Support,Access Control,Closed
TCK-1474,2025-01-11 10:00:32.403240,2025-01-12 00:36:42.453553217,Low,DevOps,Software,Closed
TCK-1475,2025-01-11 10:30:46.984698,2025-01-13 15:24:03.875231083,Low,DevOps,Network,Closed
TCK-1476,2025-01-11 11:01:01.566156,2025-01-11 23:40:12.379449405,Medium,Finance,Access Control,Closed
TCK-1477,2025-01-11 12:01:30.729072,2025-01-13 03:17:19.649047342,Low,DevOps,Email,Closed
TCK-1478,2025-01-11 12:31:45.310531,2025-01-11 20:30:37.145607070,Medium,Finance,Access Control,Closed
TCK-1479,2025-01-11 13:01:59.891989,2025-01-11 21:35:54.874184044,High,IT Support,Hardware,Closed
TCK-1480,2025-01-11 13:01:59.891989,2025-01-11 22:46:49.700956785,High,IT Support,Access Control,Closed
TCK-1481,2025-01-11 14:02:29.054905,2025-01-12 04:16:48.259381831,High,HR,Access Control,Closed
TCK-1482,2025-01-11 14:02:29.054905,2025-01-12 04:33:16.911783746,Medium,DevOps,Access Control,Closed
TCK-1483,2025-01-11 15:02:58.217821,2025-01-12 03:23:49.127966924,Medium,Operations,Network,Closed
TCK-1484,2025-01-11 15:33:12.799279,2025-01-11 22:07:43.249221437,Medium,IT Support,Email,Closed
TCK-1485,2025-01-11 16:03:27.380738,2025-01-13 15:13:11.683548682,Unassigned,HR,Access Control,Resolved
TCK-1486,2025-01-11 16:03:27.380738,2025-01-12 08:02:39.857709697,High,IT Support,Access Control,Closed
TCK-1487,2025-01-11 18:04:25.706570,2025-01-12 03:30:08.479738289,Medium,DevOps,Network,Closed
TCK-1488,2025-01-11 18:04:25.706570,2025-01-12 13:01:52.453316717,Medium,DevOps,Software,Closed
TCK-1489,2025-01-11 19:04:54.869486,2025-01-12 21:22:39.545657589,High,IT Support,Access Control,Resolved
TCK-1490,2025-01-11 19:04:54.869486,2025-01-14 05:21:08.392713730,Low,DevOps,Access Control,Resolved
TCK-1491,2025-01-11 19:35:09.450945,2025-01-12 08:02:46.986001143,Critical,DevOps,Software,Closed
TCK-1492,2025-01-11 20:35:38.613861,2025-01-11 22:44:02.975985076,Medium,IT Support,Access Control,Closed
TCK-1493,2025-01-11 21:36:07.776777,2025-01-12 08:03:48.690080963,Medium,HR,Access Control,Resolved
TCK-1494,2025-01-11 22:36:36.939693,2025-01-12 10:20:43.217714324,Low,Finance,Access Control,Closed
TCK-1495,2025-01-11 23:06:51.521152,2025-01-13 16:01:39.899331231,Low,IT Support,Email,Resolved
TCK-1496,2025-01-11 23:37:06.102610,2025-01-12 08:39:28.504940952,Low,HR,Hardware,Closed
TCK-1497,2025-01-11 23:37:06.102610,2025-01-14 06:46:47.701046687,Low,IT Support,Email,Closed
TCK-1498,2025-01-12 00:07:20.684068,2025-01-12 12:04:17.810429116,Medium,Finance,Software,Closed
TCK-1499,2025-01-12 00:37:35.265526,2025-01-14 18:10:08.389136988,Low,DevOps,Email,Closed
TCK-1500,2025-01-12 01:07:49.846984,2025-01-12 01:16:43.287853196,Unassigned,Finance,Email,Resolved
TCK-1501,2025-01-12 01:07:49.846984,2025-01-13 18:21:54.235103511,Medium,IT Support,Network,Closed
TCK-1502,2025-01-12 01:07:49.846984,2025-01-14 01:17:15.506500882,Medium,IT Support,Software,Closed
TCK-1503,2025-01-12 01:38:04.428442,2025-01-14 12:02:22.970770009,Medium,Finance,Software,Closed
TCK-1504,2025-01-12 02:38:33.591359,2025-01-12 02:52:46.539812661,Low,IT Support,Software,Resolved
TCK-1505,2025-01-12 02:38:33.591359,2025-01-12 06:02:00.672469764,High,Finance,Email,Closed
TCK-1506,2025-01-12 03:39:02.754275,2025-01-12 22:44:31.974108890,Medium,IT Support,Software,Closed
TCK-1507,2025-01-12 05:09:46.498649,2025-01-12 05:37:38.516044161,Low,DevOps,Network,Closed
TCK-1508,2025-01-12 05:09:46.498649,2025-01-12 06:20:45.294008241,Low,Operations,Access Control,Resolved
TCK-1509,2025-01-12 06:10:15.661566,2025-01-12 10:40:05.649199085,Medium,Operations,Email,Closed
TCK-1510,2025-01-12 06:10:15.661566,2025-01-12 19:06:04.187194319,Medium,IT Support,Access Control,Closed
TCK-1511,2025-01-12 06:40:30.243024,2025-01-12 20:53:06.180320917,Medium,DevOps,Access Control,Closed
TCK-1512,2025-01-12 06:40:30.243024,2025-01-12 07:18:09.287324559,Medium,IT Support,Email,Closed
TCK-1513,2025-01-12 07:40:59.405940,2025-01-12 11:02:42.241061175,High,DevOps,Email,Closed
TCK-1514,2025-01-12 07:40:59.405940,2025-01-12 20:08:57.209727064,High,IT Support,Software,Resolved
TCK-1515,2025-01-12 07:40:59.405940,2025-01-12 23:54:20.786720382,Medium,DevOps,Network,Resolved
TCK-1516,2025-01-12 08:11:13.987398,2025-01-12 11:04:43.481305653,High,HR,Email,Resolved
TCK-1517,2025-01-12 08:41:28.568856,2025-01-12 17:51:05.062420378,Low,Operations,Access Control,Closed
TCK-1518,2025-01-12 08:41:28.568856,2025-01-14 02:56:52.885907692,Medium,DevOps,Email,Closed
TCK-1519,2025-01-12 10:12:12.313231,2025-01-17 12:48:56.769800740,Low,HR,Network,Closed
TCK-1520,2025-01-12 10:12:12.313231,2025-01-15 16:40:24.027165976,Low,Operations,Hardware,Closed
TCK-1521,2025-01-12 10:42:26.894689,2025-01-14 01:07:30.575667701,Medium,IT Support,Access Control,Resolved
TCK-1522,2025-01-12 10:42:26.894689,2025-01-12 19:44:34.235801432,High,Operations,Hardware,Resolved
TCK-1523,2025-01-12 10:42:26.894689,2025-01-13 07:35:27.396119331,Low,DevOps,Hardware,Resolved
TCK-1524,2025-01-12 11:12:41.476147,2025-01-12 20:54:40.180825611,Low,Operations,Network,Closed
TCK-1525,2025-01-12 11:42:56.057605,2025-01-13 06:32:12.393055566,Unassigned,IT Support,Email,Closed
TCK-1526,2025-01-12 12:13:10.639063,2025-01-12 18:53:02.289145709,Medium,IT Support,Hardware,Closed
TCK-1527,2025-01-12 13:13:39.801980,2025-01-13 06:00:08.077721799,Low,DevOps,Software,Resolved
TCK-1528,2025-01-12 13:43:54.383438,2025-01-13 03:05:04.979959387,Low,Operations,Email,Closed
TCK-1529,2025-01-12 14:14:08.964896,2025-01-12 14:40:55.025723046,Medium,IT Support,Access Control,Closed
TCK-1530,2025-01-12 15:44:52.709270,2025-01-13 19:53:59.943175577,Medium,IT Support,Email,Closed
TCK-1531,2025-01-12 15:44:52.709270,2025-01-12 15:57:48.311999334,Low,IT Support,Network,Resolved
TCK-1532,2025-01-12 16:15:07.290729,2025-01-12 22:29:49.340101935,Medium,Operations,Network,Closed
TCK-1533,2025-01-12 16:15:07.290729,2025-01-12 16:21:32.311744627,Medium,DevOps,Access Control,Closed
TCK-1534,2025-01-12 16:15:07.290729,2025-01-13 00:44:48.208309078,Medium,IT Support,Access Control,Resolved
TCK-1535,2025-01-12 16:15:07.290729,2025-01-12 17:25:35.058696647,Unassigned,IT Support,Access Control,Closed
TCK-1536,2025-01-12 16:15:07.290729,2025-01-14 12:18:40.690919337,Low,Finance,Network,Closed
TCK-1537,2025-01-12 16:45:21.872187,2025-01-13 02:25:39.255287731,Critical,IT Support,Email,Closed
TCK-1538,2025-01-12 17:45:51.035103,2025-01-13 04:50:19.418153040,High,DevOps,Hardware,Closed
TCK-1539,2025-01-12 17:45:51.035103,2025-01-13 01:30:50.839475831,Medium,HR,Hardware,Closed
TCK-1540,2025-01-12 18:16:05.616561,2025-01-13 12:02:37.869180462,Critical,DevOps,Software,Closed
TCK-1541,2025-01-12 18:16:05.616561,2025-01-13 21:53:12.668618564,Medium,Operations,Network,Closed
TCK-1542,2025-01-12 18:16:05.616561,2025-01-13 13:04:11.878154000,Critical,Finance,Access Control,Closed
TCK-1543,2025-01-12 18:46:20.198019,2025-01-13 19:35:49.016140941,Medium,IT Support,Email,Closed
TCK-1544,2025-01-12 20:17:03.942394,2025-01-14 14:50:22.829755731,Low,DevOps,Network,Closed
TCK-1545,2025-01-12 20:17:03.942394,2025-01-14 08:08:10.742970804,Medium,IT Support,Software,Resolved
TCK-1546,2025-01-12 20:47:18.523852,2025-01-13 16:58:01.735488818,Low,Operations,Hardware,Resolved
TCK-1547,2025-01-12 20:47:18.523852,2025-01-13 01:08:14.882551943,Low,IT Support,Email,Closed
TCK-1548,2025-01-12 22:48:16.849684,2025-01-13 17:04:47.677349725,Medium,DevOps,Hardware,Resolved
TCK-1549,2025-01-12 23:18:31.431143,2025-01-13 12:00:20.572632180,Critical,IT Support,Email,Closed
TCK-1550,2025-01-12 23:48:46.012601,2025-01-13 22:32:53.813644093,Medium,IT Support,Access Control,Resolved
TCK-1551,2025-01-12 23:48:46.012601,2025-01-14 08:01:16.038999864,High,HR,Email,Closed
TCK-1552,2025-01-12 23:48:46.012601,2025-01-14 00:14:58.240677811,Low,Operations,Access Control,Closed
TCK-1553,2025-01-13 00:19:00.594059,2025-01-14 10:03:25.167429466,Medium,Operations,Network,Resolved
TCK-1554,2025-01-13 00:19:00.594059,2025-01-13 01:30:17.202845199,High,IT Support,Hardware,Closed
TCK-1555,2025-01-13 00:19:00.594059,2025-01-13 00:53:42.666415377,Low,IT Support,Email,Closed
TCK-1556,2025-01-13 00:19:00.594059,2025-01-13 05:42:01.035278316,Low,HR,Email,Closed
TCK-1557,2025-01-13 01:19:29.756975,2025-01-14 18:53:30.337403150,High,IT Support,Software,Resolved
TCK-1558,2025-01-13 01:19:29.756975,2025-01-14 08:33:39.599873367,Medium,DevOps,Hardware,Closed
TCK-1559,2025-01-13 01:19:29.756975,2025-01-13 21:59:19.743265559,Medium,HR,Network,Closed
TCK-1560,2025-01-13 01:49:44.338433,2025-01-13 23:32:45.855877762,Critical,DevOps,Access Control,Closed
TCK-1561,2025-01-13 02:50:13.501350,2025-01-14 02:11:04.099983703,Unassigned,DevOps,Network,Resolved
TCK-1562,2025-01-13 03:50:42.664266,2025-01-15 07:17:05.384191129,High,Finance,Software,Closed
TCK-1563,2025-01-13 04:20:57.245724,2025-01-14 12:28:40.694089843,High,DevOps,Network,Closed
TCK-1564,2025-01-13 04:20:57.245724,2025-01-13 21:55:37.435427514,Low,IT Support,Access Control,Closed
TCK-1565,2025-01-13 04:51:11.827182,2025-01-14 00:34:37.247452477,Low,IT Support,Hardware,Closed
TCK-1566,2025-01-13 04:51:11.827182,2025-01-13 09:10:54.159138490,Unassigned,DevOps,Software,Closed
TCK-1567,2025-01-13 05:51:40.990099,2025-01-14 01:08:18.860069365,Medium,IT Support,Email,Resolved
TCK-1568,2025-01-13 05:51:40.990099,2025-01-13 15:48:44.189721623,Medium,IT Support,Email,Closed
TCK-1569,2025-01-13 06:21:55.571557,2025-01-13 09:21:12.991586009,Low,Operations,Hardware,Closed
TCK-1570,2025-01-13 06:52:10.153015,2025-01-14 12:25:30.176202238,Critical,Finance,Network,Closed
TCK-1571,2025-01-13 07:52:39.315931,2025-01-13 20:43:37.074595922,Low,HR,Email,Resolved
TCK-1572,2025-01-13 08:22:53.897389,2025-01-16 04:37:05.126298960,Low,DevOps,Software,Closed
TCK-1573,2025-01-13 08:53:08.478847,2025-01-13 14:50:26.860828525,Low,IT Support,Access Control,Closed
TCK-1574,2025-01-13 09:53:37.641764,2025-01-13 21:41:15.637007202,High,Operations,Network,Closed
TCK-1575,2025-01-13 10:54:06.804680,2025-01-13 21:35:50.899779133,High,IT Support,Access Control,Closed
TCK-1576,2025-01-13 10:54:06.804680,2025-01-13 13:13:07.833789763,Medium,Finance,Network,Resolved
TCK-1577,2025-01-13 10:54:06.804680,2025-01-13 20:53:51.977239701,Low,DevOps,Software,Resolved
TCK-1578,2025-01-13 11:24:21.386138,2025-01-13 17:30:31.851812385,High,HR,Access Control,Closed
TCK-1579,2025-01-13 11:54:35.967596,2025-01-13 15:03:18.793876962,Unassigned,DevOps,Software,Resolved
TCK-1580,2025-01-13 12:24:50.549054,2025-01-13 18:22:51.906146884,Low,Operations,Access Control,Closed
TCK-1581,2025-01-13 12:24:50.549054,2025-01-13 17:11:41.214031406,High,DevOps,Network,Closed
TCK-1582,2025-01-13 12:55:05.130513,2025-01-14 12:45:35.027074755,Unassigned,IT Support,Software,Resolved
TCK-1583,2025-01-13 12:55:05.130513,2025-01-13 13:28:50.692965469,Medium,Finance,Network,Closed
TCK-1584,2025-01-13 12:55:05.130513,2025-01-14 06:12:53.345224902,Low,Operations,Network,Closed
TCK-1585,2025-01-13 13:25:19.711971,2025-01-14 15:09:35.660638215,Unassigned,HR,Access Control,Resolved
TCK-1586,2025-01-13 13:55:34.293429,2025-01-14 01:43:18.945095115,Low,DevOps,Access Control,Closed
TCK-1587,2025-01-13 14:25:48.874887,2025-01-15 14:42:14.089584687,Low,HR,Software,Resolved
TCK-1588,2025-01-13 14:25:48.874887,2025-01-14 12:34:51.300133691,High,IT Support,Email,Closed
TCK-1589,2025-01-13 14:25:48.874887,2025-01-14 15:14:04.782547822,Medium,IT Support,Hardware,Closed
TCK-1590,2025-01-13 15:26:18.037803,2025-01-13 19:23:09.827249992,Medium,Operations,Access Control,Closed
TCK-1591,2025-01-13 15:56:32.619261,2025-01-14 18:58:36.376821972,High,Finance,Network,Closed
TCK-1592,2025-01-13 16:26:47.200720,2025-01-15 00:33:53.428300064,Medium,IT Support,Hardware,Resolved
TCK-1593,2025-01-13 16:26:47.200720,2025-01-14 00:30:54.953822330,Medium,Operations,Software,Closed
TCK-1594,2025-01-13 17:27:16.363636,2025-01-13 21:46:27.616407239,Medium,Finance,Hardware,Closed
TCK-1595,2025-01-13 17:57:30.945094,2025-01-14 02:42:37.704295760,Medium,DevOps,Hardware,Closed
TCK-1596,2025-01-13 18:58:00.108010,2025-01-14 19:11:12.847797875,High,IT Support,Email,Resolved
TCK-1597,2025-01-13 19:28:14.689468,2025-01-14 05:12:09.765832084,Critical,Operations,Email,Resolved
TCK-1598,2025-01-13 20:28:43.852385,2025-01-14 20:29:45.096186976,Medium,Finance,Hardware,Closed
TCK-1599,2025-01-13 21:29:13.015301,2025-01-13 23:39:24.458333586,Low,DevOps,Email,Resolved
TCK-1600,2025-01-13 21:29:13.015301,2025-01-15 03:00:22.260334407,Critical,IT Support,Email,Closed
TCK-1601,2025-01-13 21:29:13.015301,2025-01-14 02:44:32.534289986,Low,IT Support,Hardware,Closed
TCK-1602,2025-01-13 21:59:27.596759,2025-01-14 03:08:36.925600660,Low,IT Support,Access Control,Closed
TCK-1603,2025-01-13 21:59:27.596759,2025-01-14 14:03:23.393965379,High,Operations,Email,Closed
TCK-1604,2025-01-13 21:59:27.596759,2025-01-13 23:17:58.403299768,Medium,IT Support,Hardware,Closed
TCK-1605,2025-01-13 21:59:27.596759,2025-01-13 22:28:14.497078055,Medium,DevOps,Access Control,Resolved
TCK-1606,2025-01-13 21:59:27.596759,2025-01-14 03:26:09.347155055,Critical,IT Support,Email,Resolved
TCK-1607,2025-01-13 22:29:42.178217,2025-01-14 12:23:49.590694195,Unassigned,IT Support,Hardware,Closed
TCK-1608,2025-01-13 23:30:11.341134,2025-01-15 18:22:32.347653231,Medium,IT Support,Email,Resolved
TCK-1609,2025-01-14 00:00:25.922592,2025-01-15 09:43:57.308391980,High,DevOps,Access Control,Closed
TCK-1610,2025-01-14 00:00:25.922592,2025-01-14 12:08:35.401159898,Medium,DevOps,Hardware,Closed
TCK-1611,2025-01-14 01:31:09.666966,2025-01-14 02:11:56.246695033,Low,Operations,Access Control,Closed
TCK-1612,2025-01-14 02:01:24.248424,2025-01-14 15:48:57.995988203,Critical,Operations,Network,Closed
TCK-1613,2025-01-14 03:01:53.411341,2025-01-15 00:59:35.067147518,Low,IT Support,Software,Closed
TCK-1614,2025-01-14 03:32:07.992799,2025-01-14 10:59:31.417726014,Medium,DevOps,Network,Closed
TCK-1615,2025-01-14 04:02:22.574257,2025-01-14 06:09:31.429870486,Medium,HR,Email,Closed
TCK-1616,2025-01-14 04:32:37.155715,2025-01-14 10:25:15.463045974,Medium,Operations,Access Control,Resolved
TCK-1617,2025-01-14 05:02:51.737173,2025-01-15 07:37:35.938674946,Low,IT Support,Hardware,Closed
TCK-1618,2025-01-14 05:33:06.318631,2025-01-14 13:20:25.170899024,Critical,DevOps,Access Control,Closed
TCK-1619,2025-01-14 05:33:06.318631,2025-01-15 11:38:01.042025497,Medium,IT Support,Email,Closed
TCK-1620,2025-01-14 06:03:20.900090,2025-01-14 12:59:06.242057768,Low,IT Support,Hardware,Closed
TCK-1621,2025-01-14 06:33:35.481548,2025-01-14 09:46:28.408828084,Medium,IT Support,Network,Closed
TCK-1622,2025-01-14 06:33:35.481548,2025-01-14 16:51:49.087946743,Medium,IT Support,Access Control,Closed
TCK-1623,2025-01-14 07:34:04.644464,2025-01-14 18:24:13.016658100,Medium,HR,Software,Resolved
TCK-1624,2025-01-14 07:34:04.644464,2025-01-14 07:51:36.955392365,Low,DevOps,Email,Closed
TCK-1625,2025-01-14 07:34:04.644464,2025-01-14 09:48:31.021341225,Medium,DevOps,Email,Closed
TCK-1626,2025-01-14 08:04:19.225922,2025-01-14 11:45:09.296340624,Low,IT Support,Access Control,Closed
TCK-1627,2025-01-14 08:34:33.807380,2025-01-14 10:44:46.915429187,High,IT Support,Network,Closed
TCK-1628,2025-01-14 09:35:02.970297,2025-01-14 17:06:18.377417183,Low,HR,Network,Resolved
TCK-1629,2025-01-14 10:05:17.551755,2025-01-16 22:14:19.018800373,Medium,Operations,Software,Resolved
TCK-1630,2025-01-14 11:05:46.714671,2025-01-14 23:54:29.053545993,Medium,IT Support,Software,Closed
TCK-1631,2025-01-14 12:06:15.877587,2025-01-15 05:52:56.806244792,Medium,Finance,Access Control,Closed
TCK-1632,2025-01-14 12:36:30.459045,2025-01-14 20:32:25.023245966,Low,IT Support,Hardware,Resolved
TCK-1633,2025-01-14 13:06:45.040504,2025-01-14 20:08:49.187710265,Low,HR,Network,Closed
TCK-1634,2025-01-14 13:06:45.040504,2025-01-14 13:32:02.582979573,Low,IT Support,Hardware,Closed
TCK-1635,2025-01-14 13:36:59.621962,2025-01-15 02:06:18.815472182,Medium,IT Support,Hardware,Resolved
TCK-1636,2025-01-14 13:36:59.621962,2025-01-15 01:30:45.362752796,Low,IT Support,Access Control,Resolved
TCK-1637,2025-01-14 14:37:28.784878,2025-01-14 17:42:59.756093680,Low,IT Support,Software,Closed
TCK-1638,2025-01-14 15:07:43.366336,2025-01-15 17:08:38.631340655,Low,IT Support,Hardware,Closed
TCK-1639,2025-01-14 15:37:57.947794,2025-01-15 03:50:51.366147220,High,Finance,Access Control,Closed
TCK-1640,2025-01-14 16:38:27.110711,2025-01-15 00:05:33.812844493,Unassigned,IT Support,Software,Closed
TCK-1641,2025-01-14 17:38:56.273627,2025-01-14 20:30:32.277472874,High,IT Support,Hardware,Resolved
TCK-1642,2025-01-14 17:38:56.273627,2025-01-15 08:06:31.480893627,Medium,IT Support,Hardware,Closed
TCK-1643,2025-01-14 18:39:25.436543,2025-01-15 19:48:51.629306431,Low,Operations,Software,Closed
TCK-1644,2025-01-14 19:39:54.599459,2025-01-15 01:37:41.855042111,Medium,Finance,Software,Closed
TCK-1645,2025-01-14 19:39:54.599459,2025-01-15 00:06:34.811310566,Medium,DevOps,Email,Closed
TCK-1646,2025-01-14 20:10:09.180918,2025-01-15 09:27:12.131543265,Medium,HR,Email,Closed
TCK-1647,2025-01-14 20:10:09.180918,2025-01-14 23:12:29.041523028,Medium,IT Support,Access Control,Closed
TCK-1648,2025-01-14 20:10:09.180918,2025-01-15 15:56:28.900405318,Medium,IT Support,Access Control,Resolved
TCK-1649,2025-01-14 20:40:23.762376,2025-01-15 13:24:30.903804829,Low,HR,Network,Resolved
TCK-1650,2025-01-14 20:40:23.762376,2025-01-14 22:18:47.643107200,Low,Finance,Email,Resolved
TCK-1651,2025-01-14 20:40:23.762376,2025-01-14 21:20:34.577866794,Low,Operations,Software,Closed
TCK-1652,2025-01-14 21:10:38.343834,2025-01-15 14:36:27.030302846,Low,Operations,Email,Resolved
TCK-1653,2025-01-14 21:10:38.343834,2025-01-15 03:27:04.788092203,Low,HR,Access Control,Closed
TCK-1654,2025-01-14 21:10:38.343834,2025-01-14 22:48:17.075222528,Low,HR,Access Control,Resolved
TCK-1655,2025-01-14 21:40:52.925292,2025-01-15 23:19:35.998772551,Low,IT Support,Access Control,Closed
TCK-1656,2025-01-14 22:11:07.506750,2025-01-15 04:58:13.335237990,Low,IT Support,Software,Resolved
TCK-1657,2025-01-14 22:11:07.506750,2025-01-15 09:15:48.332350278,Low,Operations,Hardware,Closed
TCK-1658,2025-01-14 23:11:36.669666,2025-01-15 04:03:29.005582649,Low,IT Support,Access Control,Resolved
TCK-1659,2025-01-14 23:41:51.251125,2025-01-15 17:27:50.619963119,Medium,Operations,Email,Closed
TCK-1660,2025-01-14 23:41:51.251125,2025-01-15 06:09:21.718922241,High,Finance,Hardware,Closed
TCK-1661,2025-01-15 00:12:05.832583,2025-01-17 14:10:11.148553679,Unassigned,HR,Email,Closed
TCK-1662,2025-01-15 00:12:05.832583,2025-01-15 22:03:03.089138901,Critical,IT Support,Access Control,Closed
TCK-1663,2025-01-15 00:12:05.832583,2025-01-15 02:50:52.652625674,Medium,DevOps,Software,Closed
TCK-1664,2025-01-15 01:12:34.995499,2025-01-15 10:54:45.098440639,Medium,HR,Hardware,Closed
TCK-1665,2025-01-15 01:12:34.995499,2025-01-15 09:58:20.799352874,Low,HR,Hardware,Closed
TCK-1666,2025-01-15 01:42:49.576957,2025-01-15 15:28:03.261235146,Unassigned,IT Support,Access Control,Closed
TCK-1667,2025-01-15 02:13:04.158415,2025-01-16 11:25:22.116349776,High,IT Support,Access Control,Resolved
TCK-1668,2025-01-15 02:13:04.158415,2025-01-15 17:58:48.325864700,High,Finance,Access Control,Resolved
TCK-1669,2025-01-15 02:13:04.158415,2025-01-15 03:21:41.084922132,Low,IT Support,Network,Closed
TCK-1670,2025-01-15 02:13:04.158415,2025-01-15 21:23:43.148050299,Medium,DevOps,Software,Closed
TCK-1671,2025-01-15 02:13:04.158415,2025-01-15 02:22:01.975405197,Low,DevOps,Software,Closed
TCK-1672,2025-01-15 02:43:18.739873,2025-01-16 05:58:22.571825734,Critical,IT Support,Access Control,Closed
TCK-1673,2025-01-15 03:43:47.902790,2025-01-15 23:30:12.031845362,Low,DevOps,Network,Closed
TCK-1674,2025-01-15 05:14:31.647164,2025-01-15 11:53:22.631433203,Medium,IT Support,Access Control,Resolved
TCK-1675,2025-01-15 05:44:46.228622,2025-01-15 11:58:22.842402702,Low,DevOps,Access Control,Resolved
TCK-1676,2025-01-15 06:15:00.810081,2025-01-16 11:03:55.239728017,High,IT Support,Software,Resolved
TCK-1677,2025-01-15 06:45:15.391539,2025-01-16 10:17:01.205292417,Low,IT Support,Network,Closed
TCK-1678,2025-01-15 06:45:15.391539,2025-01-15 14:34:20.058987157,High,IT Support,Software,Closed
TCK-1679,2025-01-15 06:45:15.391539,2025-01-15 13:08:50.590733851,Medium,DevOps,Access Control,Resolved
TCK-1680,2025-01-15 07:15:29.972997,2025-01-15 22:01:43.714088313,Medium,IT Support,Email,Closed
TCK-1681,2025-01-15 07:15:29.972997,2025-01-15 07:24:34.347980136,Low,IT Support,Hardware,Closed
TCK-1682,2025-01-15 08:46:13.717371,2025-01-15 10:19:24.970685955,Critical,HR,Access Control,Closed
TCK-1683,2025-01-15 09:16:28.298829,2025-01-15 11:42:07.807516470,High,IT Support,Network,Closed
TCK-1684,2025-01-15 09:16:28.298829,2025-01-15 12:57:57.002751380,Medium,DevOps,Email,Closed
TCK-1685,2025-01-15 09:46:42.880288,2025-01-15 22:41:35.391096238,Medium,Finance,Network,Closed
TCK-1686,2025-01-15 09:46:42.880288,2025-01-19 01:14:27.359160792,Low,Operations,Access Control,Resolved
TCK-1687,2025-01-15 10:16:57.461746,2025-01-16 05:18:51.603553364,Low,IT Support,Access Control,Closed
TCK-1688,2025-01-15 10:16:57.461746,2025-01-15 11:25:16.583733526,Medium,IT Support,Hardware,Resolved
TCK-1689,2025-01-15 10:16:57.461746,2025-01-15 23:42:16.291584470,Medium,DevOps,Network,Resolved
TCK-1690,2025-01-15 10:16:57.461746,2025-01-15 22:38:20.070676395,Medium,DevOps,Email,Resolved
TCK-1691,2025-01-15 10:47:12.043204,2025-01-15 13:35:20.169967753,Medium,IT Support,Hardware,Resolved
TCK-1692,2025-01-15 11:17:26.624662,2025-01-17 08:48:54.835958102,High,Finance,Network,Closed
TCK-1693,2025-01-15 11:17:26.624662,2025-01-15 21:45:07.473800169,Critical,DevOps,Access Control,Closed
TCK-1694,2025-01-15 11:17:26.624662,2025-01-19 09:08:22.047549738,Medium,IT Support,Hardware,Resolved
TCK-1695,2025-01-15 11:17:26.624662,2025-01-15 21:05:53.023258781,Medium,DevOps,Access Control,Closed
TCK-1696,2025-01-15 11:47:41.206120,2025-01-16 04:38:58.989351454,Critical,IT Support,Software,Closed
TCK-1697,2025-01-15 11:47:41.206120,2025-01-15 13:47:12.380642697,Medium,Operations,Software,Closed
TCK-1698,2025-01-15 12:17:55.787578,2025-01-15 23:11:55.664100192,Medium,Finance,Hardware,Resolved
TCK-1699,2025-01-15 12:48:10.369036,2025-01-15 17:42:48.738203131,High,IT Support,Hardware,Resolved
TCK-1700,2025-01-15 12:48:10.369036,2025-01-16 21:17:49.836709665,High,HR,Network,Closed
TCK-1701,2025-01-15 13:18:24.950495,2025-01-16 16:53:05.331704946,High,Operations,Email,Resolved
TCK-1702,2025-01-15 13:48:39.531953,2025-01-16 21:06:01.017654352,Low,DevOps,Email,Closed
TCK-1703,2025-01-15 14:18:54.113411,2025-01-16 13:27:43.046986862,Medium,IT Support,Software,Closed
TCK-1704,2025-01-15 15:19:23.276327,2025-01-16 23:30:17.018968627,Low,Finance,Software,Closed
TCK-1705,2025-01-15 15:49:37.857785,2025-01-15 19:51:44.723468970,Medium,Finance,Software,Resolved
TCK-1706,2025-01-15 15:49:37.857785,2025-01-16 02:39:18.937976259,Medium,IT Support,Access Control,Closed
TCK-1707,2025-01-15 15:49:37.857785,2025-01-16 13:00:57.727062889,Low,IT Support,Email,Closed
TCK-1708,2025-01-15 16:19:52.439243,2025-01-16 10:35:27.781314804,Medium,Finance,Hardware,Closed
TCK-1709,2025-01-15 16:19:52.439243,2025-01-16 15:00:42.383215746,Medium,HR,Software,Closed
TCK-1710,2025-01-15 17:20:21.602160,2025-01-15 21:54:36.640848079,High,IT Support,Network,Closed
TCK-1711,2025-01-15 18:20:50.765076,2025-01-15 20:12:45.523433810,Low,DevOps,Hardware,Closed
TCK-1712,2025-01-15 18:20:50.765076,2025-01-17 15:06:21.602525625,Medium,HR,Hardware,Closed
TCK-1713,2025-01-15 19:51:34.509450,2025-01-16 10:38:39.369699455,Medium,IT Support,Hardware,Closed
TCK-1714,2025-01-15 20:21:49.090909,2025-01-15 23:22:12.646414149,Low,IT Support,Email,Resolved
TCK-1715,2025-01-15 21:22:18.253825,2025-01-17 01:45:37.431538794,Medium,Finance,Software,Closed
TCK-1716,2025-01-15 21:52:32.835283,2025-01-17 18:13:58.184925151,Critical,DevOps,Network,Resolved
TCK-1717,2025-01-15 22:22:47.416741,2025-01-16 01:43:27.505260595,Low,DevOps,Access Control,Resolved
TCK-1718,2025-01-15 22:53:01.998199,2025-01-17 05:29:36.052142661,Medium,IT Support,Network,Closed
TCK-1719,2025-01-15 22:53:01.998199,2025-01-17 23:35:58.496199623,Medium,Finance,Network,Closed
TCK-1720,2025-01-15 23:23:16.579657,2025-01-18 01:32:39.850615449,Low,Operations,Network,Closed
TCK-1721,2025-01-16 00:54:00.324032,2025-01-17 21:05:39.160721417,Low,HR,Access Control,Resolved
TCK-1722,2025-01-16 00:54:00.324032,2025-01-16 15:07:50.287188902,High,IT Support,Network,Closed
TCK-1723,2025-01-16 00:54:00.324032,2025-01-16 08:49:37.255126119,High,DevOps,Network,Closed
TCK-1724,2025-01-16 01:24:14.905490,2025-01-16 01:32:07.905540285,High,IT Support,Software,Resolved
TCK-1725,2025-01-16 01:24:14.905490,2025-01-16 02:32:07.347611286,Medium,IT Support,Software,Resolved
TCK-1726,2025-01-16 01:24:14.905490,2025-01-16 11:29:08.359989931,High,IT Support,Software,Closed
TCK-1727,2025-01-16 02:24:44.068406,2025-01-16 11:35:12.833472828,Low,IT Support,Hardware,Closed
TCK-1728,2025-01-16 02:24:44.068406,2025-01-16 06:05:17.277915594,High,HR,Network,Closed
TCK-1729,2025-01-16 02:24:44.068406,2025-01-16 11:28:19.241384141,Medium,IT Support,Email,Closed
TCK-1730,2025-01-16 03:25:13.231323,2025-01-16 06:52:31.450026262,High,Operations,Email,Closed
TCK-1731,2025-01-16 03:55:27.812781,2025-01-17 13:55:41.101706418,Low,Finance,Email,Closed
TCK-1732,2025-01-16 04:25:42.394239,2025-01-16 10:48:08.042960480,High,Finance,Access Control,Closed
TCK-1733,2025-01-16 05:26:11.557155,2025-01-16 21:51:55.037680927,Medium,HR,Software,Closed
TCK-1734,2025-01-16 05:56:26.138613,2025-01-16 18:31:11.588293402,Low,DevOps,Software,Closed
TCK-1735,2025-01-16 05:56:26.138613,2025-01-16 06:53:58.448927310,Medium,HR,Software,Resolved
TCK-1736,2025-01-16 05:56:26.138613,2025-01-18 09:15:53.622224791,Medium,DevOps,Access Control,Closed
TCK-1737,2025-01-16 06:26:40.720072,2025-01-16 19:55:44.846915986,Low,DevOps,Network,Resolved
TCK-1738,2025-01-16 06:26:40.720072,2025-01-16 13:31:15.413783415,Medium,DevOps,Hardware,Closed
TCK-1739,2025-01-16 06:56:55.301530,2025-01-16 10:02:49.040168187,Medium,HR,Software,Closed
TCK-1740,2025-01-16 06:56:55.301530,2025-01-16 14:23:16.205842304,Low,DevOps,Network,Closed
TCK-1741,2025-01-16 07:57:24.464446,2025-01-16 08:19:47.437158028,Medium,HR,Email,Closed
TCK-1742,2025-01-16 08:27:39.045904,2025-01-16 16:35:39.718573635,Low,IT Support,Hardware,Closed
TCK-1743,2025-01-16 08:27:39.045904,2025-01-16 22:06:29.702174979,Low,IT Support,Email,Closed
TCK-1744,2025-01-16 09:58:22.790279,2025-01-17 22:57:26.093570980,Low,Operations,Network,Closed
TCK-1745,2025-01-16 09:58:22.790279,2025-01-17 06:54:08.927239233,Low,IT Support,Network,Closed
TCK-1746,2025-01-16 11:29:06.534653,2025-01-16 13:36:53.235098838,Critical,DevOps,Email,Closed
TCK-1747,2025-01-16 11:29:06.534653,2025-01-16 14:21:46.179029892,Critical,IT Support,Hardware,Closed
TCK-1748,2025-01-16 12:29:35.697569,2025-01-16 22:33:08.010447668,High,HR,Email,Closed
TCK-1749,2025-01-16 14:30:34.023402,2025-01-16 18:25:46.982771597,Low,DevOps,Email,Closed
TCK-1750,2025-01-16 15:31:03.186318,2025-01-16 16:01:33.458213004,High,IT Support,Email,Closed
TCK-1751,2025-01-16 15:31:03.186318,2025-01-17 20:56:40.301967482,Medium,DevOps,Hardware,Closed
TCK-1752,2025-01-16 16:01:17.767776,2025-01-16 16:22:35.342102743,Low,DevOps,Access Control,Resolved
TCK-1753,2025-01-16 17:01:46.930693,2025-01-18 00:59:53.129920411,Critical,Finance,Hardware,Closed
TCK-1754,2025-01-16 19:02:45.256525,2025-01-16 21:50:48.548805773,Unassigned,Finance,Email,Closed
TCK-1755,2025-01-16 20:03:14.419441,2025-01-19 14:13:25.564614481,High,IT Support,Software,Resolved
TCK-1756,2025-01-16 20:03:14.419441,2025-01-17 12:43:20.691303553,Low,HR,Software,Resolved
TCK-1757,2025-01-16 20:33:29.000900,2025-01-17 20:27:40.886469486,Medium,IT Support,Network,Closed
TCK-1758,2025-01-16 20:33:29.000900,2025-01-16 22:39:55.614227411,Low,IT Support,Access Control,Closed
TCK-1759,2025-01-16 21:03:43.582358,2025-01-18 08:43:28.973347508,Low,Operations,Network,Closed
TCK-1760,2025-01-16 21:33:58.163816,2025-01-18 06:27:43.164341957,High,Finance,Network,Resolved
TCK-1761,2025-01-16 22:34:27.326732,2025-01-17 17:37:32.265746247,Medium,DevOps,Software,Closed
TCK-1762,2025-01-16 23:04:41.908190,2025-01-17 11:38:13.340664249,Low,Finance,Hardware,Closed
TCK-1763,2025-01-16 23:04:41.908190,2025-01-17 22:05:15.640927930,Low,IT Support,Network,Resolved
TCK-1764,2025-01-16 23:04:41.908190,2025-01-16 23:11:07.199721151,Medium,Finance,Network,Closed
TCK-1765,2025-01-16 23:34:56.489648,2025-01-17 15:44:18.958991053,Unassigned,DevOps,Access Control,Closed
TCK-1766,2025-01-17 01:35:54.815481,2025-01-18 11:26:17.219043685,Medium,IT Support,Software,Resolved
TCK-1767,2025-01-17 02:06:09.396939,2025-01-17 10:02:55.672541028,Low,DevOps,Hardware,Resolved
TCK-1768,2025-01-17 02:36:23.978397,2025-01-17 04:40:10.939009824,Medium,Finance,Access Control,Closed
TCK-1769,2025-01-17 02:36:23.978397,2025-01-17 12:26:20.383531771,Medium,IT Support,Hardware,Closed
TCK-1770,2025-01-17 03:06:38.559855,2025-01-18 02:29:12.126652998,High,Finance,Hardware,Closed
TCK-1771,2025-01-17 03:06:38.559855,2025-01-17 05:09:13.752326018,Medium,HR,Network,Closed
TCK-1772,2025-01-17 03:06:38.559855,2025-01-17 07:15:50.056865920,Low,IT Support,Access Control,Closed
TCK-1773,2025-01-17 03:36:53.141314,2025-01-17 06:29:18.000525625,Low,DevOps,Network,Closed
TCK-1774,2025-01-17 03:36:53.141314,2025-01-18 08:18:43.261057725,Critical,Operations,Email,Resolved
TCK-1775,2025-01-17 03:36:53.141314,2025-01-17 04:47:02.381231891,Low,DevOps,Hardware,Resolved
TCK-1776,2025-01-17 03:36:53.141314,2025-01-18 00:29:56.167189395,High,DevOps,Access Control,Resolved
TCK-1777,2025-01-17 04:07:07.722772,2025-01-17 12:20:04.210487801,Low,Operations,Software,Resolved
TCK-1778,2025-01-17 04:07:07.722772,2025-01-18 05:29:38.347139811,High,Operations,Network,Closed
TCK-1779,2025-01-17 04:07:07.722772,2025-01-19 16:08:52.093004240,Low,IT Support,Email,Closed
TCK-1780,2025-01-17 04:37:22.304230,2025-01-17 06:48:45.482143003,Low,HR,Email,Closed
TCK-1781,2025-01-17 05:37:51.467146,2025-01-17 12:25:29.520384723,Medium,IT Support,Email,Closed
TCK-1782,2025-01-17 05:37:51.467146,2025-01-18 11:32:09.640927529,Medium,Finance,Network,Resolved
TCK-1783,2025-01-17 06:08:06.048604,2025-01-17 11:42:19.189992427,Medium,Operations,Software,Closed
TCK-1784,2025-01-17 06:38:20.630063,2025-01-17 10:59:56.823010803,Medium,IT Support,Access Control,Closed
TCK-1785,2025-01-17 06:38:20.630063,2025-01-18 14:03:05.152201728,Medium,Finance,Hardware,Closed
TCK-1786,2025-01-17 07:08:35.211521,2025-01-20 13:25:40.894214895,Medium,Finance,Software,Resolved
TCK-1787,2025-01-17 07:38:49.792979,2025-01-17 22:17:51.549588479,Medium,IT Support,Network,Closed
TCK-1788,2025-01-17 08:09:04.374437,2025-01-17 14:00:56.062859173,High,IT Support,Access Control,Resolved
TCK-1789,2025-01-17 08:09:04.374437,2025-01-17 17:18:11.183497416,Medium,HR,Hardware,Closed
TCK-1790,2025-01-17 08:39:18.955895,2025-01-17 12:00:43.288317911,High,IT Support,Access Control,Closed
TCK-1791,2025-01-17 09:09:33.537353,2025-01-18 10:59:22.256589340,Medium,Finance,Hardware,Closed
TCK-1792,2025-01-17 09:09:33.537353,2025-01-18 11:53:14.774114705,Medium,HR,Hardware,Resolved
TCK-1793,2025-01-17 09:39:48.118811,2025-01-18 23:06:38.683538296,Medium,Finance,Email,Resolved
TCK-1794,2025-01-17 09:39:48.118811,2025-01-17 10:08:55.309238419,Medium,IT Support,Network,Resolved
TCK-1795,2025-01-17 10:40:17.281728,2025-01-18 01:31:49.278055523,Medium,Finance,Software,Closed
TCK-1796,2025-01-17 11:10:31.863186,2025-01-17 15:30:56.667246411,High,IT Support,Email,Closed
TCK-1797,2025-01-17 11:40:46.444644,2025-01-17 19:10:58.599526450,Medium,Operations,Email,Closed
TCK-1798,2025-01-17 12:11:01.026102,2025-01-18 15:50:52.847991787,Critical,IT Support,Access Control,Resolved
TCK-1799,2025-01-17 12:41:15.607560,2025-01-17 16:31:33.227154832,Medium,Operations,Hardware,Closed
TCK-1800,2025-01-17 13:11:30.189018,2025-01-18 07:29:55.390306681,Low,DevOps,Hardware,Closed
TCK-1801,2025-01-17 13:41:44.770477,2025-01-18 08:49:44.204911087,High,DevOps,Access Control,Closed
TCK-1802,2025-01-17 14:11:59.351935,2025-01-19 21:39:38.364270368,High,IT Support,Network,Closed
TCK-1803,2025-01-17 14:42:13.933393,2025-01-18 17:33:59.533407151,Low,IT Support,Hardware,Closed
TCK-1804,2025-01-17 15:12:28.514851,2025-01-18 20:30:28.714324391,Low,HR,Email,Closed
TCK-1805,2025-01-17 15:42:43.096309,2025-01-18 05:21:49.635473042,Medium,IT Support,Email,Resolved
TCK-1806,2025-01-17 15:42:43.096309,2025-01-17 19:26:00.794122423,Low,Operations,Hardware,Resolved
TCK-1807,2025-01-17 17:43:41.422142,2025-01-18 03:42:24.305565877,Medium,HR,Hardware,Closed
TCK-1808,2025-01-17 18:13:56.003600,2025-01-18 08:35:05.842554750,Unassigned,Operations,Network,Resolved
TCK-1809,2025-01-17 18:13:56.003600,2025-01-18 14:39:12.031653444,Low,DevOps,Hardware,Closed
TCK-1810,2025-01-17 18:44:10.585058,2025-01-18 11:34:47.292154906,Low,IT Support,Network,Resolved
TCK-1811,2025-01-17 19:44:39.747974,2025-01-18 04:45:34.096228873,Medium,DevOps,Email,Closed
TCK-1812,2025-01-17 20:14:54.329432,2025-01-18 01:47:52.873577574,Low,IT Support,Network,Resolved
TCK-1813,2025-01-17 21:15:23.492349,2025-01-18 00:34:19.673890629,High,IT Support,Hardware,Resolved
TCK-1814,2025-01-17 21:15:23.492349,2025-01-18 18:33:44.986358930,Low,IT Support,Software,Closed
TCK-1815,2025-01-17 21:15:23.492349,2025-01-18 15:55:05.614661999,Medium,Operations,Hardware,Resolved
TCK-1816,2025-01-17 22:15:52.655265,2025-01-18 19:11:38.387634810,Low,HR,Software,Closed
TCK-1817,2025-01-17 22:46:07.236723,2025-01-18 07:09:27.623948600,Medium,DevOps,Email,Resolved
TCK-1818,2025-01-17 23:16:21.818181,2025-01-18 04:45:04.619133734,Medium,IT Support,Access Control,Closed
TCK-1819,2025-01-17 23:16:21.818181,2025-01-19 00:56:23.760419005,Critical,Finance,Email,Resolved
TCK-1820,2025-01-17 23:46:36.399639,2025-01-19 02:31:07.251664215,Medium,HR,Email,Closed
TCK-1821,2025-01-18 00:16:50.981098,2025-01-18 11:13:35.931454301,High,IT Support,Email,Closed
TCK-1822,2025-01-18 01:47:34.725472,2025-01-18 18:49:48.104689415,Medium,IT Support,Network,Resolved
TCK-1823,2025-01-18 02:17:49.306930,2025-01-18 10:42:52.242369154,Critical,HR,Email,Resolved
TCK-1824,2025-01-18 02:48:03.888388,2025-01-19 00:35:23.292241276,Low,DevOps,Access Control,Resolved
TCK-1825,2025-01-18 02:48:03.888388,2025-01-19 11:18:45.175931539,Medium,IT Support,Hardware,Resolved
TCK-1826,2025-01-18 03:18:18.469846,2025-01-19 00:17:02.873383799,Medium,Operations,Software,Closed
TCK-1827,2025-01-18 03:18:18.469846,2025-01-18 16:14:25.985049290,Low,IT Support,Email,Resolved
TCK-1828,2025-01-18 04:18:47.632763,2025-01-18 15:21:35.649524990,Medium,HR,Software,Resolved
TCK-1829,2025-01-18 04:18:47.632763,2025-01-18 22:49:09.521780426,High,IT Support,Email,Closed
TCK-1830,2025-01-18 05:49:31.377137,2025-01-19 02:19:28.435547735,Medium,IT Support,Network,Resolved
TCK-1831,2025-01-18 06:19:45.958595,2025-01-18 21:03:18.649696943,Low,Operations,Software,Resolved
TCK-1832,2025-01-18 06:50:00.540054,2025-01-19 00:29:08.301555369,Low,DevOps,Email,Resolved
TCK-1833,2025-01-18 06:50:00.540054,2025-01-18 08:39:42.750918820,Low,DevOps,Email,Closed
TCK-1834,2025-01-18 07:20:15.121512,2025-01-20 13:54:28.055560396,Unassigned,Operations,Access Control,Resolved
TCK-1835,2025-01-18 07:20:15.121512,2025-01-19 11:29:44.081133555,Medium,DevOps,Access Control,Resolved
TCK-1836,2025-01-18 07:50:29.702970,2025-01-18 16:16:14.874908519,Medium,Finance,Access Control,Closed
TCK-1837,2025-01-18 08:50:58.865886,2025-01-18 23:44:33.956126693,Medium,DevOps,Network,Resolved
TCK-1838,2025-01-18 10:21:42.610261,2025-01-18 11:14:04.177027481,Low,HR,Software,Closed
TCK-1839,2025-01-18 10:21:42.610261,2025-01-18 11:07:10.805995085,Low,Finance,Network,Closed
TCK-1840,2025-01-18 11:22:11.773177,2025-01-18 16:34:02.584362344,Medium,DevOps,Hardware,Closed
TCK-1841,2025-01-18 11:22:11.773177,2025-01-19 08:26:02.094000983,High,IT Support,Email,Closed
TCK-1842,2025-01-18 11:22:11.773177,2025-01-19 21:46:39.681803607,High,Operations,Email,Closed
TCK-1843,2025-01-18 12:22:40.936093,2025-01-19 03:07:20.688976498,High,IT Support,Email,Closed
TCK-1844,2025-01-18 12:52:55.517551,2025-01-19 02:33:15.695987337,Critical,Operations,Access Control,Closed
TCK-1845,2025-01-18 13:53:24.680468,2025-01-18 23:09:16.091828144,Low,IT Support,Email,Closed
TCK-1846,2025-01-18 14:23:39.261926,2025-01-18 17:34:00.749700947,Low,IT Support,Access Control,Closed
TCK-1847,2025-01-18 15:24:08.424842,2025-01-18 17:40:10.942522181,Low,IT Support,Hardware,Resolved
TCK-1848,2025-01-18 17:25:06.750675,2025-01-19 19:09:27.686459335,Medium,Operations,Network,Resolved
TCK-1849,2025-01-18 17:55:21.332133,2025-01-20 17:09:30.639204603,Medium,IT Support,Network,Closed
TCK-1850,2025-01-18 17:55:21.332133,2025-01-19 04:57:24.506724457,Medium,Finance,Network,Resolved
TCK-1851,2025-01-18 18:25:35.913591,2025-01-19 13:48:57.214754719,Medium,Finance,Access Control,Resolved
TCK-1852,2025-01-18 18:55:50.495049,2025-01-20 15:11:17.087737685,Medium,IT Support,Software,Resolved
TCK-1853,2025-01-18 19:26:05.076507,2025-01-18 21:08:04.500705868,Medium,Operations,Software,Closed
TCK-1854,2025-01-18 19:56:19.657965,2025-01-19 22:25:50.447176603,Low,IT Support,Hardware,Closed
TCK-1855,2025-01-18 20:56:48.820882,2025-01-19 14:12:47.721622563,High,Finance,Software,Resolved
TCK-1856,2025-01-18 21:57:17.983798,2025-01-19 14:23:13.221441311,Critical,HR,Hardware,Closed
TCK-1857,2025-01-18 22:27:32.565256,2025-01-19 04:41:18.211896027,Medium,IT Support,Email,Closed
TCK-1858,2025-01-18 22:57:47.146714,2025-01-19 19:41:35.728020738,High,IT Support,Network,Closed
TCK-1859,2025-01-18 23:58:16.309630,2025-01-20 04:28:43.907366335,Medium,DevOps,Access Control,Closed
TCK-1860,2025-01-18 23:58:16.309630,2025-01-19 02:07:36.135888323,Low,Operations,Hardware,Closed
TCK-1861,2025-01-19 00:28:30.891089,2025-01-19 14:12:03.690428770,Low,IT Support,Access Control,Closed
TCK-1862,2025-01-19 00:58:45.472547,2025-01-19 02:54:03.991080105,Low,IT Support,Access Control,Closed
TCK-1863,2025-01-19 01:29:00.054005,2025-01-20 14:34:02.285800594,Medium,Operations,Network,Closed
TCK-1864,2025-01-19 01:59:14.635463,2025-01-19 14:44:27.928083461,Low,IT Support,Email,Closed
TCK-1865,2025-01-19 01:59:14.635463,2025-01-20 07:41:19.898593696,High,Finance,Email,Closed
TCK-1866,2025-01-19 02:59:43.798379,2025-01-19 11:15:27.088882114,Unassigned,Finance,Software,Closed
TCK-1867,2025-01-19 03:29:58.379837,2025-01-19 05:54:17.007592560,Low,IT Support,Email,Closed
TCK-1868,2025-01-19 03:29:58.379837,2025-01-19 04:15:44.927238541,Low,DevOps,Network,Closed
TCK-1869,2025-01-19 03:29:58.379837,2025-01-19 09:27:01.451880389,Medium,Operations,Access Control,Resolved
TCK-1870,2025-01-19 04:00:12.961296,2025-01-19 09:02:38.456754162,High,HR,Hardware,Resolved
TCK-1871,2025-01-19 04:00:12.961296,2025-01-19 18:47:44.357987976,Medium,DevOps,Hardware,Closed
TCK-1872,2025-01-19 05:00:42.124212,2025-01-19 05:24:26.338000719,Medium,Finance,Email,Closed
TCK-1873,2025-01-19 05:00:42.124212,2025-01-19 18:14:40.396050254,Critical,HR,Software,Closed
TCK-1874,2025-01-19 06:01:11.287128,2025-01-19 14:58:10.173923969,Medium,IT Support,Hardware,Closed
TCK-1875,2025-01-19 06:01:11.287128,2025-01-19 21:30:42.845421757,Low,DevOps,Software,Resolved
TCK-1876,2025-01-19 06:31:25.868586,2025-01-20 04:20:27.607758089,Unassigned,HR,Hardware,Closed
TCK-1877,2025-01-19 06:31:25.868586,2025-01-20 00:37:14.051505745,Low,IT Support,Software,Closed
TCK-1878,2025-01-19 06:31:25.868586,2025-01-22 09:41:48.362624011,Low,Operations,Software,Closed
TCK-1879,2025-01-19 08:02:09.612961,2025-01-19 10:42:52.363535031,Medium,DevOps,Access Control,Resolved
TCK-1880,2025-01-19 08:32:24.194419,2025-01-19 18:38:59.609278306,Low,Operations,Network,Resolved
TCK-1881,2025-01-19 09:32:53.357335,2025-01-19 19:30:13.648332052,Unassigned,IT Support,Hardware,Closed
TCK-1882,2025-01-19 09:32:53.357335,2025-01-19 19:15:43.283557891,Medium,DevOps,Email,Closed
TCK-1883,2025-01-19 10:03:07.938793,2025-01-20 05:40:22.807831055,High,Finance,Network,Closed
TCK-1884,2025-01-19 10:03:07.938793,2025-01-19 22:09:58.823101622,Low,Operations,Access Control,Resolved
TCK-1885,2025-01-19 10:33:22.520252,2025-01-19 23:40:18.042044416,Low,Operations,Access Control,Closed
TCK-1886,2025-01-19 11:03:37.101710,2025-01-19 21:15:10.801775898,Medium,Operations,Access Control,Closed
TCK-1887,2025-01-19 11:33:51.683168,2025-01-23 01:48:36.660071994,Critical,Operations,Email,Resolved
TCK-1888,2025-01-19 12:34:20.846084,2025-01-21 11:49:21.835317583,Low,IT Support,Hardware,Resolved
TCK-1889,2025-01-19 12:34:20.846084,2025-01-19 19:11:32.396029339,Medium,DevOps,Hardware,Closed
TCK-1890,2025-01-19 12:34:20.846084,2025-01-19 14:42:08.393472413,Low,IT Support,Software,Closed
TCK-1891,2025-01-19 12:34:20.846084,2025-01-20 21:31:56.908160311,High,DevOps,Software,Resolved
TCK-1892,2025-01-19 14:05:04.590459,2025-01-23 23:42:02.958904729,Critical,Operations,Software,Resolved
TCK-1893,2025-01-19 14:35:19.171917,2025-01-19 20:49:11.089986567,Medium,IT Support,Email,Resolved
TCK-1894,2025-01-19 14:35:19.171917,2025-01-19 22:33:34.687131642,Medium,Finance,Network,Closed
TCK-1895,2025-01-19 14:35:19.171917,2025-01-21 17:43:36.472609600,Low,DevOps,Hardware,Resolved
TCK-1896,2025-01-19 15:05:33.753375,2025-01-20 13:26:40.893287612,Low,IT Support,Software,Closed
TCK-1897,2025-01-19 15:35:48.334833,2025-01-19 21:54:18.358064404,Low,IT Support,Email,Closed
TCK-1898,2025-01-19 16:06:02.916291,2025-01-20 07:45:38.613217151,Low,IT Support,Email,Closed
TCK-1899,2025-01-19 16:06:02.916291,2025-01-21 20:03:28.870969887,High,IT Support,Software,Closed
TCK-1900,2025-01-19 16:06:02.916291,2025-01-20 22:09:59.632719050,Medium,DevOps,Access Control,Closed
TCK-1901,2025-01-19 16:06:02.916291,2025-01-20 16:28:31.674795020,Low,Finance,Access Control,Closed
TCK-1902,2025-01-19 16:36:17.497749,2025-01-20 16:38:43.549802709,High,IT Support,Access Control,Closed
TCK-1903,2025-01-19 17:06:32.079207,2025-01-19 20:38:15.445912191,Unassigned,Operations,Software,Closed
TCK-1904,2025-01-19 17:36:46.660666,2025-01-21 00:57:13.146440841,Medium,DevOps,Email,Resolved
TCK-1905,2025-01-19 17:36:46.660666,2025-01-19 23:25:45.339318857,Medium,Finance,Email,Closed
TCK-1906,2025-01-19 17:36:46.660666,2025-01-21 17:34:27.023570146,Low,IT Support,Hardware,Closed
TCK-1907,2025-01-19 18:07:01.242124,2025-01-20 02:16:52.156759128,Medium,DevOps,Access Control,Closed
TCK-1908,2025-01-19 18:37:15.823582,2025-01-21 05:42:45.983603737,Medium,HR,Software,Resolved
TCK-1909,2025-01-19 19:37:44.986498,2025-01-20 01:12:04.760486202,Unassigned,DevOps,Hardware,Closed
TCK-1910,2025-01-19 20:07:59.567956,2025-01-20 09:08:26.087531897,Medium,DevOps,Email,Resolved
TCK-1911,2025-01-19 20:07:59.567956,2025-01-19 22:10:04.576664935,High,IT Support,Hardware,Closed
TCK-1912,2025-01-19 21:08:28.730873,2025-01-20 16:33:58.262405569,Low,Operations,Access Control,Closed
TCK-1913,2025-01-19 22:08:57.893789,2025-01-21 06:42:00.422275702,Medium,HR,Network,Resolved
TCK-1914,2025-01-19 22:08:57.893789,2025-01-20 20:57:47.718799374,Low,HR,Access Control,Closed
TCK-1915,2025-01-19 22:08:57.893789,2025-01-20 11:29:00.495516157,High,Operations,Access Control,Closed
TCK-1916,2025-01-19 23:39:41.638163,2025-01-20 00:29:33.148612419,Low,HR,Software,Closed
TCK-1917,2025-01-19 23:39:41.638163,2025-01-22 00:26:08.034773358,Medium,DevOps,Network,Resolved
TCK-1918,2025-01-20 00:09:56.219621,2025-01-20 22:10:10.382671921,Low,DevOps,Network,Resolved
TCK-1919,2025-01-20 00:40:10.801080,2025-01-21 01:19:39.456656443,Medium,IT Support,Network,Closed
TCK-1920,2025-01-20 02:10:54.545454,2025-01-21 06:40:45.150163884,Medium,Operations,Email,Closed
TCK-1921,2025-01-20 02:41:09.126912,2025-01-21 03:28:38.721493343,Medium,HR,Hardware,Resolved
TCK-1922,2025-01-20 02:41:09.126912,2025-01-20 13:09:30.650420838,Low,HR,Email,Closed
TCK-1923,2025-01-20 03:41:38.289828,2025-01-21 03:30:18.210724828,Medium,Operations,Network,Closed
TCK-1924,2025-01-20 04:11:52.871287,2025-01-20 21:51:15.235981124,Medium,Finance,Software,Closed
TCK-1925,2025-01-20 04:11:52.871287,2025-01-21 14:50:04.954147841,Unassigned,DevOps,Access Control,Closed
TCK-1926,2025-01-20 05:42:36.615661,2025-01-21 10:54:10.114176194,Low,DevOps,Access Control,Resolved
TCK-1927,2025-01-20 06:12:51.197119,2025-01-20 06:58:29.299651497,Critical,IT Support,Email,Resolved
TCK-1928,2025-01-20 06:12:51.197119,2025-01-20 14:47:11.704280371,Medium,IT Support,Email,Closed
TCK-1929,2025-01-20 06:43:05.778577,2025-01-20 07:21:15.362036587,Low,IT Support,Software,Closed
TCK-1930,2025-01-20 06:43:05.778577,2025-01-20 08:39:22.707052443,Medium,Operations,Access Control,Resolved
TCK-1931,2025-01-20 07:13:20.360036,2025-01-20 23:46:44.940378740,Medium,IT Support,Email,Closed
TCK-1932,2025-01-20 07:13:20.360036,2025-01-21 20:29:00.264442949,Low,IT Support,Hardware,Closed
TCK-1933,2025-01-20 07:13:20.360036,2025-01-20 09:31:11.059663111,Medium,IT Support,Email,Closed
TCK-1934,2025-01-20 07:43:34.941494,2025-01-20 18:31:23.244267862,Medium,IT Support,Email,Closed
TCK-1935,2025-01-20 07:43:34.941494,2025-01-22 03:14:45.738554882,Medium,DevOps,Network,Closed
TCK-1936,2025-01-20 07:43:34.941494,2025-01-21 14:01:54.042875431,Medium,Operations,Hardware,Resolved
TCK-1937,2025-01-20 07:43:34.941494,2025-01-20 20:55:31.325564866,Medium,IT Support,Hardware,Resolved
TCK-1938,2025-01-20 08:44:04.104410,2025-01-21 11:18:43.362606817,Medium,HR,Software,Closed
TCK-1939,2025-01-20 08:44:04.104410,2025-01-20 22:02:49.990719020,Low,DevOps,Network,Closed
TCK-1940,2025-01-20 08:44:04.104410,2025-01-20 11:49:55.208197013,Medium,HR,Hardware,Closed
TCK-1941,2025-01-20 08:44:04.104410,2025-01-20 11:07:57.398897528,Low,Operations,Network,Closed
TCK-1942,2025-01-20 09:14:18.685868,2025-01-20 12:59:42.998576001,Low,Finance,Network,Resolved
TCK-1943,2025-01-20 09:14:18.685868,2025-01-20 17:01:05.409870865,Medium,IT Support,Access Control,Closed
TCK-1944,2025-01-20 09:44:33.267326,2025-01-22 09:44:45.130006132,Low,Operations,Hardware,Closed
TCK-1945,2025-01-20 09:44:33.267326,2025-01-21 14:41:00.733754209,Medium,HR,Access Control,Closed
TCK-1946,2025-01-20 09:44:33.267326,2025-01-20 19:56:57.851773117,Medium,IT Support,Email,Closed
TCK-1947,2025-01-20 10:45:02.430243,2025-01-20 22:58:47.264357991,High,IT Support,Email,Resolved
TCK-1948,2025-01-20 11:45:31.593159,2025-01-20 17:18:56.280955346,Low,Operations,Access Control,Closed
TCK-1949,2025-01-20 12:15:46.174617,2025-01-21 10:11:50.739009282,Medium,DevOps,Email,Closed
TCK-1950,2025-01-20 12:15:46.174617,2025-01-21 17:29:00.082252749,Medium,HR,Access Control,Closed
TCK-1951,2025-01-20 12:15:46.174617,2025-01-20 17:10:36.360343367,Unassigned,DevOps,Software,Resolved
TCK-1952,2025-01-20 13:16:15.337533,2025-01-20 14:02:23.679190734,Critical,Finance,Network,Resolved
TCK-1953,2025-01-20 14:16:44.500450,2025-01-21 07:52:50.529279840,Medium,IT Support,Software,Resolved
TCK-1954,2025-01-20 14:16:44.500450,2025-01-21 05:09:35.067034286,Medium,DevOps,Hardware,Closed
TCK-1955,2025-01-20 15:17:13.663366,2025-01-21 00:32:45.738263631,Medium,DevOps,Software,Closed
TCK-1956,2025-01-20 15:17:13.663366,2025-01-21 09:52:21.391979288,Medium,Finance,Software,Closed
TCK-1957,2025-01-20 15:47:28.244824,2025-01-21 06:11:19.918685015,Medium,IT Support,Email,Closed
TCK-1958,2025-01-20 16:47:57.407740,2025-01-20 21:59:29.473744815,Medium,IT Support,Access Control,Closed
TCK-1959,2025-01-20 17:18:11.989198,2025-01-21 02:25:48.681996967,Low,DevOps,Hardware,Resolved
TCK-1960,2025-01-20 17:48:26.570657,2025-01-21 03:51:57.773314451,High,DevOps,Email,Resolved
TCK-1961,2025-01-20 18:18:41.152115,2025-01-22 08:30:48.284846350,High,DevOps,Hardware,Closed
TCK-1962,2025-01-20 18:18:41.152115,2025-01-23 04:39:45.843289992,Low,DevOps,Network,Closed
TCK-1963,2025-01-20 18:48:55.733573,2025-01-22 11:02:39.792260668,High,DevOps,Access Control,Closed
TCK-1964,2025-01-20 19:19:10.315031,2025-01-21 18:10:48.540779432,Medium,Operations,Email,Closed
TCK-1965,2025-01-20 19:19:10.315031,2025-01-21 11:08:59.274399971,Medium,IT Support,Software,Resolved
TCK-1966,2025-01-20 20:49:54.059405,2025-01-21 17:52:12.558116741,Medium,HR,Network,Resolved
TCK-1967,2025-01-20 20:49:54.059405,2025-01-22 23:12:28.103727237,Critical,HR,Software,Closed
TCK-1968,2025-01-20 20:49:54.059405,2025-01-21 02:00:35.748423306,Medium,IT Support,Hardware,Closed
TCK-1969,2025-01-20 21:20:08.640864,2025-01-21 11:07:23.954563796,High,DevOps,Network,Closed
TCK-1970,2025-01-20 21:20:08.640864,2025-01-21 18:23:39.413150912,Medium,Operations,Email,Closed
TCK-1971,2025-01-20 21:50:23.222322,2025-01-21 18:18:26.260764387,High,HR,Software,Closed
TCK-1972,2025-01-20 22:50:52.385238,2025-01-21 04:04:51.385402337,High,Operations,Software,Resolved
TCK-1973,2025-01-20 23:21:06.966696,2025-01-21 15:15:27.994887978,High,Finance,Hardware,Closed
TCK-1974,2025-01-20 23:51:21.548154,2025-01-22 04:27:42.330448039,Unassigned,Finance,Hardware,Closed
TCK-1975,2025-01-21 00:21:36.129612,2025-01-21 11:57:40.213402217,Low,Finance,Access Control,Closed
TCK-1976,2025-01-21 00:51:50.711071,2025-01-22 05:14:26.453559723,Medium,IT Support,Access Control,Resolved
TCK-1977,2025-01-21 00:51:50.711071,2025-01-21 08:53:38.229434116,Medium,HR,Hardware,Closed
TCK-1978,2025-01-21 00:51:50.711071,2025-01-23 03:08:14.310718058,Medium,Finance,Access Control,Resolved
TCK-1979,2025-01-21 01:22:05.292529,2025-01-21 15:06:34.655516432,High,Operations,Software,Closed
TCK-1980,2025-01-21 01:52:19.873987,2025-01-21 18:11:02.384024171,Low,Finance,Hardware,Closed
TCK-1981,2025-01-21 01:52:19.873987,2025-01-21 02:26:44.652940888,High,IT Support,Network,Resolved
TCK-1982,2025-01-21 01:52:19.873987,2025-01-21 05:13:55.046212988,High,IT Support,Hardware,Closed
TCK-1983,2025-01-21 01:52:19.873987,2025-01-21 19:54:43.294851798,Low,Operations,Email,Resolved
TCK-1984,2025-01-21 02:22:34.455445,2025-01-21 12:10:38.295430910,Medium,HR,Email,Closed
TCK-1985,2025-01-21 02:52:49.036903,2025-01-21 15:39:11.734145752,Low,Operations,Hardware,Closed
TCK-1986,2025-01-21 03:23:03.618361,2025-01-21 04:33:18.306497281,High,Finance,Network,Closed
TCK-1987,2025-01-21 04:23:32.781278,2025-01-22 12:43:51.328048108,Low,Finance,Hardware,Resolved
TCK-1988,2025-01-21 05:24:01.944194,2025-01-22 09:01:38.303943876,Low,DevOps,Network,Resolved
TCK-1989,2025-01-21 05:24:01.944194,2025-01-21 09:05:26.046975044,Low,IT Support,Software,Closed
TCK-1990,2025-01-21 05:54:16.525652,2025-01-22 00:00:46.766411028,Low,DevOps,Software,Closed
TCK-1991,2025-01-21 06:54:45.688568,2025-01-22 13:36:40.923826888,Medium,Finance,Network,Closed
TCK-1992,2025-01-21 06:54:45.688568,2025-01-22 01:20:42.616639136,High,DevOps,Access Control,Closed
TCK-1993,2025-01-21 06:54:45.688568,2025-01-21 13:36:08.012252122,Medium,DevOps,Software,Closed
TCK-1994,2025-01-21 06:54:45.688568,2025-01-22 02:07:35.592279789,Low,IT Support,Email,Closed
TCK-1995,2025-01-21 07:55:14.851485,2025-01-21 12:10:27.544770111,Medium,Finance,Hardware,Closed
TCK-1996,2025-01-21 07:55:14.851485,2025-01-21 14:48:59.704745893,Medium,IT Support,Access Control,Resolved
TCK-1997,2025-01-21 07:55:14.851485,2025-01-21 12:51:44.298202509,Medium,IT Support,Email,Closed
TCK-1998,2025-01-21 08:25:29.432943,2025-01-21 23:04:37.699170686,Medium,DevOps,Hardware,Resolved
TCK-1999,2025-01-21 08:25:29.432943,2025-01-21 10:29:11.836643965,Medium,IT Support,Email,Closed
TCK-2000,2025-01-21 08:25:29.432943,2025-01-23 09:09:48.779512787,Medium,Finance,Access Control,Closed
TCK-2001,2025-01-21 09:56:13.177317,2025-01-21 17:14:24.719435177,Medium,IT Support,Network,Closed
TCK-2002,2025-01-21 09:56:13.177317,2025-01-21 14:23:07.971162352,Medium,IT Support,Hardware,Closed
TCK-2003,2025-01-21 10:26:27.758775,2025-01-21 22:47:38.087588353,Low,IT Support,Email,Closed
TCK-2004,2025-01-21 10:56:42.340234,2025-01-21 16:46:59.769192058,Critical,IT Support,Email,Closed
TCK-2005,2025-01-21 10:56:42.340234,2025-01-22 00:43:27.493781592,Low,DevOps,Access Control,Closed
TCK-2006,2025-01-21 10:56:42.340234,2025-01-21 18:39:28.617083773,Medium,Finance,Access Control,Resolved
TCK-2007,2025-01-21 11:26:56.921692,2025-01-21 13:59:55.228568414,Critical,Operations,Access Control,Closed
TCK-2008,2025-01-21 11:26:56.921692,2025-01-21 17:00:46.830987949,Low,IT Support,Network,Resolved
TCK-2009,2025-01-21 11:57:11.503150,2025-01-21 22:20:23.460430992,Low,DevOps,Software,Closed
TCK-2010,2025-01-21 13:58:09.828982,2025-01-21 14:31:23.177326418,Medium,DevOps,Email,Resolved
TCK-2011,2025-01-21 15:28:53.573357,2025-01-22 17:59:09.854546480,Low,IT Support,Network,Resolved
TCK-2012,2025-01-21 15:59:08.154815,2025-01-22 09:29:19.485352135,Medium,DevOps,Email,Resolved
TCK-2013,2025-01-21 15:59:08.154815,2025-01-22 08:32:24.425797658,High,DevOps,Network,Closed
TCK-2014,2025-01-21 16:29:22.736273,2025-01-22 06:42:19.707151321,Medium,HR,Hardware,Closed
TCK-2015,2025-01-21 16:59:37.317731,2025-01-22 09:03:22.391277860,Medium,DevOps,Software,Closed
TCK-2016,2025-01-21 16:59:37.317731,2025-01-23 18:05:53.513994227,Medium,HR,Email,Closed
TCK-2017,2025-01-21 17:29:51.899189,2025-01-21 17:39:09.576905783,High,IT Support,Access Control,Closed
TCK-2018,2025-01-21 17:29:51.899189,2025-01-21 18:22:45.795238329,Medium,HR,Software,Closed
TCK-2019,2025-01-21 17:29:51.899189,2025-01-21 21:19:26.205085229,Unassigned,Operations,Email,Resolved
TCK-2020,2025-01-21 18:00:06.480648,2025-01-21 21:17:50.291641948,Medium,HR,Hardware,Closed
TCK-2021,2025-01-21 18:00:06.480648,2025-01-21 21:36:00.561723373,Low,HR,Email,Closed
TCK-2022,2025-01-21 18:30:21.062106,2025-01-22 14:34:05.237342447,Medium,Finance,Email,Closed
TCK-2023,2025-01-21 18:30:21.062106,2025-01-22 05:34:47.949711974,High,DevOps,Email,Closed
TCK-2024,2025-01-21 19:00:35.643564,2025-01-25 09:25:43.594372621,Low,DevOps,Software,Closed
TCK-2025,2025-01-21 19:30:50.225022,2025-01-22 00:08:45.121782255,High,IT Support,Email,Closed
TCK-2026,2025-01-21 20:01:04.806480,2025-01-22 02:43:07.737278733,Medium,DevOps,Access Control,Resolved
TCK-2027,2025-01-21 20:01:04.806480,2025-01-24 22:43:25.910409533,Critical,HR,Network,Resolved
TCK-2028,2025-01-21 20:01:04.806480,2025-01-23 04:06:01.261231500,High,Finance,Access Control,Closed
TCK-2029,2025-01-21 20:01:04.806480,2025-01-22 07:26:20.375069178,Medium,Finance,Hardware,Resolved
TCK-2030,2025-01-21 21:01:33.969396,2025-01-22 11:35:02.623849877,Critical,DevOps,Software,Resolved
TCK-2031,2025-01-21 21:31:48.550855,2025-01-23 06:52:39.841154271,Critical,DevOps,Network,Closed
TCK-2032,2025-01-21 22:02:03.132313,2025-01-22 09:50:19.836419237,Medium,Finance,Software,Closed
TCK-2033,2025-01-21 22:32:17.713771,2025-01-22 02:41:27.183720285,Critical,Finance,Software,Resolved
TCK-2034,2025-01-21 23:32:46.876687,2025-01-23 07:16:39.470781775,Low,HR,Email,Closed
TCK-2035,2025-01-22 00:03:01.458145,2025-01-22 13:56:27.492820789,High,IT Support,Access Control,Resolved
TCK-2036,2025-01-22 00:33:16.039603,2025-01-22 03:32:39.635658885,Medium,Operations,Network,Closed
TCK-2037,2025-01-22 00:33:16.039603,2025-01-22 13:13:59.974711781,Medium,HR,Email,Closed
TCK-2038,2025-01-22 01:33:45.202520,2025-01-22 11:09:28.591718342,High,Finance,Network,Closed
TCK-2039,2025-01-22 02:03:59.783978,2025-01-23 15:45:49.874072240,Medium,DevOps,Access Control,Resolved
TCK-2040,2025-01-22 03:34:43.528352,2025-01-22 06:00:14.572002991,Medium,IT Support,Email,Closed
TCK-2041,2025-01-22 03:34:43.528352,2025-01-23 17:02:20.194256502,Low,Operations,Network,Resolved
TCK-2042,2025-01-22 04:04:58.109810,2025-01-22 17:00:16.239913620,Critical,DevOps,Email,Closed
TCK-2043,2025-01-22 04:04:58.109810,2025-01-22 13:24:32.691369510,Medium,DevOps,Software,Resolved
TCK-2044,2025-01-22 04:35:12.691269,2025-01-22 07:46:02.722954830,Low,IT Support,Hardware,Closed
TCK-2045,2025-01-22 06:05:56.435643,2025-01-23 03:49:10.794594623,Medium,Finance,Network,Resolved
TCK-2046,2025-01-22 06:05:56.435643,2025-01-24 05:09:45.853926725,Medium,IT Support,Access Control,Resolved
TCK-2047,2025-01-22 06:36:11.017101,2025-01-22 15:04:26.388144052,Medium,Finance,Network,Closed
TCK-2048,2025-01-22 06:36:11.017101,2025-01-22 11:34:49.807982499,Low,DevOps,Hardware,Closed
TCK-2049,2025-01-22 07:06:25.598559,2025-01-22 21:40:33.550772478,Medium,IT Support,Network,Closed
TCK-2050,2025-01-22 07:06:25.598559,2025-01-23 11:44:13.057945088,Unassigned,DevOps,Network,Closed
TCK-2051,2025-01-22 07:36:40.180018,2025-01-22 07:40:44.787718331,Critical,HR,Network,Closed
TCK-2052,2025-01-22 07:36:40.180018,2025-01-23 01:34:29.414997142,High,DevOps,Access Control,Resolved
TCK-2053,2025-01-22 07:36:40.180018,2025-01-22 23:56:53.855372309,High,Finance,Hardware,Closed
TCK-2054,2025-01-22 08:06:54.761476,2025-01-22 15:00:29.843222219,Low,IT Support,Hardware,Closed
TCK-2055,2025-01-22 08:06:54.761476,2025-01-22 18:55:22.472083302,Medium,IT Support,Access Control,Closed
TCK-2056,2025-01-22 08:06:54.761476,2025-01-22 13:13:14.712096563,High,Operations,Network,Closed
TCK-2057,2025-01-22 08:37:09.342934,2025-01-23 12:42:04.068606669,Low,HR,Network,Closed
TCK-2058,2025-01-22 09:37:38.505850,2025-01-23 03:44:45.186717276,Low,HR,Hardware,Closed
TCK-2059,2025-01-22 09:37:38.505850,2025-01-22 23:19:18.909623044,Medium,IT Support,Network,Resolved
TCK-2060,2025-01-22 10:38:07.668766,2025-01-22 19:36:26.984448289,Medium,HR,Software,Closed
TCK-2061,2025-01-22 12:39:05.994599,2025-01-22 18:51:05.839557208,Low,DevOps,Network,Closed
TCK-2062,2025-01-22 14:09:49.738973,2025-01-23 21:18:21.377216366,Medium,DevOps,Network,Closed
TCK-2063,2025-01-22 14:40:04.320432,2025-01-23 01:28:30.219852126,Critical,IT Support,Email,Closed
TCK-2064,2025-01-22 15:10:18.901890,2025-01-23 03:42:02.696842036,Low,HR,Hardware,Closed
TCK-2065,2025-01-22 15:10:18.901890,2025-01-23 04:24:52.079749956,Medium,IT Support,Hardware,Resolved
TCK-2066,2025-01-22 15:10:18.901890,2025-01-23 01:52:46.619921365,Medium,Operations,Software,Closed
TCK-2067,2025-01-22 16:10:48.064806,2025-01-22 21:30:18.049924694,High,Finance,Software,Closed
TCK-2068,2025-01-22 16:10:48.064806,2025-01-22 18:29:16.740911728,Medium,DevOps,Software,Closed
TCK-2069,2025-01-22 16:41:02.646264,2025-01-22 18:33:04.776405580,Low,DevOps,Hardware,Closed
TCK-2070,2025-01-22 18:11:46.390639,2025-01-23 19:41:42.008276784,Low,Operations,Email,Closed
TCK-2071,2025-01-22 18:11:46.390639,2025-01-22 22:45:00.432128467,Medium,Operations,Email,Closed
TCK-2072,2025-01-22 18:42:00.972097,2025-01-22 19:43:52.883187568,Low,IT Support,Access Control,Closed
TCK-2073,2025-01-22 20:12:44.716471,2025-01-24 00:57:36.884282922,Medium,Operations,Hardware,Closed
TCK-2074,2025-01-22 20:12:44.716471,2025-01-22 23:13:26.326565412,Medium,Operations,Access Control,Resolved
TCK-2075,2025-01-22 20:12:44.716471,2025-01-23 13:52:27.701636340,Low,HR,Network,Closed
TCK-2076,2025-01-22 22:13:43.042304,2025-01-23 05:40:15.373721837,Medium,DevOps,Software,Closed
TCK-2077,2025-01-22 22:43:57.623762,2025-01-23 01:10:00.174416341,Medium,DevOps,Access Control,Resolved
TCK-2078,2025-01-22 22:43:57.623762,2025-01-23 08:22:02.252099267,Low,DevOps,Access Control,Closed
TCK-2079,2025-01-22 23:14:12.205220,2025-01-22 23:30:18.995755135,High,IT Support,Hardware,Closed
TCK-2080,2025-01-23 00:14:41.368136,2025-01-24 09:20:57.252999558,Unassigned,Finance,Software,Closed
TCK-2081,2025-01-23 00:14:41.368136,2025-01-23 13:12:50.687447520,Low,IT Support,Software,Resolved
TCK-2082,2025-01-23 01:15:10.531053,2025-01-23 03:57:00.592996078,Low,DevOps,Email,Closed
TCK-2083,2025-01-23 01:15:10.531053,2025-01-23 06:07:17.081207158,Unassigned,Operations,Access Control,Closed
TCK-2084,2025-01-23 01:45:25.112511,2025-01-23 12:27:06.829028508,High,DevOps,Email,Closed
TCK-2085,2025-01-23 03:16:08.856885,2025-01-23 07:02:13.193406507,Critical,Finance,Access Control,Closed
TCK-2086,2025-01-23 03:16:08.856885,2025-01-23 08:53:57.883904069,Medium,DevOps,Hardware,Resolved
TCK-2087,2025-01-23 03:16:08.856885,2025-01-23 17:01:41.807005073,Medium,IT Support,Hardware,Resolved
TCK-2088,2025-01-23 03:46:23.438343,2025-01-24 11:56:48.446391066,Critical,Finance,Network,Closed
TCK-2089,2025-01-23 05:17:07.182718,2025-01-23 14:32:07.674416523,Medium,DevOps,Access Control,Closed
TCK-2090,2025-01-23 05:17:07.182718,2025-01-24 04:00:19.104331457,Medium,IT Support,Access Control,Resolved
TCK-2091,2025-01-23 05:47:21.764176,2025-01-24 19:27:48.607630656,High,IT Support,Software,Closed
TCK-2092,2025-01-23 06:17:36.345634,2025-01-23 10:40:50.061605184,High,DevOps,Software,Resolved
TCK-2093,2025-01-23 07:18:05.508550,2025-01-24 12:55:50.212774702,Unassigned,HR,Email,Closed
TCK-2094,2025-01-23 07:18:05.508550,2025-01-24 08:47:45.010845030,Medium,Operations,Network,Closed
TCK-2095,2025-01-23 07:48:20.090009,2025-01-23 15:45:10.135301907,Low,IT Support,Hardware,Closed
TCK-2096,2025-01-23 08:48:49.252925,2025-01-26 18:51:45.974196781,Low,IT Support,Access Control,Closed
TCK-2097,2025-01-23 09:19:03.834383,2025-01-23 14:48:01.093130086,High,Finance,Email,Closed
TCK-2098,2025-01-23 09:49:18.415841,2025-01-23 15:06:56.550932883,Low,DevOps,Network,Resolved
TCK-2099,2025-01-23 09:49:18.415841,2025-01-24 12:27:13.060379695,Low,Finance,Software,Closed
TCK-2100,2025-01-23 10:49:47.578757,2025-01-23 21:05:44.523086983,High,DevOps,Network,Closed
TCK-2101,2025-01-23 10:49:47.578757,2025-01-23 18:03:35.459772800,Medium,Finance,Email,Closed
TCK-2102,2025-01-23 11:20:02.160216,2025-01-23 14:52:36.196119210,High,DevOps,Hardware,Closed
TCK-2103,2025-01-23 11:20:02.160216,2025-01-24 13:25:35.291936053,Medium,IT Support,Software,Closed
TCK-2104,2025-01-23 12:20:31.323132,2025-01-24 16:07:16.136877789,Medium,HR,Software,Resolved
TCK-2105,2025-01-23 12:20:31.323132,2025-01-24 03:23:24.844786138,Low,IT Support,Hardware,Closed
TCK-2106,2025-01-23 12:50:45.904590,2025-01-25 21:36:57.018825310,Medium,IT Support,Software,Resolved
TCK-2107,2025-01-23 12:50:45.904590,2025-01-23 19:44:22.039781141,Low,IT Support,Email,Closed
TCK-2108,2025-01-23 13:21:00.486048,2025-01-23 17:48:49.141327240,Medium,IT Support,Software,Closed
TCK-2109,2025-01-23 13:21:00.486048,2025-01-24 09:43:04.868116222,Medium,Operations,Access Control,Closed
TCK-2110,2025-01-23 13:51:15.067506,2025-01-24 15:25:23.958590240,Low,IT Support,Network,Resolved
TCK-2111,2025-01-23 13:51:15.067506,2025-01-23 18:26:24.223683702,Medium,IT Support,Email,Closed
TCK-2112,2025-01-23 13:51:15.067506,2025-01-23 15:17:19.914322466,High,DevOps,Hardware,Resolved
TCK-2113,2025-01-23 14:51:44.230423,2025-01-24 20:48:16.001586773,Unassigned,HR,Email,Closed
TCK-2114,2025-01-23 15:52:13.393339,2025-01-26 11:23:07.750578958,Medium,HR,Access Control,Resolved
TCK-2115,2025-01-23 15:52:13.393339,2025-01-24 10:29:42.910921767,Low,HR,Software,Closed
TCK-2116,2025-01-23 15:52:13.393339,2025-01-23 21:43:48.761713489,High,HR,Software,Closed
TCK-2117,2025-01-23 15:52:13.393339,2025-01-27 22:34:14.111037836,Medium,IT Support,Email,Closed
TCK-2118,2025-01-23 16:22:27.974797,2025-01-25 08:38:52.886848065,Unassigned,IT Support,Software,Closed
TCK-2119,2025-01-23 16:52:42.556255,2025-01-24 05:50:36.251583561,Medium,Operations,Software,Closed
TCK-2120,2025-01-23 16:52:42.556255,2025-01-25 00:17:06.043750518,Medium,IT Support,Access Control,Closed
TCK-2121,2025-01-23 20:24:24.626462,2025-01-25 02:51:36.155228772,Unassigned,IT Support,Hardware,Closed
TCK-2122,2025-01-23 20:24:24.626462,2025-01-25 21:33:06.770955821,Medium,Finance,Network,Closed
TCK-2123,2025-01-23 20:54:39.207920,2025-01-25 06:00:05.727870165,Low,IT Support,Email,Closed
TCK-2124,2025-01-23 22:55:37.533753,2025-01-24 17:30:06.204495736,Medium,HR,Hardware,Resolved
TCK-2125,2025-01-23 22:55:37.533753,2025-01-24 15:50:38.180512252,Low,DevOps,Network,Closed
TCK-2126,2025-01-23 23:25:52.115211,2025-01-24 10:46:09.921249336,High,Operations,Hardware,Resolved
TCK-2127,2025-01-23 23:25:52.115211,2025-01-24 17:09:27.079262045,Medium,DevOps,Email,Resolved
TCK-2128,2025-01-23 23:56:06.696669,2025-01-25 04:28:46.690764336,Low,IT Support,Access Control,Closed
TCK-2129,2025-01-23 23:56:06.696669,2025-01-26 14:29:05.566776375,High,Operations,Access Control,Closed
TCK-2130,2025-01-24 00:26:21.278127,2025-01-24 11:46:30.577194063,Medium,HR,Access Control,Closed
TCK-2131,2025-01-24 00:26:21.278127,2025-01-24 15:47:03.419805910,Low,IT Support,Hardware,Closed
TCK-2132,2025-01-24 01:26:50.441044,2025-01-24 12:02:21.143563659,Low,HR,Email,Closed
TCK-2133,2025-01-24 01:26:50.441044,2025-01-24 21:19:15.676781901,High,DevOps,Software,Resolved
TCK-2134,2025-01-24 01:26:50.441044,2025-01-24 19:20:24.067320149,Medium,IT Support,Software,Resolved
TCK-2135,2025-01-24 01:26:50.441044,2025-01-24 01:46:16.499452611,High,Finance,Access Control,Resolved
TCK-2136,2025-01-24 01:26:50.441044,2025-01-24 15:28:13.341868731,Low,Operations,Hardware,Closed
TCK-2137,2025-01-24 01:57:05.022502,2025-01-24 03:37:08.697682027,Low,IT Support,Software,Resolved
TCK-2138,2025-01-24 02:27:19.603960,2025-01-24 02:56:12.220608615,High,DevOps,Hardware,Closed
TCK-2139,2025-01-24 02:27:19.603960,2025-01-25 06:39:00.045042342,Medium,HR,Email,Resolved
TCK-2140,2025-01-24 02:57:34.185418,2025-01-24 08:20:47.674867179,Medium,HR,Access Control,Closed
TCK-2141,2025-01-24 03:27:48.766876,2025-01-24 10:57:38.516263450,Critical,IT Support,Network,Closed
TCK-2142,2025-01-24 03:27:48.766876,2025-01-24 04:39:20.482407817,Low,Finance,Access Control,Closed
TCK-2143,2025-01-24 03:58:03.348334,2025-01-24 07:31:43.489582555,High,HR,Network,Closed
TCK-2144,2025-01-24 04:28:17.929792,2025-01-25 06:35:06.320954421,Medium,DevOps,Software,Closed
TCK-2145,2025-01-24 04:28:17.929792,2025-01-24 16:43:00.840137023,Low,Operations,Network,Resolved
TCK-2146,2025-01-24 04:58:32.511251,2025-01-25 19:14:27.567318137,Medium,Operations,Hardware,Closed
TCK-2147,2025-01-24 04:58:32.511251,2025-01-24 14:05:16.844304564,Critical,IT Support,Network,Closed
TCK-2148,2025-01-24 05:28:47.092709,2025-01-24 11:06:45.119538221,Medium,IT Support,Software,Closed
TCK-2149,2025-01-24 06:29:16.255625,2025-01-24 14:10:32.149249648,Medium,HR,Software,Closed
TCK-2150,2025-01-24 06:59:30.837083,2025-01-25 05:26:47.426687805,Medium,DevOps,Access Control,Closed
TCK-2151,2025-01-24 07:29:45.418541,2025-01-24 22:04:13.573133810,High,Operations,Software,Resolved
TCK-2152,2025-01-24 10:00:58.325832,2025-01-26 04:14:00.298904143,Critical,DevOps,Hardware,Closed
TCK-2153,2025-01-24 10:31:12.907290,2025-01-25 03:06:40.843284356,High,Finance,Network,Resolved
TCK-2154,2025-01-24 10:31:12.907290,2025-01-24 22:44:50.263614997,High,IT Support,Email,Closed
TCK-2155,2025-01-24 11:01:27.488748,2025-01-25 14:45:19.952147367,Low,DevOps,Software,Resolved
TCK-2156,2025-01-24 11:31:42.070207,2025-01-26 16:35:05.713847465,High,IT Support,Network,Closed
TCK-2157,2025-01-24 12:32:11.233123,2025-01-24 20:27:11.395021257,Low,IT Support,Access Control,Resolved
TCK-2158,2025-01-24 13:32:40.396039,2025-01-24 18:43:11.499774733,High,Operations,Email,Closed
TCK-2159,2025-01-24 14:33:09.558955,2025-01-25 07:47:27.159638444,Low,Finance,Access Control,Closed
TCK-2160,2025-01-24 14:33:09.558955,2025-01-25 02:59:19.578290742,Medium,IT Support,Hardware,Closed
TCK-2161,2025-01-24 14:33:09.558955,2025-01-28 00:02:11.018479947,Medium,HR,Access Control,Closed
TCK-2162,2025-01-24 15:03:24.140414,2025-01-25 02:13:37.037939969,High,IT Support,Network,Resolved
TCK-2163,2025-01-24 15:03:24.140414,2025-01-24 16:26:49.237675849,Critical,Finance,Email,Closed
TCK-2164,2025-01-24 15:03:24.140414,2025-01-27 11:14:54.878541297,Low,IT Support,Access Control,Closed
TCK-2165,2025-01-24 16:34:07.884788,2025-01-26 01:57:48.407899086,Low,Operations,Access Control,Closed
TCK-2166,2025-01-24 17:04:22.466246,2025-01-24 20:36:23.953103134,Unassigned,HR,Hardware,Resolved
TCK-2167,2025-01-24 17:04:22.466246,2025-01-26 11:22:05.084690587,Low,HR,Network,Closed
TCK-2168,2025-01-24 17:04:22.466246,2025-01-25 00:34:13.369790830,Medium,IT Support,Access Control,Closed
TCK-2169,2025-01-24 17:04:22.466246,2025-01-25 01:35:38.042783178,Unassigned,IT Support,Network,Closed
TCK-2170,2025-01-24 17:34:37.047704,2025-01-26 12:12:44.524374401,Critical,DevOps,Software,Resolved
TCK-2171,2025-01-24 18:04:51.629162,2025-01-25 07:40:33.027804282,Medium,DevOps,Hardware,Closed
TCK-2172,2025-01-24 18:35:06.210621,2025-01-24 21:15:11.192061565,Medium,IT Support,Hardware,Closed
TCK-2173,2025-01-24 18:35:06.210621,2025-01-25 02:52:29.100298131,Medium,Finance,Hardware,Resolved
TCK-2174,2025-01-24 19:05:20.792079,2025-01-25 18:08:16.204065857,Medium,DevOps,Network,Closed
TCK-2175,2025-01-24 19:35:35.373537,2025-01-24 23:02:17.025523000,Low,HR,Access Control,Closed
TCK-2176,2025-01-24 19:35:35.373537,2025-01-25 11:39:07.482441104,High,IT Support,Access Control,Resolved
TCK-2177,2025-01-24 20:05:49.954995,2025-01-25 17:29:14.562154169,Low,HR,Network,Closed
TCK-2178,2025-01-24 20:36:04.536453,2025-01-25 04:11:09.397142121,Medium,Finance,Network,Closed
TCK-2179,2025-01-24 20:36:04.536453,2025-01-25 17:54:33.502928326,Medium,IT Support,Software,Closed
TCK-2180,2025-01-24 21:06:19.117911,2025-01-26 11:54:44.950275668,Medium,IT Support,Email,Closed
TCK-2181,2025-01-24 21:36:33.699369,2025-01-25 09:06:33.131548436,Low,Finance,Email,Closed
TCK-2182,2025-01-24 22:37:02.862286,2025-01-25 07:18:24.369569155,High,Operations,Hardware,Closed
TCK-2183,2025-01-24 22:37:02.862286,2025-01-25 03:49:24.823830989,Medium,HR,Access Control,Closed
TCK-2184,2025-01-24 23:07:17.443744,2025-01-25 15:48:17.977636951,High,IT Support,Hardware,Closed
TCK-2185,2025-01-24 23:07:17.443744,2025-01-26 13:15:50.676042238,Low,Finance,Access Control,Closed
TCK-2186,2025-01-24 23:07:17.443744,2025-01-25 06:11:14.093259835,Low,IT Support,Access Control,Resolved
TCK-2187,2025-01-25 01:08:15.769576,2025-01-25 10:13:11.976751096,Low,IT Support,Software,Closed
TCK-2188,2025-01-25 01:38:30.351035,2025-01-25 11:02:11.387451262,Low,Finance,Network,Closed
TCK-2189,2025-01-25 02:38:59.513951,2025-01-25 17:27:38.800087964,Low,Operations,Network,Closed
TCK-2190,2025-01-25 03:39:28.676867,2025-01-25 08:19:31.356542986,Medium,DevOps,Network,Closed
TCK-2191,2025-01-25 04:09:43.258325,2025-01-26 11:15:03.141996474,Low,IT Support,Email,Resolved
TCK-2192,2025-01-25 05:40:27.002700,2025-01-25 11:58:53.709088141,Low,DevOps,Network,Closed
TCK-2193,2025-01-25 06:10:41.584158,2025-01-26 04:10:27.841211586,Low,IT Support,Email,Closed
TCK-2194,2025-01-25 06:40:56.165616,2025-01-25 19:38:27.905382409,Medium,IT Support,Hardware,Closed
TCK-2195,2025-01-25 08:11:39.909990,2025-01-26 00:03:50.311644583,Medium,Operations,Email,Resolved
TCK-2196,2025-01-25 08:11:39.909990,2025-01-25 11:45:28.619017868,Medium,Operations,Access Control,Closed
TCK-2197,2025-01-25 08:11:39.909990,2025-01-26 08:06:01.632203555,Medium,IT Support,Software,Closed
TCK-2198,2025-01-25 08:41:54.491449,2025-01-25 12:27:38.949668819,Medium,IT Support,Software,Resolved
TCK-2199,2025-01-25 09:12:09.072907,2025-01-25 11:22:13.871084609,Low,IT Support,Access Control,Closed
TCK-2200,2025-01-25 10:42:52.817281,2025-01-26 00:57:19.719464858,High,Finance,Hardware,Closed
TCK-2201,2025-01-25 10:42:52.817281,2025-01-26 08:57:10.212021680,Medium,Operations,Software,Closed
TCK-2202,2025-01-25 10:42:52.817281,2025-01-25 11:38:19.067225495,Medium,IT Support,Access Control,Resolved
TCK-2203,2025-01-25 11:13:07.398739,2025-01-25 12:30:47.860431680,High,HR,Software,Closed
TCK-2204,2025-01-25 12:13:36.561656,2025-01-26 17:26:22.053658287,Low,IT Support,Email,Closed
TCK-2205,2025-01-25 12:13:36.561656,2025-01-26 18:01:42.880410640,Low,IT Support,Software,Resolved
TCK-2206,2025-01-25 12:43:51.143114,2025-01-25 17:47:48.533519068,Critical,DevOps,Email,Closed
TCK-2207,2025-01-25 13:14:05.724572,2025-01-26 06:25:36.519174503,Medium,DevOps,Email,Closed
TCK-2208,2025-01-25 13:44:20.306030,2025-01-26 00:16:41.573444098,Medium,IT Support,Software,Resolved
TCK-2209,2025-01-25 14:14:34.887488,2025-01-26 08:16:16.335041047,High,IT Support,Software,Closed
TCK-2210,2025-01-25 14:44:49.468946,2025-01-27 02:30:40.174431177,Low,IT Support,Email,Resolved
TCK-2211,2025-01-25 15:15:04.050405,2025-01-25 16:44:57.066749927,Low,HR,Software,Resolved
TCK-2212,2025-01-25 15:45:18.631863,2025-01-26 18:50:43.133827472,Low,IT Support,Hardware,Resolved
TCK-2213,2025-01-25 15:45:18.631863,2025-01-26 03:58:57.380882885,High,Finance,Network,Closed
TCK-2214,2025-01-25 16:45:47.794779,2025-01-26 07:42:37.989106203,Medium,HR,Network,Closed
TCK-2215,2025-01-25 17:16:02.376237,2025-01-26 12:22:02.831848060,High,IT Support,Access Control,Closed
TCK-2216,2025-01-25 18:16:31.539153,2025-01-27 16:20:19.121413476,Low,DevOps,Network,Closed
TCK-2217,2025-01-25 19:17:00.702070,2025-01-25 20:20:04.507977417,Medium,IT Support,Hardware,Closed
TCK-2218,2025-01-25 19:17:00.702070,2025-01-25 19:49:19.486316505,Medium,DevOps,Network,Closed
TCK-2219,2025-01-25 20:47:44.446444,2025-01-26 00:19:46.850998084,Low,Finance,Network,Closed
TCK-2220,2025-01-25 20:47:44.446444,2025-01-29 02:13:02.266373095,High,DevOps,Hardware,Closed
TCK-2221,2025-01-25 20:47:44.446444,2025-01-26 19:23:43.055497482,Medium,IT Support,Email,Closed
TCK-2222,2025-01-25 20:47:44.446444,2025-01-26 13:57:36.444737849,Medium,DevOps,Network,Resolved
TCK-2223,2025-01-25 20:47:44.446444,2025-01-25 21:39:46.598287946,Low,IT Support,Access Control,Resolved
TCK-2224,2025-01-25 21:17:59.027902,2025-01-27 11:19:53.398521604,High,Operations,Network,Closed
TCK-2225,2025-01-25 21:48:13.609360,2025-01-27 03:57:36.111611811,Low,DevOps,Network,Closed
TCK-2226,2025-01-25 21:48:13.609360,2025-01-26 17:28:41.826432521,Medium,IT Support,Hardware,Closed
TCK-2227,2025-01-25 23:18:57.353735,2025-01-26 06:46:17.472531237,High,IT Support,Hardware,Closed
TCK-2228,2025-01-25 23:18:57.353735,2025-01-26 00:37:55.128186846,Low,Operations,Access Control,Closed
TCK-2229,2025-01-25 23:18:57.353735,2025-01-26 14:55:57.328927646,Low,Operations,Software,Closed
TCK-2230,2025-01-26 00:19:26.516651,2025-01-26 23:13:04.046077282,High,Operations,Hardware,Resolved
TCK-2231,2025-01-26 00:19:26.516651,2025-01-26 02:06:20.504608251,Low,DevOps,Software,Closed
TCK-2232,2025-01-26 00:19:26.516651,2025-01-26 18:24:17.296133521,High,DevOps,Access Control,Resolved
TCK-2233,2025-01-26 00:49:41.098109,2025-01-26 06:54:03.655714969,Medium,Finance,Network,Closed
TCK-2234,2025-01-26 01:19:55.679567,2025-01-27 03:20:29.012751889,Medium,IT Support,Network,Closed
TCK-2235,2025-01-26 02:20:24.842484,2025-01-26 16:18:09.815668165,Low,IT Support,Software,Closed
TCK-2236,2025-01-26 02:50:39.423942,2025-01-26 05:19:51.902889529,Low,Finance,Access Control,Closed
TCK-2237,2025-01-26 02:50:39.423942,2025-01-26 16:18:06.783621455,Low,HR,Access Control,Closed
TCK-2238,2025-01-26 03:51:08.586858,2025-01-26 12:55:11.296504785,Low,Finance,Hardware,Resolved
TCK-2239,2025-01-26 03:51:08.586858,2025-01-26 07:25:56.343971238,Low,IT Support,Software,Closed
TCK-2240,2025-01-26 04:51:37.749774,2025-01-27 14:01:05.823036436,Medium,Finance,Hardware,Closed
TCK-2241,2025-01-26 05:52:06.912691,2025-01-26 06:04:05.526073073,Medium,IT Support,Software,Closed
TCK-2242,2025-01-26 06:22:21.494149,2025-01-26 13:06:26.602547437,Low,HR,Hardware,Closed
TCK-2243,2025-01-26 06:22:21.494149,2025-01-26 06:36:02.835964862,Low,HR,Hardware,Resolved
TCK-2244,2025-01-26 06:52:36.075607,2025-01-26 08:41:36.573068939,Medium,IT Support,Access Control,Closed
TCK-2245,2025-01-26 07:22:50.657065,2025-01-26 13:43:34.942296449,High,Operations,Access Control,Closed
TCK-2246,2025-01-26 07:22:50.657065,2025-01-26 08:23:06.459244031,Medium,Finance,Network,Closed
TCK-2247,2025-01-26 08:23:19.819981,2025-01-27 00:43:51.891864110,Critical,Operations,Network,Closed
TCK-2248,2025-01-26 09:23:48.982898,2025-01-26 11:01:57.310564524,Low,IT Support,Access Control,Closed
TCK-2249,2025-01-26 09:23:48.982898,2025-01-27 07:10:17.626774665,Low,IT Support,Access Control,Resolved
TCK-2250,2025-01-26 10:24:18.145814,2025-01-26 11:22:42.422260017,Low,IT Support,Hardware,Closed
TCK-2251,2025-01-26 10:24:18.145814,2025-01-26 11:30:20.047334414,Low,IT Support,Network,Resolved
TCK-2252,2025-01-26 10:24:18.145814,2025-01-26 16:57:45.593407767,Critical,IT Support,Access Control,Closed
TCK-2253,2025-01-26 10:54:32.727272,2025-01-28 03:44:55.825177376,Medium,IT Support,Software,Closed
TCK-2254,2025-01-26 10:54:32.727272,2025-01-27 05:22:06.999423496,Medium,Operations,Software,Closed
TCK-2255,2025-01-26 11:55:01.890189,2025-01-27 14:22:53.893684330,Low,Operations,Network,Closed
TCK-2256,2025-01-26 11:55:01.890189,2025-01-26 14:39:52.268749371,High,Operations,Software,Resolved
TCK-2257,2025-01-26 12:55:31.053105,2025-01-27 21:15:45.769309858,Medium,Operations,Hardware,Closed
TCK-2258,2025-01-26 13:56:00.216021,2025-01-26 14:04:50.254760724,Medium,HR,Network,Closed
TCK-2259,2025-01-26 13:56:00.216021,2025-01-26 18:14:46.289917877,High,Finance,Access Control,Closed
TCK-2260,2025-01-26 14:56:29.378937,2025-01-27 08:10:25.864674491,Critical,IT Support,Software,Resolved
TCK-2261,2025-01-26 15:26:43.960396,2025-01-26 23:54:45.748251605,Low,IT Support,Hardware,Closed
TCK-2262,2025-01-26 15:56:58.541854,2025-01-29 18:36:05.343165239,Low,DevOps,Access Control,Closed
TCK-2263,2025-01-26 16:27:13.123312,2025-01-26 17:00:29.547007435,Low,Operations,Email,Closed
TCK-2264,2025-01-26 16:57:27.704770,2025-01-31 15:13:02.102985197,Medium,DevOps,Hardware,Closed
TCK-2265,2025-01-26 18:28:11.449144,2025-01-27 12:03:32.507009206,Low,DevOps,Software,Closed
TCK-2266,2025-01-26 18:58:26.030603,2025-01-27 09:41:55.425193222,High,IT Support,Hardware,Closed
TCK-2267,2025-01-26 19:28:40.612061,2025-01-26 20:34:56.536592995,Medium,HR,Email,Closed
TCK-2268,2025-01-26 19:58:55.193519,2025-01-27 01:43:44.620388954,High,HR,Email,Closed
TCK-2269,2025-01-26 19:58:55.193519,2025-01-28 18:31:33.721933551,Medium,Operations,Hardware,Resolved
TCK-2270,2025-01-26 19:58:55.193519,2025-01-27 03:51:14.608932549,High,Operations,Access Control,Resolved
TCK-2271,2025-01-26 20:29:09.774977,2025-01-27 15:59:32.490102388,Medium,Finance,Access Control,Closed
TCK-2272,2025-01-26 20:29:09.774977,2025-02-01 13:10:16.986467372,Critical,IT Support,Email,Closed
TCK-2273,2025-01-26 20:29:09.774977,2025-01-27 01:58:50.751451326,Medium,IT Support,Network,Closed
TCK-2274,2025-01-26 20:59:24.356435,2025-01-27 12:26:16.532548128,Medium,HR,Network,Closed
TCK-2275,2025-01-26 21:59:53.519351,2025-01-27 19:27:26.052607913,Medium,Operations,Access Control,Closed
TCK-2276,2025-01-26 21:59:53.519351,2025-01-27 01:14:09.564661387,Critical,IT Support,Network,Closed
TCK-2277,2025-01-26 22:30:08.100810,2025-01-27 01:23:58.208881786,Medium,IT Support,Access Control,Closed
TCK-2278,2025-01-27 00:00:51.845184,2025-01-27 10:58:59.164161970,High,IT Support,Software,Closed
TCK-2279,2025-01-27 00:00:51.845184,2025-01-27 08:47:18.932961014,Medium,Operations,Access Control,Closed
TCK-2280,2025-01-27 00:31:06.426642,2025-01-27 23:03:49.530039673,High,Finance,Software,Resolved
TCK-2281,2025-01-27 01:01:21.008100,2025-01-27 02:19:09.370494279,Critical,Finance,Email,Closed
TCK-2282,2025-01-27 01:31:35.589558,2025-01-29 17:59:38.046259650,Medium,HR,Network,Closed
TCK-2283,2025-01-27 01:31:35.589558,2025-01-27 01:47:07.405673916,Medium,IT Support,Email,Closed
TCK-2284,2025-01-27 02:01:50.171017,2025-01-27 18:34:59.487897792,Medium,IT Support,Hardware,Closed
TCK-2285,2025-01-27 02:32:04.752475,2025-01-27 17:25:13.166336251,Low,DevOps,Hardware,Resolved
TCK-2286,2025-01-27 03:02:19.333933,2025-01-27 05:38:35.711923159,Medium,Operations,Email,Closed
TCK-2287,2025-01-27 03:32:33.915391,2025-01-27 06:29:15.009886532,Low,HR,Access Control,Closed
TCK-2288,2025-01-27 04:02:48.496849,2025-01-28 08:22:09.979348918,Medium,HR,Access Control,Resolved
TCK-2289,2025-01-27 05:03:17.659765,2025-01-28 20:23:28.819116580,Medium,DevOps,Network,Resolved
TCK-2290,2025-01-27 05:03:17.659765,2025-01-27 11:02:36.820708694,Low,DevOps,Email,Closed
TCK-2291,2025-01-27 05:33:32.241224,2025-01-27 15:55:49.308517253,Medium,IT Support,Hardware,Closed
TCK-2292,2025-01-27 05:33:32.241224,2025-01-27 13:27:06.864572933,Low,HR,Email,Closed
TCK-2293,2025-01-27 06:34:01.404140,2025-01-27 07:55:21.697791965,High,DevOps,Email,Closed
TCK-2294,2025-01-27 07:04:15.985598,2025-01-28 03:12:09.595687276,Low,Finance,Network,Closed
TCK-2295,2025-01-27 07:04:15.985598,2025-01-28 14:27:51.876978405,Low,Operations,Access Control,Closed
TCK-2296,2025-01-27 07:04:15.985598,2025-01-27 13:37:01.792655228,Medium,Operations,Hardware,Closed
TCK-2297,2025-01-27 09:05:14.311431,2025-01-30 20:17:58.613825705,Low,IT Support,Network,Closed
TCK-2298,2025-01-27 09:05:14.311431,2025-01-27 10:30:25.901834278,Medium,DevOps,Hardware,Closed
TCK-2299,2025-01-27 09:35:28.892889,2025-01-28 05:06:17.949851270,Low,IT Support,Hardware,Resolved
TCK-2300,2025-01-27 10:05:43.474347,2025-01-27 20:47:54.875478741,Medium,DevOps,Access Control,Closed
TCK-2301,2025-01-27 10:35:58.055805,2025-01-27 21:14:58.767327764,Medium,Finance,Access Control,Closed
TCK-2302,2025-01-27 10:35:58.055805,2025-01-27 21:36:45.005681961,Medium,Finance,Network,Closed
TCK-2303,2025-01-27 11:06:12.637263,2025-01-27 16:29:28.916107920,Medium,Operations,Software,Resolved
TCK-2304,2025-01-27 11:06:12.637263,2025-01-28 09:44:01.976146939,High,DevOps,Network,Closed
TCK-2305,2025-01-27 12:06:41.800180,2025-01-28 11:07:35.860168077,Medium,Operations,Network,Closed
TCK-2306,2025-01-27 13:07:10.963096,2025-01-27 19:05:34.126477975,Low,IT Support,Software,Resolved
TCK-2307,2025-01-27 13:37:25.544554,2025-01-28 22:05:23.287369500,Medium,IT Support,Hardware,Closed
TCK-2308,2025-01-27 14:07:40.126012,2025-01-27 20:59:11.091803164,High,Finance,Email,Resolved
TCK-2309,2025-01-27 14:37:54.707470,2025-01-28 13:52:32.429533019,Medium,Operations,Software,Closed
TCK-2310,2025-01-27 15:08:09.288928,2025-01-27 17:27:26.552497003,Low,HR,Email,Closed
TCK-2311,2025-01-27 15:38:23.870387,2025-01-27 18:57:56.740535246,Medium,IT Support,Hardware,Closed
TCK-2312,2025-01-27 15:38:23.870387,2025-01-27 22:28:15.382300617,Unassigned,HR,Software,Resolved
TCK-2313,2025-01-27 15:38:23.870387,2025-01-28 07:51:34.583427880,Medium,Finance,Access Control,Closed
TCK-2314,2025-01-27 16:38:53.033303,2025-01-28 11:18:55.774057324,Medium,DevOps,Network,Closed
TCK-2315,2025-01-27 17:39:22.196219,2025-01-28 02:44:31.353368812,Low,DevOps,Software,Resolved
TCK-2316,2025-01-27 18:09:36.777677,2025-01-27 19:37:07.885614143,Medium,Operations,Software,Closed
TCK-2317,2025-01-27 19:10:05.940594,2025-01-28 03:35:20.770895401,Low,DevOps,Hardware,Closed
TCK-2318,2025-01-27 20:40:49.684968,2025-01-28 17:41:25.224028657,Low,IT Support,Access Control,Closed
TCK-2319,2025-01-27 22:41:48.010801,2025-01-28 18:42:25.116657632,High,Finance,Software,Closed
TCK-2320,2025-01-27 22:41:48.010801,2025-01-28 01:50:21.263935551,Low,DevOps,Access Control,Resolved
TCK-2321,2025-01-27 22:41:48.010801,2025-01-27 22:50:14.385443789,Critical,Operations,Email,Resolved
TCK-2322,2025-01-27 23:12:02.592259,2025-01-29 00:22:11.947634128,Medium,IT Support,Software,Closed
TCK-2323,2025-01-27 23:42:17.173717,2025-01-28 01:43:44.672945829,Medium,IT Support,Access Control,Closed
TCK-2324,2025-01-28 00:12:31.755175,2025-01-28 01:45:20.556485042,Medium,IT Support,Network,Resolved
TCK-2325,2025-01-28 00:42:46.336633,2025-01-28 00:45:41.612319391,Medium,Finance,Hardware,Closed
TCK-2326,2025-01-28 01:43:15.499549,2025-01-28 11:55:17.212008440,Critical,IT Support,Access Control,Closed
TCK-2327,2025-01-28 02:13:30.081008,2025-01-28 14:49:10.406538104,Low,DevOps,Hardware,Closed
TCK-2328,2025-01-28 02:43:44.662466,2025-01-28 21:00:08.549910305,High,DevOps,Software,Resolved
TCK-2329,2025-01-28 03:13:59.243924,2025-01-28 09:33:08.425036863,Medium,HR,Software,Closed
TCK-2330,2025-01-28 03:44:13.825382,2025-01-29 02:02:43.055357145,Medium,Finance,Email,Resolved
TCK-2331,2025-01-28 03:44:13.825382,2025-01-28 07:04:35.839611369,Low,Operations,Hardware,Closed
TCK-2332,2025-01-28 04:14:28.406840,2025-01-29 12:20:54.246508849,High,Finance,Network,Closed
TCK-2333,2025-01-28 05:14:57.569756,2025-01-28 20:31:05.969538667,Low,IT Support,Network,Closed
TCK-2334,2025-01-28 05:14:57.569756,2025-01-28 21:01:54.547112801,Unassigned,IT Support,Access Control,Closed
TCK-2335,2025-01-28 06:15:26.732673,2025-01-28 10:29:43.120747355,High,Finance,Network,Resolved
TCK-2336,2025-01-28 06:45:41.314131,2025-01-28 08:08:50.816353099,Medium,IT Support,Hardware,Closed
TCK-2337,2025-01-28 07:15:55.895589,2025-01-28 18:30:54.228775701,Critical,Finance,Software,Closed
TCK-2338,2025-01-28 07:46:10.477047,2025-01-29 00:58:45.931668696,Low,Operations,Hardware,Closed
TCK-2339,2025-01-28 07:46:10.477047,2025-01-28 09:34:02.161401522,Unassigned,DevOps,Hardware,Resolved
TCK-2340,2025-01-28 07:46:10.477047,2025-01-30 13:53:10.336150935,High,HR,Software,Resolved
TCK-2341,2025-01-28 09:16:54.221422,2025-01-31 08:04:29.941696726,Low,IT Support,Hardware,Closed
TCK-2342,2025-01-28 10:17:23.384338,2025-01-29 00:28:55.727785483,Medium,Operations,Network,Closed
TCK-2343,2025-01-28 10:17:23.384338,2025-01-30 16:14:16.522936418,High,Operations,Access Control,Closed
TCK-2344,2025-01-28 10:17:23.384338,2025-01-28 13:50:59.180228382,Medium,HR,Access Control,Resolved
TCK-2345,2025-01-28 10:47:37.965796,2025-01-28 11:15:26.525171202,Medium,HR,Hardware,Closed
TCK-2346,2025-01-28 11:17:52.547254,2025-01-28 12:01:17.968383166,Low,DevOps,Software,Closed
TCK-2347,2025-01-28 11:17:52.547254,2025-01-29 03:14:16.143631992,Low,IT Support,Email,Closed
TCK-2348,2025-01-28 11:17:52.547254,2025-01-28 12:26:35.357535638,Critical,IT Support,Hardware,Closed
TCK-2349,2025-01-28 11:48:07.128712,2025-01-30 21:05:55.988446828,Low,IT Support,Hardware,Closed
TCK-2350,2025-01-28 12:48:36.291629,2025-01-28 15:33:55.444034173,Unassigned,HR,Email,Closed
TCK-2351,2025-01-28 13:18:50.873087,2025-01-28 19:51:22.087879347,Low,IT Support,Access Control,Closed
TCK-2352,2025-01-28 13:18:50.873087,2025-01-29 20:26:02.619016301,Medium,IT Support,Access Control,Closed
TCK-2353,2025-01-28 13:18:50.873087,2025-01-28 17:45:26.603501479,Low,IT Support,Email,Closed
TCK-2354,2025-01-28 13:49:05.454545,2025-01-28 18:49:42.557866921,Critical,Finance,Software,Closed
TCK-2355,2025-01-28 15:19:49.198919,2025-01-29 09:50:09.150347149,Low,Finance,Hardware,Closed
TCK-2356,2025-01-28 15:19:49.198919,2025-01-28 21:08:44.964386184,Medium,IT Support,Network,Closed
TCK-2357,2025-01-28 15:19:49.198919,2025-01-28 19:44:37.798463236,High,Operations,Access Control,Closed
TCK-2358,2025-01-28 15:19:49.198919,2025-01-28 20:36:32.960788689,High,HR,Access Control,Closed
TCK-2359,2025-01-28 15:50:03.780378,2025-01-29 03:58:38.830203792,High,IT Support,Access Control,Closed
TCK-2360,2025-01-28 16:50:32.943294,2025-01-31 05:45:37.949165925,Critical,IT Support,Software,Resolved
TCK-2361,2025-01-28 18:21:16.687668,2025-01-30 02:29:18.206394546,Critical,DevOps,Email,Closed
TCK-2362,2025-01-28 19:21:45.850585,2025-01-29 01:23:29.172041946,High,IT Support,Software,Closed
TCK-2363,2025-01-28 19:52:00.432043,2025-01-29 03:59:42.276888844,Medium,IT Support,Access Control,Closed
TCK-2364,2025-01-28 19:52:00.432043,2025-01-29 07:06:33.038887208,Medium,Finance,Hardware,Closed
TCK-2365,2025-01-28 19:52:00.432043,2025-01-31 17:20:41.193781557,Low,Finance,Access Control,Closed
TCK-2366,2025-01-28 21:52:58.757875,2025-01-29 01:17:19.813147999,High,DevOps,Hardware,Resolved
TCK-2367,2025-01-28 22:53:27.920792,2025-01-29 06:51:12.989051045,Low,DevOps,Hardware,Closed
TCK-2368,2025-01-28 22:53:27.920792,2025-01-29 22:25:15.128661522,High,Operations,Access Control,Closed
TCK-2369,2025-01-28 23:53:57.083708,2025-01-31 11:42:26.399321626,Medium,IT Support,Access Control,Closed
TCK-2370,2025-01-29 00:24:11.665166,2025-01-29 03:26:56.994119787,Unassigned,IT Support,Hardware,Closed
TCK-2371,2025-01-29 00:54:26.246624,2025-01-29 05:33:02.565454210,Low,Operations,Software,Resolved
TCK-2372,2025-01-29 01:54:55.409540,2025-01-29 06:31:10.537105891,High,Finance,Software,Resolved
TCK-2373,2025-01-29 02:25:09.990999,2025-01-29 02:48:00.783830011,Medium,DevOps,Software,Resolved
TCK-2374,2025-01-29 03:25:39.153915,2025-01-29 20:06:24.978317936,Critical,IT Support,Network,Closed
TCK-2375,2025-01-29 03:25:39.153915,2025-01-29 23:25:18.697457550,Low,IT Support,Hardware,Closed
TCK-2376,2025-01-29 03:55:53.735373,2025-01-29 20:32:19.866438089,Low,IT Support,Network,Closed
TCK-2377,2025-01-29 03:55:53.735373,2025-01-29 05:15:48.564387052,Medium,HR,Network,Resolved
TCK-2378,2025-01-29 04:26:08.316831,2025-01-29 05:43:37.277066539,Medium,IT Support,Hardware,Closed
TCK-2379,2025-01-29 04:26:08.316831,2025-01-29 08:41:14.839057734,Medium,HR,Network,Resolved
TCK-2380,2025-01-29 04:56:22.898289,2025-01-29 11:06:43.155627959,Unassigned,Finance,Hardware,Resolved
TCK-2381,2025-01-29 05:26:37.479747,2025-01-30 09:14:29.606553984,Low,IT Support,Email,Closed
TCK-2382,2025-01-29 07:27:35.805580,2025-01-29 10:35:06.885487839,Medium,IT Support,Email,Closed
TCK-2383,2025-01-29 07:57:50.387038,2025-01-29 08:46:32.467303015,Low,HR,Hardware,Resolved
TCK-2384,2025-01-29 09:58:48.712871,2025-01-29 18:59:44.096056618,Low,IT Support,Hardware,Resolved
TCK-2385,2025-01-29 09:58:48.712871,2025-01-29 19:40:25.200648100,Unassigned,IT Support,Hardware,Closed
TCK-2386,2025-01-29 09:58:48.712871,2025-01-29 20:46:15.539730325,Medium,IT Support,Software,Closed
TCK-2387,2025-01-29 09:58:48.712871,2025-01-30 17:33:01.840520022,High,HR,Hardware,Closed
TCK-2388,2025-01-29 11:29:32.457245,2025-01-29 13:20:56.367430401,High,DevOps,Access Control,Closed
TCK-2389,2025-01-29 11:29:32.457245,2025-01-30 09:24:07.028669570,High,IT Support,Email,Resolved
TCK-2390,2025-01-29 11:29:32.457245,2025-01-29 18:54:56.463728414,Medium,DevOps,Email,Resolved
TCK-2391,2025-01-29 11:59:47.038703,2025-01-29 18:40:30.099836177,Critical,Operations,Hardware,Closed
TCK-2392,2025-01-29 13:00:16.201620,2025-01-31 13:32:14.289629359,Medium,DevOps,Email,Resolved
TCK-2393,2025-01-29 13:00:16.201620,2025-01-29 18:08:45.815336901,Medium,IT Support,Hardware,Closed
TCK-2394,2025-01-29 14:00:45.364536,2025-01-30 08:31:45.705838239,Low,HR,Hardware,Closed
TCK-2395,2025-01-29 14:00:45.364536,2025-01-29 19:48:15.403251843,Medium,DevOps,Email,Closed
TCK-2396,2025-01-29 15:01:14.527452,2025-01-30 03:45:22.989769952,Unassigned,Operations,Email,Resolved
TCK-2397,2025-01-29 15:01:14.527452,2025-01-30 18:47:50.573477531,Medium,Operations,Access Control,Closed
TCK-2398,2025-01-29 15:31:29.108910,2025-01-31 05:56:59.089282636,High,HR,Network,Closed
TCK-2399,2025-01-29 15:31:29.108910,2025-01-31 00:21:54.906488487,Low,Finance,Access Control,Resolved
TCK-2400,2025-01-29 16:01:43.690369,2025-01-30 07:44:15.060104782,Unassigned,Operations,Access Control,Resolved
TCK-2401,2025-01-29 16:01:43.690369,2025-01-29 21:10:43.298928184,Low,DevOps,Email,Closed
TCK-2402,2025-01-29 16:31:58.271827,2025-01-30 12:01:00.633623858,Critical,HR,Access Control,Closed
TCK-2403,2025-01-29 17:02:12.853285,2025-01-30 15:18:45.897669896,Critical,IT Support,Email,Resolved
TCK-2404,2025-01-29 17:02:12.853285,2025-01-29 17:13:49.424783788,Low,IT Support,Software,Resolved
TCK-2405,2025-01-29 19:03:11.179117,2025-01-30 05:27:52.126781675,Medium,HR,Hardware,Resolved
TCK-2406,2025-01-29 20:33:54.923492,2025-01-31 05:55:20.982996795,High,DevOps,Network,Closed
TCK-2407,2025-01-29 21:04:09.504950,2025-01-30 09:10:29.853639944,Medium,Operations,Software,Closed
TCK-2408,2025-01-29 21:34:24.086408,2025-01-30 04:17:18.313838494,Low,Operations,Hardware,Closed
TCK-2409,2025-01-29 22:04:38.667866,2025-01-31 11:03:07.351212746,High,IT Support,Hardware,Closed
TCK-2410,2025-01-29 22:04:38.667866,2025-01-30 01:07:39.769225821,Medium,DevOps,Network,Resolved
TCK-2411,2025-01-29 22:34:53.249324,2025-01-30 02:44:37.129653095,Low,IT Support,Access Control,Closed
TCK-2412,2025-01-29 22:34:53.249324,2025-01-30 19:30:38.961210510,Low,DevOps,Hardware,Closed
TCK-2413,2025-01-29 23:05:07.830783,2025-01-30 06:54:25.864560619,Medium,DevOps,Network,Closed
TCK-2414,2025-01-29 23:35:22.412241,2025-01-30 22:03:34.308088162,Low,IT Support,Email,Closed
TCK-2415,2025-01-29 23:35:22.412241,2025-01-30 02:40:43.604214313,High,IT Support,Hardware,Closed
TCK-2416,2025-01-30 00:05:36.993699,2025-01-30 05:19:35.138503934,High,IT Support,Hardware,Closed
TCK-2417,2025-01-30 00:05:36.993699,2025-01-30 03:09:36.977130565,Medium,IT Support,Access Control,Closed
TCK-2418,2025-01-30 00:35:51.575157,2025-02-01 07:36:01.017683815,Medium,Operations,Access Control,Closed
TCK-2419,2025-01-30 01:36:20.738073,2025-01-30 10:57:48.510404744,Medium,IT Support,Email,Resolved
TCK-2420,2025-01-30 01:36:20.738073,2025-01-30 09:00:33.757809649,Unassigned,IT Support,Hardware,Closed
TCK-2421,2025-01-30 02:36:49.900990,2025-01-30 02:52:16.798371885,Medium,IT Support,Access Control,Closed
TCK-2422,2025-01-30 02:36:49.900990,2025-01-30 05:36:42.192975761,Unassigned,Operations,Network,Closed
TCK-2423,2025-01-30 02:36:49.900990,2025-01-30 12:27:15.248941861,Medium,IT Support,Hardware,Resolved
TCK-2424,2025-01-30 03:07:04.482448,2025-01-30 04:23:42.825677506,Medium,IT Support,Network,Closed
TCK-2425,2025-01-30 03:07:04.482448,2025-01-30 15:59:07.401573209,Low,DevOps,Software,Closed
TCK-2426,2025-01-30 03:37:19.063906,2025-01-30 14:32:52.522135123,Medium,IT Support,Email,Closed
TCK-2427,2025-01-30 03:37:19.063906,2025-01-31 05:51:21.092851684,Medium,IT Support,Access Control,Closed
TCK-2428,2025-01-30 03:37:19.063906,2025-01-30 23:01:48.338077004,High,DevOps,Software,Resolved
TCK-2429,2025-01-30 04:07:33.645364,2025-01-30 14:45:17.752468537,Unassigned,IT Support,Access Control,Closed
TCK-2430,2025-01-30 04:07:33.645364,2025-01-30 08:42:22.299499104,Unassigned,Operations,Software,Resolved
TCK-2431,2025-01-30 04:07:33.645364,2025-01-31 03:29:10.038873689,Low,Finance,Access Control,Closed
TCK-2432,2025-01-30 04:37:48.226822,2025-01-31 02:46:46.528037382,Medium,Finance,Email,Closed
TCK-2433,2025-01-30 04:37:48.226822,2025-01-30 07:37:31.225701654,Low,IT Support,Hardware,Resolved
TCK-2434,2025-01-30 05:08:02.808280,2025-02-01 01:27:12.632543728,Low,DevOps,Network,Closed
TCK-2435,2025-01-30 05:08:02.808280,2025-01-30 06:19:56.720046884,Low,Finance,Software,Closed
TCK-2436,2025-01-30 05:38:17.389738,2025-01-30 06:39:25.734318683,Medium,IT Support,Network,Closed
TCK-2437,2025-01-30 06:38:46.552655,2025-01-30 10:22:49.654823900,High,IT Support,Network,Closed
TCK-2438,2025-01-30 06:38:46.552655,2025-02-01 01:52:54.361021560,Medium,HR,Access Control,Closed
TCK-2439,2025-01-30 09:40:14.041404,2025-01-30 22:52:54.990694676,High,DevOps,Hardware,Closed
TCK-2440,2025-01-30 10:10:28.622862,2025-01-31 14:05:26.318647608,Unassigned,Operations,Access Control,Closed
TCK-2441,2025-01-30 11:10:57.785778,2025-01-30 15:50:12.967899452,Medium,DevOps,Network,Closed
TCK-2442,2025-01-30 11:10:57.785778,2025-01-30 23:18:38.722807412,High,Finance,Email,Resolved
TCK-2443,2025-01-30 11:41:12.367236,2025-01-30 19:40:18.810712678,Low,IT Support,Hardware,Closed
TCK-2444,2025-01-30 12:41:41.530153,2025-01-31 20:21:41.890992528,Medium,DevOps,Hardware,Closed
TCK-2445,2025-01-30 13:11:56.111611,2025-01-30 13:36:37.688194493,Medium,Operations,Network,Closed
TCK-2446,2025-01-30 14:12:25.274527,2025-01-30 19:14:17.256541941,Low,HR,Access Control,Closed
TCK-2447,2025-01-30 14:12:25.274527,2025-01-30 17:11:13.045673173,Medium,IT Support,Email,Closed
TCK-2448,2025-01-30 14:12:25.274527,2025-02-01 01:29:35.111368807,Medium,IT Support,Software,Closed
TCK-2449,2025-01-30 14:12:25.274527,2025-01-31 01:33:05.781136753,High,IT Support,Access Control,Resolved
TCK-2450,2025-01-30 14:42:39.855985,2025-01-31 00:01:58.731490092,High,Finance,Hardware,Closed
TCK-2451,2025-01-30 14:42:39.855985,2025-01-31 01:27:18.782242186,Medium,Operations,Access Control,Closed
TCK-2452,2025-01-30 14:42:39.855985,2025-02-02 07:01:21.169405451,Medium,IT Support,Software,Closed
TCK-2453,2025-01-30 15:43:09.018901,2025-02-01 01:53:58.011356859,Low,IT Support,Email,Resolved
TCK-2454,2025-01-30 17:44:07.344734,2025-01-31 15:47:35.249233367,Medium,HR,Email,Closed
TCK-2455,2025-01-30 18:14:21.926192,2025-01-31 00:24:59.026424229,Low,Operations,Software,Resolved
TCK-2456,2025-01-30 19:45:05.670567,2025-01-30 23:00:04.063857061,Low,HR,Software,Closed
TCK-2457,2025-01-30 20:15:20.252025,2025-02-01 18:02:39.238604259,Low,IT Support,Network,Closed
TCK-2458,2025-01-30 20:45:34.833483,2025-01-31 06:39:37.678836060,Medium,IT Support,Hardware,Closed
TCK-2459,2025-01-30 20:45:34.833483,2025-01-31 02:38:30.015615831,Medium,HR,Network,Resolved
TCK-2460,2025-01-30 21:15:49.414941,2025-01-31 08:43:22.208970640,Low,DevOps,Access Control,Resolved
TCK-2461,2025-01-30 21:46:03.996399,2025-02-01 18:45:10.670104596,Low,IT Support,Software,Closed
TCK-2462,2025-01-30 22:16:18.577857,2025-01-31 07:04:58.188150427,High,Finance,Network,Closed
TCK-2463,2025-01-30 22:16:18.577857,2025-01-31 13:09:28.236471961,High,Finance,Hardware,Closed
TCK-2464,2025-01-30 22:46:33.159315,2025-02-01 04:00:53.016007293,Medium,HR,Hardware,Closed
TCK-2465,2025-01-30 22:46:33.159315,2025-01-31 08:48:13.296487909,Low,IT Support,Software,Closed
TCK-2466,2025-01-30 23:47:02.322232,2025-01-31 04:34:17.509895563,Low,Operations,Network,Closed
TCK-2467,2025-01-30 23:47:02.322232,2025-02-03 21:31:21.263024479,Low,Finance,Email,Resolved
TCK-2468,2025-01-31 01:17:46.066606,2025-02-02 09:45:19.339127239,High,DevOps,Software,Closed
TCK-2469,2025-01-31 01:17:46.066606,2025-02-01 10:40:41.954631320,Medium,Finance,Access Control,Closed
TCK-2470,2025-01-31 02:48:29.810981,2025-01-31 23:47:43.444924988,High,Operations,Network,Closed
TCK-2471,2025-01-31 03:18:44.392439,2025-01-31 09:36:03.367289999,Medium,HR,Network,Resolved
TCK-2472,2025-01-31 03:48:58.973897,2025-02-01 23:51:18.969862285,High,HR,Software,Closed
TCK-2473,2025-01-31 04:19:13.555355,2025-01-31 10:07:21.948101151,Medium,HR,Network,Closed
TCK-2474,2025-01-31 04:49:28.136813,2025-02-01 09:52:02.522028713,Low,HR,Network,Closed
TCK-2475,2025-01-31 05:19:42.718271,2025-02-02 02:24:14.190603783,Low,IT Support,Access Control,Resolved
TCK-2476,2025-01-31 05:19:42.718271,2025-01-31 21:57:26.816214572,High,Operations,Access Control,Resolved
TCK-2477,2025-01-31 05:49:57.299729,2025-02-01 11:04:46.734800238,Medium,Operations,Email,Resolved
TCK-2478,2025-01-31 05:49:57.299729,2025-02-01 10:04:12.455469057,Low,IT Support,Access Control,Closed
TCK-2479,2025-01-31 06:50:26.462646,2025-01-31 10:42:14.299262884,High,IT Support,Email,Closed
TCK-2480,2025-01-31 06:50:26.462646,2025-02-01 02:41:01.519116629,Low,IT Support,Access Control,Resolved
TCK-2481,2025-01-31 08:21:10.207020,2025-01-31 10:07:08.958392324,Medium,Operations,Email,Resolved
TCK-2482,2025-01-31 08:51:24.788478,2025-01-31 21:37:06.175487278,Unassigned,HR,Access Control,Closed
TCK-2483,2025-01-31 09:21:39.369936,2025-01-31 12:32:50.155886902,Low,Finance,Access Control,Closed
TCK-2484,2025-01-31 09:21:39.369936,2025-01-31 19:03:11.119938924,Low,Operations,Software,Closed
TCK-2485,2025-01-31 09:21:39.369936,2025-02-01 17:34:28.957896344,Medium,HR,Access Control,Resolved
TCK-2486,2025-01-31 09:21:39.369936,2025-02-03 15:45:55.257258785,Medium,DevOps,Email,Closed
TCK-2487,2025-01-31 09:51:53.951395,2025-01-31 16:45:10.755175861,Low,HR,Software,Resolved
TCK-2488,2025-01-31 10:22:08.532853,2025-02-01 00:02:04.195631248,Medium,DevOps,Email,Closed
TCK-2489,2025-01-31 10:22:08.532853,2025-01-31 23:15:25.490452555,Low,HR,Access Control,Closed
TCK-2490,2025-01-31 10:22:08.532853,2025-02-02 17:57:03.200485454,Low,HR,Access Control,Resolved
TCK-2491,2025-01-31 10:22:08.532853,2025-01-31 22:05:26.719119435,High,Operations,Email,Resolved
TCK-2492,2025-01-31 13:23:36.021602,2025-02-01 11:00:40.686711472,High,Finance,Network,Closed
TCK-2493,2025-01-31 15:54:48.928892,2025-02-02 13:47:01.876497451,High,HR,Software,Closed
TCK-2494,2025-01-31 15:54:48.928892,2025-02-01 00:19:37.270808996,Low,IT Support,Software,Closed
TCK-2495,2025-01-31 15:54:48.928892,2025-02-02 09:44:46.455724469,High,IT Support,Access Control,Closed
TCK-2496,2025-01-31 15:54:48.928892,2025-02-02 12:48:47.764966930,Medium,DevOps,Software,Closed
TCK-2497,2025-01-31 16:25:03.510351,2025-02-02 16:27:19.770763849,Medium,HR,Email,Closed
TCK-2498,2025-01-31 16:25:03.510351,2025-01-31 22:05:36.385326332,Medium,DevOps,Access Control,Closed
TCK-2499,2025-01-31 16:25:03.510351,2025-02-01 01:37:23.426336945,High,HR,Software,Closed
TCK-2500,2025-01-31 16:55:18.091809,2025-02-02 05:42:02.047634291,Medium,HR,Hardware,Closed
TCK-2501,2025-01-31 16:55:18.091809,2025-02-01 00:55:52.686291137,Medium,DevOps,Software,Resolved
TCK-2502,2025-01-31 17:25:32.673267,2025-02-01 09:55:49.316998340,High,HR,Email,Closed
TCK-2503,2025-01-31 17:55:47.254725,2025-01-31 20:11:27.756312573,High,Operations,Software,Closed
TCK-2504,2025-01-31 18:26:01.836183,2025-01-31 19:28:35.081747241,Low,Finance,Network,Closed
TCK-2505,2025-01-31 18:26:01.836183,2025-02-01 03:59:31.809658101,Medium,IT Support,Network,Closed
TCK-2506,2025-01-31 18:56:16.417641,2025-02-01 10:30:23.506129916,Low,Finance,Access Control,Resolved
TCK-2507,2025-01-31 18:56:16.417641,2025-02-01 03:54:54.181004770,Medium,IT Support,Network,Resolved
TCK-2508,2025-01-31 19:26:30.999099,2025-02-01 10:57:36.635843088,High,IT Support,Email,Closed
TCK-2509,2025-01-31 19:56:45.580558,2025-02-01 08:58:26.548836464,Critical,IT Support,Hardware,Closed
TCK-2510,2025-01-31 20:27:00.162016,2025-02-01 17:17:01.647832314,Low,DevOps,Hardware,Resolved
TCK-2511,2025-01-31 20:27:00.162016,2025-02-01 15:19:22.126406549,Low,IT Support,Access Control,Resolved
TCK-2512,2025-01-31 21:57:43.906390,2025-02-01 07:53:58.319562880,Medium,IT Support,Access Control,Closed
TCK-2513,2025-01-31 22:27:58.487848,2025-02-01 08:25:37.314900606,Medium,IT Support,Network,Resolved
TCK-2514,2025-01-31 22:27:58.487848,2025-02-01 01:11:50.484672838,Medium,IT Support,Email,Closed
TCK-2515,2025-01-31 22:58:13.069306,2025-02-01 11:55:47.848281677,Medium,IT Support,Network,Closed
TCK-2516,2025-01-31 22:58:13.069306,2025-02-01 14:53:44.318791521,Medium,IT Support,Email,Closed
TCK-2517,2025-01-31 23:58:42.232223,2025-02-01 11:37:40.662330966,Low,IT Support,Email,Closed
TCK-2518,2025-02-01 00:59:11.395139,2025-02-01 08:04:48.494620248,High,IT Support,Hardware,Closed
TCK-2519,2025-02-01 00:59:11.395139,2025-02-02 00:00:22.218731112,Low,IT Support,Email,Resolved
TCK-2520,2025-02-01 01:59:40.558055,2025-02-01 03:23:28.767112052,Low,DevOps,Software,Closed
TCK-2521,2025-02-01 02:29:55.139513,2025-02-02 22:45:08.642732695,Medium,DevOps,Email,Closed
TCK-2522,2025-02-01 02:29:55.139513,2025-02-01 02:52:26.834718998,Medium,HR,Hardware,Closed
TCK-2523,2025-02-01 04:00:38.883888,2025-02-03 15:02:25.680194008,High,Operations,Network,Resolved
TCK-2524,2025-02-01 05:31:22.628262,2025-02-01 16:41:34.780547227,Low,IT Support,Email,Closed
TCK-2525,2025-02-01 07:02:06.372637,2025-02-01 16:36:50.881146657,Unassigned,IT Support,Software,Closed
TCK-2526,2025-02-01 07:02:06.372637,2025-02-01 12:22:07.339691006,Low,DevOps,Access Control,Closed
TCK-2527,2025-02-01 08:02:35.535553,2025-02-01 08:13:31.453581706,Medium,Finance,Network,Closed
TCK-2528,2025-02-01 09:03:04.698469,2025-02-01 14:50:04.574002124,Medium,Operations,Access Control,Resolved
TCK-2529,2025-02-01 09:33:19.279927,2025-02-01 11:38:26.995122424,Critical,Operations,Software,Closed
TCK-2530,2025-02-01 09:33:19.279927,2025-02-02 04:57:52.009701976,High,IT Support,Hardware,Closed
TCK-2531,2025-02-01 10:33:48.442844,2025-02-01 17:28:51.281806353,Low,Operations,Hardware,Closed
TCK-2532,2025-02-01 11:34:17.605760,2025-02-02 13:48:22.748556441,Medium,Operations,Network,Closed
TCK-2533,2025-02-01 12:04:32.187218,2025-02-01 16:14:54.536144462,Medium,HR,Email,Closed
TCK-2534,2025-02-01 12:04:32.187218,2025-02-03 05:33:52.067852290,High,Operations,Email,Closed
TCK-2535,2025-02-01 12:34:46.768676,2025-02-02 01:54:11.731037699,Medium,IT Support,Access Control,Closed
TCK-2536,2025-02-01 13:05:01.350135,2025-02-01 15:16:21.666437957,Medium,DevOps,Hardware,Resolved
TCK-2537,2025-02-01 13:05:01.350135,2025-02-01 22:18:14.200364159,High,IT Support,Email,Closed
TCK-2538,2025-02-01 13:05:01.350135,2025-02-01 17:15:10.981628121,Medium,IT Support,Email,Closed
TCK-2539,2025-02-01 14:05:30.513051,2025-02-01 18:06:04.739704153,Unassigned,Finance,Hardware,Closed
TCK-2540,2025-02-01 14:05:30.513051,2025-02-02 02:47:57.271774126,Critical,IT Support,Hardware,Closed
TCK-2541,2025-02-01 14:35:45.094509,2025-02-02 10:39:19.024778464,High,DevOps,Software,Closed
TCK-2542,2025-02-01 14:35:45.094509,2025-02-03 10:15:55.679539170,Critical,Finance,Access Control,Resolved
TCK-2543,2025-02-01 15:05:59.675967,2025-02-02 03:39:16.417402284,Medium,HR,Hardware,Closed
TCK-2544,2025-02-01 15:36:14.257425,2025-02-04 04:23:02.087978821,Medium,IT Support,Software,Closed
TCK-2545,2025-02-01 16:36:43.420342,2025-02-03 19:45:02.575781272,Low,Finance,Hardware,Closed
TCK-2546,2025-02-01 19:07:56.327632,2025-02-03 07:11:07.085412981,Critical,DevOps,Network,Closed
TCK-2547,2025-02-01 19:38:10.909090,2025-02-02 08:06:43.899996399,Medium,Finance,Network,Resolved
TCK-2548,2025-02-01 20:38:40.072007,2025-02-01 23:22:41.542188396,Medium,Finance,Network,Resolved
TCK-2549,2025-02-01 20:38:40.072007,2025-02-02 01:04:06.511324966,High,Finance,Hardware,Resolved
TCK-2550,2025-02-01 20:38:40.072007,2025-02-02 15:25:18.592863845,High,HR,Email,Resolved
TCK-2551,2025-02-01 21:08:54.653465,2025-02-02 07:00:29.345335304,Medium,HR,Email,Closed
TCK-2552,2025-02-01 21:39:09.234923,2025-02-02 00:30:37.090600345,Low,Operations,Network,Closed
TCK-2553,2025-02-01 22:39:38.397839,2025-02-02 10:23:47.582704928,Low,DevOps,Access Control,Closed
TCK-2554,2025-02-01 23:40:07.560756,2025-02-01 23:59:07.019905631,Medium,HR,Software,Closed
TCK-2555,2025-02-02 00:10:22.142214,2025-02-03 00:00:08.639901666,Medium,HR,Network,Closed
TCK-2556,2025-02-02 00:10:22.142214,2025-02-02 01:32:54.740166873,Low,HR,Software,Closed
TCK-2557,2025-02-02 00:10:22.142214,2025-02-02 18:01:34.638877508,Medium,DevOps,Software,Resolved
TCK-2558,2025-02-02 00:40:36.723672,2025-02-03 05:01:42.314761757,Low,HR,Network,Resolved
TCK-2559,2025-02-02 00:40:36.723672,2025-02-02 03:14:18.128523885,Low,DevOps,Email,Closed
TCK-2560,2025-02-02 01:10:51.305130,2025-02-02 14:20:28.991024495,High,IT Support,Access Control,Closed
TCK-2561,2025-02-02 02:11:20.468046,2025-02-03 05:22:01.866155688,Medium,HR,Network,Closed
TCK-2562,2025-02-02 02:41:35.049504,2025-02-02 08:07:42.153363943,Medium,Operations,Software,Closed
TCK-2563,2025-02-02 03:42:04.212421,2025-02-02 06:54:07.697737034,Low,IT Support,Hardware,Closed
TCK-2564,2025-02-02 03:42:04.212421,2025-02-02 11:05:38.057894316,High,Operations,Hardware,Closed
TCK-2565,2025-02-02 03:42:04.212421,2025-02-02 18:15:47.750516828,Critical,IT Support,Software,Closed
TCK-2566,2025-02-02 03:42:04.212421,2025-02-02 19:06:54.020373366,Medium,IT Support,Network,Closed
TCK-2567,2025-02-02 04:12:18.793879,2025-02-02 06:43:48.280471153,Critical,HR,Email,Closed
TCK-2568,2025-02-02 06:43:31.701170,2025-02-02 17:44:09.479483473,Medium,DevOps,Network,Closed
TCK-2569,2025-02-02 06:43:31.701170,2025-02-02 12:20:52.652004364,Low,DevOps,Access Control,Closed
TCK-2570,2025-02-02 06:43:31.701170,2025-02-03 15:56:28.018341399,Low,IT Support,Hardware,Closed
TCK-2571,2025-02-02 07:13:46.282628,2025-02-02 14:00:07.833554632,Low,IT Support,Software,Resolved
TCK-2572,2025-02-02 07:13:46.282628,2025-02-03 16:04:15.006562700,Medium,Finance,Email,Closed
TCK-2573,2025-02-02 07:44:00.864086,2025-02-02 17:48:23.194217868,Medium,IT Support,Network,Closed
TCK-2574,2025-02-02 08:14:15.445544,2025-02-03 07:34:45.966098083,Medium,HR,Access Control,Closed
TCK-2575,2025-02-02 08:44:30.027002,2025-02-02 21:35:03.065143679,Medium,HR,Network,Closed
TCK-2576,2025-02-02 09:14:44.608460,2025-02-03 02:45:19.599686809,Medium,Finance,Access Control,Closed
TCK-2577,2025-02-02 09:44:59.189918,2025-02-02 18:48:21.124135759,Low,IT Support,Network,Resolved
TCK-2578,2025-02-02 10:45:28.352835,2025-02-03 13:04:20.091367611,Low,IT Support,Email,Resolved
TCK-2579,2025-02-02 10:45:28.352835,2025-02-02 20:43:29.062490236,High,HR,Email,Closed
TCK-2580,2025-02-02 11:15:42.934293,2025-02-02 22:16:07.907397667,High,IT Support,Software,Resolved
TCK-2581,2025-02-02 12:16:12.097209,2025-02-03 01:23:40.675300329,Medium,Finance,Email,Resolved
TCK-2582,2025-02-02 12:16:12.097209,2025-02-03 20:21:33.968857187,Low,DevOps,Access Control,Resolved
TCK-2583,2025-02-02 12:46:26.678667,2025-02-03 08:09:35.283801673,Low,IT Support,Software,Closed
TCK-2584,2025-02-02 13:16:41.260126,2025-02-02 21:00:32.344101578,Unassigned,IT Support,Email,Resolved
TCK-2585,2025-02-02 13:16:41.260126,2025-02-03 09:15:05.393102024,Low,IT Support,Hardware,Closed
TCK-2586,2025-02-02 13:46:55.841584,2025-02-03 08:17:37.104278326,Low,DevOps,Access Control,Closed
TCK-2587,2025-02-02 13:46:55.841584,2025-02-04 13:54:46.387258470,Medium,IT Support,Software,Resolved
TCK-2588,2025-02-02 14:17:10.423042,2025-02-03 23:25:57.912781395,Low,Operations,Access Control,Closed
TCK-2589,2025-02-02 14:47:25.004500,2025-02-03 09:33:22.509995062,Unassigned,HR,Software,Closed
TCK-2590,2025-02-02 15:47:54.167416,2025-02-02 23:19:07.708255324,Medium,IT Support,Access Control,Resolved
TCK-2591,2025-02-02 16:18:08.748874,2025-02-03 19:31:19.590823062,Unassigned,IT Support,Hardware,Resolved
TCK-2592,2025-02-02 17:18:37.911791,2025-02-03 08:43:16.842073552,High,Finance,Email,Resolved
TCK-2593,2025-02-02 17:48:52.493249,2025-02-05 21:44:10.355245974,High,Finance,Network,Resolved
TCK-2594,2025-02-02 17:48:52.493249,2025-02-02 22:55:59.178497286,High,HR,Network,Closed
TCK-2595,2025-02-02 18:19:07.074707,2025-02-02 19:48:45.966729969,Medium,IT Support,Network,Closed
TCK-2596,2025-02-02 18:19:07.074707,2025-02-02 19:37:22.117772678,Low,HR,Software,Resolved
TCK-2597,2025-02-02 18:49:21.656165,2025-02-03 13:12:50.127139250,Medium,IT Support,Email,Closed
TCK-2598,2025-02-02 19:49:50.819081,2025-02-04 22:15:05.765988773,Low,HR,Software,Resolved
TCK-2599,2025-02-02 20:20:05.400540,2025-02-02 20:22:10.709668349,Medium,IT Support,Software,Closed
TCK-2600,2025-02-02 20:20:05.400540,2025-02-03 19:37:23.117374908,Medium,DevOps,Software,Resolved
TCK-2601,2025-02-02 20:50:19.981998,2025-02-03 16:06:09.906637667,Low,IT Support,Software,Closed
TCK-2602,2025-02-02 21:50:49.144914,2025-02-03 21:34:09.323382952,Low,HR,Email,Closed
TCK-2603,2025-02-02 21:50:49.144914,2025-02-03 05:45:05.008506489,Low,HR,Network,Resolved
TCK-2604,2025-02-02 22:21:03.726372,2025-02-04 05:16:01.631500579,High,IT Support,Access Control,Closed
TCK-2605,2025-02-02 22:51:18.307830,2025-02-02 23:40:42.072394925,High,HR,Software,Closed
TCK-2606,2025-02-02 23:51:47.470747,2025-02-04 01:12:42.602931101,High,IT Support,Email,Closed
TCK-2607,2025-02-03 00:52:16.633663,2025-02-03 06:27:50.494460977,Low,IT Support,Hardware,Closed
TCK-2608,2025-02-03 01:22:31.215121,2025-02-03 13:02:12.781656146,Low,Operations,Access Control,Closed
TCK-2609,2025-02-03 01:22:31.215121,2025-02-04 08:30:26.229562791,Low,IT Support,Software,Resolved
TCK-2610,2025-02-03 02:53:14.959495,2025-02-03 08:35:08.965839615,Medium,HR,Software,Closed
TCK-2611,2025-02-03 02:53:14.959495,2025-02-03 06:34:27.413021158,Medium,DevOps,Access Control,Closed
TCK-2612,2025-02-03 03:23:29.540954,2025-02-03 23:58:31.349663473,High,IT Support,Access Control,Closed
TCK-2613,2025-02-03 04:54:13.285328,2025-02-03 18:37:28.509056547,Medium,Operations,Software,Closed
TCK-2614,2025-02-03 04:54:13.285328,2025-02-03 17:54:23.380130332,Low,IT Support,Email,Closed
TCK-2615,2025-02-03 05:24:27.866786,2025-02-03 10:44:57.206812248,Unassigned,Finance,Hardware,Closed
TCK-2616,2025-02-03 06:55:11.611161,2025-02-03 07:33:32.215275508,High,DevOps,Email,Closed
TCK-2617,2025-02-03 07:55:40.774077,2025-02-03 17:26:00.942107863,High,Operations,Network,Closed
TCK-2618,2025-02-03 07:55:40.774077,2025-02-03 09:57:22.147565115,Low,Finance,Network,Resolved
TCK-2619,2025-02-03 08:25:55.355535,2025-02-05 02:59:24.917026595,Critical,HR,Network,Closed
TCK-2620,2025-02-03 08:56:09.936993,2025-02-03 09:41:39.654080096,Medium,Finance,Software,Resolved
TCK-2621,2025-02-03 08:56:09.936993,2025-02-03 19:06:23.191246908,Low,IT Support,Hardware,Closed
TCK-2622,2025-02-03 09:26:24.518451,2025-02-03 10:24:21.677691613,Medium,DevOps,Hardware,Closed
TCK-2623,2025-02-03 09:56:39.099909,2025-02-03 11:45:06.411962350,Low,IT Support,Software,Closed
TCK-2624,2025-02-03 12:58:06.588658,2025-02-04 08:19:37.813965401,Critical,Finance,Software,Closed
TCK-2625,2025-02-03 14:28:50.333033,2025-02-04 09:13:46.172351972,High,Finance,Software,Closed
TCK-2626,2025-02-03 14:59:04.914491,2025-02-03 15:35:22.891808726,Medium,Operations,Hardware,Closed
TCK-2627,2025-02-03 15:59:34.077407,2025-02-03 16:00:47.438505792,Low,HR,Software,Resolved
TCK-2628,2025-02-03 16:29:48.658865,2025-02-03 17:58:28.592080630,Medium,DevOps,Access Control,Closed
TCK-2629,2025-02-03 17:00:03.240324,2025-02-04 18:54:55.183872097,Low,IT Support,Access Control,Resolved
TCK-2630,2025-02-03 17:00:03.240324,2025-02-04 08:48:47.236529694,Low,IT Support,Access Control,Resolved
TCK-2631,2025-02-03 18:00:32.403240,2025-02-03 18:42:30.774361018,Medium,Finance,Software,Resolved
TCK-2632,2025-02-03 19:01:01.566156,2025-02-04 07:04:12.952266331,Low,Finance,Access Control,Closed
TCK-2633,2025-02-03 19:31:16.147614,2025-02-04 17:55:45.456253162,High,Finance,Software,Closed
TCK-2634,2025-02-03 21:01:59.891989,2025-02-05 09:36:45.609006790,Low,DevOps,Access Control,Closed
TCK-2635,2025-02-03 22:32:43.636363,2025-02-05 23:28:52.388258091,High,IT Support,Software,Resolved
TCK-2636,2025-02-04 00:03:27.380738,2025-02-04 07:11:51.259077329,Low,Finance,Email,Closed
TCK-2637,2025-02-04 00:03:27.380738,2025-02-04 02:41:07.440747137,Medium,IT Support,Network,Closed
TCK-2638,2025-02-04 00:33:41.962196,2025-02-04 05:25:43.892754298,High,IT Support,Email,Closed
TCK-2639,2025-02-04 00:33:41.962196,2025-02-05 03:30:19.469311406,Low,IT Support,Network,Closed
TCK-2640,2025-02-04 01:34:11.125112,2025-02-06 17:36:04.002260904,High,DevOps,Network,Closed
TCK-2641,2025-02-04 03:04:54.869486,2025-02-04 14:23:15.543615344,High,Finance,Access Control,Closed
TCK-2642,2025-02-04 03:04:54.869486,2025-02-04 09:38:24.865059226,Medium,IT Support,Network,Resolved
TCK-2643,2025-02-04 04:05:24.032403,2025-02-04 14:10:57.385520977,Medium,Finance,Network,Closed
TCK-2644,2025-02-04 04:05:24.032403,2025-02-04 10:38:03.667320676,High,HR,Email,Closed
TCK-2645,2025-02-04 04:35:38.613861,2025-02-04 09:55:43.372498631,Medium,DevOps,Network,Closed
TCK-2646,2025-02-04 05:05:53.195319,2025-02-04 21:18:44.283471758,Medium,Finance,Software,Closed
TCK-2647,2025-02-04 05:05:53.195319,2025-02-04 05:23:00.994941841,High,IT Support,Software,Closed
TCK-2648,2025-02-04 05:36:07.776777,2025-02-04 11:00:40.190151263,Low,Operations,Access Control,Closed
TCK-2649,2025-02-04 06:06:22.358235,2025-02-05 01:35:53.168892403,Low,IT Support,Email,Resolved
TCK-2650,2025-02-04 07:06:51.521152,2025-02-04 07:42:03.221135941,Medium,DevOps,Hardware,Closed
TCK-2651,2025-02-04 07:06:51.521152,2025-02-04 08:40:40.562003923,Low,HR,Email,Closed
TCK-2652,2025-02-04 08:07:20.684068,2025-02-04 14:22:24.757774640,Medium,IT Support,Hardware,Resolved
TCK-2653,2025-02-04 08:07:20.684068,2025-02-05 21:57:39.064565305,Medium,DevOps,Network,Closed
TCK-2654,2025-02-04 08:37:35.265526,2025-02-05 10:41:05.283159382,Medium,IT Support,Hardware,Closed
TCK-2655,2025-02-04 08:37:35.265526,2025-02-04 09:01:47.159716871,Low,Operations,Network,Closed
TCK-2656,2025-02-04 09:07:49.846984,2025-02-04 21:40:08.146410497,Critical,IT Support,Email,Resolved
TCK-2657,2025-02-04 09:38:04.428442,2025-02-04 15:24:55.121731698,Low,HR,Email,Closed
TCK-2658,2025-02-04 10:08:19.009900,2025-02-05 04:57:57.220906430,High,Finance,Access Control,Resolved
TCK-2659,2025-02-04 10:38:33.591359,2025-02-05 09:39:22.381537854,Medium,IT Support,Access Control,Closed
TCK-2660,2025-02-04 11:08:48.172817,2025-02-05 22:54:30.983465156,High,HR,Network,Closed
TCK-2661,2025-02-04 12:39:31.917191,2025-02-05 00:16:17.647781105,Low,Operations,Network,Closed
TCK-2662,2025-02-04 13:09:46.498649,2025-02-08 10:39:15.968846075,Medium,DevOps,Software,Closed
TCK-2663,2025-02-04 13:09:46.498649,2025-02-07 11:34:00.592637347,Unassigned,HR,Software,Closed
TCK-2664,2025-02-04 13:09:46.498649,2025-02-06 03:39:20.298971243,Medium,DevOps,Software,Closed
TCK-2665,2025-02-04 13:40:01.080108,2025-02-05 05:03:48.348944163,High,Operations,Email,Closed
TCK-2666,2025-02-04 13:40:01.080108,2025-02-04 22:48:07.632674345,Low,IT Support,Hardware,Resolved
TCK-2667,2025-02-04 13:40:01.080108,2025-02-04 21:49:26.127141197,High,Finance,Network,Closed
TCK-2668,2025-02-04 14:10:15.661566,2025-02-04 14:23:26.147336135,Medium,IT Support,Access Control,Closed
TCK-2669,2025-02-04 14:10:15.661566,2025-02-04 19:19:46.175645634,Medium,Operations,Network,Resolved
TCK-2670,2025-02-04 14:40:30.243024,2025-02-05 13:30:43.195635594,Low,DevOps,Hardware,Closed
TCK-2671,2025-02-04 14:40:30.243024,2025-02-05 07:19:56.970324740,Medium,DevOps,Network,Closed
TCK-2672,2025-02-04 15:10:44.824482,2025-02-06 11:51:16.948000136,Medium,Operations,Access Control,Closed
TCK-2673,2025-02-04 16:11:13.987398,2025-02-04 17:06:39.311730211,Medium,IT Support,Access Control,Closed
TCK-2674,2025-02-04 16:41:28.568856,2025-02-04 19:43:43.312653064,High,IT Support,Hardware,Resolved
TCK-2675,2025-02-04 17:11:43.150315,2025-02-05 21:13:20.198534772,Medium,IT Support,Access Control,Closed
TCK-2676,2025-02-04 17:41:57.731773,2025-02-05 01:41:26.209580662,Unassigned,HR,Email,Closed
TCK-2677,2025-02-04 19:12:41.476147,2025-02-04 21:28:43.349420827,High,Finance,Access Control,Closed
TCK-2678,2025-02-04 19:42:56.057605,2025-02-09 01:15:09.615488182,Medium,DevOps,Hardware,Closed
TCK-2679,2025-02-04 20:43:25.220522,2025-02-06 00:34:52.223457017,Low,IT Support,Hardware,Closed
TCK-2680,2025-02-04 20:43:25.220522,2025-02-05 06:10:57.696951900,Low,HR,Network,Closed
TCK-2681,2025-02-04 21:13:39.801980,2025-02-06 04:25:55.178317650,Low,DevOps,Access Control,Closed
TCK-2682,2025-02-04 22:14:08.964896,2025-02-05 18:46:46.705671521,Critical,IT Support,Access Control,Closed
TCK-2683,2025-02-04 22:14:08.964896,2025-02-06 02:19:31.150975977,Low,IT Support,Hardware,Resolved
TCK-2684,2025-02-04 22:44:23.546354,2025-02-06 05:07:59.359243233,Low,Finance,Network,Resolved
TCK-2685,2025-02-04 23:44:52.709270,2025-02-05 01:20:29.760205962,Low,HR,Network,Closed
TCK-2686,2025-02-04 23:44:52.709270,2025-02-05 17:18:21.103215627,Low,Operations,Email,Closed
TCK-2687,2025-02-05 00:15:07.290729,2025-02-05 00:22:28.493161791,Low,HR,Email,Closed
TCK-2688,2025-02-05 00:15:07.290729,2025-02-05 01:03:06.273573809,Low,DevOps,Hardware,Closed
TCK-2689,2025-02-05 00:15:07.290729,2025-02-06 18:25:46.577517401,Unassigned,Finance,Network,Closed
TCK-2690,2025-02-05 00:45:21.872187,2025-02-05 14:15:12.307781984,Low,IT Support,Network,Resolved
TCK-2691,2025-02-05 02:16:05.616561,2025-02-06 02:14:02.603205923,Low,IT Support,Email,Resolved
TCK-2692,2025-02-05 02:46:20.198019,2025-02-06 11:35:27.204257530,Critical,IT Support,Email,Closed
TCK-2693,2025-02-05 03:16:34.779477,2025-02-07 09:03:04.882511777,Medium,IT Support,Hardware,Closed
TCK-2694,2025-02-05 03:16:34.779477,2025-02-06 15:54:39.309008392,Low,IT Support,Network,Resolved
TCK-2695,2025-02-05 03:16:34.779477,2025-02-05 15:09:43.191559550,Low,Finance,Hardware,Closed
TCK-2696,2025-02-05 03:46:49.360936,2025-02-05 11:09:00.322079289,Low,Finance,Email,Closed
TCK-2697,2025-02-05 03:46:49.360936,2025-02-05 06:48:04.039323563,Medium,Finance,Access Control,Closed
TCK-2698,2025-02-05 04:47:18.523852,2025-02-05 13:59:34.753685575,Low,IT Support,Email,Closed
TCK-2699,2025-02-05 05:17:33.105310,2025-02-05 13:30:33.342626487,Medium,Finance,Network,Resolved
TCK-2700,2025-02-05 05:17:33.105310,2025-02-05 20:03:10.061131021,Medium,HR,Hardware,Closed
TCK-2701,2025-02-05 05:47:47.686768,2025-02-06 01:30:33.181758664,Low,Operations,Network,Resolved
TCK-2702,2025-02-05 05:47:47.686768,2025-02-08 02:45:56.516182247,Medium,Operations,Email,Closed
TCK-2703,2025-02-05 05:47:47.686768,2025-02-06 05:15:26.323484368,Unassigned,DevOps,Email,Resolved
TCK-2704,2025-02-05 06:18:02.268226,2025-02-06 00:52:43.542357114,High,DevOps,Software,Closed
TCK-2705,2025-02-05 06:18:02.268226,2025-02-05 13:38:47.617824296,High,IT Support,Email,Resolved
TCK-2706,2025-02-05 06:48:16.849684,2025-02-05 07:26:12.184534543,Medium,IT Support,Network,Resolved
TCK-2707,2025-02-05 07:48:46.012601,2025-02-05 13:55:48.495152073,Medium,DevOps,Hardware,Closed
TCK-2708,2025-02-05 07:48:46.012601,2025-02-06 10:08:45.197145034,Medium,HR,Hardware,Closed
TCK-2709,2025-02-05 09:19:29.756975,2025-02-05 13:27:37.899556345,High,HR,Software,Resolved
TCK-2710,2025-02-05 09:49:44.338433,2025-02-06 08:14:49.398815649,Medium,DevOps,Network,Closed
TCK-2711,2025-02-05 10:19:58.919891,2025-02-06 01:56:18.998431246,High,Finance,Email,Closed
TCK-2712,2025-02-05 10:19:58.919891,2025-02-05 13:43:38.209035136,Unassigned,IT Support,Access Control,Resolved
TCK-2713,2025-02-05 11:20:28.082808,2025-02-05 16:48:02.129585505,Medium,IT Support,Hardware,Closed
TCK-2714,2025-02-05 11:20:28.082808,2025-02-05 23:41:06.729210742,Medium,IT Support,Network,Resolved
TCK-2715,2025-02-05 11:20:28.082808,2025-02-05 21:05:45.073052848,Medium,DevOps,Software,Closed
TCK-2716,2025-02-05 11:20:28.082808,2025-02-06 14:28:41.922430235,Low,HR,Access Control,Closed
TCK-2717,2025-02-05 11:50:42.664266,2025-02-06 11:42:33.295161997,Medium,Operations,Network,Closed
TCK-2718,2025-02-05 11:50:42.664266,2025-02-06 03:13:44.984946069,Medium,DevOps,Email,Resolved
TCK-2719,2025-02-05 11:50:42.664266,2025-02-06 18:56:25.716859130,Low,IT Support,Hardware,Closed
TCK-2720,2025-02-05 13:21:26.408640,2025-02-06 04:14:40.296446570,Medium,IT Support,Email,Resolved
TCK-2721,2025-02-05 13:21:26.408640,2025-02-08 01:23:21.401036922,High,Finance,Software,Closed
TCK-2722,2025-02-05 14:21:55.571557,2025-02-05 18:46:25.663725992,Unassigned,Operations,Hardware,Resolved
TCK-2723,2025-02-05 14:21:55.571557,2025-02-06 12:54:19.757439871,High,IT Support,Access Control,Closed
TCK-2724,2025-02-05 14:52:10.153015,2025-02-05 23:11:04.304634381,Low,DevOps,Hardware,Closed
TCK-2725,2025-02-05 16:22:53.897389,2025-02-05 22:16:07.985159857,Low,IT Support,Email,Closed
TCK-2726,2025-02-05 16:53:08.478847,2025-02-05 20:27:58.726965139,Medium,IT Support,Network,Closed
TCK-2727,2025-02-05 17:53:37.641764,2025-02-06 08:22:02.447578279,Low,Operations,Network,Closed
TCK-2728,2025-02-05 18:54:06.804680,2025-02-05 23:16:11.804063810,Medium,IT Support,Network,Resolved
TCK-2729,2025-02-05 19:54:35.967596,2025-02-05 23:56:04.094922076,Low,DevOps,Software,Resolved
TCK-2730,2025-02-05 20:24:50.549054,2025-02-09 08:17:27.375099810,Medium,IT Support,Software,Closed
TCK-2731,2025-02-05 20:55:05.130513,2025-02-07 02:02:45.358105314,Low,DevOps,Network,Closed
TCK-2732,2025-02-05 21:25:19.711971,2025-02-06 22:15:06.470654742,Medium,DevOps,Access Control,Closed
TCK-2733,2025-02-05 21:25:19.711971,2025-02-07 01:51:54.951784312,High,Operations,Email,Resolved
TCK-2734,2025-02-05 22:56:03.456345,2025-02-08 13:25:02.608984836,Critical,IT Support,Access Control,Closed
TCK-2735,2025-02-06 00:26:47.200720,2025-02-06 15:46:32.141651136,Unassigned,IT Support,Network,Closed
TCK-2736,2025-02-06 00:57:01.782178,2025-02-06 05:25:42.342012811,Medium,Finance,Email,Closed
TCK-2737,2025-02-06 00:57:01.782178,2025-02-07 12:37:36.800311409,High,IT Support,Software,Closed
TCK-2738,2025-02-06 01:27:16.363636,2025-02-07 01:53:30.917059363,Medium,Finance,Hardware,Closed
TCK-2739,2025-02-06 01:27:16.363636,2025-02-06 11:05:01.885562390,Medium,Finance,Hardware,Closed
TCK-2740,2025-02-06 02:27:45.526552,2025-02-06 14:00:43.536579367,High,IT Support,Email,Resolved
TCK-2741,2025-02-06 03:28:14.689468,2025-02-06 13:00:22.988914600,Low,DevOps,Access Control,Resolved
TCK-2742,2025-02-06 03:28:14.689468,2025-02-08 03:19:21.218867635,Critical,DevOps,Email,Resolved
TCK-2743,2025-02-06 03:28:14.689468,2025-02-06 11:02:47.761287634,Medium,Operations,Access Control,Closed
TCK-2744,2025-02-06 04:58:58.433843,2025-02-08 16:33:47.236674757,Medium,HR,Access Control,Resolved
TCK-2745,2025-02-06 04:58:58.433843,2025-02-08 00:22:49.280621046,Medium,IT Support,Hardware,Resolved
TCK-2746,2025-02-06 04:58:58.433843,2025-02-06 22:54:17.315810942,High,IT Support,Software,Closed
TCK-2747,2025-02-06 04:58:58.433843,2025-02-06 20:35:24.978598412,Medium,IT Support,Network,Resolved
TCK-2748,2025-02-06 05:29:13.015301,2025-02-06 13:48:22.096826518,High,IT Support,Software,Resolved
TCK-2749,2025-02-06 05:29:13.015301,2025-02-06 05:49:12.373985446,Low,Operations,Network,Resolved
TCK-2750,2025-02-06 05:29:13.015301,2025-02-06 07:56:40.407001495,Low,IT Support,Hardware,Resolved
TCK-2751,2025-02-06 05:59:27.596759,2025-02-07 07:15:05.617931370,High,IT Support,Network,Resolved
TCK-2752,2025-02-06 06:29:42.178217,2025-02-06 17:58:30.866665389,Low,IT Support,Access Control,Resolved
TCK-2753,2025-02-06 06:59:56.759675,2025-02-06 09:55:15.647593463,Low,IT Support,Email,Closed
TCK-2754,2025-02-06 09:31:09.666966,2025-02-06 15:02:09.050903674,Low,IT Support,Network,Resolved
TCK-2755,2025-02-06 09:31:09.666966,2025-02-08 14:40:48.686279750,Low,Finance,Software,Resolved
TCK-2756,2025-02-06 10:01:24.248424,2025-02-06 18:15:29.906880747,Medium,HR,Hardware,Closed
TCK-2757,2025-02-06 10:01:24.248424,2025-02-08 04:54:31.255859390,Low,IT Support,Hardware,Closed
TCK-2758,2025-02-06 10:31:38.829882,2025-02-06 17:04:01.939206220,Critical,IT Support,Email,Closed
TCK-2759,2025-02-06 11:01:53.411341,2025-02-07 01:08:07.685335622,Medium,Finance,Access Control,Resolved
TCK-2760,2025-02-06 11:32:07.992799,2025-02-06 11:54:28.681834532,High,HR,Access Control,Closed
TCK-2761,2025-02-06 12:02:22.574257,2025-02-07 01:19:17.412437074,Medium,IT Support,Hardware,Closed
TCK-2762,2025-02-06 13:33:06.318631,2025-02-07 07:47:21.206050566,Medium,Operations,Access Control,Closed
TCK-2763,2025-02-06 13:33:06.318631,2025-02-06 18:21:26.071221336,Medium,HR,Email,Resolved
TCK-2764,2025-02-06 14:03:20.900090,2025-02-07 05:37:31.165476121,Low,Finance,Hardware,Resolved
TCK-2765,2025-02-06 14:03:20.900090,2025-02-07 08:48:27.117215391,Low,Operations,Access Control,Closed
TCK-2766,2025-02-06 17:35:02.970297,2025-02-07 14:29:07.964868409,Medium,HR,Network,Closed
TCK-2767,2025-02-06 17:35:02.970297,2025-02-07 20:32:47.628679891,Low,DevOps,Network,Resolved
TCK-2768,2025-02-06 18:05:17.551755,2025-02-07 00:48:08.372904555,Low,Operations,Access Control,Closed
TCK-2769,2025-02-06 18:05:17.551755,2025-02-07 09:11:12.667813514,Medium,IT Support,Network,Closed
TCK-2770,2025-02-06 18:05:17.551755,2025-02-09 17:59:05.961119344,High,Operations,Email,Resolved
TCK-2771,2025-02-06 18:35:32.133213,2025-02-08 11:42:28.092555728,High,IT Support,Software,Closed
TCK-2772,2025-02-06 18:35:32.133213,2025-02-09 01:30:05.462668910,High,IT Support,Email,Closed
TCK-2773,2025-02-06 19:05:46.714671,2025-02-07 03:52:47.982158423,Low,DevOps,Email,Resolved
TCK-2774,2025-02-06 19:36:01.296129,2025-02-07 23:25:50.237550578,Unassigned,Operations,Access Control,Closed
TCK-2775,2025-02-06 20:06:15.877587,2025-02-07 13:30:57.922914623,High,DevOps,Email,Closed
TCK-2776,2025-02-06 20:06:15.877587,2025-02-06 21:39:31.937754680,Low,IT Support,Access Control,Closed
TCK-2777,2025-02-06 20:06:15.877587,2025-02-08 03:22:23.836832997,High,Finance,Hardware,Resolved
TCK-2778,2025-02-06 20:36:30.459045,2025-02-07 16:57:21.451745514,Medium,Finance,Access Control,Closed
TCK-2779,2025-02-06 21:06:45.040504,2025-02-07 01:06:17.108034506,Low,IT Support,Access Control,Closed
TCK-2780,2025-02-06 21:06:45.040504,2025-02-06 22:36:29.756728641,Low,Operations,Hardware,Closed
TCK-2781,2025-02-06 21:36:59.621962,2025-02-08 06:16:15.949576063,Medium,IT Support,Software,Closed
TCK-2782,2025-02-06 21:36:59.621962,2025-02-06 23:05:45.446948074,Medium,IT Support,Hardware,Resolved
TCK-2783,2025-02-06 22:37:28.784878,2025-02-07 00:20:56.595810674,Critical,IT Support,Access Control,Resolved
TCK-2784,2025-02-06 23:37:57.947794,2025-02-07 09:40:09.284759804,Low,HR,Network,Resolved
TCK-2785,2025-02-07 00:08:12.529252,2025-02-07 02:44:35.055711286,Medium,DevOps,Access Control,Closed
TCK-2786,2025-02-07 00:08:12.529252,2025-02-08 20:13:44.889054345,Low,IT Support,Hardware,Closed
TCK-2787,2025-02-07 00:38:27.110711,2025-02-07 12:04:41.947293293,Medium,DevOps,Access Control,Resolved
TCK-2788,2025-02-07 00:38:27.110711,2025-02-07 15:47:48.552170783,Critical,IT Support,Hardware,Closed
TCK-2789,2025-02-07 01:08:41.692169,2025-02-09 00:31:51.820677865,Medium,HR,Email,Closed
TCK-2790,2025-02-07 01:08:41.692169,2025-02-07 14:44:43.457331451,Medium,DevOps,Software,Closed
TCK-2791,2025-02-07 04:10:09.180918,2025-02-07 12:01:22.916139252,High,IT Support,Software,Resolved
TCK-2792,2025-02-07 04:40:23.762376,2025-02-08 09:23:20.087547071,Low,Finance,Hardware,Resolved
TCK-2793,2025-02-07 05:10:38.343834,2025-02-07 15:42:21.233053287,Critical,DevOps,Software,Closed
TCK-2794,2025-02-07 05:10:38.343834,2025-02-07 12:04:43.581756176,Medium,Finance,Network,Resolved
TCK-2795,2025-02-07 05:40:52.925292,2025-02-08 04:48:12.833617216,Medium,Finance,Network,Resolved
TCK-2796,2025-02-07 05:40:52.925292,2025-02-08 10:47:46.840825303,High,DevOps,Software,Closed
TCK-2797,2025-02-07 06:11:07.506750,2025-02-08 10:25:29.216825688,Medium,Operations,Hardware,Closed
TCK-2798,2025-02-07 06:11:07.506750,2025-02-10 02:37:18.526500430,Medium,IT Support,Network,Closed
TCK-2799,2025-02-07 07:11:36.669666,2025-02-08 11:00:06.235942841,High,DevOps,Software,Resolved
TCK-2800,2025-02-07 07:41:51.251125,2025-02-08 10:08:47.503000104,Low,IT Support,Access Control,Closed
TCK-2801,2025-02-07 07:41:51.251125,2025-02-08 18:46:01.726299430,Medium,IT Support,Network,Closed
TCK-2802,2025-02-07 08:12:05.832583,2025-02-07 08:12:17.834349514,Unassigned,IT Support,Email,Resolved
TCK-2803,2025-02-07 08:42:20.414041,2025-02-07 16:48:26.467491324,Low,Operations,Network,Closed
TCK-2804,2025-02-07 08:42:20.414041,2025-02-08 08:47:16.140994897,Medium,Finance,Software,Closed
TCK-2805,2025-02-07 09:42:49.576957,2025-02-08 02:11:39.712163164,Low,IT Support,Software,Resolved
TCK-2806,2025-02-07 10:13:04.158415,2025-02-07 13:44:12.191735647,Medium,IT Support,Software,Closed
TCK-2807,2025-02-07 10:13:04.158415,2025-02-07 16:44:03.196940874,High,Operations,Hardware,Closed
TCK-2808,2025-02-07 11:13:33.321332,2025-02-07 18:37:04.577529462,Medium,HR,Hardware,Closed
TCK-2809,2025-02-07 11:43:47.902790,2025-02-08 02:49:50.688553785,Medium,IT Support,Access Control,Resolved
TCK-2810,2025-02-07 12:44:17.065706,2025-02-08 20:48:11.984063948,Critical,Operations,Access Control,Closed
TCK-2811,2025-02-07 13:14:31.647164,2025-02-09 13:45:40.429966562,High,Finance,Network,Closed
TCK-2812,2025-02-07 13:44:46.228622,2025-02-08 14:42:22.061062529,Low,IT Support,Software,Closed
TCK-2813,2025-02-07 13:44:46.228622,2025-02-08 23:04:03.569846295,Medium,HR,Access Control,Closed
TCK-2814,2025-02-07 13:44:46.228622,2025-02-08 01:10:38.074016665,High,Operations,Software,Closed
TCK-2815,2025-02-07 14:15:00.810081,2025-02-07 23:08:27.348443067,Low,Operations,Network,Closed
TCK-2816,2025-02-07 15:15:29.972997,2025-02-08 00:14:08.741368390,Medium,IT Support,Hardware,Closed
TCK-2817,2025-02-07 15:45:44.554455,2025-02-08 08:59:31.961108916,Low,IT Support,Access Control,Closed
TCK-2818,2025-02-07 16:15:59.135913,2025-02-07 18:39:15.467390504,Low,IT Support,Email,Resolved
TCK-2819,2025-02-07 17:16:28.298829,2025-02-08 08:52:04.342202117,Critical,Finance,Email,Resolved
TCK-2820,2025-02-07 17:46:42.880288,2025-02-08 13:28:15.468523415,High,DevOps,Email,Closed
TCK-2821,2025-02-07 18:16:57.461746,2025-02-08 04:41:03.548765258,Low,IT Support,Email,Closed
TCK-2822,2025-02-07 18:16:57.461746,2025-02-10 01:23:01.340656873,High,DevOps,Email,Closed
TCK-2823,2025-02-07 19:17:26.624662,2025-02-08 12:09:26.664345712,Low,DevOps,Email,Resolved
TCK-2824,2025-02-07 19:17:26.624662,2025-02-07 23:45:46.876899600,Medium,DevOps,Email,Resolved
TCK-2825,2025-02-07 20:17:55.787578,2025-02-08 08:02:32.629811969,High,Operations,Access Control,Resolved
TCK-2826,2025-02-07 20:17:55.787578,2025-02-08 16:33:07.146599593,Medium,HR,Email,Closed
TCK-2827,2025-02-07 21:18:24.950495,2025-02-08 04:20:42.639622632,High,IT Support,Email,Closed
TCK-2828,2025-02-07 22:18:54.113411,2025-02-07 23:48:32.003202738,Medium,DevOps,Network,Closed
TCK-2829,2025-02-07 22:18:54.113411,2025-02-08 14:04:40.399455216,Medium,DevOps,Access Control,Closed
TCK-2830,2025-02-07 23:49:37.857785,2025-02-10 04:59:58.218664494,Critical,IT Support,Network,Closed
TCK-2831,2025-02-08 00:19:52.439243,2025-02-08 12:16:42.024392075,Low,DevOps,Software,Closed
TCK-2832,2025-02-08 00:19:52.439243,2025-02-09 18:54:44.719114189,Medium,IT Support,Email,Resolved
TCK-2833,2025-02-08 01:20:21.602160,2025-02-09 09:46:28.141988406,Medium,IT Support,Hardware,Resolved
TCK-2834,2025-02-08 01:20:21.602160,2025-02-08 04:12:35.891156838,High,IT Support,Email,Closed
TCK-2835,2025-02-08 01:50:36.183618,2025-02-09 00:00:42.798966429,Medium,Operations,Email,Resolved
TCK-2836,2025-02-08 01:50:36.183618,2025-02-08 12:08:05.831519460,Critical,Finance,Network,Resolved
TCK-2837,2025-02-08 02:20:50.765076,2025-02-08 07:31:53.849369303,Medium,IT Support,Software,Closed
TCK-2838,2025-02-08 02:51:05.346534,2025-02-08 23:45:21.160972094,Medium,Operations,Network,Resolved
TCK-2839,2025-02-08 03:21:19.927992,2025-02-09 03:47:16.849762331,Unassigned,DevOps,Access Control,Closed
TCK-2840,2025-02-08 04:21:49.090909,2025-02-08 07:56:00.518907487,Medium,DevOps,Software,Closed
TCK-2841,2025-02-08 04:52:03.672367,2025-02-10 01:07:20.441662313,Medium,IT Support,Software,Resolved
TCK-2842,2025-02-08 04:52:03.672367,2025-02-09 05:54:13.596996216,High,IT Support,Software,Resolved
TCK-2843,2025-02-08 05:22:18.253825,2025-02-10 06:07:40.904989179,Medium,Finance,Network,Resolved
TCK-2844,2025-02-08 05:52:32.835283,2025-02-08 12:44:25.457503635,Medium,DevOps,Email,Closed
TCK-2845,2025-02-08 06:53:01.998199,2025-02-10 09:19:36.780320443,High,Finance,Email,Closed
TCK-2846,2025-02-08 06:53:01.998199,2025-02-08 15:09:29.605595055,High,Finance,Email,Closed
TCK-2847,2025-02-08 06:53:01.998199,2025-02-08 07:52:57.150525325,Medium,DevOps,Email,Closed
TCK-2848,2025-02-08 06:53:01.998199,2025-02-09 08:47:45.874002527,Medium,IT Support,Email,Closed
TCK-2849,2025-02-08 07:23:16.579657,2025-02-09 05:16:16.241893166,Critical,DevOps,Access Control,Closed
TCK-2850,2025-02-08 08:23:45.742574,2025-02-09 00:47:43.843381892,Medium,HR,Hardware,Closed
TCK-2851,2025-02-08 08:54:00.324032,2025-02-08 21:00:59.551776155,Low,IT Support,Software,Resolved
TCK-2852,2025-02-08 08:54:00.324032,2025-02-08 09:29:18.891349612,Medium,IT Support,Hardware,Closed
TCK-2853,2025-02-08 09:24:14.905490,2025-02-09 03:02:23.083493445,Low,DevOps,Access Control,Closed
TCK-2854,2025-02-08 09:24:14.905490,2025-02-08 19:06:40.538109054,High,Operations,Email,Closed
TCK-2855,2025-02-08 09:24:14.905490,2025-02-09 00:11:25.291917662,Low,IT Support,Access Control,Resolved
TCK-2856,2025-02-08 09:54:29.486948,2025-02-08 20:00:17.686035387,Low,IT Support,Access Control,Closed
TCK-2857,2025-02-08 10:24:44.068406,2025-02-10 23:18:25.519344917,Critical,IT Support,Hardware,Closed
TCK-2858,2025-02-08 10:54:58.649864,2025-02-09 03:35:43.373691823,High,Operations,Software,Closed
TCK-2859,2025-02-08 10:54:58.649864,2025-02-09 11:48:52.883068650,Medium,DevOps,Network,Closed
TCK-2860,2025-02-08 11:25:13.231323,2025-02-10 12:59:52.389534681,Low,Operations,Network,Closed
TCK-2861,2025-02-08 12:25:42.394239,2025-02-09 04:32:51.217694078,High,Operations,Software,Closed
TCK-2862,2025-02-08 13:56:26.138613,2025-02-08 14:09:32.542365917,Unassigned,IT Support,Email,Closed
TCK-2863,2025-02-08 14:26:40.720072,2025-02-08 15:04:21.814646059,Medium,IT Support,Access Control,Resolved
TCK-2864,2025-02-08 15:27:09.882988,2025-02-09 13:15:54.401342918,Medium,HR,Email,Closed
TCK-2865,2025-02-08 15:57:24.464446,2025-02-08 21:50:49.242506124,Low,IT Support,Access Control,Closed
TCK-2866,2025-02-08 16:27:39.045904,2025-02-09 08:02:57.454078787,Medium,IT Support,Network,Closed
TCK-2867,2025-02-08 16:57:53.627362,2025-02-08 21:01:58.044173396,Medium,IT Support,Software,Closed
TCK-2868,2025-02-08 16:57:53.627362,2025-02-08 22:38:08.979317596,High,DevOps,Hardware,Resolved
TCK-2869,2025-02-08 17:58:22.790279,2025-02-09 06:37:03.017331639,Medium,Finance,Hardware,Closed
TCK-2870,2025-02-08 18:28:37.371737,2025-02-11 13:17:29.880229841,Medium,IT Support,Software,Closed
TCK-2871,2025-02-08 18:58:51.953195,2025-02-09 12:13:18.519003127,Low,Finance,Network,Closed
TCK-2872,2025-02-08 19:29:06.534653,2025-02-10 21:00:23.582525775,Low,IT Support,Access Control,Closed
TCK-2873,2025-02-08 19:29:06.534653,2025-02-11 05:08:52.760400184,Low,DevOps,Hardware,Resolved
TCK-2874,2025-02-08 19:59:21.116111,2025-02-09 00:11:21.080331617,Medium,DevOps,Network,Resolved
TCK-2875,2025-02-08 19:59:21.116111,2025-02-09 02:41:58.234571759,Low,IT Support,Software,Closed
TCK-2876,2025-02-08 20:29:35.697569,2025-02-09 22:56:48.525782579,Unassigned,Finance,Email,Resolved
TCK-2877,2025-02-08 21:30:04.860486,2025-02-10 09:46:57.898605912,High,Finance,Network,Closed
TCK-2878,2025-02-08 22:00:19.441944,2025-02-09 11:11:16.338947729,Medium,IT Support,Network,Closed
TCK-2879,2025-02-08 22:30:34.023402,2025-02-12 16:24:48.863403304,High,IT Support,Email,Closed
TCK-2880,2025-02-08 22:30:34.023402,2025-02-08 22:43:08.274519503,Low,Operations,Network,Closed
TCK-2881,2025-02-08 22:30:34.023402,2025-02-09 04:55:08.862282241,High,IT Support,Hardware,Closed
TCK-2882,2025-02-08 23:00:48.604860,2025-02-09 16:34:49.467523222,Unassigned,Finance,Hardware,Closed
TCK-2883,2025-02-08 23:31:03.186318,2025-02-09 10:55:16.538042898,Low,DevOps,Hardware,Resolved
TCK-2884,2025-02-09 00:01:17.767776,2025-02-09 02:15:11.706624999,Unassigned,IT Support,Network,Closed
TCK-2885,2025-02-09 00:01:17.767776,2025-02-09 08:16:30.450313692,Medium,IT Support,Network,Closed
TCK-2886,2025-02-09 01:01:46.930693,2025-02-09 01:29:37.249298192,Low,Operations,Network,Resolved
TCK-2887,2025-02-09 01:32:01.512151,2025-02-09 20:03:40.696118778,Medium,IT Support,Software,Resolved
TCK-2888,2025-02-09 01:32:01.512151,2025-02-10 17:43:09.015149386,Unassigned,DevOps,Email,Closed
TCK-2889,2025-02-09 02:02:16.093609,2025-02-10 16:56:56.144047535,Medium,DevOps,Network,Closed
TCK-2890,2025-02-09 02:02:16.093609,2025-02-09 23:40:55.212288639,Medium,DevOps,Email,Closed
TCK-2891,2025-02-09 03:02:45.256525,2025-02-09 14:19:50.267848076,Low,Operations,Access Control,Closed
TCK-2892,2025-02-09 03:32:59.837983,2025-02-09 16:27:54.140445339,Low,DevOps,Hardware,Closed
TCK-2893,2025-02-09 04:03:14.419441,2025-02-09 06:42:15.994568467,Critical,DevOps,Software,Closed
TCK-2894,2025-02-09 05:03:43.582358,2025-02-09 12:34:08.920202236,Medium,Operations,Email,Closed
TCK-2895,2025-02-09 05:33:58.163816,2025-02-09 09:18:31.387105336,Low,Operations,Hardware,Resolved
TCK-2896,2025-02-09 05:33:58.163816,2025-02-10 12:33:10.622085869,Low,Operations,Software,Closed
TCK-2897,2025-02-09 05:33:58.163816,2025-02-11 01:53:09.561508981,Low,DevOps,Hardware,Closed
TCK-2898,2025-02-09 07:04:41.908190,2025-02-09 20:56:08.997966856,Medium,IT Support,Network,Closed
TCK-2899,2025-02-09 07:34:56.489648,2025-02-10 07:00:06.868320887,High,DevOps,Network,Closed
TCK-2900,2025-02-09 07:34:56.489648,2025-02-09 09:54:48.042392227,Medium,IT Support,Hardware,Closed
TCK-2901,2025-02-09 08:05:11.071107,2025-02-10 00:58:04.286098518,Low,IT Support,Software,Closed
TCK-2902,2025-02-09 08:05:11.071107,2025-02-10 05:55:34.191288526,Low,IT Support,Hardware,Closed
TCK-2903,2025-02-09 08:35:25.652565,2025-02-09 19:26:32.449679358,Medium,Operations,Access Control,Resolved
TCK-2904,2025-02-09 09:05:40.234023,2025-02-09 14:06:43.417815051,High,IT Support,Software,Resolved
TCK-2905,2025-02-09 09:05:40.234023,2025-02-10 22:52:10.839257272,Medium,DevOps,Software,Closed
TCK-2906,2025-02-09 09:05:40.234023,2025-02-10 09:32:39.634528135,Low,Finance,Hardware,Closed
TCK-2907,2025-02-09 09:05:40.234023,2025-02-11 02:30:55.332618414,Low,IT Support,Email,Closed
TCK-2908,2025-02-09 09:35:54.815481,2025-02-10 16:18:21.243260161,Medium,Finance,Hardware,Closed
TCK-2909,2025-02-09 10:06:09.396939,2025-02-12 21:40:57.319353783,Medium,DevOps,Email,Closed
TCK-2910,2025-02-09 11:06:38.559855,2025-02-09 14:57:07.334883563,Low,Operations,Software,Closed
TCK-2911,2025-02-09 11:06:38.559855,2025-02-09 12:44:38.717211155,Medium,IT Support,Network,Closed
TCK-2912,2025-02-09 12:07:07.722772,2025-02-09 19:30:59.518305056,Medium,IT Support,Network,Resolved
TCK-2913,2025-02-09 12:07:07.722772,2025-02-09 14:36:17.775360971,High,DevOps,Hardware,Resolved
TCK-2914,2025-02-09 12:07:07.722772,2025-02-10 01:26:52.874367211,High,IT Support,Email,Resolved
TCK-2915,2025-02-09 12:37:22.304230,2025-02-10 06:40:02.502489224,Medium,IT Support,Hardware,Closed
TCK-2916,2025-02-09 13:07:36.885688,2025-02-10 04:40:07.416737837,Critical,IT Support,Access Control,Closed
TCK-2917,2025-02-09 13:07:36.885688,2025-02-09 18:31:41.990344317,High,DevOps,Hardware,Resolved
TCK-2918,2025-02-09 13:37:51.467146,2025-02-11 08:44:25.128778920,Low,IT Support,Hardware,Resolved
TCK-2919,2025-02-09 13:37:51.467146,2025-02-09 14:00:58.168546385,High,Finance,Hardware,Closed
TCK-2920,2025-02-09 13:37:51.467146,2025-02-09 21:19:48.448808643,Medium,Operations,Hardware,Resolved
TCK-2921,2025-02-09 14:08:06.048604,2025-02-10 12:59:01.472921751,Critical,DevOps,Email,Resolved
TCK-2922,2025-02-09 15:08:35.211521,2025-02-10 17:21:30.698416217,Medium,IT Support,Email,Closed
TCK-2923,2025-02-09 15:08:35.211521,2025-02-10 00:49:41.324807202,Medium,HR,Email,Closed
TCK-2924,2025-02-09 15:38:49.792979,2025-02-09 15:57:14.919175355,Unassigned,IT Support,Access Control,Closed
TCK-2925,2025-02-09 17:39:48.118811,2025-02-10 10:59:14.815317958,Low,IT Support,Access Control,Resolved
TCK-2926,2025-02-09 17:39:48.118811,2025-02-09 18:50:11.332386409,Medium,IT Support,Hardware,Closed
TCK-2927,2025-02-09 17:39:48.118811,2025-02-09 19:43:03.579096737,High,HR,Email,Closed
TCK-2928,2025-02-09 18:10:02.700270,2025-02-10 13:04:37.609523014,Medium,Finance,Access Control,Resolved
TCK-2929,2025-02-09 18:10:02.700270,2025-02-10 00:54:41.735489046,High,Operations,Network,Resolved
TCK-2930,2025-02-09 18:40:17.281728,2025-02-10 02:22:15.933034723,Medium,Operations,Hardware,Closed
TCK-2931,2025-02-09 19:10:31.863186,2025-02-10 07:11:00.165854904,Medium,IT Support,Software,Closed
TCK-2932,2025-02-09 19:10:31.863186,2025-02-12 16:21:21.285345096,Medium,Finance,Email,Closed
TCK-2933,2025-02-09 19:10:31.863186,2025-02-12 07:44:51.807315867,Medium,IT Support,Hardware,Resolved
TCK-2934,2025-02-09 20:11:01.026102,2025-02-10 05:52:22.951169068,Low,Finance,Hardware,Resolved
TCK-2935,2025-02-09 20:41:15.607560,2025-02-10 02:14:30.568862724,Medium,IT Support,Software,Resolved
TCK-2936,2025-02-09 21:11:30.189018,2025-02-10 03:40:43.130053937,Low,Operations,Network,Closed
TCK-2937,2025-02-09 21:41:44.770477,2025-02-10 03:19:49.936287241,Low,Operations,Access Control,Closed
TCK-2938,2025-02-09 21:41:44.770477,2025-02-10 11:22:20.610755765,Low,IT Support,Access Control,Resolved
TCK-2939,2025-02-09 22:42:13.933393,2025-02-10 15:30:30.501083574,Medium,DevOps,Software,Resolved
TCK-2940,2025-02-09 23:12:28.514851,2025-02-10 11:17:06.337703591,Medium,Finance,Software,Closed
TCK-2941,2025-02-10 00:43:12.259225,2025-02-10 10:09:22.954260227,Medium,HR,Access Control,Resolved
TCK-2942,2025-02-10 00:43:12.259225,2025-02-10 04:59:32.557871533,Medium,Finance,Network,Closed
TCK-2943,2025-02-10 00:43:12.259225,2025-02-10 12:34:39.684216065,Low,DevOps,Network,Closed
TCK-2944,2025-02-10 01:13:26.840684,2025-02-10 08:44:00.598444268,Medium,Operations,Hardware,Closed
TCK-2945,2025-02-10 01:13:26.840684,2025-02-10 15:15:51.049062734,Low,DevOps,Software,Resolved
TCK-2946,2025-02-10 01:13:26.840684,2025-02-10 21:27:55.288495776,Medium,Finance,Software,Resolved
TCK-2947,2025-02-10 01:13:26.840684,2025-02-10 19:16:57.078092149,Low,DevOps,Software,Closed
TCK-2948,2025-02-10 01:13:26.840684,2025-02-10 12:23:55.218909383,Medium,Operations,Access Control,Closed
TCK-2949,2025-02-10 01:43:41.422142,2025-02-10 16:20:42.184137293,Medium,IT Support,Access Control,Closed
TCK-2950,2025-02-10 02:13:56.003600,2025-02-10 08:16:01.599462615,Medium,IT Support,Access Control,Closed
TCK-2951,2025-02-10 02:13:56.003600,2025-02-10 02:40:26.123665795,Low,DevOps,Network,Closed
TCK-2952,2025-02-10 02:13:56.003600,2025-02-10 19:53:17.100962609,High,Operations,Access Control,Resolved
TCK-2953,2025-02-10 02:44:10.585058,2025-02-10 07:58:34.687748016,Medium,IT Support,Hardware,Resolved
TCK-2954,2025-02-10 03:44:39.747974,2025-02-10 23:38:35.957763103,High,HR,Access Control,Closed
TCK-2955,2025-02-10 03:44:39.747974,2025-02-11 04:29:00.828190937,Low,IT Support,Network,Closed
TCK-2956,2025-02-10 04:14:54.329432,2025-02-12 00:49:04.228183577,High,DevOps,Software,Resolved
TCK-2957,2025-02-10 04:14:54.329432,2025-02-12 13:21:45.613625385,Low,Operations,Hardware,Closed
TCK-2958,2025-02-10 04:45:08.910891,2025-02-10 04:56:34.613927562,Low,HR,Network,Resolved
TCK-2959,2025-02-10 05:15:23.492349,2025-02-13 16:50:09.932216160,Low,HR,Email,Resolved
TCK-2960,2025-02-10 05:45:38.073807,2025-02-11 02:26:27.525646692,Low,Operations,Software,Closed
TCK-2961,2025-02-10 06:15:52.655265,2025-02-11 00:49:53.130312404,Medium,IT Support,Access Control,Resolved
TCK-2962,2025-02-10 06:15:52.655265,2025-02-10 06:32:26.039363161,Low,Operations,Network,Closed
TCK-2963,2025-02-10 06:46:07.236723,2025-02-11 18:19:04.772996682,Medium,HR,Email,Closed
TCK-2964,2025-02-10 07:46:36.399639,2025-02-10 10:36:24.823766805,Low,Finance,Network,Closed
TCK-2965,2025-02-10 07:46:36.399639,2025-02-11 16:27:55.313187844,Medium,Finance,Access Control,Resolved
TCK-2966,2025-02-10 10:17:49.306930,2025-02-10 10:34:45.689351379,Critical,Finance,Network,Closed
TCK-2967,2025-02-10 10:17:49.306930,2025-02-11 04:59:14.867587344,Medium,Operations,Email,Resolved
TCK-2968,2025-02-10 10:17:49.306930,2025-02-10 20:34:02.783481991,Medium,Operations,Network,Resolved
TCK-2969,2025-02-10 11:18:18.469846,2025-02-10 15:20:20.306805089,Low,DevOps,Hardware,Resolved
TCK-2970,2025-02-10 11:18:18.469846,2025-02-10 13:21:12.551344657,Low,IT Support,Hardware,Closed
TCK-2971,2025-02-10 11:48:33.051305,2025-02-10 22:15:00.067797011,Medium,IT Support,Access Control,Closed
TCK-2972,2025-02-10 12:18:47.632763,2025-02-10 14:40:55.121097390,High,HR,Email,Resolved
TCK-2973,2025-02-10 12:49:02.214221,2025-02-11 00:48:45.017526261,Low,Operations,Email,Resolved
TCK-2974,2025-02-10 13:19:16.795679,2025-02-11 06:59:12.049868734,Medium,Finance,Email,Resolved
TCK-2975,2025-02-10 13:49:31.377137,2025-02-11 21:26:44.689964670,High,Operations,Email,Closed
TCK-2976,2025-02-10 13:49:31.377137,2025-02-11 10:15:33.805229704,Critical,Operations,Email,Closed
TCK-2977,2025-02-10 13:49:31.377137,2025-02-10 15:02:20.350390525,Unassigned,Finance,Software,Resolved
TCK-2978,2025-02-10 13:49:31.377137,2025-02-10 20:26:15.632496316,High,Operations,Network,Resolved
TCK-2979,2025-02-10 14:19:45.958595,2025-02-10 20:26:35.105124290,Low,Operations,Email,Closed
TCK-2980,2025-02-10 15:50:29.702970,2025-02-12 12:13:13.166471610,High,DevOps,Hardware,Closed
TCK-2981,2025-02-10 15:50:29.702970,2025-02-12 04:15:39.772313407,Critical,DevOps,Network,Closed
TCK-2982,2025-02-10 15:50:29.702970,2025-02-11 00:09:44.816997145,Medium,DevOps,Access Control,Resolved
TCK-2983,2025-02-10 16:20:44.284428,2025-02-10 17:40:27.410609759,Low,IT Support,Access Control,Resolved
TCK-2984,2025-02-10 16:50:58.865886,2025-02-12 09:15:56.193500006,Medium,Finance,Email,Closed
TCK-2985,2025-02-10 17:21:13.447344,2025-02-12 08:47:27.257222305,Low,IT Support,Software,Resolved
TCK-2986,2025-02-10 17:21:13.447344,2025-02-12 04:04:50.289394636,Medium,IT Support,Software,Resolved
TCK-2987,2025-02-10 17:51:28.028802,2025-02-12 03:25:30.762135232,High,Operations,Network,Closed
TCK-2988,2025-02-10 18:21:42.610261,2025-02-11 06:08:28.705525047,Medium,Finance,Software,Closed
TCK-2989,2025-02-10 18:51:57.191719,2025-02-10 22:22:54.167623254,High,IT Support,Access Control,Closed
TCK-2990,2025-02-10 20:52:55.517551,2025-02-11 08:33:57.678721865,Medium,HR,Email,Resolved
TCK-2991,2025-02-10 20:52:55.517551,2025-02-11 09:09:55.081162419,Medium,Operations,Hardware,Resolved
TCK-2992,2025-02-10 20:52:55.517551,2025-02-11 08:59:59.573830210,Critical,Operations,Access Control,Closed
TCK-2993,2025-02-10 21:53:24.680468,2025-02-11 11:49:11.071038479,Medium,IT Support,Access Control,Closed
TCK-2994,2025-02-10 21:53:24.680468,2025-02-11 03:15:11.445800103,High,Operations,Network,Closed
TCK-2995,2025-02-10 22:23:39.261926,2025-02-11 06:36:13.687136404,Medium,HR,Software,Resolved
TCK-2996,2025-02-10 23:24:08.424842,2025-02-11 09:39:11.436646652,Medium,DevOps,Hardware,Resolved
TCK-2997,2025-02-11 01:55:21.332133,2025-02-11 04:27:09.078732384,Critical,DevOps,Hardware,Closed
TCK-2998,2025-02-11 02:55:50.495049,2025-02-11 13:52:05.427368184,Medium,Operations,Software,Resolved
TCK-2999,2025-02-11 03:26:05.076507,2025-02-12 09:22:20.821109572,Medium,Operations,Email,Resolved
TCK-3000,2025-02-11 03:56:19.657965,2025-02-12 11:37:46.994207665,Medium,IT Support,Software,Closed
TCK-3001,2025-02-11 03:56:19.657965,2025-02-11 13:29:02.237526088,High,Finance,Email,Closed
TCK-3002,2025-02-11 03:56:19.657965,2025-02-11 17:06:20.182016051,High,HR,Hardware,Closed
TCK-3003,2025-02-11 04:26:34.239423,2025-02-11 05:03:32.313307284,Medium,Finance,Network,Closed
TCK-3004,2025-02-11 05:27:03.402340,2025-02-12 01:39:01.031747664,Low,Finance,Access Control,Closed
TCK-3005,2025-02-11 06:57:47.146714,2025-02-11 16:17:48.001594087,Medium,HR,Hardware,Closed
TCK-3006,2025-02-11 07:28:01.728172,2025-02-11 18:04:50.933222144,Unassigned,HR,Hardware,Closed
TCK-3007,2025-02-11 07:58:16.309630,2025-02-12 21:12:39.690610428,Low,IT Support,Hardware,Closed
TCK-3008,2025-02-11 08:28:30.891089,2025-02-11 19:37:40.259825469,Medium,Finance,Access Control,Closed
TCK-3009,2025-02-11 08:58:45.472547,2025-02-11 09:21:53.490214468,Low,DevOps,Email,Closed
TCK-3010,2025-02-11 08:58:45.472547,2025-02-11 13:37:31.096355387,Critical,HR,Network,Resolved
TCK-3011,2025-02-11 09:29:00.054005,2025-02-11 21:06:11.035516494,Medium,Operations,Network,Closed
TCK-3012,2025-02-11 10:59:43.798379,2025-02-11 20:56:15.162321910,Medium,IT Support,Network,Closed
TCK-3013,2025-02-11 11:29:58.379837,2025-02-12 22:56:14.040486074,Low,Finance,Email,Closed
TCK-3014,2025-02-11 12:00:12.961296,2025-02-12 02:03:53.838629821,Medium,Finance,Software,Closed
TCK-3015,2025-02-11 14:01:11.287128,2025-02-12 11:04:47.847338614,Medium,IT Support,Software,Closed
TCK-3016,2025-02-11 15:01:40.450045,2025-02-12 02:25:57.878360421,Medium,IT Support,Network,Closed
TCK-3017,2025-02-11 16:32:24.194419,2025-02-12 02:57:56.608663886,Medium,Operations,Hardware,Closed
TCK-3018,2025-02-11 16:32:24.194419,2025-02-12 03:10:48.004371490,Medium,Finance,Hardware,Closed
TCK-3019,2025-02-11 17:02:38.775877,2025-02-12 02:34:10.673163596,High,HR,Access Control,Resolved
TCK-3020,2025-02-11 17:02:38.775877,2025-02-12 06:57:58.590267053,Low,HR,Software,Closed
TCK-3021,2025-02-11 17:02:38.775877,2025-02-11 22:13:58.895412306,Low,Operations,Hardware,Closed
TCK-3022,2025-02-11 17:02:38.775877,2025-02-13 08:56:54.795982734,High,HR,Network,Closed
TCK-3023,2025-02-11 17:32:53.357335,2025-02-12 00:50:23.416089904,High,Operations,Access Control,Resolved
TCK-3024,2025-02-11 18:03:07.938793,2025-02-11 20:55:30.668620009,Low,IT Support,Software,Closed
TCK-3025,2025-02-11 19:03:37.101710,2025-02-11 20:53:16.572338872,Low,Finance,Access Control,Resolved
TCK-3026,2025-02-11 19:03:37.101710,2025-02-11 19:18:12.797038996,Medium,IT Support,Hardware,Closed
TCK-3027,2025-02-11 19:33:51.683168,2025-02-12 05:27:29.885291477,Low,DevOps,Network,Resolved
TCK-3028,2025-02-11 20:04:06.264626,2025-02-11 23:48:30.147831643,Unassigned,DevOps,Network,Closed
TCK-3029,2025-02-11 20:34:20.846084,2025-02-11 20:57:59.036588505,Medium,Finance,Network,Closed
TCK-3030,2025-02-11 21:04:35.427542,2025-02-12 10:17:19.268890010,High,IT Support,Hardware,Resolved
TCK-3031,2025-02-11 21:04:35.427542,2025-02-12 17:35:06.425339976,High,HR,Email,Closed
TCK-3032,2025-02-11 21:34:50.009000,2025-02-11 23:11:39.482668808,Medium,IT Support,Network,Closed
TCK-3033,2025-02-11 22:05:04.590459,2025-02-12 09:12:24.039353774,Medium,HR,Email,Closed
TCK-3034,2025-02-11 22:05:04.590459,2025-02-12 22:35:05.711505302,Medium,Operations,Network,Resolved
TCK-3035,2025-02-11 22:05:04.590459,2025-02-15 02:40:28.187564172,High,DevOps,Email,Closed
TCK-3036,2025-02-11 22:35:19.171917,2025-02-12 18:23:31.131273043,Medium,IT Support,Software,Closed
TCK-3037,2025-02-11 22:35:19.171917,2025-02-12 03:38:36.634303405,Low,Operations,Software,Closed
TCK-3038,2025-02-11 23:05:33.753375,2025-02-12 21:47:09.211552708,Medium,Operations,Network,Resolved
TCK-3039,2025-02-11 23:05:33.753375,2025-02-12 15:29:34.825133657,Medium,Finance,Access Control,Resolved
TCK-3040,2025-02-11 23:35:48.334833,2025-02-12 03:52:50.897586975,Low,Finance,Access Control,Closed
TCK-3041,2025-02-12 00:06:02.916291,2025-02-13 10:22:57.953764203,Medium,Operations,Hardware,Closed
TCK-3042,2025-02-12 00:06:02.916291,2025-02-12 10:08:13.816346869,Low,Finance,Software,Closed
TCK-3043,2025-02-12 00:36:17.497749,2025-02-14 11:27:26.363317109,High,Finance,Software,Resolved
TCK-3044,2025-02-12 00:36:17.497749,2025-02-12 23:42:20.551738626,Low,DevOps,Access Control,Closed
TCK-3045,2025-02-12 02:37:15.823582,2025-02-12 21:14:25.442262085,Medium,IT Support,Network,Closed
TCK-3046,2025-02-12 03:37:44.986498,2025-02-13 03:05:15.667587357,Medium,Operations,Hardware,Closed
TCK-3047,2025-02-12 03:37:44.986498,2025-02-12 15:20:02.713715972,Critical,Finance,Software,Closed
TCK-3048,2025-02-12 05:08:28.730873,2025-02-12 17:48:25.584724228,Medium,Finance,Hardware,Closed
TCK-3049,2025-02-12 05:38:43.312331,2025-02-13 15:56:20.388399472,Medium,IT Support,Software,Closed
TCK-3050,2025-02-12 05:38:43.312331,2025-02-13 02:12:26.955880018,Medium,IT Support,Email,Closed
TCK-3051,2025-02-12 05:38:43.312331,2025-02-13 22:36:08.679332801,Low,HR,Email,Resolved
TCK-3052,2025-02-12 06:39:12.475247,2025-02-13 22:31:12.762114936,Medium,HR,Hardware,Closed
TCK-3053,2025-02-12 07:09:27.056705,2025-02-15 02:39:48.496725018,Medium,DevOps,Access Control,Closed
TCK-3054,2025-02-12 07:09:27.056705,2025-02-13 04:50:30.877332061,High,IT Support,Access Control,Closed
TCK-3055,2025-02-12 07:09:27.056705,2025-02-12 19:43:01.985337103,Medium,IT Support,Software,Closed
TCK-3056,2025-02-12 07:39:41.638163,2025-02-12 10:56:08.478728548,Low,Finance,Email,Closed
TCK-3057,2025-02-12 07:39:41.638163,2025-02-13 05:39:31.825235374,Low,Finance,Email,Resolved
TCK-3058,2025-02-12 08:09:56.219621,2025-02-12 14:22:13.746296828,High,IT Support,Hardware,Closed
TCK-3059,2025-02-12 08:40:10.801080,2025-02-12 14:39:23.690239544,Medium,IT Support,Hardware,Closed
TCK-3060,2025-02-12 08:40:10.801080,2025-02-12 13:34:08.483299680,High,Operations,Access Control,Resolved
TCK-3061,2025-02-12 09:10:25.382538,2025-02-13 22:37:16.499882456,Medium,IT Support,Access Control,Closed
TCK-3062,2025-02-12 11:11:23.708370,2025-02-13 23:38:03.234767567,Medium,Operations,Access Control,Resolved
TCK-3063,2025-02-12 11:41:38.289828,2025-02-13 05:38:16.019410898,Low,HR,Network,Resolved
TCK-3064,2025-02-12 12:11:52.871287,2025-02-12 23:43:38.479328216,Low,DevOps,Email,Resolved
TCK-3065,2025-02-12 12:11:52.871287,2025-02-13 08:16:10.748336987,Low,IT Support,Email,Closed
TCK-3066,2025-02-12 12:11:52.871287,2025-02-13 05:01:10.394590788,Unassigned,DevOps,Hardware,Resolved
TCK-3067,2025-02-12 13:12:22.034203,2025-02-12 22:52:45.511786145,High,IT Support,Email,Closed
TCK-3068,2025-02-12 13:42:36.615661,2025-02-12 22:18:14.766740922,Medium,HR,Hardware,Resolved
TCK-3069,2025-02-12 14:12:51.197119,2025-02-12 22:54:00.627402704,Low,IT Support,Network,Closed
TCK-3070,2025-02-12 15:43:34.941494,2025-02-13 07:44:13.679593228,Medium,DevOps,Access Control,Resolved
TCK-3071,2025-02-12 16:13:49.522952,2025-02-13 11:00:27.924888888,Medium,Operations,Network,Closed
TCK-3072,2025-02-12 16:13:49.522952,2025-02-13 03:02:54.896453368,Medium,HR,Access Control,Closed
TCK-3073,2025-02-12 16:13:49.522952,2025-02-15 06:34:47.914208710,Medium,IT Support,Access Control,Resolved
TCK-3074,2025-02-12 16:13:49.522952,2025-02-12 17:48:24.091246029,Critical,DevOps,Hardware,Closed
TCK-3075,2025-02-12 16:44:04.104410,2025-02-13 00:24:25.115266726,High,Operations,Access Control,Closed
TCK-3076,2025-02-12 17:44:33.267326,2025-02-13 03:31:08.290441955,Low,Finance,Network,Closed
TCK-3077,2025-02-12 19:15:17.011701,2025-02-12 19:33:42.897910940,Medium,Operations,Software,Closed
TCK-3078,2025-02-12 20:15:46.174617,2025-02-13 04:26:09.448033595,Low,HR,Hardware,Closed
TCK-3079,2025-02-12 20:46:00.756075,2025-02-13 02:31:24.170673342,Low,IT Support,Access Control,Closed
TCK-3080,2025-02-12 21:16:15.337533,2025-02-13 09:57:58.335985983,Unassigned,IT Support,Access Control,Closed
TCK-3081,2025-02-12 21:46:29.918991,2025-02-13 05:09:23.855622195,High,DevOps,Email,Closed
TCK-3082,2025-02-12 22:16:44.500450,2025-02-13 21:35:39.429806843,Low,HR,Hardware,Closed
TCK-3083,2025-02-12 22:16:44.500450,2025-02-13 11:07:00.646661397,Medium,IT Support,Hardware,Resolved
TCK-3084,2025-02-12 22:16:44.500450,2025-02-13 00:46:50.975327622,Medium,IT Support,Network,Resolved
TCK-3085,2025-02-12 22:16:44.500450,2025-02-13 23:14:12.272218623,Medium,Finance,Software,Resolved
TCK-3086,2025-02-12 23:47:28.244824,2025-02-13 01:40:20.110527053,Medium,IT Support,Network,Resolved
TCK-3087,2025-02-12 23:47:28.244824,2025-02-14 08:40:15.576461884,Low,IT Support,Network,Resolved
TCK-3088,2025-02-13 00:17:42.826282,2025-02-15 00:31:52.980177686,Medium,Operations,Network,Closed
TCK-3089,2025-02-13 00:17:42.826282,2025-02-13 07:18:07.196791205,Low,IT Support,Software,Resolved
TCK-3090,2025-02-13 00:17:42.826282,2025-02-14 23:11:46.971325573,Medium,IT Support,Network,Resolved
TCK-3091,2025-02-13 00:47:57.407740,2025-02-14 05:09:02.326224884,Low,DevOps,Hardware,Closed
TCK-3092,2025-02-13 01:18:11.989198,2025-02-14 23:19:22.705843268,Low,Operations,Software,Closed
TCK-3093,2025-02-13 01:48:26.570657,2025-02-13 21:33:39.607393747,Low,Finance,Access Control,Closed
TCK-3094,2025-02-13 02:18:41.152115,2025-02-13 07:08:54.317065415,Low,IT Support,Email,Closed
TCK-3095,2025-02-13 02:48:55.733573,2025-02-14 19:18:08.080003311,Low,Operations,Email,Resolved
TCK-3096,2025-02-13 04:19:39.477947,2025-02-13 07:59:37.023409664,High,Finance,Hardware,Resolved
TCK-3097,2025-02-13 05:50:23.222322,2025-02-13 10:09:09.559743620,Medium,HR,Email,Closed
TCK-3098,2025-02-13 06:20:37.803780,2025-02-13 12:02:05.487389382,Medium,Finance,Email,Closed
TCK-3099,2025-02-13 06:50:52.385238,2025-02-13 13:22:39.205833929,Medium,DevOps,Email,Closed
TCK-3100,2025-02-13 07:21:06.966696,2025-02-13 20:21:27.173808035,Low,Finance,Access Control,Closed
TCK-3101,2025-02-13 07:21:06.966696,2025-02-14 05:50:58.408216609,Medium,Operations,Email,Closed
TCK-3102,2025-02-13 07:51:21.548154,2025-02-15 06:46:23.222344033,High,Finance,Network,Resolved
TCK-3103,2025-02-13 08:21:36.129612,2025-02-13 10:01:36.299526418,Low,Operations,Hardware,Resolved
TCK-3104,2025-02-13 08:21:36.129612,2025-02-15 15:55:45.128392923,Critical,Finance,Hardware,Resolved
TCK-3105,2025-02-13 08:21:36.129612,2025-02-15 06:07:23.908624925,High,IT Support,Hardware,Resolved
TCK-3106,2025-02-13 08:51:50.711071,2025-02-13 09:51:47.886189648,High,Finance,Access Control,Closed
TCK-3107,2025-02-13 09:22:05.292529,2025-02-13 17:24:37.220131020,Low,IT Support,Access Control,Closed
TCK-3108,2025-02-13 10:22:34.455445,2025-02-14 16:34:10.866400177,Medium,IT Support,Email,Closed
TCK-3109,2025-02-13 10:22:34.455445,2025-02-14 03:23:53.168808754,Medium,DevOps,Network,Closed
TCK-3110,2025-02-13 11:23:03.618361,2025-02-14 14:33:52.768626660,Low,DevOps,Email,Closed
TCK-3111,2025-02-13 11:23:03.618361,2025-02-14 10:14:08.466413371,Medium,IT Support,Hardware,Closed
TCK-3112,2025-02-13 11:53:18.199819,2025-02-14 00:14:56.889995309,High,HR,Network,Closed
TCK-3113,2025-02-13 12:23:32.781278,2025-02-13 13:09:00.316827889,Critical,IT Support,Hardware,Closed
TCK-3114,2025-02-13 12:53:47.362736,2025-02-14 04:41:43.291051545,Low,Operations,Network,Closed
TCK-3115,2025-02-13 12:53:47.362736,2025-02-13 13:47:33.472545515,Low,IT Support,Software,Closed
TCK-3116,2025-02-13 13:24:01.944194,2025-02-14 06:03:44.141857294,Low,DevOps,Access Control,Closed
TCK-3117,2025-02-13 14:24:31.107110,2025-02-14 19:24:55.940205704,Low,Finance,Access Control,Closed
TCK-3118,2025-02-13 14:24:31.107110,2025-02-14 06:14:19.912694441,Medium,HR,Hardware,Closed
TCK-3119,2025-02-13 14:54:45.688568,2025-02-17 23:36:30.852791947,High,IT Support,Hardware,Resolved
TCK-3120,2025-02-13 15:55:14.851485,2025-02-14 02:52:29.582133299,High,HR,Software,Closed
TCK-3121,2025-02-13 16:25:29.432943,2025-02-14 17:17:38.096606917,Critical,DevOps,Email,Closed
TCK-3122,2025-02-13 17:25:58.595859,2025-02-14 13:14:15.023304472,Medium,DevOps,Network,Resolved
TCK-3123,2025-02-13 17:56:13.177317,2025-02-17 07:36:40.761895248,Medium,DevOps,Software,Closed
TCK-3124,2025-02-13 17:56:13.177317,2025-02-14 16:25:10.738526070,High,DevOps,Software,Closed
TCK-3125,2025-02-13 21:27:55.247524,2025-02-14 00:41:25.037573641,Critical,IT Support,Hardware,Resolved
TCK-3126,2025-02-13 22:28:24.410441,2025-02-16 06:30:05.041918358,High,IT Support,Hardware,Closed
TCK-3127,2025-02-13 22:58:38.991899,2025-02-14 18:48:45.321469386,Medium,Operations,Email,Closed
TCK-3128,2025-02-14 00:29:22.736273,2025-02-14 01:35:26.658651031,Critical,DevOps,Email,Closed
TCK-3129,2025-02-14 00:29:22.736273,2025-02-14 19:46:47.799475783,Medium,DevOps,Hardware,Closed
TCK-3130,2025-02-14 00:29:22.736273,2025-02-15 15:07:42.574073330,Critical,Finance,Access Control,Closed
TCK-3131,2025-02-14 00:59:37.317731,2025-02-14 16:28:56.555824788,High,HR,Email,Closed
TCK-3132,2025-02-14 01:29:51.899189,2025-02-14 09:21:48.603334959,Low,IT Support,Software,Resolved
TCK-3133,2025-02-14 02:30:21.062106,2025-02-15 09:27:48.298744167,Critical,DevOps,Hardware,Closed
TCK-3134,2025-02-14 03:00:35.643564,2025-02-15 06:28:15.277843729,Low,Operations,Network,Closed
TCK-3135,2025-02-14 03:30:50.225022,2025-02-14 17:39:21.123289901,Critical,HR,Network,Closed
TCK-3136,2025-02-14 04:01:04.806480,2025-02-14 07:02:09.410016566,Medium,IT Support,Access Control,Closed
TCK-3137,2025-02-14 04:31:19.387938,2025-02-14 09:43:26.474684931,Medium,IT Support,Hardware,Closed
TCK-3138,2025-02-14 05:01:33.969396,2025-02-15 05:10:07.598313961,Low,IT Support,Software,Closed
TCK-3139,2025-02-14 05:01:33.969396,2025-02-15 10:33:06.753516335,Low,Finance,Access Control,Resolved
TCK-3140,2025-02-14 05:01:33.969396,2025-02-14 10:55:14.941675064,Unassigned,Operations,Software,Closed
TCK-3141,2025-02-14 05:01:33.969396,2025-02-14 13:17:06.948690794,Medium,DevOps,Network,Closed
TCK-3142,2025-02-14 05:31:48.550855,2025-02-14 06:59:05.095770677,High,Operations,Software,Closed
TCK-3143,2025-02-14 06:02:03.132313,2025-02-15 04:31:55.611376935,High,Finance,Network,Resolved
TCK-3144,2025-02-14 06:02:03.132313,2025-02-14 06:05:55.372876713,Medium,HR,Email,Closed
TCK-3145,2025-02-14 06:32:17.713771,2025-02-14 07:23:46.042956004,Medium,Operations,Network,Resolved
TCK-3146,2025-02-14 07:32:46.876687,2025-02-14 07:37:28.985473859,Low,HR,Network,Closed
TCK-3147,2025-02-14 09:03:30.621062,2025-02-15 03:42:58.291867547,Medium,Operations,Access Control,Closed
TCK-3148,2025-02-14 09:03:30.621062,2025-02-14 18:46:57.676702150,Medium,DevOps,Access Control,Closed
TCK-3149,2025-02-14 09:03:30.621062,2025-02-14 15:24:56.454644833,High,IT Support,Hardware,Closed
TCK-3150,2025-02-14 09:33:45.202520,2025-02-16 05:27:14.584565783,High,Finance,Hardware,Closed
TCK-3151,2025-02-14 10:34:14.365436,2025-02-14 14:25:33.700670336,Low,HR,Network,Closed
TCK-3152,2025-02-14 11:34:43.528352,2025-02-14 20:27:26.828813276,Unassigned,IT Support,Email,Closed
TCK-3153,2025-02-14 12:35:12.691269,2025-02-16 15:19:19.328738576,Medium,HR,Hardware,Closed
TCK-3154,2025-02-14 12:35:12.691269,2025-02-14 22:36:49.891109894,Medium,Operations,Network,Closed
TCK-3155,2025-02-14 12:35:12.691269,2025-02-15 03:08:55.430330878,High,DevOps,Access Control,Closed
TCK-3156,2025-02-14 12:35:12.691269,2025-02-14 14:05:39.550996854,Medium,IT Support,Hardware,Closed
TCK-3157,2025-02-14 13:05:27.272727,2025-02-15 17:11:48.609406416,High,HR,Hardware,Resolved
TCK-3158,2025-02-14 14:05:56.435643,2025-02-14 23:59:23.713967153,Medium,Finance,Network,Closed
TCK-3159,2025-02-14 15:06:25.598559,2025-02-15 20:07:24.290960630,Low,HR,Network,Resolved
TCK-3160,2025-02-14 15:06:25.598559,2025-02-14 20:22:36.346697952,Medium,Finance,Software,Closed
TCK-3161,2025-02-14 17:37:38.505850,2025-02-15 03:30:34.356552060,Low,DevOps,Software,Resolved
TCK-3162,2025-02-14 17:37:38.505850,2025-02-15 21:25:32.235690688,Medium,HR,Email,Closed
TCK-3163,2025-02-14 18:07:53.087308,2025-02-17 11:44:27.045450450,Low,IT Support,Hardware,Closed
TCK-3164,2025-02-14 20:08:51.413141,2025-02-14 21:15:15.129528038,Low,Finance,Software,Closed
TCK-3165,2025-02-14 20:39:05.994599,2025-02-16 02:46:44.524179999,High,HR,Network,Closed
TCK-3166,2025-02-14 21:09:20.576057,2025-02-15 03:35:36.931815350,Medium,IT Support,Hardware,Resolved
TCK-3167,2025-02-14 21:39:35.157515,2025-02-15 12:03:45.577170320,Medium,IT Support,Software,Closed
TCK-3168,2025-02-14 22:09:49.738973,2025-02-15 04:19:51.532341081,Medium,HR,Email,Closed
TCK-3169,2025-02-14 23:10:18.901890,2025-02-15 16:16:50.157578663,Medium,Operations,Email,Closed
TCK-3170,2025-02-14 23:40:33.483348,2025-02-15 07:32:08.442619844,Medium,DevOps,Email,Closed
TCK-3171,2025-02-15 00:10:48.064806,2025-02-15 07:29:09.576995193,High,DevOps,Email,Closed
TCK-3172,2025-02-15 00:10:48.064806,2025-02-15 00:52:34.315394007,Low,HR,Network,Closed
TCK-3173,2025-02-15 02:11:46.390639,2025-02-15 05:03:26.306257766,Medium,IT Support,Email,Closed
TCK-3174,2025-02-15 02:42:00.972097,2025-02-16 23:31:03.723212329,Low,IT Support,Access Control,Closed
TCK-3175,2025-02-15 02:42:00.972097,2025-02-19 21:15:04.106751306,Medium,DevOps,Email,Closed
TCK-3176,2025-02-15 03:12:15.553555,2025-02-16 06:30:04.545584947,Critical,HR,Software,Resolved
TCK-3177,2025-02-15 04:12:44.716471,2025-02-15 10:17:47.835410095,High,Finance,Hardware,Closed
TCK-3178,2025-02-15 05:13:13.879387,2025-02-15 14:29:19.994308483,Medium,IT Support,Software,Resolved
TCK-3179,2025-02-15 06:13:43.042304,2025-02-16 06:26:29.778398585,Low,Operations,Hardware,Closed
TCK-3180,2025-02-15 06:13:43.042304,2025-02-17 20:28:34.285860590,Medium,Operations,Network,Closed
TCK-3181,2025-02-15 06:43:57.623762,2025-02-15 17:40:25.292343631,High,IT Support,Hardware,Closed
TCK-3182,2025-02-15 06:43:57.623762,2025-02-16 14:34:38.638296662,Low,DevOps,Access Control,Closed
TCK-3183,2025-02-15 07:44:26.786678,2025-02-18 02:11:25.069390827,High,IT Support,Email,Closed
TCK-3184,2025-02-15 07:44:26.786678,2025-02-16 20:57:07.885437857,Medium,Finance,Software,Resolved
TCK-3185,2025-02-15 07:44:26.786678,2025-02-15 12:22:43.800781187,Low,IT Support,Hardware,Resolved
TCK-3186,2025-02-15 08:14:41.368136,2025-02-15 08:23:23.934325997,Medium,IT Support,Software,Closed
TCK-3187,2025-02-15 08:14:41.368136,2025-02-15 20:26:19.135511335,Low,IT Support,Email,Resolved
TCK-3188,2025-02-15 08:14:41.368136,2025-02-15 21:53:14.724791138,Low,Operations,Network,Closed
TCK-3189,2025-02-15 08:44:55.949594,2025-02-15 12:47:37.010478079,Medium,DevOps,Email,Closed
TCK-3190,2025-02-15 09:15:10.531053,2025-02-15 15:16:59.661428786,Low,IT Support,Network,Resolved
TCK-3191,2025-02-15 09:15:10.531053,2025-02-16 11:19:54.178872522,High,Finance,Software,Closed
TCK-3192,2025-02-15 09:45:25.112511,2025-02-15 21:11:47.695771765,High,IT Support,Network,Closed
TCK-3193,2025-02-15 09:45:25.112511,2025-02-15 16:37:44.390275785,Unassigned,IT Support,Network,Resolved
TCK-3194,2025-02-15 10:45:54.275427,2025-02-16 04:18:23.081572003,Medium,Operations,Network,Resolved
TCK-3195,2025-02-15 11:16:08.856885,2025-02-16 06:18:30.304732348,Low,IT Support,Network,Closed
TCK-3196,2025-02-15 11:46:23.438343,2025-02-16 14:10:48.431110829,Medium,Finance,Network,Closed
TCK-3197,2025-02-15 13:17:07.182718,2025-02-15 16:21:11.923821106,High,HR,Hardware,Resolved
TCK-3198,2025-02-15 13:47:21.764176,2025-02-16 14:08:31.390191777,Medium,IT Support,Network,Resolved
TCK-3199,2025-02-15 13:47:21.764176,2025-02-16 06:15:24.869224322,Medium,HR,Network,Resolved
TCK-3200,2025-02-15 14:17:36.345634,2025-02-15 15:21:38.701306197,Medium,Operations,Email,Resolved
TCK-3201,2025-02-15 14:47:50.927092,2025-02-16 17:50:38.359912873,Low,DevOps,Email,Resolved
TCK-3202,2025-02-15 14:47:50.927092,2025-02-15 23:29:30.388461273,Low,IT Support,Email,Closed
TCK-3203,2025-02-15 15:18:05.508550,2025-02-15 22:31:13.307946878,Low,DevOps,Network,Resolved
TCK-3204,2025-02-15 16:48:49.252925,2025-02-16 03:30:42.704347074,Medium,Operations,Email,Closed
TCK-3205,2025-02-15 16:48:49.252925,2025-02-16 00:27:43.788060192,Low,IT Support,Hardware,Resolved
TCK-3206,2025-02-15 16:48:49.252925,2025-02-16 00:14:46.548259670,Medium,IT Support,Software,Closed
TCK-3207,2025-02-15 17:49:18.415841,2025-02-16 23:32:01.475963834,Medium,IT Support,Email,Resolved
TCK-3208,2025-02-15 18:19:32.997299,2025-02-15 20:43:09.202447452,Medium,IT Support,Email,Resolved
TCK-3209,2025-02-15 18:19:32.997299,2025-02-18 09:48:27.234043060,Low,DevOps,Hardware,Closed
TCK-3210,2025-02-15 18:19:32.997299,2025-02-16 08:53:50.372849124,Medium,IT Support,Access Control,Resolved
TCK-3211,2025-02-15 18:49:47.578757,2025-02-15 22:27:58.679736286,Medium,IT Support,Access Control,Resolved
TCK-3212,2025-02-15 19:20:02.160216,2025-02-15 21:51:56.938001786,High,IT Support,Hardware,Closed
TCK-3213,2025-02-15 19:20:02.160216,2025-02-16 11:26:56.738339329,Medium,HR,Email,Resolved
TCK-3214,2025-02-15 19:20:02.160216,2025-02-16 13:22:37.156342036,Low,Finance,Software,Closed
TCK-3215,2025-02-15 19:20:02.160216,2025-02-15 20:18:52.684503794,Low,DevOps,Email,Closed
TCK-3216,2025-02-15 21:21:00.486048,2025-02-16 02:21:40.453154949,High,IT Support,Hardware,Resolved
TCK-3217,2025-02-15 21:51:15.067506,2025-02-17 02:25:12.739857607,Medium,HR,Hardware,Resolved
TCK-3218,2025-02-15 22:21:29.648964,2025-02-15 23:16:27.855158307,Low,IT Support,Network,Closed
TCK-3219,2025-02-15 23:52:13.393339,2025-02-17 10:38:23.224621422,Medium,Operations,Hardware,Resolved
TCK-3220,2025-02-15 23:52:13.393339,2025-02-16 19:11:30.991996382,Low,HR,Network,Closed
TCK-3221,2025-02-16 00:22:27.974797,2025-02-16 10:37:58.096697572,Medium,IT Support,Hardware,Closed
TCK-3222,2025-02-16 00:52:42.556255,2025-02-16 08:32:02.643945436,Medium,IT Support,Network,Closed
TCK-3223,2025-02-16 01:22:57.137713,2025-02-16 01:43:56.631816813,High,IT Support,Network,Closed
TCK-3224,2025-02-16 02:23:26.300630,2025-02-17 09:47:10.351858601,Low,IT Support,Email,Resolved
TCK-3225,2025-02-16 02:53:40.882088,2025-02-16 05:39:59.619107908,High,Finance,Network,Resolved
TCK-3226,2025-02-16 02:53:40.882088,2025-02-16 09:33:42.809973204,Medium,DevOps,Access Control,Resolved
TCK-3227,2025-02-16 02:53:40.882088,2025-02-16 18:02:55.706210390,Low,IT Support,Hardware,Closed
TCK-3228,2025-02-16 03:23:55.463546,2025-02-16 08:28:51.944218201,Unassigned,Finance,Software,Closed
TCK-3229,2025-02-16 03:54:10.045004,2025-02-16 16:16:36.442115766,High,DevOps,Hardware,Closed
TCK-3230,2025-02-16 03:54:10.045004,2025-02-17 09:44:01.683936481,Low,HR,Email,Resolved
TCK-3231,2025-02-16 04:54:39.207920,2025-02-16 16:21:25.123514251,Medium,IT Support,Email,Closed
TCK-3232,2025-02-16 06:25:22.952295,2025-02-18 11:58:54.413469422,Critical,IT Support,Network,Closed
TCK-3233,2025-02-16 06:55:37.533753,2025-02-17 16:46:40.073616797,Critical,Operations,Email,Resolved
TCK-3234,2025-02-16 06:55:37.533753,2025-02-16 14:13:03.092739261,High,DevOps,Email,Closed
TCK-3235,2025-02-16 07:25:52.115211,2025-02-16 16:37:29.525215205,High,IT Support,Hardware,Closed
TCK-3236,2025-02-16 08:26:21.278127,2025-02-16 18:20:52.344814754,Low,IT Support,Access Control,Closed
TCK-3237,2025-02-16 08:56:35.859585,2025-02-17 02:39:17.725830715,Unassigned,DevOps,Access Control,Closed
TCK-3238,2025-02-16 09:57:05.022502,2025-02-16 16:02:06.606331284,Low,HR,Network,Closed
TCK-3239,2025-02-16 10:27:19.603960,2025-02-19 01:07:42.659661859,Low,DevOps,Email,Resolved
TCK-3240,2025-02-16 10:57:34.185418,2025-02-17 03:50:52.164958413,Unassigned,IT Support,Email,Resolved
TCK-3241,2025-02-16 13:28:47.092709,2025-02-16 22:39:24.004472776,Low,Operations,Access Control,Closed
TCK-3242,2025-02-16 13:28:47.092709,2025-02-17 08:07:18.193726632,Medium,DevOps,Network,Closed
TCK-3243,2025-02-16 13:59:01.674167,2025-02-16 23:02:28.806331343,Medium,IT Support,Email,Closed
TCK-3244,2025-02-16 14:29:16.255625,2025-02-17 21:08:06.458631351,High,Finance,Network,Closed
TCK-3245,2025-02-16 14:59:30.837083,2025-02-17 06:05:35.549515745,Medium,IT Support,Hardware,Closed
TCK-3246,2025-02-16 14:59:30.837083,2025-02-16 15:45:49.248002536,Medium,HR,Email,Closed
TCK-3247,2025-02-16 16:00:00.000000,2025-02-16 19:30:03.839734399,Low,DevOps,Email,Closed
TCK-3248,2025-02-16 16:30:14.581458,2025-02-18 04:32:52.425011983,Low,IT Support,Email,Closed
TCK-3249,2025-02-16 17:00:29.162916,2025-02-17 07:54:17.181530342,High,DevOps,Access Control,Closed
TCK-3250,2025-02-16 17:00:29.162916,2025-02-18 23:03:19.295813259,Medium,IT Support,Access Control,Resolved
TCK-3251,2025-02-16 17:00:29.162916,2025-02-16 18:21:40.744509143,Low,DevOps,Email,Closed
TCK-3252,2025-02-16 18:00:58.325832,2025-02-17 00:18:53.610503609,Medium,HR,Email,Closed
TCK-3253,2025-02-16 18:00:58.325832,2025-02-16 21:53:17.140358976,Low,DevOps,Hardware,Resolved
TCK-3254,2025-02-16 19:31:42.070207,2025-02-17 10:03:20.744169307,Medium,IT Support,Hardware,Closed
TCK-3255,2025-02-16 20:01:56.651665,2025-02-17 04:43:05.926872807,Low,HR,Network,Resolved
TCK-3256,2025-02-16 20:01:56.651665,2025-02-16 23:06:44.764383443,Low,HR,Network,Closed
TCK-3257,2025-02-16 21:32:40.396039,2025-02-17 16:04:20.644353356,Medium,HR,Access Control,Closed
TCK-3258,2025-02-16 21:32:40.396039,2025-02-17 11:22:40.100862362,Critical,HR,Software,Closed
TCK-3259,2025-02-16 22:33:09.558955,2025-02-17 04:20:04.608408128,Medium,HR,Hardware,Closed
TCK-3260,2025-02-16 23:33:38.721872,2025-02-17 11:19:24.670884219,Medium,Operations,Network,Closed
TCK-3261,2025-02-17 00:34:07.884788,2025-02-18 01:13:04.440157701,Low,IT Support,Hardware,Resolved
TCK-3262,2025-02-17 01:04:22.466246,2025-02-17 05:12:30.587117780,Medium,DevOps,Hardware,Closed
TCK-3263,2025-02-17 01:04:22.466246,2025-02-17 07:18:41.582975008,Critical,Finance,Software,Closed
TCK-3264,2025-02-17 01:34:37.047704,2025-02-17 09:13:25.231227224,Medium,HR,Hardware,Closed
TCK-3265,2025-02-17 02:04:51.629162,2025-02-18 02:48:00.503546555,Low,Finance,Software,Resolved
TCK-3266,2025-02-17 02:04:51.629162,2025-02-18 11:51:49.020856148,Unassigned,Operations,Software,Resolved
TCK-3267,2025-02-17 02:04:51.629162,2025-02-17 10:34:51.983795014,Medium,HR,Hardware,Resolved
TCK-3268,2025-02-17 02:35:06.210621,2025-02-17 08:55:06.687943905,Medium,Operations,Hardware,Closed
TCK-3269,2025-02-17 02:35:06.210621,2025-02-18 18:13:32.532208703,Medium,IT Support,Network,Closed
TCK-3270,2025-02-17 03:05:20.792079,2025-02-22 15:36:04.057125994,Low,DevOps,Hardware,Resolved
TCK-3271,2025-02-17 03:05:20.792079,2025-02-17 23:03:51.609352792,Low,IT Support,Hardware,Resolved
TCK-3272,2025-02-17 04:36:04.536453,2025-02-20 15:27:34.071230084,Critical,HR,Hardware,Closed
TCK-3273,2025-02-17 05:06:19.117911,2025-02-18 00:31:19.557232382,Medium,Finance,Network,Resolved
TCK-3274,2025-02-17 06:37:02.862286,2025-02-18 06:25:03.494158766,High,HR,Software,Closed
TCK-3275,2025-02-17 06:37:02.862286,2025-02-17 15:28:30.648697300,Unassigned,HR,Network,Closed
TCK-3276,2025-02-17 07:37:32.025202,2025-02-17 17:50:15.575590228,Medium,IT Support,Hardware,Resolved
TCK-3277,2025-02-17 08:38:01.188118,2025-02-17 11:26:06.880526746,Medium,Finance,Email,Resolved
TCK-3278,2025-02-17 08:38:01.188118,2025-02-18 15:46:37.772075242,Critical,Finance,Hardware,Closed
TCK-3279,2025-02-17 09:08:15.769576,2025-02-19 09:16:43.671586470,Medium,IT Support,Network,Resolved
TCK-3280,2025-02-17 09:38:30.351035,2025-02-18 03:13:18.756620594,Medium,IT Support,Network,Closed
TCK-3281,2025-02-17 10:08:44.932493,2025-02-17 17:43:29.425765726,Critical,DevOps,Access Control,Closed
TCK-3282,2025-02-17 10:08:44.932493,2025-02-17 13:09:23.070534831,Low,DevOps,Email,Closed
TCK-3283,2025-02-17 10:38:59.513951,2025-02-17 16:11:44.222865069,Low,IT Support,Network,Closed
TCK-3284,2025-02-17 11:39:28.676867,2025-02-17 16:57:59.629781382,Medium,IT Support,Software,Closed
TCK-3285,2025-02-17 11:39:28.676867,2025-02-18 04:46:13.749081809,High,IT Support,Hardware,Closed
TCK-3286,2025-02-17 11:39:28.676867,2025-02-19 15:52:40.184593192,Critical,Operations,Software,Resolved
TCK-3287,2025-02-17 11:39:28.676867,2025-02-17 12:32:54.713925022,Medium,DevOps,Network,Closed
TCK-3288,2025-02-17 12:09:43.258325,2025-02-17 12:10:49.537222940,Low,IT Support,Network,Closed
TCK-3289,2025-02-17 12:09:43.258325,2025-02-18 04:39:48.379434905,Medium,DevOps,Software,Resolved
TCK-3290,2025-02-17 12:39:57.839783,2025-02-17 18:40:51.379260147,Medium,IT Support,Software,Resolved
TCK-3291,2025-02-17 12:39:57.839783,2025-02-19 02:54:47.700388303,Low,IT Support,Access Control,Closed
TCK-3292,2025-02-17 13:40:27.002700,2025-02-17 20:48:32.552869332,Medium,Operations,Hardware,Resolved
TCK-3293,2025-02-17 15:11:10.747074,2025-02-17 21:20:40.174946630,Medium,Operations,Software,Closed
TCK-3294,2025-02-17 15:11:10.747074,2025-02-17 20:50:20.577147403,High,DevOps,Hardware,Closed
TCK-3295,2025-02-17 15:41:25.328532,2025-02-17 18:30:25.342238941,Medium,HR,Email,Closed
TCK-3296,2025-02-17 17:12:09.072907,2025-02-18 08:52:59.671287162,Low,IT Support,Network,Closed
TCK-3297,2025-02-17 17:42:23.654365,2025-02-17 21:01:18.492749391,Medium,Operations,Software,Resolved
TCK-3298,2025-02-17 18:12:38.235823,2025-02-18 04:09:36.045895404,Low,DevOps,Email,Closed
TCK-3299,2025-02-17 19:13:07.398739,2025-02-18 06:20:33.011957790,Medium,IT Support,Network,Resolved
TCK-3300,2025-02-17 19:13:07.398739,2025-02-17 19:35:29.077688308,Medium,HR,Access Control,Closed
TCK-3301,2025-02-17 20:13:36.561656,2025-02-17 20:31:54.929754031,Low,Operations,Network,Closed
TCK-3302,2025-02-17 20:43:51.143114,2025-02-18 09:57:01.065004632,Low,Operations,Software,Closed
TCK-3303,2025-02-17 22:14:34.887488,2025-02-18 19:40:41.438386717,Low,DevOps,Email,Resolved
TCK-3304,2025-02-17 22:44:49.468946,2025-02-20 02:02:34.686889736,Medium,DevOps,Email,Closed
TCK-3305,2025-02-17 22:44:49.468946,2025-02-18 02:17:59.529091753,Low,IT Support,Email,Closed
TCK-3306,2025-02-17 23:15:04.050405,2025-02-18 01:12:46.471920798,Low,Finance,Network,Closed
TCK-3307,2025-02-17 23:15:04.050405,2025-02-18 00:12:50.429843461,Low,DevOps,Hardware,Closed
TCK-3308,2025-02-17 23:45:18.631863,2025-02-18 10:03:54.436231375,Medium,IT Support,Hardware,Closed
TCK-3309,2025-02-18 00:45:47.794779,2025-02-18 18:19:46.183644794,High,DevOps,Network,Closed
TCK-3310,2025-02-18 01:46:16.957695,2025-02-19 10:49:12.734465057,Medium,Operations,Software,Closed
TCK-3311,2025-02-18 01:46:16.957695,2025-02-18 22:25:50.113571247,Medium,IT Support,Network,Resolved
TCK-3312,2025-02-18 03:17:00.702070,2025-02-18 07:29:21.191790227,Medium,DevOps,Hardware,Closed
TCK-3313,2025-02-18 03:47:15.283528,2025-02-18 14:56:16.938337359,Critical,DevOps,Network,Closed
TCK-3314,2025-02-18 04:17:29.864986,2025-02-19 23:42:14.590826498,Low,Finance,Email,Closed
TCK-3315,2025-02-18 04:17:29.864986,2025-02-18 11:24:46.382623725,Medium,DevOps,Software,Closed
TCK-3316,2025-02-18 04:47:44.446444,2025-02-18 17:13:36.047618890,Medium,IT Support,Software,Closed
TCK-3317,2025-02-18 05:17:59.027902,2025-02-20 14:36:18.732787141,Medium,DevOps,Access Control,Closed
TCK-3318,2025-02-18 05:17:59.027902,2025-02-19 05:11:03.715663143,Medium,IT Support,Network,Closed
TCK-3319,2025-02-18 05:48:13.609360,2025-02-19 06:35:42.422953410,Unassigned,DevOps,Email,Closed
TCK-3320,2025-02-18 08:19:26.516651,2025-02-18 13:33:30.287360104,Critical,HR,Network,Resolved
TCK-3321,2025-02-18 09:50:10.261026,2025-02-18 19:28:38.924825261,Medium,IT Support,Access Control,Closed
TCK-3322,2025-02-18 10:20:24.842484,2025-02-18 11:53:13.150841309,Medium,HR,Access Control,Closed
TCK-3323,2025-02-18 10:50:39.423942,2025-02-19 03:38:00.972644911,High,IT Support,Network,Closed
TCK-3324,2025-02-18 10:50:39.423942,2025-02-18 12:48:55.915311420,Medium,IT Support,Network,Resolved
TCK-3325,2025-02-18 11:51:08.586858,2025-02-19 20:23:04.068202595,Unassigned,IT Support,Network,Closed
TCK-3326,2025-02-18 12:51:37.749774,2025-02-19 19:11:25.127432299,Medium,DevOps,Hardware,Closed
TCK-3327,2025-02-18 13:52:06.912691,2025-02-19 03:35:51.335954826,Low,Operations,Access Control,Resolved
TCK-3328,2025-02-18 14:22:21.494149,2025-02-18 17:06:42.736265328,Medium,Operations,Software,Closed
TCK-3329,2025-02-18 15:22:50.657065,2025-02-18 15:50:49.742566103,High,Operations,Hardware,Resolved
TCK-3330,2025-02-18 15:53:05.238523,2025-02-19 20:33:39.103062089,High,DevOps,Email,Resolved
TCK-3331,2025-02-18 17:54:03.564356,2025-02-19 10:24:01.966059401,High,IT Support,Software,Resolved
TCK-3332,2025-02-18 17:54:03.564356,2025-02-19 16:14:25.882014016,Unassigned,DevOps,Software,Closed
TCK-3333,2025-02-18 18:24:18.145814,2025-02-19 00:55:24.075131026,Medium,DevOps,Software,Closed
TCK-3334,2025-02-18 18:24:18.145814,2025-02-19 07:13:34.849347595,Low,IT Support,Access Control,Closed
TCK-3335,2025-02-18 19:24:47.308730,2025-02-19 20:09:50.836988301,Medium,DevOps,Email,Closed
TCK-3336,2025-02-18 20:25:16.471647,2025-02-19 07:35:53.662858967,Low,HR,Hardware,Closed
TCK-3337,2025-02-18 20:55:31.053105,2025-02-19 13:28:51.325521167,Unassigned,Operations,Email,Closed
TCK-3338,2025-02-18 20:55:31.053105,2025-02-20 00:59:37.230754685,High,DevOps,Hardware,Closed
TCK-3339,2025-02-18 20:55:31.053105,2025-02-19 01:17:15.506605811,Unassigned,Operations,Access Control,Closed
TCK-3340,2025-02-18 21:25:45.634563,2025-02-18 22:39:25.170045281,Medium,IT Support,Email,Closed
TCK-3341,2025-02-18 22:26:14.797479,2025-02-19 12:05:52.161623519,Low,IT Support,Software,Resolved
TCK-3342,2025-02-18 22:26:14.797479,2025-02-18 23:35:31.032082227,Medium,Operations,Email,Resolved
TCK-3343,2025-02-18 22:26:14.797479,2025-02-20 00:37:27.043018341,Low,IT Support,Access Control,Closed
TCK-3344,2025-02-18 22:26:14.797479,2025-02-19 21:18:00.736217109,Medium,HR,Access Control,Closed
TCK-3345,2025-02-19 00:57:27.704770,2025-02-20 15:22:52.287780989,Medium,Finance,Access Control,Resolved
TCK-3346,2025-02-19 01:27:42.286228,2025-02-19 19:49:46.512614878,High,Operations,Hardware,Closed
TCK-3347,2025-02-19 01:27:42.286228,2025-02-19 02:42:49.894700002,Low,IT Support,Email,Closed
TCK-3348,2025-02-19 02:28:11.449144,2025-02-19 07:43:26.164997350,High,IT Support,Software,Closed
TCK-3349,2025-02-19 02:28:11.449144,2025-02-20 08:10:05.292736257,Medium,Finance,Software,Closed
TCK-3350,2025-02-19 02:58:26.030603,2025-02-19 06:15:56.694378115,Unassigned,HR,Network,Closed
TCK-3351,2025-02-19 03:58:55.193519,2025-02-20 01:33:45.240723205,Low,IT Support,Access Control,Resolved
TCK-3352,2025-02-19 04:59:24.356435,2025-02-20 08:15:56.263308956,Low,Operations,Software,Closed
TCK-3353,2025-02-19 05:59:53.519351,2025-02-19 13:12:35.279256799,High,DevOps,Access Control,Resolved
TCK-3354,2025-02-19 06:30:08.100810,2025-02-19 13:30:18.335954713,Medium,Operations,Software,Closed
TCK-3355,2025-02-19 08:00:51.845184,2025-02-19 22:42:08.585173861,Medium,IT Support,Email,Resolved
TCK-3356,2025-02-19 08:00:51.845184,2025-02-20 19:34:14.098692321,Critical,DevOps,Network,Closed
TCK-3357,2025-02-19 08:00:51.845184,2025-02-19 12:34:37.471803791,Medium,Operations,Access Control,Closed
TCK-3358,2025-02-19 08:31:06.426642,2025-02-21 11:32:28.742695091,Low,Finance,Hardware,Closed
TCK-3359,2025-02-19 09:31:35.589558,2025-02-20 01:58:48.612978734,Low,IT Support,Hardware,Resolved
TCK-3360,2025-02-19 10:01:50.171017,2025-02-23 01:13:37.502984204,Medium,Operations,Software,Resolved
TCK-3361,2025-02-19 10:32:04.752475,2025-02-19 12:13:28.584093632,Medium,Finance,Email,Closed
TCK-3362,2025-02-19 11:02:19.333933,2025-02-19 13:28:27.958932849,Low,DevOps,Access Control,Closed
TCK-3363,2025-02-19 11:02:19.333933,2025-02-20 18:34:54.551073792,High,IT Support,Network,Resolved
TCK-3364,2025-02-19 11:32:33.915391,2025-02-20 23:33:17.587520922,Medium,DevOps,Email,Resolved
TCK-3365,2025-02-19 13:03:17.659765,2025-02-19 23:40:04.645181693,High,Operations,Software,Closed
TCK-3366,2025-02-19 14:03:46.822682,2025-02-20 12:35:57.224048405,Low,Finance,Email,Closed
TCK-3367,2025-02-19 14:34:01.404140,2025-02-21 02:57:21.413656365,High,IT Support,Network,Closed
TCK-3368,2025-02-19 15:04:15.985598,2025-02-19 15:51:52.721232240,Critical,IT Support,Email,Closed
TCK-3369,2025-02-19 15:34:30.567056,2025-02-20 06:55:57.898643406,High,IT Support,Access Control,Closed
TCK-3370,2025-02-19 16:04:45.148514,2025-02-21 02:38:59.891794405,Medium,HR,Software,Closed
TCK-3371,2025-02-19 16:04:45.148514,2025-02-20 01:13:07.688703191,Low,DevOps,Network,Closed
TCK-3372,2025-02-19 17:05:14.311431,2025-02-19 23:34:07.878156081,Low,IT Support,Software,Closed
TCK-3373,2025-02-19 17:35:28.892889,2025-02-20 22:10:44.155666070,Medium,IT Support,Access Control,Resolved
TCK-3374,2025-02-19 17:35:28.892889,2025-02-20 00:57:21.927634226,Low,HR,Network,Resolved
TCK-3375,2025-02-19 17:35:28.892889,2025-02-19 17:38:54.914571750,High,HR,Network,Closed
TCK-3376,2025-02-19 18:05:43.474347,2025-02-22 03:50:37.892911883,Unassigned,Finance,Software,Closed
TCK-3377,2025-02-19 18:35:58.055805,2025-02-20 10:44:30.060770454,Low,DevOps,Email,Closed
TCK-3378,2025-02-19 19:06:12.637263,2025-02-21 01:55:18.258127233,Medium,Operations,Email,Resolved
TCK-3379,2025-02-19 19:06:12.637263,2025-02-21 02:30:28.808779589,Critical,IT Support,Hardware,Closed
TCK-3380,2025-02-19 19:36:27.218721,2025-02-19 20:50:40.168421016,Medium,Finance,Hardware,Closed
TCK-3381,2025-02-19 20:06:41.800180,2025-02-19 23:29:03.149406732,Medium,HR,Network,Closed
TCK-3382,2025-02-19 20:36:56.381638,2025-02-20 03:19:26.640295090,High,IT Support,Software,Closed
TCK-3383,2025-02-19 21:37:25.544554,2025-02-20 04:35:03.145348932,Low,Finance,Network,Closed
TCK-3384,2025-02-19 21:37:25.544554,2025-02-20 16:58:41.470932263,Unassigned,DevOps,Software,Closed
TCK-3385,2025-02-19 22:07:40.126012,2025-02-20 15:41:36.030828137,High,IT Support,Access Control,Closed
TCK-3386,2025-02-19 22:37:54.707470,2025-02-20 10:54:53.246312987,Low,IT Support,Hardware,Closed
TCK-3387,2025-02-19 23:08:09.288928,2025-02-20 03:24:27.837180102,Low,DevOps,Network,Closed
TCK-3388,2025-02-20 00:08:38.451845,2025-02-20 08:48:22.808627773,Critical,DevOps,Access Control,Closed
TCK-3389,2025-02-20 00:38:53.033303,2025-02-20 14:46:00.367779433,Medium,HR,Email,Closed
TCK-3390,2025-02-20 00:38:53.033303,2025-02-20 12:00:27.294821661,Low,DevOps,Hardware,Closed
TCK-3391,2025-02-20 01:09:07.614761,2025-02-20 03:36:10.450256229,Low,Operations,Software,Closed
TCK-3392,2025-02-20 01:09:07.614761,2025-02-20 20:01:25.523113989,Low,IT Support,Email,Closed
TCK-3393,2025-02-20 01:39:22.196219,2025-02-20 03:01:17.766699328,Unassigned,IT Support,Email,Resolved
TCK-3394,2025-02-20 01:39:22.196219,2025-02-20 10:12:30.505558213,Medium,IT Support,Access Control,Closed
TCK-3395,2025-02-20 02:09:36.777677,2025-02-21 00:26:37.593965173,Medium,DevOps,Network,Closed
TCK-3396,2025-02-20 02:09:36.777677,2025-02-20 02:31:27.469289939,Unassigned,HR,Network,Resolved
TCK-3397,2025-02-20 03:10:05.940594,2025-02-20 18:21:32.612070894,Medium,Operations,Access Control,Closed
TCK-3398,2025-02-20 03:10:05.940594,2025-02-20 10:29:55.621233191,Medium,DevOps,Email,Resolved
TCK-3399,2025-02-20 04:10:35.103510,2025-02-20 04:20:09.949190474,Unassigned,HR,Hardware,Closed
TCK-3400,2025-02-20 06:11:33.429342,2025-02-20 09:59:38.821112579,Low,IT Support,Email,Closed
TCK-3401,2025-02-20 06:41:48.010801,2025-02-22 09:37:27.057240378,Unassigned,Finance,Access Control,Closed
TCK-3402,2025-02-20 07:12:02.592259,2025-02-20 20:27:19.082966845,Low,IT Support,Email,Resolved
TCK-3403,2025-02-20 07:42:17.173717,2025-02-24 17:41:13.048906727,Medium,Operations,Email,Closed
TCK-3404,2025-02-20 08:12:31.755175,2025-02-20 21:36:06.503664408,Medium,HR,Email,Closed
TCK-3405,2025-02-20 08:42:46.336633,2025-02-20 22:50:42.309136257,Unassigned,IT Support,Email,Resolved
TCK-3406,2025-02-20 09:13:00.918091,2025-02-20 18:10:07.398460955,Medium,Finance,Hardware,Resolved
TCK-3407,2025-02-20 10:13:30.081008,2025-02-20 16:54:18.803519387,Low,IT Support,Software,Resolved
TCK-3408,2025-02-20 10:43:44.662466,2025-02-20 15:56:40.134331987,Low,Finance,Software,Resolved
TCK-3409,2025-02-20 10:43:44.662466,2025-02-20 18:18:06.778858131,Medium,IT Support,Network,Closed
TCK-3410,2025-02-20 11:13:59.243924,2025-02-20 22:19:10.237930362,Medium,Finance,Software,Closed
TCK-3411,2025-02-20 13:45:12.151215,2025-02-20 17:35:26.426328540,Medium,Finance,Software,Closed
TCK-3412,2025-02-20 14:15:26.732673,2025-02-20 18:50:33.307353727,High,Finance,Software,Closed
TCK-3413,2025-02-20 14:15:26.732673,2025-02-20 19:57:37.258900689,High,DevOps,Email,Closed
TCK-3414,2025-02-20 14:45:41.314131,2025-02-21 01:29:54.012209492,Medium,IT Support,Email,Closed
TCK-3415,2025-02-20 15:15:55.895589,2025-02-21 10:18:27.348758524,Medium,HR,Hardware,Closed
TCK-3416,2025-02-20 16:16:25.058505,2025-02-22 03:10:29.499796799,Low,HR,Email,Closed
TCK-3417,2025-02-20 17:16:54.221422,2025-02-20 23:22:26.350402006,Unassigned,HR,Email,Resolved
TCK-3418,2025-02-20 17:16:54.221422,2025-02-20 20:56:09.143915682,Low,Operations,Software,Resolved
TCK-3419,2025-02-20 17:16:54.221422,2025-02-21 01:51:10.594633983,Medium,IT Support,Hardware,Closed
TCK-3420,2025-02-20 17:16:54.221422,2025-02-22 09:44:40.516920038,Medium,DevOps,Hardware,Closed
TCK-3421,2025-02-20 17:16:54.221422,2025-02-20 17:27:36.367863069,Critical,HR,Software,Resolved
TCK-3422,2025-02-20 17:47:08.802880,2025-02-21 14:10:33.970201066,Medium,Finance,Software,Closed
TCK-3423,2025-02-20 18:47:37.965796,2025-02-21 06:27:59.461879579,Critical,DevOps,Hardware,Closed
TCK-3424,2025-02-20 18:47:37.965796,2025-02-20 21:57:16.823596677,Low,IT Support,Access Control,Resolved
TCK-3425,2025-02-20 19:17:52.547254,2025-02-21 02:16:00.894647236,Medium,DevOps,Software,Closed
TCK-3426,2025-02-20 19:17:52.547254,2025-02-20 23:53:05.388188087,Medium,IT Support,Software,Resolved
TCK-3427,2025-02-20 20:18:21.710171,2025-02-22 10:08:54.606197923,High,HR,Hardware,Closed
TCK-3428,2025-02-20 20:18:21.710171,2025-02-21 08:08:30.019257620,Medium,DevOps,Access Control,Resolved
TCK-3429,2025-02-20 20:48:36.291629,2025-02-21 11:42:53.144049811,Medium,IT Support,Access Control,Closed
TCK-3430,2025-02-20 21:18:50.873087,2025-02-21 13:31:31.891793178,Low,DevOps,Network,Closed
TCK-3431,2025-02-20 21:49:05.454545,2025-02-21 16:11:19.574435924,Medium,IT Support,Access Control,Closed
TCK-3432,2025-02-20 22:49:34.617461,2025-02-21 11:08:37.117010114,Low,DevOps,Software,Closed
TCK-3433,2025-02-20 22:49:34.617461,2025-02-20 23:09:03.297875663,Low,HR,Email,Closed
TCK-3434,2025-02-20 23:19:49.198919,2025-02-21 06:39:58.524007443,Low,DevOps,Hardware,Closed
TCK-3435,2025-02-20 23:50:03.780378,2025-02-21 03:29:30.206858099,Medium,Operations,Software,Closed
TCK-3436,2025-02-20 23:50:03.780378,2025-02-21 20:21:08.054076126,Low,HR,Hardware,Resolved
TCK-3437,2025-02-20 23:50:03.780378,2025-02-21 00:53:06.535088231,Low,IT Support,Access Control,Closed
TCK-3438,2025-02-21 00:20:18.361836,2025-02-21 15:16:20.472360857,Low,Operations,Hardware,Closed
TCK-3439,2025-02-21 00:50:32.943294,2025-02-21 05:05:59.588454457,Medium,IT Support,Software,Resolved
TCK-3440,2025-02-21 00:50:32.943294,2025-02-23 06:21:17.603990481,Medium,Finance,Email,Closed
TCK-3441,2025-02-21 01:20:47.524752,2025-02-21 08:42:16.599405050,High,Operations,Software,Closed
TCK-3442,2025-02-21 01:20:47.524752,2025-02-21 08:25:37.922313383,Medium,DevOps,Network,Closed
TCK-3443,2025-02-21 01:51:02.106210,2025-02-23 00:05:30.588853442,Low,IT Support,Hardware,Closed
TCK-3444,2025-02-21 02:21:16.687668,2025-02-21 12:04:39.382687360,High,IT Support,Software,Closed
TCK-3445,2025-02-21 02:21:16.687668,2025-02-23 13:37:51.095219744,Low,IT Support,Access Control,Closed
TCK-3446,2025-02-21 02:21:16.687668,2025-02-21 02:47:42.165398243,High,HR,Access Control,Resolved
TCK-3447,2025-02-21 02:51:31.269126,2025-02-21 09:26:33.809745399,Medium,IT Support,Software,Resolved
TCK-3448,2025-02-21 03:52:00.432043,2025-02-21 23:36:58.485196945,Medium,DevOps,Network,Resolved
TCK-3449,2025-02-21 04:22:15.013501,2025-02-22 20:14:33.234622614,Medium,HR,Hardware,Resolved
TCK-3450,2025-02-21 04:52:29.594959,2025-02-21 10:12:27.213454991,Unassigned,Operations,Network,Closed
TCK-3451,2025-02-21 05:52:58.757875,2025-02-23 05:52:22.437081095,Low,DevOps,Email,Closed
TCK-3452,2025-02-21 05:52:58.757875,2025-02-21 22:06:49.004882781,Critical,Operations,Software,Resolved
TCK-3453,2025-02-21 05:52:58.757875,2025-02-22 10:56:37.831583702,Medium,IT Support,Network,Closed
TCK-3454,2025-02-21 06:23:13.339333,2025-02-21 15:29:53.928371122,Unassigned,Finance,Email,Resolved
TCK-3455,2025-02-21 07:23:42.502250,2025-02-21 11:41:16.403293562,Medium,IT Support,Network,Resolved
TCK-3456,2025-02-21 07:23:42.502250,2025-02-23 02:59:13.038268135,Medium,IT Support,Email,Closed
TCK-3457,2025-02-21 08:54:26.246624,2025-02-23 09:35:56.247440785,High,Finance,Access Control,Closed
TCK-3458,2025-02-21 11:25:39.153915,2025-02-21 23:49:01.589481202,High,DevOps,Access Control,Closed
TCK-3459,2025-02-21 12:56:22.898289,2025-02-21 13:03:25.148074540,Medium,IT Support,Software,Closed
TCK-3460,2025-02-21 12:56:22.898289,2025-02-21 15:01:58.488585247,Medium,IT Support,Network,Closed
TCK-3461,2025-02-21 12:56:22.898289,2025-02-22 04:15:30.079593991,Medium,IT Support,Access Control,Resolved
TCK-3462,2025-02-21 15:57:50.387038,2025-02-21 16:23:49.729709261,Medium,DevOps,Hardware,Closed
TCK-3463,2025-02-21 15:57:50.387038,2025-02-22 01:03:59.230574276,High,Operations,Access Control,Closed
TCK-3464,2025-02-21 15:57:50.387038,2025-02-21 22:28:15.637421621,Low,IT Support,Access Control,Resolved
TCK-3465,2025-02-21 16:28:04.968496,2025-02-22 15:01:18.199269370,Low,HR,Network,Closed
TCK-3466,2025-02-21 16:28:04.968496,2025-02-21 17:29:50.419857327,High,Operations,Email,Resolved
TCK-3467,2025-02-21 16:58:19.549954,2025-02-22 05:02:51.273716017,Medium,IT Support,Hardware,Resolved
TCK-3468,2025-02-21 16:58:19.549954,2025-02-22 08:32:57.075129208,Medium,DevOps,Hardware,Closed
TCK-3469,2025-02-21 17:28:34.131413,2025-02-22 10:45:53.272247495,Medium,IT Support,Email,Closed
TCK-3470,2025-02-21 17:58:48.712871,2025-02-22 03:19:49.649820413,High,HR,Network,Closed
TCK-3471,2025-02-21 18:29:03.294329,2025-02-22 01:01:01.429373200,Low,Finance,Access Control,Resolved
TCK-3472,2025-02-21 18:59:17.875787,2025-02-22 15:38:20.033476826,Medium,DevOps,Email,Resolved
TCK-3473,2025-02-21 18:59:17.875787,2025-02-23 04:50:49.498469204,High,IT Support,Hardware,Closed
TCK-3474,2025-02-21 18:59:17.875787,2025-02-22 16:16:51.182982511,Medium,IT Support,Hardware,Closed
TCK-3475,2025-02-21 19:59:47.038703,2025-02-23 20:24:43.103241959,Medium,IT Support,Access Control,Resolved
TCK-3476,2025-02-21 19:59:47.038703,2025-02-22 18:44:04.990714102,Low,Finance,Access Control,Closed
TCK-3477,2025-02-21 20:30:01.620162,2025-02-22 22:32:17.974047213,High,Operations,Software,Closed
TCK-3478,2025-02-21 22:00:45.364536,2025-02-22 01:19:16.025391990,High,DevOps,Email,Closed
TCK-3479,2025-02-21 22:00:45.364536,2025-02-22 07:48:12.273086965,Medium,IT Support,Access Control,Closed
TCK-3480,2025-02-21 22:00:45.364536,2025-02-22 09:57:32.853856019,Low,Operations,Software,Closed
TCK-3481,2025-02-21 23:31:29.108910,2025-02-22 04:51:16.930452904,Medium,IT Support,Network,Closed
TCK-3482,2025-02-22 00:01:43.690369,2025-02-22 13:33:48.153021383,Medium,HR,Hardware,Resolved
TCK-3483,2025-02-22 01:32:27.434743,2025-02-22 07:43:33.125956111,Critical,DevOps,Email,Closed
TCK-3484,2025-02-22 01:32:27.434743,2025-02-22 22:28:40.041183784,Low,IT Support,Network,Closed
TCK-3485,2025-02-22 03:03:11.179117,2025-02-22 14:29:26.571132267,Low,IT Support,Email,Closed
TCK-3486,2025-02-22 04:03:40.342034,2025-02-22 15:06:46.196299294,Low,IT Support,Email,Closed
TCK-3487,2025-02-22 05:04:09.504950,2025-02-25 07:06:16.484261232,Medium,DevOps,Access Control,Closed
TCK-3488,2025-02-22 05:04:09.504950,2025-02-22 14:02:20.143519021,Low,Finance,Software,Closed
TCK-3489,2025-02-22 05:04:09.504950,2025-02-22 13:10:01.739536258,Unassigned,HR,Email,Resolved
TCK-3490,2025-02-22 06:04:38.667866,2025-02-22 12:58:56.737708342,Low,DevOps,Network,Resolved
TCK-3491,2025-02-22 06:34:53.249324,2025-02-23 23:06:24.578754516,Medium,DevOps,Email,Resolved
TCK-3492,2025-02-22 07:05:07.830783,2025-02-22 19:26:40.560936618,Medium,DevOps,Software,Closed
TCK-3493,2025-02-22 07:35:22.412241,2025-02-23 00:05:00.397060752,Medium,HR,Hardware,Resolved
TCK-3494,2025-02-22 08:05:36.993699,2025-02-22 11:41:01.326633808,Critical,IT Support,Email,Closed
TCK-3495,2025-02-22 08:35:51.575157,2025-02-22 22:36:43.526722944,Medium,IT Support,Network,Closed
TCK-3496,2025-02-22 09:06:06.156615,2025-02-22 14:52:53.338806390,Medium,DevOps,Hardware,Resolved
TCK-3497,2025-02-22 10:06:35.319531,2025-02-23 09:43:13.160350282,Low,DevOps,Hardware,Closed
TCK-3498,2025-02-22 10:06:35.319531,2025-02-23 18:16:29.108549850,Critical,Operations,Access Control,Closed
TCK-3499,2025-02-22 10:36:49.900990,2025-02-23 09:11:48.115844381,Unassigned,IT Support,Access Control,Resolved
TCK-3500,2025-02-22 12:07:33.645364,2025-02-23 11:42:37.070916313,Low,IT Support,Email,Closed
TCK-3501,2025-02-22 13:08:02.808280,2025-02-23 02:03:55.977218632,High,IT Support,Network,Closed
TCK-3502,2025-02-22 14:08:31.971197,2025-02-23 12:33:21.242283158,Medium,IT Support,Access Control,Resolved
TCK-3503,2025-02-22 14:08:31.971197,2025-02-23 00:01:51.185224055,Medium,Finance,Software,Closed
TCK-3504,2025-02-22 14:08:31.971197,2025-02-23 09:06:56.739199526,Unassigned,Operations,Software,Closed
TCK-3505,2025-02-22 14:38:46.552655,2025-02-22 20:02:34.083205806,Low,Finance,Hardware,Closed
TCK-3506,2025-02-22 15:09:01.134113,2025-02-22 16:27:06.786465087,High,Finance,Hardware,Closed
TCK-3507,2025-02-22 15:09:01.134113,2025-02-23 00:45:14.333427465,Medium,DevOps,Hardware,Resolved
TCK-3508,2025-02-22 16:09:30.297029,2025-02-23 03:18:32.889645789,Medium,IT Support,Software,Closed
TCK-3509,2025-02-22 16:39:44.878487,2025-02-22 21:59:42.633379655,Medium,DevOps,Access Control,Closed
TCK-3510,2025-02-22 17:09:59.459945,2025-02-23 16:34:56.862085638,High,Finance,Access Control,Closed
TCK-3511,2025-02-22 17:40:14.041404,2025-02-22 19:02:44.483946963,Medium,IT Support,Email,Closed
TCK-3512,2025-02-22 17:40:14.041404,2025-02-22 22:12:23.063013008,Medium,Finance,Network,Closed
TCK-3513,2025-02-22 17:40:14.041404,2025-02-23 18:31:14.954879056,High,Finance,Software,Closed
TCK-3514,2025-02-22 17:40:14.041404,2025-02-23 04:00:54.368777996,Low,IT Support,Hardware,Closed
TCK-3515,2025-02-22 18:40:43.204320,2025-02-23 16:40:12.074420664,Medium,IT Support,Network,Closed
TCK-3516,2025-02-22 18:40:43.204320,2025-02-23 09:45:54.695800163,Medium,HR,Hardware,Resolved
TCK-3517,2025-02-22 18:40:43.204320,2025-02-25 00:51:37.026730748,Low,IT Support,Network,Resolved
TCK-3518,2025-02-22 18:40:43.204320,2025-02-23 11:04:22.748863815,High,IT Support,Network,Closed
TCK-3519,2025-02-22 19:10:57.785778,2025-02-22 19:27:08.530322552,High,Finance,Access Control,Closed
TCK-3520,2025-02-22 19:41:12.367236,2025-02-23 03:31:14.586688333,Low,HR,Email,Resolved
TCK-3521,2025-02-22 19:41:12.367236,2025-02-22 22:27:56.720690758,High,DevOps,Email,Closed
TCK-3522,2025-02-22 22:12:25.274527,2025-02-24 20:44:38.854731131,Medium,Operations,Hardware,Closed
TCK-3523,2025-02-22 22:12:25.274527,2025-02-23 00:11:02.178562215,Medium,DevOps,Software,Closed
TCK-3524,2025-02-22 22:42:39.855985,2025-02-23 07:32:27.094399451,Low,Finance,Email,Resolved
TCK-3525,2025-02-22 23:43:09.018901,2025-02-23 04:19:58.008685319,Unassigned,DevOps,Software,Closed
TCK-3526,2025-02-23 00:13:23.600360,2025-02-24 09:58:56.126733530,Medium,Finance,Hardware,Closed
TCK-3527,2025-02-23 00:13:23.600360,2025-02-23 06:51:54.041990431,Low,IT Support,Software,Resolved
TCK-3528,2025-02-23 01:13:52.763276,2025-02-26 15:54:10.400259758,High,IT Support,Network,Resolved
TCK-3529,2025-02-23 02:44:36.507650,2025-02-23 03:27:08.460990501,Medium,DevOps,Network,Closed
TCK-3530,2025-02-23 02:44:36.507650,2025-02-23 05:12:52.465818413,High,DevOps,Hardware,Closed
TCK-3531,2025-02-23 03:14:51.089108,2025-02-23 07:49:37.910969004,Unassigned,Operations,Software,Resolved
TCK-3532,2025-02-23 04:15:20.252025,2025-02-24 10:15:13.954370163,Low,Finance,Software,Closed
TCK-3533,2025-02-23 05:46:03.996399,2025-02-24 19:42:41.273066386,High,Operations,Hardware,Resolved
TCK-3534,2025-02-23 05:46:03.996399,2025-02-23 07:06:07.784744023,Unassigned,IT Support,Email,Closed
TCK-3535,2025-02-23 06:46:33.159315,2025-02-23 07:22:11.472339263,Medium,Finance,Access Control,Resolved
TCK-3536,2025-02-23 07:16:47.740774,2025-02-24 07:50:43.892430730,High,Operations,Email,Closed
TCK-3537,2025-02-23 07:16:47.740774,2025-02-23 09:51:22.071654227,Medium,IT Support,Access Control,Closed
TCK-3538,2025-02-23 07:47:02.322232,2025-02-23 10:21:10.233012023,Medium,IT Support,Software,Closed
TCK-3539,2025-02-23 07:47:02.322232,2025-02-23 08:11:28.127964923,Medium,HR,Access Control,Closed
TCK-3540,2025-02-23 08:47:31.485148,2025-02-23 09:42:42.187178098,Unassigned,DevOps,Access Control,Closed
TCK-3541,2025-02-23 08:47:31.485148,2025-02-23 14:18:05.748076308,Low,IT Support,Software,Resolved
TCK-3542,2025-02-23 09:17:46.066606,2025-02-23 10:30:21.574029840,Medium,Finance,Network,Resolved
TCK-3543,2025-02-23 10:18:15.229522,2025-02-23 18:35:19.936319192,Critical,IT Support,Access Control,Closed
TCK-3544,2025-02-23 10:18:15.229522,2025-02-24 18:29:44.538027609,Low,HR,Hardware,Closed
TCK-3545,2025-02-23 11:48:58.973897,2025-02-23 18:55:35.002423554,Medium,Operations,Email,Resolved
TCK-3546,2025-02-23 11:48:58.973897,2025-02-24 11:14:26.045791531,Medium,IT Support,Software,Resolved
TCK-3547,2025-02-23 11:48:58.973897,2025-02-23 13:35:29.329661919,Medium,IT Support,Software,Closed
TCK-3548,2025-02-23 13:19:42.718271,2025-02-24 08:42:50.611684406,Low,HR,Access Control,Closed
TCK-3549,2025-02-23 13:19:42.718271,2025-02-23 20:11:04.411759808,Low,Finance,Network,Closed
TCK-3550,2025-02-23 13:49:57.299729,2025-02-24 14:46:05.152125131,Medium,IT Support,Network,Closed
TCK-3551,2025-02-23 13:49:57.299729,2025-02-23 16:28:08.830199861,Medium,Finance,Email,Closed
TCK-3552,2025-02-23 14:50:26.462646,2025-02-25 07:54:36.719326016,Medium,Operations,Email,Closed
TCK-3553,2025-02-23 15:50:55.625562,2025-02-23 20:50:59.247041667,Low,IT Support,Network,Closed
TCK-3554,2025-02-23 15:50:55.625562,2025-02-23 23:41:23.929851549,Medium,IT Support,Network,Closed
TCK-3555,2025-02-23 15:50:55.625562,2025-02-25 21:50:13.702357949,Unassigned,HR,Network,Resolved
TCK-3556,2025-02-23 15:50:55.625562,2025-02-24 07:23:55.934162586,Medium,Finance,Access Control,Resolved
TCK-3557,2025-02-23 16:51:24.788478,2025-02-24 01:03:11.209879457,Medium,IT Support,Hardware,Resolved
TCK-3558,2025-02-23 17:21:39.369936,2025-02-25 23:08:29.244399643,Low,Finance,Email,Closed
TCK-3559,2025-02-23 18:22:08.532853,2025-02-24 01:33:10.311612197,Medium,Operations,Software,Closed
TCK-3560,2025-02-23 18:22:08.532853,2025-02-23 20:09:47.633982290,High,IT Support,Network,Resolved
TCK-3561,2025-02-23 18:52:23.114311,2025-02-28 02:33:11.103162428,Medium,Finance,Network,Closed
TCK-3562,2025-02-23 19:52:52.277227,2025-02-24 01:29:34.515110403,Medium,IT Support,Hardware,Resolved
TCK-3563,2025-02-23 20:53:21.440144,2025-02-25 07:11:20.496964450,Medium,Finance,Network,Closed
TCK-3564,2025-02-23 20:53:21.440144,2025-02-24 00:08:48.388317035,Low,HR,Email,Resolved
TCK-3565,2025-02-23 21:23:36.021602,2025-02-24 21:03:06.591470849,Medium,Finance,Network,Closed
TCK-3566,2025-02-23 21:23:36.021602,2025-02-24 10:46:20.693694341,Medium,Finance,Hardware,Closed
TCK-3567,2025-02-23 21:53:50.603060,2025-02-26 21:08:55.594962680,Medium,IT Support,Access Control,Closed
TCK-3568,2025-02-23 21:53:50.603060,2025-02-24 12:23:02.760198712,Medium,DevOps,Email,Closed
TCK-3569,2025-02-23 22:24:05.184518,2025-02-23 22:51:26.785501183,Medium,Finance,Access Control,Closed
TCK-3570,2025-02-23 22:24:05.184518,2025-02-24 15:04:12.123447610,Low,IT Support,Software,Closed
TCK-3571,2025-02-23 22:24:05.184518,2025-02-24 01:13:40.339907775,High,Operations,Hardware,Resolved
TCK-3572,2025-02-23 22:24:05.184518,2025-02-25 03:14:25.733885629,Medium,IT Support,Software,Closed
TCK-3573,2025-02-23 22:54:19.765976,2025-02-25 09:51:34.600441714,Medium,DevOps,Software,Resolved
TCK-3574,2025-02-24 00:25:03.510351,2025-02-24 12:15:39.356663052,Medium,HR,Software,Resolved
TCK-3575,2025-02-24 00:55:18.091809,2025-02-25 04:26:29.450099085,Critical,Finance,Software,Closed
TCK-3576,2025-02-24 01:55:47.254725,2025-02-24 04:45:06.814743339,Unassigned,IT Support,Hardware,Closed
TCK-3577,2025-02-24 01:55:47.254725,2025-02-24 14:07:24.573168151,Medium,IT Support,Access Control,Closed
TCK-3578,2025-02-24 01:55:47.254725,2025-02-24 10:56:38.014164539,Medium,IT Support,Network,Closed
TCK-3579,2025-02-24 02:26:01.836183,2025-02-24 19:26:37.329020365,High,DevOps,Software,Resolved
TCK-3580,2025-02-24 02:56:16.417641,2025-02-24 03:45:24.600043639,Medium,DevOps,Network,Closed
TCK-3581,2025-02-24 04:27:00.162016,2025-02-25 05:33:24.625739720,High,DevOps,Network,Closed
TCK-3582,2025-02-24 04:27:00.162016,2025-02-24 05:56:01.990971692,Medium,Operations,Software,Closed
TCK-3583,2025-02-24 04:27:00.162016,2025-02-24 23:40:58.006368857,Low,Operations,Email,Closed
TCK-3584,2025-02-24 04:57:14.743474,2025-02-24 05:17:21.947095188,Critical,Finance,Network,Closed
TCK-3585,2025-02-24 04:57:14.743474,2025-02-25 13:03:01.258655816,High,DevOps,Email,Resolved
TCK-3586,2025-02-24 04:57:14.743474,2025-02-24 08:24:36.853730773,Medium,IT Support,Access Control,Closed
TCK-3587,2025-02-24 04:57:14.743474,2025-02-24 17:59:50.938424374,Critical,DevOps,Network,Resolved
TCK-3588,2025-02-24 07:28:27.650765,2025-02-24 12:55:50.122772814,Critical,DevOps,Hardware,Closed
TCK-3589,2025-02-24 07:58:42.232223,2025-02-25 07:03:45.960621152,Low,IT Support,Access Control,Closed
TCK-3590,2025-02-24 07:58:42.232223,2025-02-24 14:57:22.040959082,Medium,Finance,Access Control,Closed
TCK-3591,2025-02-24 07:58:42.232223,2025-02-25 07:11:25.984342513,Medium,Operations,Email,Resolved
TCK-3592,2025-02-24 08:28:56.813681,2025-02-24 14:31:03.775600182,High,IT Support,Software,Closed
TCK-3593,2025-02-24 09:29:25.976597,2025-02-25 10:37:22.068061568,Medium,HR,Hardware,Closed
TCK-3594,2025-02-24 09:29:25.976597,2025-02-24 10:03:00.195524264,Low,IT Support,Hardware,Resolved
TCK-3595,2025-02-24 09:29:25.976597,2025-02-24 15:29:11.747737773,Low,HR,Email,Closed
TCK-3596,2025-02-24 09:59:40.558055,2025-02-24 22:25:19.639352602,Low,IT Support,Email,Closed
TCK-3597,2025-02-24 09:59:40.558055,2025-02-24 10:49:28.248232030,Low,IT Support,Access Control,Closed
TCK-3598,2025-02-24 10:29:55.139513,2025-02-24 14:12:13.361450293,Medium,IT Support,Email,Closed
TCK-3599,2025-02-24 11:00:09.720972,2025-02-26 12:04:32.010556779,High,Operations,Software,Resolved
TCK-3600,2025-02-24 11:30:24.302430,2025-02-27 07:16:41.553789197,Low,HR,Access Control,Closed
TCK-3601,2025-02-24 11:30:24.302430,2025-02-25 11:44:12.383963048,Medium,HR,Access Control,Closed
TCK-3602,2025-02-24 13:01:08.046804,2025-02-24 18:15:00.208815422,Medium,HR,Access Control,Closed
TCK-3603,2025-02-24 13:01:08.046804,2025-02-24 18:27:04.984103988,Medium,IT Support,Hardware,Closed
TCK-3604,2025-02-24 13:01:08.046804,2025-02-25 07:42:01.785086291,Medium,Operations,Hardware,Resolved
TCK-3605,2025-02-24 13:01:08.046804,2025-02-24 15:16:15.134404092,Low,DevOps,Access Control,Closed
TCK-3606,2025-02-24 13:31:22.628262,2025-02-26 18:50:51.264454557,Medium,Finance,Software,Closed
TCK-3607,2025-02-24 14:01:37.209720,2025-02-24 18:36:38.585368882,Medium,HR,Network,Resolved
TCK-3608,2025-02-24 14:31:51.791179,2025-03-02 13:02:34.656495144,Low,Finance,Access Control,Closed
TCK-3609,2025-02-24 14:31:51.791179,2025-02-25 02:51:17.173803476,Low,IT Support,Email,Closed
TCK-3610,2025-02-24 15:02:06.372637,2025-02-25 17:36:05.517001404,High,IT Support,Network,Closed
TCK-3611,2025-02-24 16:02:35.535553,2025-02-24 16:04:57.219659083,Medium,HR,Hardware,Resolved
TCK-3612,2025-02-24 16:02:35.535553,2025-02-26 07:34:12.644649897,Unassigned,Operations,Hardware,Resolved
TCK-3613,2025-02-24 16:32:50.117011,2025-02-24 22:12:43.554786156,High,IT Support,Network,Closed
TCK-3614,2025-02-24 16:32:50.117011,2025-02-25 12:23:27.568034424,Medium,Finance,Email,Closed
TCK-3615,2025-02-24 17:33:19.279927,2025-02-25 23:06:23.393204855,High,IT Support,Hardware,Closed
TCK-3616,2025-02-24 17:33:19.279927,2025-02-24 20:46:58.140549714,Low,IT Support,Hardware,Closed
TCK-3617,2025-02-24 17:33:19.279927,2025-02-25 04:04:22.553843436,Low,Finance,Access Control,Closed
TCK-3618,2025-02-24 18:03:33.861386,2025-02-25 06:18:55.820727640,Critical,IT Support,Software,Closed
TCK-3619,2025-02-24 18:03:33.861386,2025-02-25 00:47:38.139710973,Medium,Operations,Email,Closed
TCK-3620,2025-02-24 19:34:17.605760,2025-02-25 07:24:11.214483911,Low,HR,Access Control,Resolved
TCK-3621,2025-02-24 19:34:17.605760,2025-02-25 02:26:55.071198212,Unassigned,IT Support,Software,Closed
TCK-3622,2025-02-24 20:34:46.768676,2025-02-25 04:38:01.926375117,Low,Finance,Hardware,Closed
TCK-3623,2025-02-24 23:05:59.675967,2025-02-25 19:01:09.814761959,Medium,DevOps,Software,Closed
TCK-3624,2025-02-24 23:36:14.257425,2025-02-25 17:37:37.576218209,Low,IT Support,Hardware,Closed
TCK-3625,2025-02-24 23:36:14.257425,2025-02-25 04:21:41.649288868,Medium,Finance,Access Control,Closed
TCK-3626,2025-02-25 00:36:43.420342,2025-02-26 17:36:40.033826575,Medium,DevOps,Hardware,Resolved
TCK-3627,2025-02-25 02:07:27.164716,2025-02-26 13:52:35.003552813,High,IT Support,Software,Closed
TCK-3628,2025-02-25 02:37:41.746174,2025-02-25 15:26:05.704150827,Unassigned,Operations,Access Control,Closed
TCK-3629,2025-02-25 03:07:56.327632,2025-02-25 13:21:12.249474734,Medium,IT Support,Software,Closed
TCK-3630,2025-02-25 04:08:25.490549,2025-02-25 12:39:14.440321756,Low,IT Support,Software,Closed
TCK-3631,2025-02-25 05:39:09.234923,2025-02-26 03:45:55.872045678,High,Finance,Network,Closed
TCK-3632,2025-02-25 06:39:38.397839,2025-02-26 02:42:27.717592176,Medium,IT Support,Hardware,Resolved
TCK-3633,2025-02-25 07:40:07.560756,2025-02-25 11:35:58.628206506,Medium,DevOps,Hardware,Closed
TCK-3634,2025-02-25 07:40:07.560756,2025-02-26 03:42:15.837508131,Low,HR,Software,Closed
TCK-3635,2025-02-25 08:10:22.142214,2025-02-25 13:24:34.336873426,Low,IT Support,Hardware,Closed
TCK-3636,2025-02-25 09:10:51.305130,2025-02-25 09:31:05.184292385,Medium,Operations,Email,Resolved
TCK-3637,2025-02-25 10:11:20.468046,2025-02-26 07:48:47.205147607,Medium,DevOps,Hardware,Closed
TCK-3638,2025-02-25 11:42:04.212421,2025-02-26 06:19:55.857870458,Low,Finance,Access Control,Closed
TCK-3639,2025-02-25 11:42:04.212421,2025-02-25 21:13:23.756818250,Low,HR,Hardware,Closed
TCK-3640,2025-02-25 12:12:18.793879,2025-02-26 01:37:52.196780576,Low,IT Support,Email,Closed
TCK-3641,2025-02-25 12:42:33.375337,2025-02-27 17:38:28.193104245,Low,DevOps,Software,Closed
TCK-3642,2025-02-25 13:12:47.956795,2025-02-26 05:29:30.653787552,Low,DevOps,Hardware,Closed
TCK-3643,2025-02-25 13:12:47.956795,2025-02-26 08:31:12.775642728,Medium,IT Support,Access Control,Closed
TCK-3644,2025-02-25 13:12:47.956795,2025-02-25 14:24:07.676969197,High,HR,Email,Closed
TCK-3645,2025-02-25 13:43:02.538253,2025-02-25 16:59:04.725466037,Medium,HR,Network,Closed
TCK-3646,2025-02-25 13:43:02.538253,2025-02-25 20:09:43.288224326,Medium,IT Support,Software,Resolved
TCK-3647,2025-02-25 14:43:31.701170,2025-02-26 04:40:43.390465547,Low,DevOps,Software,Resolved
TCK-3648,2025-02-25 15:13:46.282628,2025-02-26 18:12:25.324170528,Low,IT Support,Software,Resolved
TCK-3649,2025-02-25 15:44:00.864086,2025-02-25 22:42:30.149219019,Medium,IT Support,Email,Closed
TCK-3650,2025-02-25 16:14:15.445544,2025-02-26 00:10:09.602182922,Medium,IT Support,Hardware,Resolved
TCK-3651,2025-02-25 17:14:44.608460,2025-02-25 22:34:20.034425522,Critical,HR,Hardware,Closed
TCK-3652,2025-02-25 17:14:44.608460,2025-02-25 22:32:05.881607995,Low,IT Support,Hardware,Closed
TCK-3653,2025-02-25 17:14:44.608460,2025-02-27 22:45:52.084245515,High,Operations,Hardware,Closed
TCK-3654,2025-02-25 17:44:59.189918,2025-02-26 11:54:49.599397081,Medium,DevOps,Software,Closed
TCK-3655,2025-02-25 19:15:42.934293,2025-02-25 22:18:45.612915249,High,IT Support,Network,Resolved
TCK-3656,2025-02-25 19:15:42.934293,2025-02-26 18:19:13.596066134,Medium,DevOps,Software,Closed
TCK-3657,2025-02-25 19:45:57.515751,2025-02-26 18:48:35.138229636,High,DevOps,Network,Closed
TCK-3658,2025-02-25 19:45:57.515751,2025-02-26 15:31:49.409421077,Medium,IT Support,Network,Resolved
TCK-3659,2025-02-25 20:16:12.097209,2025-02-25 22:52:28.828241922,Medium,IT Support,Hardware,Closed
TCK-3660,2025-02-25 20:16:12.097209,2025-02-26 05:42:22.477138448,Unassigned,IT Support,Access Control,Closed
TCK-3661,2025-02-25 20:46:26.678667,2025-02-25 22:48:22.330987218,Medium,IT Support,Email,Closed
TCK-3662,2025-02-25 21:16:41.260126,2025-02-27 03:48:34.859762712,High,DevOps,Access Control,Closed
TCK-3663,2025-02-25 22:17:10.423042,2025-02-26 17:27:03.627945123,Low,HR,Network,Resolved
TCK-3664,2025-02-25 23:17:39.585958,2025-02-26 12:01:55.944585703,Low,Operations,Access Control,Closed
TCK-3665,2025-02-25 23:17:39.585958,2025-02-26 06:51:21.730105592,Medium,DevOps,Network,Closed
TCK-3666,2025-02-25 23:17:39.585958,2025-02-26 02:57:35.892073264,Medium,IT Support,Software,Closed
TCK-3667,2025-02-25 23:47:54.167416,2025-02-26 01:49:27.426067385,Medium,DevOps,Software,Closed
TCK-3668,2025-02-26 00:18:08.748874,2025-02-28 14:58:13.829448842,Low,IT Support,Hardware,Resolved
TCK-3669,2025-02-26 00:48:23.330333,2025-02-26 04:48:54.578704550,Medium,IT Support,Email,Closed
TCK-3670,2025-02-26 01:18:37.911791,2025-02-26 02:25:18.795774573,Low,Finance,Software,Closed
TCK-3671,2025-02-26 01:48:52.493249,2025-02-28 12:31:13.688082671,Unassigned,IT Support,Email,Closed
TCK-3672,2025-02-26 01:48:52.493249,2025-02-26 16:08:45.018262266,Medium,IT Support,Hardware,Closed
TCK-3673,2025-02-26 01:48:52.493249,2025-02-27 06:29:09.806174568,Low,DevOps,Email,Resolved
TCK-3674,2025-02-26 02:19:07.074707,2025-02-26 03:07:27.034517553,Low,Operations,Software,Closed
TCK-3675,2025-02-26 02:49:21.656165,2025-02-26 17:53:12.291353034,Critical,IT Support,Software,Closed
TCK-3676,2025-02-26 02:49:21.656165,2025-02-26 11:57:50.120518052,Medium,IT Support,Access Control,Resolved
TCK-3677,2025-02-26 03:49:50.819081,2025-02-27 06:26:21.657058956,Medium,Finance,Access Control,Closed
TCK-3678,2025-02-26 06:21:03.726372,2025-02-26 07:03:22.809740385,Medium,DevOps,Access Control,Closed
TCK-3679,2025-02-26 06:21:03.726372,2025-02-26 15:35:48.065902867,Critical,IT Support,Email,Closed
TCK-3680,2025-02-26 07:21:32.889288,2025-02-27 12:14:44.947213470,Medium,Operations,Software,Resolved
TCK-3681,2025-02-26 07:21:32.889288,2025-02-26 20:40:19.249488403,Low,DevOps,Hardware,Closed
TCK-3682,2025-02-26 07:21:32.889288,2025-02-26 21:44:01.766946862,Medium,Finance,Network,Closed
TCK-3683,2025-02-26 07:21:32.889288,2025-02-26 09:11:56.428691548,Medium,Operations,Software,Closed
TCK-3684,2025-02-26 07:51:47.470747,2025-02-26 10:25:05.471876642,Low,Operations,Access Control,Resolved
TCK-3685,2025-02-26 09:22:31.215121,2025-02-27 05:43:01.807483064,Medium,IT Support,Access Control,Resolved
TCK-3686,2025-02-26 09:52:45.796579,2025-02-27 06:06:45.763276237,Medium,IT Support,Email,Closed
TCK-3687,2025-02-26 09:52:45.796579,2025-03-01 07:30:23.117816477,Medium,DevOps,Access Control,Resolved
TCK-3688,2025-02-26 09:52:45.796579,2025-02-27 08:16:57.922722217,Unassigned,Operations,Email,Closed
TCK-3689,2025-02-26 10:23:00.378037,2025-02-26 22:37:06.535931771,Medium,DevOps,Hardware,Closed
TCK-3690,2025-02-26 11:23:29.540954,2025-02-27 22:26:28.473730402,Medium,HR,Access Control,Closed
TCK-3691,2025-02-26 11:23:29.540954,2025-02-26 13:22:39.760313048,Low,DevOps,Email,Closed
TCK-3692,2025-02-26 11:53:44.122412,2025-02-26 22:38:01.048025170,High,IT Support,Access Control,Closed
TCK-3693,2025-02-26 11:53:44.122412,2025-02-26 17:59:14.185598886,Low,Operations,Email,Resolved
TCK-3694,2025-02-26 12:23:58.703870,2025-02-26 14:23:20.850720737,Critical,HR,Software,Closed
TCK-3695,2025-02-26 13:24:27.866786,2025-02-27 15:21:37.536197132,Medium,Operations,Email,Resolved
TCK-3696,2025-02-26 13:24:27.866786,2025-02-27 02:16:37.766256186,Medium,HR,Network,Closed
TCK-3697,2025-02-26 14:24:57.029702,2025-02-27 05:03:42.428920772,Medium,Operations,Hardware,Resolved
TCK-3698,2025-02-26 14:55:11.611161,2025-02-27 00:27:20.217624709,Unassigned,IT Support,Software,Closed
TCK-3699,2025-02-26 16:56:09.936993,2025-02-27 04:02:19.279261383,Unassigned,DevOps,Hardware,Closed
TCK-3700,2025-02-26 17:56:39.099909,2025-02-26 20:09:50.098871845,Unassigned,Operations,Software,Closed
TCK-3701,2025-02-26 18:26:53.681368,2025-02-27 14:33:50.522056223,High,Finance,Access Control,Closed
TCK-3702,2025-02-26 19:27:22.844284,2025-02-27 05:39:06.975337920,Low,DevOps,Email,Resolved
TCK-3703,2025-02-26 19:57:37.425742,2025-02-28 02:30:23.015363465,Medium,IT Support,Access Control,Closed
TCK-3704,2025-02-26 20:27:52.007200,2025-02-27 00:23:51.668244750,Low,HR,Hardware,Closed
TCK-3705,2025-02-26 20:58:06.588658,2025-02-27 01:05:57.052495433,High,Operations,Hardware,Closed
TCK-3706,2025-02-26 20:58:06.588658,2025-02-27 15:38:54.695068643,Medium,IT Support,Software,Resolved
TCK-3707,2025-02-26 20:58:06.588658,2025-02-28 06:38:36.042610139,Medium,DevOps,Hardware,Closed
TCK-3708,2025-02-26 20:58:06.588658,2025-02-27 08:28:15.976295887,Low,DevOps,Email,Closed
TCK-3709,2025-02-26 20:58:06.588658,2025-02-27 20:20:04.409493923,High,IT Support,Hardware,Resolved
TCK-3710,2025-02-26 21:28:21.170117,2025-03-04 09:01:07.066047810,Unassigned,IT Support,Access Control,Resolved
TCK-3711,2025-02-26 21:28:21.170117,2025-03-02 08:51:00.819627246,Medium,HR,Email,Resolved
TCK-3712,2025-02-26 21:58:35.751575,2025-02-27 22:31:36.114733685,High,IT Support,Hardware,Closed
TCK-3713,2025-02-26 22:28:50.333033,2025-02-27 22:41:57.727793034,Medium,Operations,Network,Closed
TCK-3714,2025-02-26 22:28:50.333033,2025-02-27 03:36:06.729066907,Low,DevOps,Network,Resolved
TCK-3715,2025-02-26 22:28:50.333033,2025-02-28 06:45:16.605064959,Unassigned,HR,Access Control,Resolved
TCK-3716,2025-02-26 22:28:50.333033,2025-02-27 07:49:45.219394152,Low,IT Support,Software,Resolved
TCK-3717,2025-02-26 22:59:04.914491,2025-03-01 09:50:41.488971156,Low,DevOps,Software,Closed
TCK-3718,2025-02-26 23:29:19.495949,2025-02-27 01:01:03.261258244,Low,HR,Hardware,Closed
TCK-3719,2025-02-26 23:29:19.495949,2025-02-27 09:47:32.184527382,Medium,IT Support,Email,Resolved
TCK-3720,2025-02-27 01:00:03.240324,2025-02-27 15:36:33.074761352,Medium,HR,Software,Resolved
TCK-3721,2025-02-27 01:30:17.821782,2025-02-27 10:51:18.599147280,Low,Operations,Network,Closed
TCK-3722,2025-02-27 02:30:46.984698,2025-02-27 06:46:09.317618547,Unassigned,IT Support,Software,Closed
TCK-3723,2025-02-27 02:30:46.984698,2025-02-27 18:41:36.599641069,Critical,HR,Network,Closed
TCK-3724,2025-02-27 03:01:01.566156,2025-02-28 04:24:05.811178598,Low,Operations,Software,Resolved
TCK-3725,2025-02-27 03:01:01.566156,2025-02-27 21:39:01.420262015,Medium,IT Support,Access Control,Closed
TCK-3726,2025-02-27 03:31:16.147614,2025-02-27 08:19:48.066721570,High,Operations,Email,Resolved
TCK-3727,2025-02-27 03:31:16.147614,2025-02-28 03:11:48.007084566,Medium,HR,Hardware,Closed
TCK-3728,2025-02-27 04:01:30.729072,2025-02-27 09:22:11.255321860,Low,IT Support,Network,Closed
TCK-3729,2025-02-27 04:01:30.729072,2025-02-27 07:29:32.324353117,Low,IT Support,Software,Closed
TCK-3730,2025-02-27 04:01:30.729072,2025-02-28 01:08:43.173716297,High,IT Support,Hardware,Resolved
TCK-3731,2025-02-27 04:31:45.310531,2025-02-28 13:49:55.372071533,Medium,IT Support,Network,Closed
TCK-3732,2025-02-27 04:31:45.310531,2025-02-27 16:21:11.869014668,High,IT Support,Network,Closed
TCK-3733,2025-02-27 05:32:14.473447,2025-02-27 19:10:52.111365700,Medium,IT Support,Access Control,Closed
TCK-3734,2025-02-27 07:02:58.217821,2025-02-27 13:32:25.601189754,Medium,IT Support,Software,Closed
TCK-3735,2025-02-27 08:33:41.962196,2025-02-27 20:50:44.121494472,Low,DevOps,Hardware,Closed
TCK-3736,2025-02-27 08:33:41.962196,2025-02-27 11:06:34.011903676,Low,DevOps,Software,Closed
TCK-3737,2025-02-27 08:33:41.962196,2025-03-01 16:43:00.351980020,Low,Operations,Software,Closed
TCK-3738,2025-02-27 09:03:56.543654,2025-02-28 14:04:05.077648855,Low,Finance,Email,Closed
TCK-3739,2025-02-27 09:34:11.125112,2025-02-28 05:24:55.663409365,Low,Operations,Network,Closed
TCK-3740,2025-02-27 10:04:25.706570,2025-02-27 23:58:50.911964438,High,IT Support,Network,Resolved
TCK-3741,2025-02-27 10:04:25.706570,2025-02-28 14:21:08.494958827,Low,IT Support,Email,Closed
TCK-3742,2025-02-27 10:34:40.288028,2025-02-27 22:52:00.301126568,Medium,IT Support,Email,Closed
TCK-3743,2025-02-27 10:34:40.288028,2025-02-27 16:59:50.409080834,Low,DevOps,Software,Resolved
TCK-3744,2025-02-27 10:34:40.288028,2025-02-27 13:43:27.263517850,Medium,Operations,Network,Closed
TCK-3745,2025-02-27 11:04:54.869486,2025-02-28 05:51:17.866923747,High,Finance,Hardware,Closed
TCK-3746,2025-02-27 12:05:24.032403,2025-03-01 11:48:34.655423011,Low,HR,Access Control,Closed
TCK-3747,2025-02-27 12:05:24.032403,2025-02-27 15:05:31.709384945,Medium,DevOps,Email,Resolved
TCK-3748,2025-02-27 12:05:24.032403,2025-02-27 15:39:45.079247132,High,IT Support,Hardware,Closed
TCK-3749,2025-02-27 12:35:38.613861,2025-02-27 22:49:35.171059481,Medium,HR,Hardware,Closed
TCK-3750,2025-02-27 12:35:38.613861,2025-02-28 18:11:45.046440629,Low,Finance,Software,Resolved
TCK-3751,2025-02-27 12:35:38.613861,2025-02-27 18:51:30.996639208,High,IT Support,Email,Closed
TCK-3752,2025-02-27 13:05:53.195319,2025-02-27 18:22:13.955297264,Low,IT Support,Hardware,Closed
TCK-3753,2025-02-27 13:36:07.776777,2025-02-28 07:01:01.473741041,Medium,DevOps,Access Control,Closed
TCK-3754,2025-02-27 14:36:36.939693,2025-02-28 04:25:01.187402407,Low,Finance,Hardware,Resolved
TCK-3755,2025-02-27 15:06:51.521152,2025-02-27 16:13:56.240174740,Medium,IT Support,Access Control,Closed
TCK-3756,2025-02-27 15:06:51.521152,2025-02-27 16:38:39.680713323,High,HR,Access Control,Closed
TCK-3757,2025-02-27 15:37:06.102610,2025-02-28 10:09:33.722138705,High,Operations,Access Control,Resolved
TCK-3758,2025-02-27 15:37:06.102610,2025-02-28 02:52:52.731732340,Critical,HR,Email,Closed
TCK-3759,2025-02-27 15:37:06.102610,2025-03-02 07:19:56.929935522,Medium,IT Support,Access Control,Closed
TCK-3760,2025-02-27 16:37:35.265526,2025-02-28 13:03:13.898079313,Critical,HR,Email,Closed
TCK-3761,2025-02-27 16:37:35.265526,2025-02-27 16:48:31.348980974,Medium,Finance,Hardware,Resolved
TCK-3762,2025-02-27 17:38:04.428442,2025-02-28 05:26:25.943694529,Medium,IT Support,Access Control,Closed
TCK-3763,2025-02-27 18:08:19.009900,2025-02-28 03:46:19.981302329,Critical,IT Support,Network,Resolved
TCK-3764,2025-02-27 19:08:48.172817,2025-02-27 21:10:40.744205204,Medium,HR,Hardware,Closed
TCK-3765,2025-02-27 21:09:46.498649,2025-03-01 19:21:46.435741146,Medium,HR,Network,Closed
TCK-3766,2025-02-27 21:40:01.080108,2025-03-01 03:05:37.005671671,Low,IT Support,Network,Closed
TCK-3767,2025-02-27 21:40:01.080108,2025-02-28 02:22:24.746922851,High,DevOps,Software,Closed
TCK-3768,2025-02-27 22:10:15.661566,2025-02-28 03:29:36.268765821,Low,Operations,Email,Closed
TCK-3769,2025-02-27 22:40:30.243024,2025-02-27 23:15:38.954385786,Low,Operations,Software,Closed
TCK-3770,2025-02-27 23:40:59.405940,2025-02-28 06:01:08.782368573,Unassigned,DevOps,Email,Closed
TCK-3771,2025-02-27 23:40:59.405940,2025-02-28 15:29:50.505510879,Low,Finance,Software,Closed
TCK-3772,2025-02-27 23:40:59.405940,2025-02-28 09:30:52.022324015,Medium,DevOps,Hardware,Closed
TCK-3773,2025-02-28 00:11:13.987398,2025-03-02 14:51:50.372661262,Critical,DevOps,Network,Resolved
TCK-3774,2025-02-28 00:41:28.568856,2025-02-28 01:43:48.438745875,Medium,DevOps,Hardware,Closed
TCK-3775,2025-02-28 00:41:28.568856,2025-02-28 16:48:10.557001207,Medium,IT Support,Email,Resolved
TCK-3776,2025-02-28 00:41:28.568856,2025-03-01 11:51:54.881155099,Medium,IT Support,Network,Closed
TCK-3777,2025-02-28 01:41:57.731773,2025-02-28 13:29:44.561785099,Low,Operations,Network,Resolved
TCK-3778,2025-02-28 01:41:57.731773,2025-02-28 01:45:10.001026197,Unassigned,Operations,Email,Closed
TCK-3779,2025-02-28 01:41:57.731773,2025-02-28 06:42:20.545431053,Low,Finance,Hardware,Closed
TCK-3780,2025-02-28 02:42:26.894689,2025-02-28 09:44:57.983695049,High,Operations,Network,Closed
TCK-3781,2025-02-28 03:12:41.476147,2025-03-02 16:04:25.364353562,Low,DevOps,Hardware,Closed
TCK-3782,2025-02-28 03:12:41.476147,2025-03-01 22:54:45.860324867,Low,Finance,Hardware,Closed
TCK-3783,2025-02-28 05:13:39.801980,2025-03-02 10:51:17.047792957,Low,HR,Hardware,Closed
TCK-3784,2025-02-28 05:13:39.801980,2025-03-01 12:40:45.669331891,Low,Finance,Network,Closed
TCK-3785,2025-02-28 05:43:54.383438,2025-02-28 13:31:53.591375279,Medium,Finance,Access Control,Closed
TCK-3786,2025-02-28 05:43:54.383438,2025-03-02 00:16:06.289699605,Medium,Operations,Software,Closed
TCK-3787,2025-02-28 05:43:54.383438,2025-03-03 05:43:54.895827870,High,HR,Email,Closed
TCK-3788,2025-02-28 06:14:08.964896,2025-02-28 13:59:30.807534060,Low,DevOps,Hardware,Resolved
TCK-3789,2025-02-28 06:44:23.546354,2025-02-28 12:10:23.859253144,Medium,DevOps,Network,Closed
TCK-3790,2025-02-28 06:44:23.546354,2025-02-28 20:59:24.305794300,Low,IT Support,Email,Resolved
TCK-3791,2025-02-28 06:44:23.546354,2025-02-28 10:28:10.844149101,Medium,IT Support,Access Control,Resolved
TCK-3792,2025-02-28 07:14:38.127812,2025-02-28 07:50:27.430835787,Medium,DevOps,Access Control,Closed
TCK-3793,2025-02-28 08:15:07.290729,2025-03-02 12:44:01.387972295,Medium,IT Support,Network,Closed
TCK-3794,2025-02-28 08:45:21.872187,2025-03-02 07:33:34.271463010,Medium,DevOps,Hardware,Resolved
TCK-3795,2025-02-28 08:45:21.872187,2025-02-28 11:57:05.021618701,High,IT Support,Access Control,Closed
TCK-3796,2025-02-28 09:15:36.453645,2025-02-28 18:41:19.339587747,Medium,HR,Access Control,Resolved
TCK-3797,2025-02-28 09:15:36.453645,2025-03-01 17:15:55.484161194,Medium,IT Support,Access Control,Closed
TCK-3798,2025-02-28 10:16:05.616561,2025-03-01 05:44:23.408800552,Low,IT Support,Network,Closed
TCK-3799,2025-02-28 10:16:05.616561,2025-02-28 19:18:26.599206202,Medium,IT Support,Email,Closed
TCK-3800,2025-02-28 10:46:20.198019,2025-03-01 11:18:38.539818936,Critical,Operations,Software,Closed
TCK-3801,2025-02-28 11:16:34.779477,2025-03-02 04:11:56.703143328,Low,HR,Network,Closed
TCK-3802,2025-02-28 11:46:49.360936,2025-03-02 10:41:07.279700353,High,Operations,Hardware,Closed
TCK-3803,2025-02-28 11:46:49.360936,2025-02-28 20:21:05.958135610,Medium,Operations,Network,Closed
TCK-3804,2025-02-28 11:46:49.360936,2025-02-28 15:12:42.106044088,Medium,Operations,Network,Closed
TCK-3805,2025-02-28 12:17:03.942394,2025-03-02 08:12:15.726537197,Critical,HR,Software,Closed
TCK-3806,2025-02-28 12:17:03.942394,2025-02-28 14:01:57.500616600,Unassigned,DevOps,Software,Closed
TCK-3807,2025-02-28 12:17:03.942394,2025-03-01 11:18:24.042994922,Low,IT Support,Software,Resolved
TCK-3808,2025-02-28 12:47:18.523852,2025-02-28 15:30:49.330042020,High,IT Support,Email,Resolved
TCK-3809,2025-02-28 12:47:18.523852,2025-02-28 21:40:03.824091562,Medium,Operations,Network,Resolved
TCK-3810,2025-02-28 13:47:47.686768,2025-02-28 23:20:29.382563783,Medium,IT Support,Hardware,Closed
TCK-3811,2025-02-28 14:18:02.268226,2025-02-28 17:24:44.620507859,Medium,Operations,Software,Closed
TCK-3812,2025-02-28 14:18:02.268226,2025-03-02 12:22:38.680119798,Unassigned,DevOps,Software,Resolved
TCK-3813,2025-02-28 15:18:31.431143,2025-02-28 15:21:24.559500621,Medium,HR,Network,Closed
TCK-3814,2025-02-28 15:48:46.012601,2025-03-02 08:10:40.765448124,Critical,IT Support,Hardware,Closed
TCK-3815,2025-02-28 15:48:46.012601,2025-03-02 06:33:40.636930544,Medium,DevOps,Software,Closed
TCK-3816,2025-02-28 16:49:15.175517,2025-02-28 23:40:57.402411247,Medium,Finance,Network,Resolved
TCK-3817,2025-02-28 17:49:44.338433,2025-03-01 15:45:33.849827578,Medium,DevOps,Access Control,Closed
TCK-3818,2025-02-28 18:50:13.501350,2025-03-01 00:04:58.445181956,Medium,HR,Email,Closed
TCK-3819,2025-02-28 19:20:28.082808,2025-03-01 20:56:14.927674750,Medium,IT Support,Network,Resolved
TCK-3820,2025-02-28 19:20:28.082808,2025-03-01 10:09:52.740199519,Medium,IT Support,Software,Closed
TCK-3821,2025-02-28 19:20:28.082808,2025-03-01 01:46:01.493158713,High,IT Support,Hardware,Resolved
TCK-3822,2025-02-28 19:50:42.664266,2025-03-01 05:02:49.523040031,High,IT Support,Access Control,Closed
TCK-3823,2025-02-28 20:51:11.827182,2025-03-01 17:55:41.230005011,Medium,IT Support,Hardware,Resolved
TCK-3824,2025-02-28 20:51:11.827182,2025-03-02 15:25:56.080267028,Low,IT Support,Hardware,Closed
TCK-3825,2025-02-28 20:51:11.827182,2025-02-28 23:22:30.144710142,Medium,DevOps,Hardware,Closed
TCK-3826,2025-02-28 22:21:55.571557,2025-03-01 13:36:50.705860178,Medium,Finance,Network,Closed
TCK-3827,2025-02-28 22:21:55.571557,2025-03-01 03:38:00.376389318,Low,IT Support,Network,Closed
TCK-3828,2025-02-28 23:22:24.734473,2025-03-02 04:28:02.452457867,Medium,Finance,Email,Closed
TCK-3829,2025-02-28 23:22:24.734473,2025-03-01 00:41:03.852339219,Critical,Finance,Access Control,Closed
TCK-3830,2025-02-28 23:52:39.315931,2025-03-01 20:53:54.066388874,Medium,Finance,Hardware,Closed
TCK-3831,2025-03-01 00:22:53.897389,2025-03-01 03:50:35.355792112,Critical,Finance,Software,Resolved
TCK-3832,2025-03-01 00:22:53.897389,2025-03-01 16:42:46.604467522,High,HR,Hardware,Closed
TCK-3833,2025-03-01 00:22:53.897389,2025-03-02 08:53:23.743095381,Low,IT Support,Access Control,Resolved
TCK-3834,2025-03-01 00:22:53.897389,2025-03-02 01:42:16.245244597,High,HR,Hardware,Closed
TCK-3835,2025-03-01 00:53:08.478847,2025-03-02 02:03:07.675131385,Medium,IT Support,Network,Resolved
TCK-3836,2025-03-01 02:23:52.223222,2025-03-01 15:31:43.193841984,Critical,Finance,Network,Closed
TCK-3837,2025-03-01 03:54:35.967596,2025-03-02 19:45:48.098656898,Low,Operations,Access Control,Closed
TCK-3838,2025-03-01 03:54:35.967596,2025-03-01 19:52:32.744491827,Low,HR,Email,Resolved
TCK-3839,2025-03-01 03:54:35.967596,2025-03-03 00:49:23.295281690,Low,DevOps,Hardware,Resolved
TCK-3840,2025-03-01 03:54:35.967596,2025-03-01 18:08:40.425255543,Low,DevOps,Access Control,Closed
TCK-3841,2025-03-01 04:55:05.130513,2025-03-01 17:36:38.853995225,Medium,IT Support,Software,Closed
TCK-3842,2025-03-01 04:55:05.130513,2025-03-01 09:26:41.203639624,Low,Operations,Software,Resolved
TCK-3843,2025-03-01 05:55:34.293429,2025-03-01 20:05:31.185663020,Medium,IT Support,Email,Closed
TCK-3844,2025-03-01 06:25:48.874887,2025-03-01 09:09:26.279486526,Medium,Operations,Network,Closed
TCK-3845,2025-03-01 06:56:03.456345,2025-03-02 19:36:55.526984844,Low,IT Support,Access Control,Resolved
TCK-3846,2025-03-01 07:26:18.037803,2025-03-02 03:43:06.781405979,Medium,IT Support,Hardware,Resolved
TCK-3847,2025-03-01 07:26:18.037803,2025-03-05 02:27:52.383768844,Low,Finance,Access Control,Closed
TCK-3848,2025-03-01 07:56:32.619261,2025-03-01 09:40:53.478975235,Low,Operations,Email,Closed
TCK-3849,2025-03-01 08:57:01.782178,2025-03-01 13:54:22.675958546,High,IT Support,Access Control,Closed
TCK-3850,2025-03-01 09:27:16.363636,2025-03-02 23:11:52.970773919,Low,DevOps,Email,Closed
TCK-3851,2025-03-01 09:27:16.363636,2025-03-01 18:30:27.323325843,Medium,DevOps,Email,Closed
TCK-3852,2025-03-01 09:27:16.363636,2025-03-01 20:45:26.033107849,Low,IT Support,Email,Closed
TCK-3853,2025-03-01 09:57:30.945094,2025-03-02 21:25:57.493589170,Critical,HR,Access Control,Resolved
TCK-3854,2025-03-01 10:58:00.108010,2025-03-02 00:14:47.914569031,High,HR,Software,Resolved
TCK-3855,2025-03-01 11:28:14.689468,2025-03-01 15:20:28.078581435,Low,IT Support,Hardware,Closed
TCK-3856,2025-03-01 11:28:14.689468,2025-03-03 03:32:13.199794002,Medium,DevOps,Email,Resolved
TCK-3857,2025-03-01 11:28:14.689468,2025-03-01 12:02:19.407980688,Low,Operations,Network,Closed
TCK-3858,2025-03-01 11:58:29.270927,2025-03-03 04:36:40.198695024,Low,DevOps,Email,Resolved
TCK-3859,2025-03-01 12:28:43.852385,2025-03-01 13:24:43.152515885,Medium,Operations,Access Control,Closed
TCK-3860,2025-03-01 12:58:58.433843,2025-03-02 08:42:49.821092894,High,IT Support,Email,Closed
TCK-3861,2025-03-01 13:59:27.596759,2025-03-01 15:19:47.298275753,Low,IT Support,Network,Closed
TCK-3862,2025-03-01 14:29:42.178217,2025-03-02 12:32:35.712229122,Medium,Operations,Software,Closed
TCK-3863,2025-03-01 14:29:42.178217,2025-03-01 15:07:01.780080266,Critical,Operations,Access Control,Resolved
TCK-3864,2025-03-01 14:29:42.178217,2025-03-02 23:45:36.560905417,Medium,IT Support,Access Control,Closed
TCK-3865,2025-03-01 14:59:56.759675,2025-03-02 02:17:22.850285158,Critical,HR,Access Control,Closed
TCK-3866,2025-03-01 14:59:56.759675,2025-03-01 16:45:54.508585886,Critical,DevOps,Network,Closed
TCK-3867,2025-03-01 16:00:25.922592,2025-03-02 14:05:33.360288682,Medium,IT Support,Access Control,Resolved
TCK-3868,2025-03-01 16:00:25.922592,2025-03-02 04:06:08.520599455,Medium,IT Support,Software,Closed
TCK-3869,2025-03-01 16:30:40.504050,2025-03-01 20:19:31.180084939,High,DevOps,Hardware,Closed
TCK-3870,2025-03-01 17:00:55.085508,2025-03-01 17:17:58.697669997,Critical,Operations,Hardware,Closed
TCK-3871,2025-03-01 17:31:09.666966,2025-03-02 03:15:44.730268817,Medium,DevOps,Email,Closed
TCK-3872,2025-03-01 18:01:24.248424,2025-03-01 19:38:05.088315361,Low,DevOps,Hardware,Closed
TCK-3873,2025-03-01 18:31:38.829882,2025-03-01 20:18:27.763423373,High,IT Support,Network,Closed
TCK-3874,2025-03-01 19:01:53.411341,2025-03-02 00:37:50.051821865,Unassigned,DevOps,Hardware,Resolved
TCK-3875,2025-03-01 20:02:22.574257,2025-03-02 13:57:30.435269369,Medium,IT Support,Network,Closed
TCK-3876,2025-03-01 20:02:22.574257,2025-03-02 09:37:35.714283188,Medium,Operations,Network,Closed
TCK-3877,2025-03-01 20:32:37.155715,2025-03-01 21:49:49.213253596,Medium,HR,Email,Resolved
TCK-3878,2025-03-01 20:32:37.155715,2025-03-04 10:44:39.283512797,Low,Finance,Hardware,Resolved
TCK-3879,2025-03-01 20:32:37.155715,2025-03-03 11:49:01.773942338,Medium,Operations,Email,Closed
TCK-3880,2025-03-01 21:02:51.737173,2025-03-02 02:26:55.560446586,Low,IT Support,Access Control,Resolved
TCK-3881,2025-03-01 21:33:06.318631,2025-03-01 23:54:02.354554986,Medium,Operations,Software,Resolved
TCK-3882,2025-03-01 22:33:35.481548,2025-03-04 01:56:12.984170724,Medium,HR,Hardware,Closed
TCK-3883,2025-03-01 22:33:35.481548,2025-03-02 09:41:21.501783601,Low,IT Support,Access Control,Closed
TCK-3884,2025-03-01 23:03:50.063006,2025-03-02 05:46:24.675553008,Low,IT Support,Access Control,Closed
TCK-3885,2025-03-02 01:35:02.970297,2025-03-02 13:43:01.204851042,Low,Operations,Email,Resolved
TCK-3886,2025-03-02 03:05:46.714671,2025-03-03 05:45:59.499594526,High,Operations,Email,Closed
TCK-3887,2025-03-02 03:05:46.714671,2025-03-02 06:24:54.930344639,Low,IT Support,Software,Closed
TCK-3888,2025-03-02 04:06:15.877587,2025-03-03 06:21:49.171852394,Low,IT Support,Software,Closed
TCK-3889,2025-03-02 04:36:30.459045,2025-03-03 05:31:19.099497361,Critical,Operations,Software,Closed
TCK-3890,2025-03-02 04:36:30.459045,2025-03-02 18:33:37.771493120,Medium,IT Support,Software,Closed
TCK-3891,2025-03-02 04:36:30.459045,2025-03-03 16:45:56.760595834,Medium,Finance,Email,Resolved
TCK-3892,2025-03-02 05:36:59.621962,2025-03-02 08:10:03.645622261,Medium,Finance,Network,Closed
TCK-3893,2025-03-02 06:07:14.203420,2025-03-02 22:24:41.549974755,Low,Operations,Email,Resolved
TCK-3894,2025-03-02 06:07:14.203420,2025-03-02 16:51:36.686897832,Low,Finance,Network,Resolved
TCK-3895,2025-03-02 06:37:28.784878,2025-03-02 16:30:03.697526579,Medium,HR,Email,Closed
TCK-3896,2025-03-02 07:07:43.366336,2025-03-02 12:22:06.819854199,Medium,Operations,Email,Resolved
TCK-3897,2025-03-02 07:07:43.366336,2025-03-02 15:30:38.168361635,Medium,IT Support,Software,Closed
TCK-3898,2025-03-02 07:37:57.947794,2025-03-02 09:41:34.837189322,Medium,IT Support,Network,Resolved
TCK-3899,2025-03-02 08:08:12.529252,2025-03-02 13:21:12.626010370,Medium,IT Support,Access Control,Resolved
TCK-3900,2025-03-02 09:08:41.692169,2025-03-02 14:51:29.620607141,Low,Operations,Access Control,Resolved
TCK-3901,2025-03-02 09:08:41.692169,2025-03-03 08:06:04.616203254,High,DevOps,Access Control,Closed
TCK-3902,2025-03-02 10:09:10.855085,2025-03-02 11:02:55.859797509,Medium,IT Support,Software,Resolved
TCK-3903,2025-03-02 10:39:25.436543,2025-03-03 05:36:55.034402620,Critical,DevOps,Access Control,Closed
TCK-3904,2025-03-02 11:39:54.599459,2025-03-02 16:10:12.132498320,High,HR,Email,Closed
TCK-3905,2025-03-02 12:10:09.180918,2025-03-02 13:42:23.556768225,Low,Operations,Software,Resolved
TCK-3906,2025-03-02 12:10:09.180918,2025-03-02 18:36:36.387774283,Unassigned,IT Support,Access Control,Resolved
TCK-3907,2025-03-02 12:10:09.180918,2025-03-02 16:44:42.138758883,High,DevOps,Software,Closed
TCK-3908,2025-03-02 13:10:38.343834,2025-03-03 03:37:54.967554749,Unassigned,Finance,Email,Closed
TCK-3909,2025-03-02 13:10:38.343834,2025-03-02 21:08:12.651926512,Medium,IT Support,Software,Closed
TCK-3910,2025-03-02 14:41:22.088208,2025-03-05 03:33:04.543154730,Critical,Operations,Access Control,Closed
TCK-3911,2025-03-02 14:41:22.088208,2025-03-05 02:18:06.911588050,Medium,IT Support,Software,Resolved
TCK-3912,2025-03-02 14:41:22.088208,2025-03-03 01:14:45.668850438,High,DevOps,Hardware,Closed
TCK-3913,2025-03-02 15:11:36.669666,2025-03-03 19:43:35.817096370,Medium,DevOps,Access Control,Closed
TCK-3914,2025-03-02 15:41:51.251125,2025-03-02 15:56:16.807692827,Critical,Finance,Email,Closed
TCK-3915,2025-03-02 16:12:05.832583,2025-03-03 06:29:14.763288827,Medium,IT Support,Network,Closed
TCK-3916,2025-03-02 16:42:20.414041,2025-03-03 17:10:58.303086463,High,Operations,Software,Closed
TCK-3917,2025-03-02 17:12:34.995499,2025-03-02 21:36:41.840460196,Critical,IT Support,Software,Closed
TCK-3918,2025-03-02 17:12:34.995499,2025-03-02 18:20:45.348361155,Medium,Finance,Access Control,Closed
TCK-3919,2025-03-02 17:42:49.576957,2025-03-02 20:45:53.613805827,Low,DevOps,Access Control,Closed
TCK-3920,2025-03-02 17:42:49.576957,2025-03-03 04:12:36.019184215,Low,Operations,Hardware,Closed
TCK-3921,2025-03-02 17:42:49.576957,2025-03-03 06:25:16.556625511,Unassigned,Finance,Email,Closed
TCK-3922,2025-03-02 17:42:49.576957,2025-03-03 02:20:38.872491611,High,IT Support,Software,Closed
TCK-3923,2025-03-02 19:13:33.321332,2025-03-03 05:39:42.524367534,Medium,DevOps,Software,Resolved
TCK-3924,2025-03-02 19:13:33.321332,2025-03-03 06:39:42.166892525,Unassigned,IT Support,Network,Closed
TCK-3925,2025-03-02 19:43:47.902790,2025-03-03 22:08:24.385231843,Low,IT Support,Software,Closed
TCK-3926,2025-03-02 20:14:02.484248,2025-03-02 22:14:08.365710446,Low,Operations,Software,Closed
TCK-3927,2025-03-02 20:44:17.065706,2025-03-03 23:06:37.046705032,Medium,Finance,Hardware,Closed
TCK-3928,2025-03-02 22:15:00.810081,2025-03-03 19:15:07.162601432,Medium,IT Support,Network,Closed
TCK-3929,2025-03-02 22:45:15.391539,2025-03-03 23:07:01.016427225,Medium,Finance,Software,Resolved
TCK-3930,2025-03-02 23:45:44.554455,2025-03-03 23:37:50.739326447,High,IT Support,Software,Closed
TCK-3931,2025-03-03 00:15:59.135913,2025-03-03 11:42:51.646252076,Low,IT Support,Email,Resolved
TCK-3932,2025-03-03 01:16:28.298829,2025-03-03 05:32:58.058523045,High,IT Support,Software,Resolved
TCK-3933,2025-03-03 01:46:42.880288,2025-03-03 15:37:28.792696411,Medium,DevOps,Hardware,Closed
TCK-3934,2025-03-03 03:17:26.624662,2025-03-05 12:20:40.492671832,Unassigned,DevOps,Software,Resolved
TCK-3935,2025-03-03 03:17:26.624662,2025-03-03 19:16:29.586480004,High,Finance,Software,Closed
TCK-3936,2025-03-03 03:47:41.206120,2025-03-03 03:59:41.044571181,Medium,IT Support,Access Control,Closed
TCK-3937,2025-03-03 04:48:10.369036,2025-03-03 05:54:39.969150234,Low,DevOps,Software,Closed
TCK-3938,2025-03-03 04:48:10.369036,2025-03-06 21:46:05.892818024,Unassigned,HR,Network,Resolved
TCK-3939,2025-03-03 05:18:24.950495,2025-03-03 06:39:03.290791913,Low,Finance,Access Control,Closed
TCK-3940,2025-03-03 05:48:39.531953,2025-03-03 06:39:34.135668547,Low,Operations,Network,Closed
TCK-3941,2025-03-03 06:18:54.113411,2025-03-03 14:09:11.046337899,Low,HR,Network,Closed
TCK-3942,2025-03-03 07:49:37.857785,2025-03-05 22:32:24.501809916,Unassigned,Finance,Hardware,Closed
TCK-3943,2025-03-03 08:50:07.020702,2025-03-03 15:44:31.822229764,High,Operations,Software,Closed
TCK-3944,2025-03-03 09:20:21.602160,2025-03-03 18:49:59.479131504,Unassigned,HR,Network,Closed
TCK-3945,2025-03-03 10:20:50.765076,2025-03-04 04:26:36.312209977,High,Finance,Software,Closed
TCK-3946,2025-03-03 10:20:50.765076,2025-03-03 10:47:12.357377842,Low,Finance,Software,Closed
TCK-3947,2025-03-03 10:51:05.346534,2025-03-05 03:53:59.626300679,Critical,IT Support,Hardware,Resolved
TCK-3948,2025-03-03 13:22:18.253825,2025-03-04 02:33:44.307332341,Medium,DevOps,Hardware,Resolved
TCK-3949,2025-03-03 13:22:18.253825,2025-03-04 00:41:29.622405308,Medium,DevOps,Network,Closed
TCK-3950,2025-03-03 14:22:47.416741,2025-03-05 01:51:48.746538050,Low,IT Support,Network,Resolved
TCK-3951,2025-03-03 14:22:47.416741,2025-03-05 21:26:46.075899411,Low,IT Support,Access Control,Closed
TCK-3952,2025-03-03 14:53:01.998199,2025-03-04 00:47:44.134664359,High,Operations,Software,Closed
TCK-3953,2025-03-03 15:53:31.161116,2025-03-03 19:17:56.179236458,Low,Finance,Software,Closed
TCK-3954,2025-03-03 16:54:00.324032,2025-03-04 23:20:32.722299789,Low,IT Support,Hardware,Resolved
TCK-3955,2025-03-03 17:24:14.905490,2025-03-04 02:41:49.491613382,Medium,IT Support,Hardware,Closed
TCK-3956,2025-03-03 17:24:14.905490,2025-03-05 18:45:23.308547853,Low,Finance,Network,Closed
TCK-3957,2025-03-03 17:54:29.486948,2025-03-05 23:47:42.153388693,Low,IT Support,Access Control,Resolved
TCK-3958,2025-03-03 18:24:44.068406,2025-03-03 20:36:28.013941232,Critical,IT Support,Access Control,Resolved
TCK-3959,2025-03-03 18:24:44.068406,2025-03-06 02:51:52.144322058,Medium,DevOps,Hardware,Closed
TCK-3960,2025-03-03 18:54:58.649864,2025-03-04 03:11:00.882043423,High,DevOps,Hardware,Resolved
TCK-3961,2025-03-03 19:55:27.812781,2025-03-04 14:37:46.154953218,Medium,IT Support,Access Control,Closed
TCK-3962,2025-03-03 20:55:56.975697,2025-03-03 21:34:08.836904729,Low,IT Support,Access Control,Closed
TCK-3963,2025-03-03 20:55:56.975697,2025-03-05 12:28:54.437009967,Medium,HR,Network,Closed
TCK-3964,2025-03-03 22:26:40.720072,2025-03-04 16:54:51.879952524,Low,IT Support,Access Control,Closed
TCK-3965,2025-03-03 22:26:40.720072,2025-03-04 17:00:46.704468976,Low,HR,Software,Closed
TCK-3966,2025-03-03 22:26:40.720072,2025-03-05 16:17:13.955639569,Low,IT Support,Access Control,Closed
TCK-3967,2025-03-03 22:56:55.301530,2025-03-04 11:43:42.164395399,Low,IT Support,Email,Closed
TCK-3968,2025-03-03 23:27:09.882988,2025-03-04 08:57:57.252406946,Medium,HR,Access Control,Closed
TCK-3969,2025-03-04 00:27:39.045904,2025-03-05 12:39:23.861178943,Low,Operations,Hardware,Closed
TCK-3970,2025-03-04 01:58:22.790279,2025-03-05 02:23:19.254354948,Low,IT Support,Hardware,Closed
TCK-3971,2025-03-04 01:58:22.790279,2025-03-06 07:31:52.118921668,Critical,IT Support,Email,Resolved
TCK-3972,2025-03-04 02:58:51.953195,2025-03-06 05:39:32.746319623,Low,IT Support,Software,Closed
TCK-3973,2025-03-04 03:59:21.116111,2025-03-04 12:39:41.414952976,Low,HR,Access Control,Resolved
TCK-3974,2025-03-04 04:29:35.697569,2025-03-04 15:09:21.434660467,High,DevOps,Access Control,Closed
TCK-3975,2025-03-04 04:29:35.697569,2025-03-04 09:48:56.670126822,Critical,HR,Email,Closed
TCK-3976,2025-03-04 04:59:50.279027,2025-03-05 00:27:00.742930249,Low,DevOps,Network,Closed
TCK-3977,2025-03-04 04:59:50.279027,2025-03-04 13:09:31.197335744,Low,IT Support,Network,Resolved
TCK-3978,2025-03-04 05:30:04.860486,2025-03-05 09:15:42.640128568,Medium,Operations,Software,Closed
TCK-3979,2025-03-04 06:00:19.441944,2025-03-04 08:20:17.337533809,Medium,IT Support,Access Control,Resolved
TCK-3980,2025-03-04 06:00:19.441944,2025-03-04 08:13:58.703360294,Low,IT Support,Access Control,Closed
TCK-3981,2025-03-04 06:00:19.441944,2025-03-04 10:07:21.038638594,Low,IT Support,Access Control,Resolved
TCK-3982,2025-03-04 06:30:34.023402,2025-03-04 08:05:40.178445631,Low,IT Support,Hardware,Resolved
TCK-3983,2025-03-04 07:31:03.186318,2025-03-05 00:56:08.021384853,Low,Finance,Network,Resolved
TCK-3984,2025-03-04 08:31:32.349234,2025-03-04 11:23:42.076815135,Low,HR,Email,Closed
TCK-3985,2025-03-04 09:01:46.930693,2025-03-04 12:10:02.169590627,Medium,DevOps,Hardware,Closed
TCK-3986,2025-03-04 09:01:46.930693,2025-03-04 09:17:15.541610909,Low,IT Support,Hardware,Closed
TCK-3987,2025-03-04 09:32:01.512151,2025-03-05 12:57:35.536326300,Medium,HR,Network,Closed
TCK-3988,2025-03-04 09:32:01.512151,2025-03-05 15:38:44.740105494,Medium,IT Support,Access Control,Closed
TCK-3989,2025-03-04 10:02:16.093609,2025-03-04 13:13:10.396188505,Low,Finance,Software,Closed
TCK-3990,2025-03-04 10:02:16.093609,2025-03-05 10:15:08.048649376,High,IT Support,Email,Resolved
TCK-3991,2025-03-04 10:02:16.093609,2025-03-04 20:16:05.682562128,Unassigned,IT Support,Network,Closed
TCK-3992,2025-03-04 11:32:59.837983,2025-03-04 16:28:48.813229682,Low,HR,Software,Closed
TCK-3993,2025-03-04 11:32:59.837983,2025-03-05 05:01:55.826207684,Low,DevOps,Network,Closed
TCK-3994,2025-03-04 12:03:14.419441,2025-03-04 15:35:34.355765635,Medium,DevOps,Network,Resolved
TCK-3995,2025-03-04 12:03:14.419441,2025-03-05 13:30:35.549462305,Low,IT Support,Network,Closed
TCK-3996,2025-03-04 13:03:43.582358,2025-03-04 13:56:24.925080600,Critical,IT Support,Network,Resolved
TCK-3997,2025-03-04 13:03:43.582358,2025-03-06 22:36:53.923541234,Low,IT Support,Access Control,Resolved
TCK-3998,2025-03-04 13:03:43.582358,2025-03-04 14:24:16.958004498,High,HR,Hardware,Closed
TCK-3999,2025-03-04 13:33:58.163816,2025-03-05 05:09:27.155405246,Low,Finance,Network,Closed
TCK-4000,2025-03-04 13:33:58.163816,2025-03-06 07:24:43.410180436,Medium,IT Support,Software,Closed
TCK-4001,2025-03-04 13:33:58.163816,2025-03-04 13:46:54.201776945,Low,HR,Software,Resolved
TCK-4002,2025-03-04 15:04:41.908190,2025-03-05 03:30:05.605073900,Medium,Finance,Software,Closed
TCK-4003,2025-03-04 15:34:56.489648,2025-03-04 23:20:11.916902713,High,HR,Hardware,Closed
TCK-4004,2025-03-04 15:34:56.489648,2025-03-05 07:12:41.798925614,Unassigned,IT Support,Hardware,Closed
TCK-4005,2025-03-04 16:35:25.652565,2025-03-04 21:11:20.925063606,Medium,HR,Software,Closed
TCK-4006,2025-03-04 16:35:25.652565,2025-03-04 17:47:53.795190655,Medium,IT Support,Access Control,Closed
TCK-4007,2025-03-04 17:05:40.234023,2025-03-05 10:47:39.399295449,Medium,Operations,Hardware,Closed
TCK-4008,2025-03-04 17:05:40.234023,2025-03-05 02:48:07.491677837,Medium,DevOps,Hardware,Closed
TCK-4009,2025-03-04 17:35:54.815481,2025-03-05 11:07:59.502393055,Low,IT Support,Access Control,Closed
TCK-4010,2025-03-04 17:35:54.815481,2025-03-04 21:51:13.861480570,Medium,IT Support,Network,Resolved
TCK-4011,2025-03-04 18:36:23.978397,2025-03-05 02:03:05.911773593,High,IT Support,Hardware,Closed
TCK-4012,2025-03-04 18:36:23.978397,2025-03-05 09:27:11.615302622,High,HR,Software,Resolved
TCK-4013,2025-03-04 19:06:38.559855,2025-03-05 11:17:47.965865613,Medium,Operations,Software,Closed
TCK-4014,2025-03-04 19:06:38.559855,2025-03-05 03:29:36.990640309,Low,IT Support,Access Control,Closed
TCK-4015,2025-03-04 19:06:38.559855,2025-03-05 01:01:30.412077214,High,Operations,Software,Closed
TCK-4016,2025-03-04 21:07:36.885688,2025-03-05 02:52:59.471639352,Unassigned,Finance,Email,Resolved
TCK-4017,2025-03-04 21:07:36.885688,2025-03-05 00:34:58.974054048,Medium,Operations,Software,Closed
TCK-4018,2025-03-04 22:38:20.630063,2025-03-05 05:43:28.677822639,Critical,DevOps,Access Control,Resolved
TCK-4019,2025-03-04 23:38:49.792979,2025-03-05 03:39:04.178251737,Unassigned,DevOps,Access Control,Resolved
TCK-4020,2025-03-05 00:39:18.955895,2025-03-05 18:44:18.184031884,Medium,Finance,Access Control,Closed
TCK-4021,2025-03-05 01:39:48.118811,2025-03-05 16:48:56.930486887,High,DevOps,Email,Closed
TCK-4022,2025-03-05 01:39:48.118811,2025-03-05 10:20:35.979011856,Medium,IT Support,Hardware,Closed
TCK-4023,2025-03-05 02:10:02.700270,2025-03-05 09:15:51.590924488,High,Operations,Network,Resolved
TCK-4024,2025-03-05 02:40:17.281728,2025-03-05 07:33:17.687127693,Low,Finance,Software,Closed
TCK-4025,2025-03-05 02:40:17.281728,2025-03-05 16:28:19.698990065,Medium,HR,Hardware,Closed
TCK-4026,2025-03-05 03:10:31.863186,2025-03-07 00:23:36.358170721,Low,Operations,Access Control,Resolved
TCK-4027,2025-03-05 03:40:46.444644,2025-03-06 00:30:47.069078951,Medium,Operations,Hardware,Closed
TCK-4028,2025-03-05 04:11:01.026102,2025-03-06 04:44:21.129388074,Critical,DevOps,Hardware,Closed
TCK-4029,2025-03-05 04:41:15.607560,2025-03-06 13:03:09.012491006,Medium,IT Support,Email,Closed
TCK-4030,2025-03-05 04:41:15.607560,2025-03-05 12:29:13.540125549,Low,Operations,Access Control,Resolved
TCK-4031,2025-03-05 04:41:15.607560,2025-03-05 05:51:23.682996505,Critical,DevOps,Access Control,Closed
TCK-4032,2025-03-05 05:11:30.189018,2025-03-05 22:43:47.452952411,Low,Finance,Software,Closed
TCK-4033,2025-03-05 06:11:59.351935,2025-03-05 09:57:47.945019860,Critical,Operations,Software,Closed
TCK-4034,2025-03-05 09:43:41.422142,2025-03-06 00:52:46.723004427,High,IT Support,Software,Resolved
TCK-4035,2025-03-05 09:43:41.422142,2025-03-06 09:56:29.844387079,Medium,IT Support,Software,Closed
TCK-4036,2025-03-05 10:13:56.003600,2025-03-06 13:47:12.086254093,Medium,Finance,Hardware,Closed
TCK-4037,2025-03-05 10:13:56.003600,2025-03-05 16:41:59.013998507,Low,IT Support,Hardware,Resolved
TCK-4038,2025-03-05 10:13:56.003600,2025-03-05 23:09:43.660533036,Medium,DevOps,Software,Closed
TCK-4039,2025-03-05 11:14:25.166516,2025-03-06 04:42:09.395071728,Low,IT Support,Software,Resolved
TCK-4040,2025-03-05 11:14:25.166516,2025-03-06 18:03:17.433601047,Medium,IT Support,Software,Closed
TCK-4041,2025-03-05 13:15:23.492349,2025-03-06 15:02:56.660695071,Medium,HR,Network,Closed
TCK-4042,2025-03-05 14:15:52.655265,2025-03-08 21:50:20.116564168,Medium,HR,Software,Closed
TCK-4043,2025-03-05 15:16:21.818181,2025-03-05 15:25:07.834432530,Unassigned,IT Support,Network,Resolved
TCK-4044,2025-03-05 15:16:21.818181,2025-03-06 01:37:44.198369600,Medium,IT Support,Software,Closed
TCK-4045,2025-03-05 17:17:20.144014,2025-03-05 22:36:46.301770557,Medium,HR,Access Control,Closed
TCK-4046,2025-03-05 18:17:49.306930,2025-03-05 20:35:45.059296386,High,DevOps,Email,Resolved
TCK-4047,2025-03-05 18:17:49.306930,2025-03-07 13:56:44.507945566,Low,Operations,Hardware,Resolved
TCK-4048,2025-03-05 18:48:03.888388,2025-03-10 10:19:32.945095445,High,IT Support,Access Control,Closed
TCK-4049,2025-03-05 19:48:33.051305,2025-03-05 23:23:39.804236982,Low,Finance,Email,Closed
TCK-4050,2025-03-05 20:18:47.632763,2025-03-05 21:01:07.238210762,Medium,IT Support,Network,Closed
TCK-4051,2025-03-05 20:49:02.214221,2025-03-06 02:36:25.699743339,Unassigned,HR,Hardware,Resolved
TCK-4052,2025-03-05 20:49:02.214221,2025-03-07 05:14:05.283727290,Unassigned,Operations,Network,Closed
TCK-4053,2025-03-05 21:19:16.795679,2025-03-06 03:35:06.182471893,Medium,HR,Network,Resolved
TCK-4054,2025-03-05 22:19:45.958595,2025-03-05 23:23:02.235961054,Low,HR,Hardware,Closed
TCK-4055,2025-03-05 22:19:45.958595,2025-03-05 23:17:59.980617090,Critical,IT Support,Email,Closed
TCK-4056,2025-03-05 23:20:15.121512,2025-03-06 09:22:28.101095468,Critical,Operations,Hardware,Closed
TCK-4057,2025-03-06 01:51:28.028802,2025-03-08 02:12:00.608368366,Medium,HR,Software,Closed
TCK-4058,2025-03-06 02:21:42.610261,2025-03-06 08:25:24.716359058,Low,Finance,Network,Closed
TCK-4059,2025-03-06 02:21:42.610261,2025-03-06 12:23:25.592303541,High,HR,Software,Resolved
TCK-4060,2025-03-06 02:21:42.610261,2025-03-06 04:17:49.355461922,Low,IT Support,Hardware,Closed
TCK-4061,2025-03-06 03:22:11.773177,2025-03-06 15:37:00.052688742,Critical,DevOps,Hardware,Closed
TCK-4062,2025-03-06 03:52:26.354635,2025-03-07 01:20:22.217783328,Medium,IT Support,Email,Resolved
TCK-4063,2025-03-06 04:22:40.936093,2025-03-06 10:04:16.387153402,Medium,DevOps,Network,Closed
TCK-4064,2025-03-06 04:52:55.517551,2025-03-06 11:13:04.327965351,Low,Finance,Access Control,Closed
TCK-4065,2025-03-06 04:52:55.517551,2025-03-07 14:05:31.659553560,Medium,IT Support,Hardware,Resolved
TCK-4066,2025-03-06 06:53:53.843384,2025-03-06 07:05:08.916802638,High,IT Support,Access Control,Closed
TCK-4067,2025-03-06 07:24:08.424842,2025-03-07 01:36:59.246992021,Medium,DevOps,Network,Closed
TCK-4068,2025-03-06 08:24:37.587758,2025-03-06 17:25:21.971847169,High,IT Support,Software,Resolved
TCK-4069,2025-03-06 09:55:21.332133,2025-03-06 16:18:04.123481794,High,IT Support,Network,Closed
TCK-4070,2025-03-06 11:56:19.657965,2025-03-07 07:13:49.551842758,Low,IT Support,Email,Resolved
TCK-4071,2025-03-06 12:26:34.239423,2025-03-07 20:50:21.464847585,Medium,DevOps,Access Control,Closed
TCK-4072,2025-03-06 12:26:34.239423,2025-03-07 03:09:17.413394698,Medium,Operations,Access Control,Closed
TCK-4073,2025-03-06 12:26:34.239423,2025-03-06 13:00:41.162618835,Medium,DevOps,Software,Resolved
TCK-4074,2025-03-06 12:26:34.239423,2025-03-06 23:34:51.462683250,Medium,HR,Software,Closed
TCK-4075,2025-03-06 12:26:34.239423,2025-03-06 23:37:35.143423633,Low,Finance,Hardware,Resolved
TCK-4076,2025-03-06 12:26:34.239423,2025-03-07 02:34:10.618820682,Medium,IT Support,Network,Closed
TCK-4077,2025-03-06 12:56:48.820882,2025-03-07 08:57:18.726345564,Medium,IT Support,Email,Resolved
TCK-4078,2025-03-06 13:27:03.402340,2025-03-06 13:48:07.484612220,Unassigned,DevOps,Hardware,Resolved
TCK-4079,2025-03-06 13:57:17.983798,2025-03-07 02:30:15.283598646,Medium,DevOps,Network,Closed
TCK-4080,2025-03-06 13:57:17.983798,2025-03-07 05:55:46.637373593,Medium,DevOps,Software,Resolved
TCK-4081,2025-03-06 15:28:01.728172,2025-03-06 23:02:17.209779989,High,HR,Email,Closed
TCK-4082,2025-03-06 16:28:30.891089,2025-03-07 12:20:32.011609682,High,Operations,Software,Resolved
TCK-4083,2025-03-06 16:58:45.472547,2025-03-06 21:38:28.734689776,Medium,Operations,Software,Closed
TCK-4084,2025-03-06 16:58:45.472547,2025-03-06 23:51:06.482661240,Low,IT Support,Access Control,Resolved
TCK-4085,2025-03-06 16:58:45.472547,2025-03-09 04:12:13.471633112,High,IT Support,Network,Closed
TCK-4086,2025-03-06 16:58:45.472547,2025-03-07 00:40:48.121303458,Low,HR,Hardware,Closed
TCK-4087,2025-03-06 17:29:00.054005,2025-03-07 01:08:26.887930285,High,IT Support,Access Control,Closed
TCK-4088,2025-03-06 17:59:14.635463,2025-03-07 10:17:14.288936052,Medium,Operations,Network,Closed
TCK-4089,2025-03-06 17:59:14.635463,2025-03-09 09:42:01.306189549,Medium,IT Support,Network,Closed
TCK-4090,2025-03-06 17:59:14.635463,2025-03-09 19:24:52.321717918,High,Finance,Network,Closed
TCK-4091,2025-03-06 17:59:14.635463,2025-03-07 09:35:15.922407843,Low,Finance,Email,Closed
TCK-4092,2025-03-06 17:59:14.635463,2025-03-06 18:00:25.112658356,Medium,Finance,Access Control,Closed
TCK-4093,2025-03-06 17:59:14.635463,2025-03-08 11:33:08.997161131,Medium,IT Support,Hardware,Resolved
TCK-4094,2025-03-06 18:29:29.216921,2025-03-07 09:41:34.348110868,High,Operations,Access Control,Closed
TCK-4095,2025-03-06 18:59:43.798379,2025-03-07 03:11:53.201108322,High,IT Support,Software,Closed
TCK-4096,2025-03-06 19:29:58.379837,2025-03-08 03:18:35.113854182,Critical,DevOps,Network,Resolved
TCK-4097,2025-03-06 20:30:27.542754,2025-03-07 05:41:50.951309676,Low,DevOps,Software,Closed
TCK-4098,2025-03-06 20:30:27.542754,2025-03-06 21:07:52.053952934,Low,IT Support,Access Control,Closed
TCK-4099,2025-03-06 21:00:42.124212,2025-03-08 03:59:08.216901197,High,Operations,Hardware,Resolved
TCK-4100,2025-03-06 22:01:11.287128,2025-03-07 12:13:41.066007656,Medium,HR,Software,Closed
TCK-4101,2025-03-06 22:31:25.868586,2025-03-07 05:57:09.254430032,Medium,Finance,Software,Closed
TCK-4102,2025-03-06 22:31:25.868586,2025-03-07 03:43:24.814103193,Medium,Finance,Email,Closed
TCK-4103,2025-03-06 23:01:40.450045,2025-03-07 15:14:38.988766965,Unassigned,Finance,Access Control,Closed
TCK-4104,2025-03-06 23:01:40.450045,2025-03-07 03:13:35.468005972,Low,IT Support,Software,Closed
TCK-4105,2025-03-06 23:31:55.031503,2025-03-07 06:34:33.970115040,Low,DevOps,Access Control,Closed
TCK-4106,2025-03-07 00:02:09.612961,2025-03-07 18:15:11.059984189,High,Finance,Hardware,Resolved
TCK-4107,2025-03-07 00:32:24.194419,2025-03-08 14:56:16.688269228,Low,IT Support,Software,Resolved
TCK-4108,2025-03-07 00:32:24.194419,2025-03-07 14:14:29.384570389,Medium,DevOps,Hardware,Closed
TCK-4109,2025-03-07 01:02:38.775877,2025-03-08 02:39:55.091321149,High,DevOps,Software,Closed
TCK-4110,2025-03-07 02:03:07.938793,2025-03-08 03:58:16.755987246,Low,Finance,Network,Closed
TCK-4111,2025-03-07 04:04:06.264626,2025-03-07 23:43:08.301817088,Low,IT Support,Email,Closed
TCK-4112,2025-03-07 04:34:20.846084,2025-03-07 09:39:04.070678743,Medium,HR,Email,Resolved
TCK-4113,2025-03-07 04:34:20.846084,2025-03-08 16:51:25.847628316,Low,IT Support,Email,Closed
TCK-4114,2025-03-07 04:34:20.846084,2025-03-07 14:53:23.551480609,Medium,HR,Hardware,Resolved
TCK-4115,2025-03-07 06:35:19.171917,2025-03-07 07:24:09.287539421,Low,Operations,Access Control,Closed
TCK-4116,2025-03-07 07:05:33.753375,2025-03-07 12:08:31.750144673,Low,IT Support,Email,Resolved
TCK-4117,2025-03-07 07:05:33.753375,2025-03-08 09:12:06.536550883,Medium,IT Support,Software,Resolved
TCK-4118,2025-03-07 07:05:33.753375,2025-03-07 08:22:55.975466739,Unassigned,DevOps,Software,Closed
TCK-4119,2025-03-07 07:35:48.334833,2025-03-07 10:27:58.946750434,Critical,IT Support,Network,Closed
TCK-4120,2025-03-07 08:36:17.497749,2025-03-08 05:55:59.774662907,High,IT Support,Hardware,Closed
TCK-4121,2025-03-07 09:06:32.079207,2025-03-09 01:16:13.997972005,Medium,Finance,Software,Closed
TCK-4122,2025-03-07 09:36:46.660666,2025-03-08 03:41:31.131817729,Low,DevOps,Software,Closed
TCK-4123,2025-03-07 11:07:30.405040,2025-03-07 15:39:01.314902569,High,DevOps,Network,Closed
TCK-4124,2025-03-07 11:07:30.405040,2025-03-07 12:06:47.484483170,Medium,DevOps,Network,Resolved
TCK-4125,2025-03-07 11:37:44.986498,2025-03-08 04:48:58.669340159,High,HR,Access Control,Closed
TCK-4126,2025-03-07 12:07:59.567956,2025-03-07 13:00:26.171572634,Low,Operations,Access Control,Closed
TCK-4127,2025-03-07 13:08:28.730873,2025-03-08 06:12:58.829407574,Medium,IT Support,Access Control,Resolved
TCK-4128,2025-03-07 13:38:43.312331,2025-03-07 18:14:48.839074223,Medium,IT Support,Software,Closed
TCK-4129,2025-03-07 14:08:57.893789,2025-03-09 08:27:15.035303358,Low,IT Support,Network,Resolved
TCK-4130,2025-03-07 14:39:12.475247,2025-03-08 02:15:18.248857698,Medium,IT Support,Hardware,Closed
TCK-4131,2025-03-07 14:39:12.475247,2025-03-07 19:13:00.793085109,Medium,IT Support,Access Control,Closed
TCK-4132,2025-03-07 14:39:12.475247,2025-03-09 01:10:59.075296365,Low,Finance,Email,Closed
TCK-4133,2025-03-07 15:39:41.638163,2025-03-07 20:56:13.036245723,Critical,Finance,Software,Closed
TCK-4134,2025-03-07 16:09:56.219621,2025-03-07 22:45:22.539643332,Medium,IT Support,Hardware,Closed
TCK-4135,2025-03-07 17:10:25.382538,2025-03-09 01:31:39.687912658,Critical,DevOps,Software,Closed
TCK-4136,2025-03-07 17:10:25.382538,2025-03-07 23:49:16.964120814,Medium,DevOps,Access Control,Closed
TCK-4137,2025-03-07 17:10:25.382538,2025-03-08 02:40:33.973579623,Medium,IT Support,Software,Closed
TCK-4138,2025-03-07 17:10:25.382538,2025-03-08 00:51:47.817705329,Unassigned,IT Support,Access Control,Closed
TCK-4139,2025-03-07 17:40:39.963996,2025-03-07 19:54:19.039626388,High,IT Support,Software,Closed
TCK-4140,2025-03-07 18:10:54.545454,2025-03-07 18:53:45.320856309,Low,IT Support,Access Control,Closed
TCK-4141,2025-03-07 19:11:23.708370,2025-03-08 18:23:51.339714974,Low,DevOps,Network,Resolved
TCK-4142,2025-03-07 19:11:23.708370,2025-03-08 13:50:18.052471948,Medium,IT Support,Network,Closed
TCK-4143,2025-03-07 19:41:38.289828,2025-03-08 01:39:58.650108141,Medium,IT Support,Network,Resolved
TCK-4144,2025-03-07 20:11:52.871287,2025-03-08 02:30:19.287664555,High,IT Support,Network,Closed
TCK-4145,2025-03-07 20:42:07.452745,2025-03-10 00:54:41.618213887,Medium,DevOps,Network,Closed
TCK-4146,2025-03-07 21:12:22.034203,2025-03-11 04:19:50.612145656,Medium,IT Support,Email,Closed
TCK-4147,2025-03-07 21:42:36.615661,2025-03-08 09:15:18.060038603,Medium,DevOps,Software,Closed
TCK-4148,2025-03-07 21:42:36.615661,2025-03-09 02:54:07.467038950,Medium,IT Support,Network,Closed
TCK-4149,2025-03-07 21:42:36.615661,2025-03-08 21:43:46.226274063,Medium,DevOps,Email,Closed
TCK-4150,2025-03-07 22:12:51.197119,2025-03-08 04:33:55.904542127,Medium,Operations,Email,Closed
TCK-4151,2025-03-07 22:43:05.778577,2025-03-07 23:48:16.299177755,Medium,HR,Software,Closed
TCK-4152,2025-03-07 23:13:20.360036,2025-03-08 01:59:26.581119744,Medium,DevOps,Software,Closed
TCK-4153,2025-03-08 00:44:04.104410,2025-03-09 09:31:48.157690789,Critical,DevOps,Access Control,Resolved
TCK-4154,2025-03-08 00:44:04.104410,2025-03-09 00:23:00.877139481,Medium,DevOps,Access Control,Closed
TCK-4155,2025-03-08 00:44:04.104410,2025-03-08 20:23:02.452667646,High,DevOps,Network,Closed
TCK-4156,2025-03-08 01:14:18.685868,2025-03-08 03:45:31.212635479,Medium,IT Support,Hardware,Closed
TCK-4157,2025-03-08 01:44:33.267326,2025-03-08 20:07:43.793108070,Medium,HR,Access Control,Closed
TCK-4158,2025-03-08 02:14:47.848784,2025-03-09 04:52:12.102788950,Critical,Operations,Hardware,Closed
TCK-4159,2025-03-08 02:45:02.430243,2025-03-09 14:13:05.667856021,Medium,IT Support,Access Control,Resolved
TCK-4160,2025-03-08 02:45:02.430243,2025-03-08 02:59:25.539832546,Critical,Operations,Email,Closed
TCK-4161,2025-03-08 02:45:02.430243,2025-03-08 23:30:50.376148256,Unassigned,Finance,Email,Closed
TCK-4162,2025-03-08 02:45:02.430243,2025-03-08 03:05:51.927907648,Low,HR,Email,Closed
TCK-4163,2025-03-08 03:15:17.011701,2025-03-09 01:20:36.253283292,Unassigned,DevOps,Hardware,Closed
TCK-4164,2025-03-08 03:45:31.593159,2025-03-08 21:55:51.194248308,Low,DevOps,Network,Closed
TCK-4165,2025-03-08 04:15:46.174617,2025-03-08 07:09:11.572338824,Low,HR,Access Control,Closed
TCK-4166,2025-03-08 04:46:00.756075,2025-03-09 06:55:12.214409256,High,IT Support,Access Control,Closed
TCK-4167,2025-03-08 05:16:15.337533,2025-03-08 06:32:42.886889541,Medium,DevOps,Hardware,Closed
TCK-4168,2025-03-08 06:16:44.500450,2025-03-09 13:47:48.938418740,Critical,Operations,Email,Resolved
TCK-4169,2025-03-08 06:16:44.500450,2025-03-08 11:44:45.270344256,Medium,Finance,Network,Closed
TCK-4170,2025-03-08 06:16:44.500450,2025-03-09 03:17:37.603177560,Medium,IT Support,Access Control,Closed
TCK-4171,2025-03-08 06:16:44.500450,2025-03-10 04:35:31.184311065,Low,IT Support,Network,Closed
TCK-4172,2025-03-08 06:46:59.081908,2025-03-08 14:15:27.501869754,Medium,Operations,Network,Closed
TCK-4173,2025-03-08 07:17:13.663366,2025-03-08 19:52:05.762863335,Low,IT Support,Software,Resolved
TCK-4174,2025-03-08 07:17:13.663366,2025-03-08 18:28:57.773688402,Low,Finance,Network,Closed
TCK-4175,2025-03-08 07:17:13.663366,2025-03-08 10:22:27.756993638,Medium,IT Support,Software,Closed
TCK-4176,2025-03-08 07:47:28.244824,2025-03-08 23:51:13.134604257,Unassigned,IT Support,Hardware,Closed
TCK-4177,2025-03-08 08:17:42.826282,2025-03-09 08:45:05.721796658,Medium,IT Support,Email,Closed
TCK-4178,2025-03-08 08:17:42.826282,2025-03-10 05:04:06.846664289,Low,IT Support,Software,Closed
TCK-4179,2025-03-08 08:47:57.407740,2025-03-09 19:02:38.437599350,Low,DevOps,Network,Closed
TCK-4180,2025-03-08 09:18:11.989198,2025-03-08 22:08:39.624853298,Low,IT Support,Email,Closed
TCK-4181,2025-03-08 09:18:11.989198,2025-03-09 08:09:13.104739890,Low,IT Support,Network,Closed
TCK-4182,2025-03-08 09:48:26.570657,2025-03-09 14:50:52.471744458,Medium,HR,Network,Closed
TCK-4183,2025-03-08 09:48:26.570657,2025-03-08 22:03:04.092647659,Medium,Operations,Software,Resolved
TCK-4184,2025-03-08 10:18:41.152115,2025-03-08 12:31:08.928500969,Low,DevOps,Hardware,Closed
TCK-4185,2025-03-08 10:48:55.733573,2025-03-08 21:11:08.973168761,Low,IT Support,Network,Resolved
TCK-4186,2025-03-08 10:48:55.733573,2025-03-09 20:04:58.470873980,Critical,IT Support,Software,Closed
TCK-4187,2025-03-08 12:19:39.477947,2025-03-09 04:40:13.296571805,High,Finance,Network,Resolved
TCK-4188,2025-03-08 12:19:39.477947,2025-03-09 11:31:47.752341695,Low,Operations,Email,Resolved
TCK-4189,2025-03-08 12:49:54.059405,2025-03-08 16:31:11.325477452,Medium,IT Support,Hardware,Closed
TCK-4190,2025-03-08 13:50:23.222322,2025-03-11 01:50:44.590118812,Medium,IT Support,Network,Resolved
TCK-4191,2025-03-08 13:50:23.222322,2025-03-08 23:09:26.925321419,High,DevOps,Hardware,Resolved
TCK-4192,2025-03-08 13:50:23.222322,2025-03-09 08:55:28.307218723,High,Finance,Hardware,Closed
TCK-4193,2025-03-08 13:50:23.222322,2025-03-08 14:10:57.831340693,Medium,Finance,Email,Resolved
TCK-4194,2025-03-08 14:20:37.803780,2025-03-08 16:47:42.623990809,Medium,IT Support,Email,Closed
TCK-4195,2025-03-08 14:50:52.385238,2025-03-09 18:16:09.834692761,High,IT Support,Access Control,Closed
TCK-4196,2025-03-08 15:21:06.966696,2025-03-11 05:17:27.978971281,Medium,IT Support,Hardware,Resolved
TCK-4197,2025-03-08 15:21:06.966696,2025-03-08 22:17:43.170678502,Critical,IT Support,Network,Resolved
TCK-4198,2025-03-08 15:51:21.548154,2025-03-08 16:32:16.791892430,Medium,Operations,Email,Closed
TCK-4199,2025-03-08 15:51:21.548154,2025-03-08 23:54:48.755313684,High,IT Support,Network,Closed
TCK-4200,2025-03-08 15:51:21.548154,2025-03-08 16:10:23.486049655,Critical,Finance,Hardware,Closed
TCK-4201,2025-03-08 16:21:36.129612,2025-03-08 20:12:20.978468695,Medium,Finance,Email,Closed
TCK-4202,2025-03-08 16:21:36.129612,2025-03-09 17:29:31.939422328,Low,IT Support,Access Control,Closed
TCK-4203,2025-03-08 16:51:50.711071,2025-03-10 18:39:09.110494880,High,Operations,Hardware,Closed
TCK-4204,2025-03-08 17:22:05.292529,2025-03-08 19:00:55.231063039,High,DevOps,Network,Resolved
TCK-4205,2025-03-08 17:22:05.292529,2025-03-09 08:03:36.409425944,Medium,Operations,Access Control,Closed
TCK-4206,2025-03-08 17:22:05.292529,2025-03-08 22:38:23.266444936,Low,IT Support,Hardware,Closed
TCK-4207,2025-03-08 17:52:19.873987,2025-03-08 20:34:02.342216457,Unassigned,IT Support,Email,Closed
TCK-4208,2025-03-08 17:52:19.873987,2025-03-08 22:19:15.506039409,Medium,IT Support,Hardware,Resolved
TCK-4209,2025-03-08 18:22:34.455445,2025-03-09 09:53:44.281330580,Medium,IT Support,Software,Closed
TCK-4210,2025-03-08 18:22:34.455445,2025-03-08 19:35:18.904693063,Critical,HR,Network,Closed
TCK-4211,2025-03-08 18:52:49.036903,2025-03-09 05:07:55.714105300,Medium,Operations,Email,Closed
TCK-4212,2025-03-08 19:53:18.199819,2025-03-08 22:30:12.941162119,High,IT Support,Email,Resolved
TCK-4213,2025-03-08 20:23:32.781278,2025-03-09 02:07:24.108577315,High,Operations,Software,Closed
TCK-4214,2025-03-08 20:23:32.781278,2025-03-09 00:12:07.878603598,Unassigned,HR,Access Control,Resolved
TCK-4215,2025-03-08 20:23:32.781278,2025-03-10 11:00:32.884477253,Medium,Finance,Email,Closed
TCK-4216,2025-03-08 21:24:01.944194,2025-03-09 19:33:33.354455968,Critical,IT Support,Access Control,Closed
TCK-4217,2025-03-08 21:24:01.944194,2025-03-10 09:54:46.404726418,Medium,IT Support,Access Control,Closed
TCK-4218,2025-03-08 21:24:01.944194,2025-03-09 06:06:21.600643319,Medium,Operations,Access Control,Closed
TCK-4219,2025-03-08 21:54:16.525652,2025-03-09 04:40:22.807201418,Medium,IT Support,Hardware,Closed
TCK-4220,2025-03-08 21:54:16.525652,2025-03-09 06:31:34.645971216,Medium,DevOps,Software,Closed
TCK-4221,2025-03-08 22:54:45.688568,2025-03-08 23:14:58.898184336,Medium,Finance,Network,Resolved
TCK-4222,2025-03-08 23:55:14.851485,2025-03-09 23:08:20.980346326,Critical,Operations,Software,Closed
TCK-4223,2025-03-09 00:25:29.432943,2025-03-09 08:10:21.485578139,High,DevOps,Email,Resolved
TCK-4224,2025-03-09 00:25:29.432943,2025-03-09 07:11:27.262256449,High,IT Support,Software,Resolved
TCK-4225,2025-03-09 00:55:44.014401,2025-03-09 17:20:19.204022652,High,Finance,Network,Closed
TCK-4226,2025-03-09 00:55:44.014401,2025-03-09 11:14:43.760605631,Low,IT Support,Hardware,Closed
TCK-4227,2025-03-09 02:26:27.758775,2025-03-12 01:37:58.648081596,Low,HR,Email,Closed
TCK-4228,2025-03-09 02:56:42.340234,2025-03-09 10:52:23.471323379,Low,IT Support,Hardware,Closed
TCK-4229,2025-03-09 03:26:56.921692,2025-03-09 20:34:43.719030632,Low,HR,Email,Closed
TCK-4230,2025-03-09 03:26:56.921692,2025-03-09 10:10:17.093947308,Medium,IT Support,Network,Closed
TCK-4231,2025-03-09 03:26:56.921692,2025-03-12 15:26:46.880636163,Medium,Operations,Hardware,Closed
TCK-4232,2025-03-09 03:57:11.503150,2025-03-09 14:33:17.876808066,Medium,Finance,Network,Resolved
TCK-4233,2025-03-09 04:27:26.084608,2025-03-09 22:33:20.796554133,Medium,Operations,Network,Closed
TCK-4234,2025-03-09 04:27:26.084608,2025-03-09 06:53:46.546484576,Medium,IT Support,Software,Closed
TCK-4235,2025-03-09 04:27:26.084608,2025-03-10 04:13:40.790754002,Low,Finance,Email,Resolved
TCK-4236,2025-03-09 04:57:40.666066,2025-03-09 10:36:23.839353665,Low,IT Support,Access Control,Resolved
TCK-4237,2025-03-09 05:27:55.247524,2025-03-09 16:10:51.906771999,Medium,HR,Access Control,Closed
TCK-4238,2025-03-09 05:27:55.247524,2025-03-10 20:06:22.656623937,Low,Operations,Hardware,Resolved
TCK-4239,2025-03-09 05:27:55.247524,2025-03-11 20:55:04.758065176,Medium,Operations,Network,Resolved
TCK-4240,2025-03-09 05:27:55.247524,2025-03-09 15:24:46.406630110,Low,IT Support,Software,Resolved
TCK-4241,2025-03-09 05:58:09.828982,2025-03-10 14:22:49.652980060,Medium,Operations,Email,Closed
TCK-4242,2025-03-09 06:28:24.410441,2025-03-09 07:27:37.056196043,Medium,DevOps,Hardware,Closed
TCK-4243,2025-03-09 06:28:24.410441,2025-03-10 16:19:58.150925648,Medium,Operations,Network,Closed
TCK-4244,2025-03-09 09:29:51.899189,2025-03-10 03:22:13.743405250,Low,Finance,Access Control,Resolved
TCK-4245,2025-03-09 10:30:21.062106,2025-03-09 22:34:49.604609457,Low,Operations,Access Control,Resolved
TCK-4246,2025-03-09 11:00:35.643564,2025-03-11 02:44:05.680491585,Medium,Operations,Email,Resolved
TCK-4247,2025-03-09 12:31:19.387938,2025-03-10 22:07:09.116787372,Unassigned,IT Support,Email,Closed
TCK-4248,2025-03-09 12:31:19.387938,2025-03-09 18:51:49.742767699,Low,IT Support,Email,Closed
TCK-4249,2025-03-09 13:01:33.969396,2025-03-10 17:14:44.851035401,Low,IT Support,Hardware,Closed
TCK-4250,2025-03-09 13:01:33.969396,2025-03-09 14:54:44.688396352,Low,Finance,Email,Closed
TCK-4251,2025-03-09 13:01:33.969396,2025-03-10 20:10:15.642758067,High,DevOps,Hardware,Resolved
TCK-4252,2025-03-09 13:31:48.550855,2025-03-10 09:47:10.128078609,Critical,DevOps,Software,Closed
TCK-4253,2025-03-09 14:02:03.132313,2025-03-09 15:41:22.706191124,Low,DevOps,Network,Closed
TCK-4254,2025-03-09 14:32:17.713771,2025-03-10 11:13:19.811747874,High,HR,Access Control,Resolved
TCK-4255,2025-03-09 15:02:32.295229,2025-03-10 06:40:46.498557285,Medium,IT Support,Hardware,Closed
TCK-4256,2025-03-09 16:33:16.039603,2025-03-10 08:48:14.755868181,High,IT Support,Network,Resolved
TCK-4257,2025-03-09 17:03:30.621062,2025-03-09 23:14:42.890383716,Medium,DevOps,Email,Closed
TCK-4258,2025-03-09 17:33:45.202520,2025-03-09 23:08:28.268914305,Low,IT Support,Access Control,Closed
TCK-4259,2025-03-09 17:33:45.202520,2025-03-10 19:26:30.463351849,Medium,IT Support,Hardware,Resolved
TCK-4260,2025-03-09 18:03:59.783978,2025-03-09 23:24:32.957333730,High,HR,Email,Closed
TCK-4261,2025-03-09 18:34:14.365436,2025-03-10 05:12:35.318016483,Critical,IT Support,Network,Closed
TCK-4262,2025-03-09 18:34:14.365436,2025-03-10 15:55:55.890739153,Medium,IT Support,Software,Closed
TCK-4263,2025-03-09 19:04:28.946894,2025-03-09 20:34:05.051534551,Low,IT Support,Network,Closed
TCK-4264,2025-03-09 19:04:28.946894,2025-03-10 11:19:27.388499531,Medium,Operations,Hardware,Closed
TCK-4265,2025-03-09 19:34:43.528352,2025-03-10 11:36:00.597822880,High,IT Support,Software,Closed
TCK-4266,2025-03-09 19:34:43.528352,2025-03-10 16:19:40.892177671,Medium,Operations,Software,Resolved
TCK-4267,2025-03-09 20:04:58.109810,2025-03-10 04:23:50.612102471,Medium,IT Support,Email,Closed
TCK-4268,2025-03-09 20:35:12.691269,2025-03-10 07:18:52.439099399,Low,Operations,Network,Closed
TCK-4269,2025-03-09 21:05:27.272727,2025-03-10 04:17:55.251265106,Low,Finance,Hardware,Resolved
TCK-4270,2025-03-09 22:36:11.017101,2025-03-11 04:19:24.667391699,Medium,DevOps,Software,Closed
TCK-4271,2025-03-09 22:36:11.017101,2025-03-10 01:07:20.706131932,Low,Operations,Email,Closed
TCK-4272,2025-03-09 23:06:25.598559,2025-03-12 10:25:40.066568347,Medium,Finance,Software,Closed
TCK-4273,2025-03-09 23:36:40.180018,2025-03-10 17:44:40.292185764,Medium,Operations,Network,Resolved
TCK-4274,2025-03-09 23:36:40.180018,2025-03-11 14:50:34.524486416,Low,Finance,Access Control,Resolved
TCK-4275,2025-03-09 23:36:40.180018,2025-03-10 09:36:38.472267403,High,DevOps,Hardware,Closed
TCK-4276,2025-03-10 00:06:54.761476,2025-03-10 07:23:06.507064377,Low,HR,Access Control,Resolved
TCK-4277,2025-03-10 00:37:09.342934,2025-03-11 18:11:48.897057576,High,Operations,Network,Closed
TCK-4278,2025-03-10 00:37:09.342934,2025-03-10 02:29:35.613187907,Low,DevOps,Access Control,Closed
TCK-4279,2025-03-10 01:07:23.924392,2025-03-10 03:21:54.863259688,Low,IT Support,Network,Closed
TCK-4280,2025-03-10 01:07:23.924392,2025-03-10 07:31:36.019122212,High,Finance,Network,Closed
TCK-4281,2025-03-10 01:07:23.924392,2025-03-12 10:57:43.569798186,Medium,Operations,Email,Closed
TCK-4282,2025-03-10 01:37:38.505850,2025-03-10 19:40:25.715528025,Low,DevOps,Access Control,Closed
TCK-4283,2025-03-10 01:37:38.505850,2025-03-10 16:10:08.528417899,Low,Operations,Software,Resolved
TCK-4284,2025-03-10 02:07:53.087308,2025-03-11 00:07:37.946813412,Unassigned,IT Support,Network,Closed
TCK-4285,2025-03-10 02:38:07.668766,2025-03-10 12:21:44.449189554,Medium,HR,Access Control,Closed
TCK-4286,2025-03-10 02:38:07.668766,2025-03-11 04:10:46.730550736,Medium,Finance,Software,Resolved
TCK-4287,2025-03-10 02:38:07.668766,2025-03-10 11:37:42.177918450,Low,IT Support,Hardware,Closed
TCK-4288,2025-03-10 03:08:22.250225,2025-03-11 10:39:13.405317520,Critical,HR,Software,Closed
TCK-4289,2025-03-10 04:08:51.413141,2025-03-10 09:44:45.005371716,Low,Finance,Access Control,Closed
TCK-4290,2025-03-10 04:39:05.994599,2025-03-10 10:30:12.632803290,Medium,IT Support,Access Control,Closed
TCK-4291,2025-03-10 05:39:35.157515,2025-03-10 18:57:38.907717095,Medium,IT Support,Software,Resolved
TCK-4292,2025-03-10 06:09:49.738973,2025-03-10 16:18:21.634383991,High,IT Support,Software,Closed
TCK-4293,2025-03-10 07:10:18.901890,2025-03-11 01:58:19.473178944,Medium,DevOps,Network,Resolved
TCK-4294,2025-03-10 07:40:33.483348,2025-03-10 15:49:48.789356237,Medium,HR,Access Control,Closed
TCK-4295,2025-03-10 07:40:33.483348,2025-03-10 12:23:36.276978815,Medium,IT Support,Network,Closed
TCK-4296,2025-03-10 08:41:02.646264,2025-03-10 20:06:19.356647381,Medium,Finance,Network,Closed
TCK-4297,2025-03-10 09:41:31.809180,2025-03-11 00:30:32.368577935,Critical,IT Support,Hardware,Closed
TCK-4298,2025-03-10 09:41:31.809180,2025-03-10 12:27:41.340216527,High,Operations,Access Control,Closed
TCK-4299,2025-03-10 10:11:46.390639,2025-03-11 00:50:24.466551476,Low,IT Support,Network,Resolved
TCK-4300,2025-03-10 10:11:46.390639,2025-03-10 17:07:06.526462206,Medium,Operations,Hardware,Closed
TCK-4301,2025-03-10 10:11:46.390639,2025-03-10 19:09:57.779685669,High,HR,Network,Closed
TCK-4302,2025-03-10 10:11:46.390639,2025-03-10 16:05:32.114835397,Medium,Operations,Network,Resolved
TCK-4303,2025-03-10 10:11:46.390639,2025-03-12 10:25:45.332900424,Medium,IT Support,Access Control,Closed
TCK-4304,2025-03-10 10:42:00.972097,2025-03-11 07:23:55.457124839,Low,IT Support,Software,Closed
TCK-4305,2025-03-10 10:42:00.972097,2025-03-10 16:10:48.384537371,Low,DevOps,Software,Closed
TCK-4306,2025-03-10 10:42:00.972097,2025-03-11 05:20:36.001328537,Low,IT Support,Access Control,Closed
TCK-4307,2025-03-10 11:42:30.135013,2025-03-11 21:41:09.707225216,Medium,DevOps,Software,Closed
TCK-4308,2025-03-10 12:12:44.716471,2025-03-10 21:27:22.519007229,Unassigned,IT Support,Email,Resolved
TCK-4309,2025-03-10 12:12:44.716471,2025-03-11 20:06:11.325342097,High,DevOps,Software,Closed
TCK-4310,2025-03-10 12:12:44.716471,2025-03-10 15:13:53.394814254,Low,Operations,Network,Resolved
TCK-4311,2025-03-10 13:13:13.879387,2025-03-11 20:22:01.925495960,High,Operations,Network,Resolved
TCK-4312,2025-03-10 14:13:43.042304,2025-03-11 04:13:03.570963375,High,HR,Hardware,Closed
TCK-4313,2025-03-10 14:43:57.623762,2025-03-10 19:16:25.503530281,Medium,HR,Access Control,Closed
TCK-4314,2025-03-10 14:43:57.623762,2025-03-11 00:08:35.020406535,Medium,Operations,Hardware,Closed
TCK-4315,2025-03-10 14:43:57.623762,2025-03-13 22:20:00.385190017,Medium,Operations,Network,Resolved
TCK-4316,2025-03-10 16:44:55.949594,2025-03-11 20:17:47.392549279,Medium,IT Support,Network,Closed
TCK-4317,2025-03-10 16:44:55.949594,2025-03-11 08:09:16.282434957,Low,Finance,Hardware,Closed
TCK-4318,2025-03-10 17:15:10.531053,2025-03-10 19:27:18.996531301,Medium,IT Support,Email,Resolved
TCK-4319,2025-03-10 17:45:25.112511,2025-03-11 03:29:39.394572497,Medium,Operations,Software,Resolved
TCK-4320,2025-03-10 17:45:25.112511,2025-03-10 23:15:04.488652297,Medium,IT Support,Email,Resolved
TCK-4321,2025-03-10 17:45:25.112511,2025-03-10 19:04:57.483612064,Medium,Finance,Email,Closed
TCK-4322,2025-03-10 17:45:25.112511,2025-03-11 07:49:15.455792799,High,DevOps,Email,Closed
TCK-4323,2025-03-10 19:16:08.856885,2025-03-12 10:52:02.341257238,Low,Operations,Email,Closed
TCK-4324,2025-03-10 19:16:08.856885,2025-03-11 15:31:59.242149148,Medium,DevOps,Software,Closed
TCK-4325,2025-03-10 19:46:23.438343,2025-03-11 00:56:37.628041666,High,IT Support,Access Control,Closed
TCK-4326,2025-03-10 20:16:38.019801,2025-03-11 11:37:09.736479535,Medium,Finance,Hardware,Resolved
TCK-4327,2025-03-10 20:16:38.019801,2025-03-12 23:54:57.731767672,Critical,Operations,Email,Closed
TCK-4328,2025-03-10 21:47:21.764176,2025-03-11 20:53:28.102803543,Medium,DevOps,Email,Closed
TCK-4329,2025-03-10 23:18:05.508550,2025-03-11 20:21:08.286967637,Medium,DevOps,Hardware,Closed
TCK-4330,2025-03-10 23:48:20.090009,2025-03-13 13:51:04.026353725,High,DevOps,Hardware,Closed
TCK-4331,2025-03-10 23:48:20.090009,2025-03-12 04:40:27.643949348,Low,IT Support,Access Control,Closed
TCK-4332,2025-03-11 02:49:47.578757,2025-03-11 05:28:26.988032329,High,DevOps,Network,Resolved
TCK-4333,2025-03-11 02:49:47.578757,2025-03-11 10:31:06.975938174,Low,IT Support,Access Control,Closed
TCK-4334,2025-03-11 02:49:47.578757,2025-03-13 15:14:44.588826258,Medium,HR,Network,Closed
TCK-4335,2025-03-11 03:20:02.160216,2025-03-11 15:26:37.465808255,Low,Operations,Software,Closed
TCK-4336,2025-03-11 03:20:02.160216,2025-03-11 05:27:52.882054801,High,IT Support,Access Control,Closed
TCK-4337,2025-03-11 03:50:16.741674,2025-03-11 14:52:58.404959883,Unassigned,HR,Software,Resolved
TCK-4338,2025-03-11 04:20:31.323132,2025-03-12 01:50:02.532458193,Low,IT Support,Hardware,Closed
TCK-4339,2025-03-11 04:20:31.323132,2025-03-15 16:32:20.343563898,Medium,IT Support,Access Control,Resolved
TCK-4340,2025-03-11 05:21:00.486048,2025-03-11 12:23:44.641270258,Unassigned,DevOps,Hardware,Closed
TCK-4341,2025-03-11 07:21:58.811881,2025-03-11 20:21:26.619482937,Medium,DevOps,Email,Closed
TCK-4342,2025-03-11 07:21:58.811881,2025-03-12 21:28:59.698517986,High,IT Support,Hardware,Closed
TCK-4343,2025-03-11 07:52:13.393339,2025-03-11 15:46:15.366544469,Low,HR,Email,Closed
TCK-4344,2025-03-11 08:22:27.974797,2025-03-11 10:27:25.623065032,Low,HR,Network,Closed
TCK-4345,2025-03-11 08:52:42.556255,2025-03-13 14:25:21.372043270,Medium,IT Support,Email,Closed
TCK-4346,2025-03-11 09:22:57.137713,2025-03-11 21:26:52.057717998,Unassigned,DevOps,Network,Closed
TCK-4347,2025-03-11 09:53:11.719171,2025-03-11 22:27:49.433406770,High,HR,Email,Closed
TCK-4348,2025-03-11 10:23:26.300630,2025-03-12 03:51:50.725631969,Critical,DevOps,Email,Closed
TCK-4349,2025-03-11 10:23:26.300630,2025-03-11 10:27:15.880053701,Medium,IT Support,Software,Resolved
TCK-4350,2025-03-11 11:23:55.463546,2025-03-13 11:33:31.212342648,High,IT Support,Software,Closed
TCK-4351,2025-03-11 11:23:55.463546,2025-03-11 19:28:21.956941905,High,IT Support,Hardware,Closed
TCK-4352,2025-03-11 11:54:10.045004,2025-03-11 21:00:21.030896554,Medium,IT Support,Software,Closed
TCK-4353,2025-03-11 12:24:24.626462,2025-03-11 15:51:00.398291365,High,Operations,Network,Closed
TCK-4354,2025-03-11 12:54:39.207920,2025-03-11 21:27:43.028996450,Low,IT Support,Software,Closed
TCK-4355,2025-03-11 13:55:08.370837,2025-03-12 19:14:50.416268898,Low,IT Support,Hardware,Closed
TCK-4356,2025-03-11 15:56:06.696669,2025-03-12 20:54:15.575358891,Medium,Operations,Access Control,Resolved
TCK-4357,2025-03-11 16:26:21.278127,2025-03-13 17:51:42.823601507,Low,Finance,Network,Resolved
TCK-4358,2025-03-11 16:26:21.278127,2025-03-12 01:43:52.503632835,Low,IT Support,Access Control,Closed
TCK-4359,2025-03-11 16:56:35.859585,2025-03-12 15:08:45.067946779,Medium,Operations,Network,Closed
TCK-4360,2025-03-11 17:26:50.441044,2025-03-12 06:11:11.220464336,Low,IT Support,Hardware,Closed
TCK-4361,2025-03-11 17:57:05.022502,2025-03-12 23:17:13.269594048,High,DevOps,Software,Closed
TCK-4362,2025-03-11 19:27:48.766876,2025-03-12 17:54:13.536795768,Medium,IT Support,Access Control,Closed
TCK-4363,2025-03-11 19:27:48.766876,2025-03-12 03:43:13.323747510,Medium,Finance,Access Control,Closed
TCK-4364,2025-03-11 20:28:17.929792,2025-03-12 03:51:37.581701768,Low,Finance,Software,Resolved
TCK-4365,2025-03-11 20:28:17.929792,2025-03-12 01:42:31.101260381,Medium,IT Support,Hardware,Resolved
TCK-4366,2025-03-11 20:58:32.511251,2025-03-12 12:26:31.201773465,Medium,Finance,Software,Resolved
TCK-4367,2025-03-11 20:58:32.511251,2025-03-14 08:44:00.774585731,Low,Finance,Email,Resolved
TCK-4368,2025-03-11 21:59:01.674167,2025-03-12 02:00:06.782264675,Medium,DevOps,Email,Resolved
TCK-4369,2025-03-11 22:29:16.255625,2025-03-12 00:17:22.692202064,Medium,Operations,Email,Closed
TCK-4370,2025-03-11 22:59:30.837083,2025-03-12 01:16:50.320041766,Low,Finance,Access Control,Resolved
TCK-4371,2025-03-11 23:29:45.418541,2025-03-13 03:00:20.085267548,Low,HR,Access Control,Closed
TCK-4372,2025-03-12 01:00:29.162916,2025-03-12 08:45:54.344902184,Medium,Finance,Hardware,Closed
TCK-4373,2025-03-12 03:01:27.488748,2025-03-12 07:35:51.586763751,High,DevOps,Network,Closed
TCK-4374,2025-03-12 03:31:42.070207,2025-03-12 11:21:40.962026174,Medium,HR,Software,Closed
TCK-4375,2025-03-12 03:31:42.070207,2025-03-12 22:11:11.792669646,High,Finance,Network,Closed
TCK-4376,2025-03-12 04:32:11.233123,2025-03-12 18:46:53.521604378,Medium,Finance,Access Control,Closed
TCK-4377,2025-03-12 04:32:11.233123,2025-03-13 05:02:02.428582287,High,Operations,Software,Closed
TCK-4378,2025-03-12 05:02:25.814581,2025-03-12 12:29:40.377263480,Critical,Finance,Access Control,Closed
TCK-4379,2025-03-12 05:02:25.814581,2025-03-12 15:52:05.096912958,Low,IT Support,Hardware,Closed
TCK-4380,2025-03-12 06:02:54.977497,2025-03-12 07:59:04.216682351,Low,Finance,Software,Closed
TCK-4381,2025-03-12 06:02:54.977497,2025-03-12 07:24:51.028184562,Low,DevOps,Access Control,Closed
TCK-4382,2025-03-12 06:33:09.558955,2025-03-12 17:43:09.616633824,Low,Operations,Email,Closed
TCK-4383,2025-03-12 06:33:09.558955,2025-03-12 13:00:50.064367502,Medium,DevOps,Email,Resolved
TCK-4384,2025-03-12 07:03:24.140414,2025-03-13 00:08:07.378412091,High,Operations,Access Control,Resolved
TCK-4385,2025-03-12 07:33:38.721872,2025-03-12 08:21:06.950809770,Unassigned,IT Support,Network,Closed
TCK-4386,2025-03-12 08:03:53.303330,2025-03-12 10:24:07.106142978,Medium,Finance,Hardware,Closed
TCK-4387,2025-03-12 10:35:06.210621,2025-03-13 22:39:18.601175252,Medium,DevOps,Hardware,Resolved
TCK-4388,2025-03-12 10:35:06.210621,2025-03-13 01:37:22.011422620,Medium,IT Support,Access Control,Resolved
TCK-4389,2025-03-12 11:35:35.373537,2025-03-13 10:00:10.347744594,Medium,HR,Hardware,Closed
TCK-4390,2025-03-12 12:05:49.954995,2025-03-13 21:18:24.905082409,High,DevOps,Software,Closed
TCK-4391,2025-03-12 12:36:04.536453,2025-03-12 23:49:15.160792245,Medium,DevOps,Hardware,Closed
TCK-4392,2025-03-12 13:06:19.117911,2025-03-13 14:52:23.195779844,High,Operations,Email,Closed
TCK-4393,2025-03-12 13:06:19.117911,2025-03-13 02:29:22.349596969,Low,Operations,Access Control,Closed
TCK-4394,2025-03-12 13:36:33.699369,2025-03-12 18:08:42.758152547,Medium,IT Support,Software,Closed
TCK-4395,2025-03-12 14:06:48.280828,2025-03-12 21:31:43.967634023,Medium,Operations,Hardware,Closed
TCK-4396,2025-03-12 15:07:17.443744,2025-03-13 03:15:14.712728750,Low,IT Support,Email,Closed
TCK-4397,2025-03-12 15:07:17.443744,2025-03-12 21:58:52.261531003,High,DevOps,Network,Resolved
TCK-4398,2025-03-12 15:37:32.025202,2025-03-12 22:58:59.807607406,Low,IT Support,Hardware,Resolved
TCK-4399,2025-03-12 16:07:46.606660,2025-03-12 23:32:16.535119328,Medium,IT Support,Email,Resolved
TCK-4400,2025-03-12 17:08:15.769576,2025-03-12 19:29:48.835943815,Low,Operations,Email,Closed
TCK-4401,2025-03-12 17:08:15.769576,2025-03-12 18:43:46.726725894,Low,IT Support,Email,Closed
TCK-4402,2025-03-12 17:08:15.769576,2025-03-12 17:59:41.007768818,Low,DevOps,Email,Resolved
TCK-4403,2025-03-12 17:38:30.351035,2025-03-12 19:45:31.404158092,Critical,IT Support,Network,Closed
TCK-4404,2025-03-12 18:38:59.513951,2025-03-13 02:13:49.909781325,Low,IT Support,Access Control,Closed
TCK-4405,2025-03-12 20:09:43.258325,2025-03-13 12:22:53.658335550,Low,IT Support,Email,Closed
TCK-4406,2025-03-12 20:09:43.258325,2025-03-12 23:54:49.904647081,High,Finance,Access Control,Resolved
TCK-4407,2025-03-12 20:39:57.839783,2025-03-14 12:04:26.773247631,Medium,IT Support,Network,Closed
TCK-4408,2025-03-12 20:39:57.839783,2025-03-14 02:24:23.881011152,Low,IT Support,Network,Resolved
TCK-4409,2025-03-12 20:39:57.839783,2025-03-13 09:53:50.241658425,Medium,DevOps,Software,Closed
TCK-4410,2025-03-12 20:39:57.839783,2025-03-13 19:51:07.689124691,Low,IT Support,Software,Closed
TCK-4411,2025-03-12 20:39:57.839783,2025-03-13 04:52:41.196234919,Medium,HR,Email,Resolved
TCK-4412,2025-03-12 21:40:27.002700,2025-03-12 22:20:55.133153648,High,Operations,Access Control,Resolved
TCK-4413,2025-03-12 22:10:41.584158,2025-03-14 16:25:19.425903249,Low,HR,Network,Closed
TCK-4414,2025-03-12 22:40:56.165616,2025-03-13 01:08:36.208556220,Unassigned,HR,Hardware,Resolved
TCK-4415,2025-03-12 23:41:25.328532,2025-03-15 04:53:09.248594276,Low,DevOps,Software,Closed
TCK-4416,2025-03-12 23:41:25.328532,2025-03-13 14:57:38.913618186,High,DevOps,Software,Closed
TCK-4417,2025-03-13 00:11:39.909990,2025-03-13 06:45:29.484104312,High,DevOps,Hardware,Closed
TCK-4418,2025-03-13 00:41:54.491449,2025-03-13 13:00:53.000302361,Low,Operations,Access Control,Closed
TCK-4419,2025-03-13 01:42:23.654365,2025-03-13 14:14:31.159905156,Low,IT Support,Access Control,Closed
TCK-4420,2025-03-13 01:42:23.654365,2025-03-13 02:07:50.504872255,High,Operations,Access Control,Closed
TCK-4421,2025-03-13 02:12:38.235823,2025-03-13 10:06:59.572922302,Medium,Operations,Email,Closed
TCK-4422,2025-03-13 02:12:38.235823,2025-03-14 02:26:55.169957015,Low,Operations,Email,Resolved
TCK-4423,2025-03-13 02:12:38.235823,2025-03-13 15:03:12.459089237,Low,HR,Hardware,Closed
TCK-4424,2025-03-13 04:13:36.561656,2025-03-13 09:16:01.749875243,Critical,Operations,Network,Resolved
TCK-4425,2025-03-13 04:13:36.561656,2025-03-13 11:34:23.609542390,Medium,IT Support,Hardware,Resolved
TCK-4426,2025-03-13 04:43:51.143114,2025-03-14 16:31:04.653853850,Low,DevOps,Network,Closed
TCK-4427,2025-03-13 05:14:05.724572,2025-03-13 18:39:20.497349840,Critical,IT Support,Hardware,Resolved
TCK-4428,2025-03-13 05:14:05.724572,2025-03-13 18:45:44.388673830,Medium,DevOps,Email,Closed
TCK-4429,2025-03-13 05:14:05.724572,2025-03-15 15:50:50.865526964,Medium,Finance,Access Control,Resolved
TCK-4430,2025-03-13 05:44:20.306030,2025-03-13 12:42:15.281411452,Medium,IT Support,Software,Closed
TCK-4431,2025-03-13 06:44:49.468946,2025-03-13 18:30:06.746378302,High,Operations,Hardware,Closed
TCK-4432,2025-03-13 07:15:04.050405,2025-03-14 13:18:26.511027889,Low,Finance,Hardware,Closed
TCK-4433,2025-03-13 07:15:04.050405,2025-03-14 08:51:28.160997203,Critical,DevOps,Software,Resolved
TCK-4434,2025-03-13 08:15:33.213321,2025-03-13 13:49:14.665054009,Critical,IT Support,Hardware,Resolved
TCK-4435,2025-03-13 08:45:47.794779,2025-03-13 11:42:42.251173238,Low,Operations,Access Control,Closed
TCK-4436,2025-03-13 08:45:47.794779,2025-03-14 06:28:37.599950040,Medium,Finance,Software,Closed
TCK-4437,2025-03-13 09:16:02.376237,2025-03-13 14:37:49.067704742,High,HR,Software,Closed
TCK-4438,2025-03-13 09:46:16.957695,2025-03-15 07:50:48.671854346,Medium,Finance,Access Control,Closed
TCK-4439,2025-03-13 10:16:31.539153,2025-03-13 12:45:59.711502017,Medium,DevOps,Access Control,Closed
TCK-4440,2025-03-13 10:16:31.539153,2025-03-13 17:10:22.114960110,Medium,DevOps,Software,Resolved
TCK-4441,2025-03-13 11:17:00.702070,2025-03-13 12:17:51.873706136,High,HR,Access Control,Closed
TCK-4442,2025-03-13 12:47:44.446444,2025-03-14 10:39:59.792595416,Medium,HR,Access Control,Resolved
TCK-4443,2025-03-13 12:47:44.446444,2025-03-15 04:44:03.977755319,Medium,Finance,Access Control,Closed
TCK-4444,2025-03-13 12:47:44.446444,2025-03-14 06:58:49.084855396,Medium,Operations,Software,Resolved
TCK-4445,2025-03-13 12:47:44.446444,2025-03-15 14:46:31.054546191,Medium,DevOps,Hardware,Closed
TCK-4446,2025-03-13 12:47:44.446444,2025-03-13 15:16:17.296293016,Low,HR,Network,Closed
TCK-4447,2025-03-13 13:17:59.027902,2025-03-13 14:57:09.196212270,Medium,IT Support,Software,Closed
TCK-4448,2025-03-13 13:17:59.027902,2025-03-14 22:06:30.630586774,Low,Finance,Network,Closed
TCK-4449,2025-03-13 13:17:59.027902,2025-03-15 00:07:18.069607250,Medium,Operations,Access Control,Resolved
TCK-4450,2025-03-13 13:48:13.609360,2025-03-14 21:48:33.872439572,Low,IT Support,Access Control,Resolved
TCK-4451,2025-03-13 14:18:28.190819,2025-03-14 19:11:05.260838533,Medium,DevOps,Hardware,Closed
TCK-4452,2025-03-13 15:49:11.935193,2025-03-13 23:54:57.354993421,High,IT Support,Access Control,Closed
TCK-4453,2025-03-13 16:19:26.516651,2025-03-13 20:44:16.312717933,Medium,IT Support,Network,Closed
TCK-4454,2025-03-13 16:49:41.098109,2025-03-15 16:23:23.364306523,Low,IT Support,Software,Closed
TCK-4455,2025-03-13 16:49:41.098109,2025-03-13 23:25:44.913337045,Low,Operations,Software,Resolved
TCK-4456,2025-03-13 17:19:55.679567,2025-03-14 02:28:45.437450673,Critical,Operations,Hardware,Closed
TCK-4457,2025-03-13 17:50:10.261026,2025-03-14 15:28:52.503945352,High,IT Support,Network,Resolved
TCK-4458,2025-03-13 17:50:10.261026,2025-03-14 00:05:10.660644409,Low,Finance,Access Control,Closed
TCK-4459,2025-03-13 18:20:24.842484,2025-03-15 01:07:11.414472611,Critical,IT Support,Email,Closed
TCK-4460,2025-03-13 19:20:54.005400,2025-03-13 20:39:18.998825917,Low,DevOps,Hardware,Closed
TCK-4461,2025-03-13 19:51:08.586858,2025-03-15 00:02:44.529803748,Medium,DevOps,Hardware,Closed
TCK-4462,2025-03-13 19:51:08.586858,2025-03-14 12:25:44.836744076,Medium,IT Support,Email,Closed
TCK-4463,2025-03-13 21:21:52.331233,2025-03-14 12:40:54.304714310,Low,IT Support,Software,Closed
TCK-4464,2025-03-13 21:52:06.912691,2025-03-14 08:54:21.311304101,Low,DevOps,Software,Closed
TCK-4465,2025-03-13 22:52:36.075607,2025-03-14 04:42:57.786855872,High,DevOps,Software,Resolved
TCK-4466,2025-03-13 22:52:36.075607,2025-03-14 10:06:15.221798745,Medium,IT Support,Email,Closed
TCK-4467,2025-03-13 23:22:50.657065,2025-03-14 10:08:33.854035240,Medium,Finance,Access Control,Closed
TCK-4468,2025-03-14 00:53:34.401440,2025-03-14 16:40:10.260137064,Medium,DevOps,Access Control,Resolved
TCK-4469,2025-03-14 00:53:34.401440,2025-03-14 06:50:43.305831444,Low,Finance,Network,Resolved
TCK-4470,2025-03-14 01:23:48.982898,2025-03-14 02:51:02.977415630,High,HR,Network,Closed
TCK-4471,2025-03-14 01:54:03.564356,2025-03-14 04:43:21.510715269,Low,Finance,Software,Closed
TCK-4472,2025-03-14 01:54:03.564356,2025-03-14 23:31:23.570410521,Low,Finance,Email,Closed
TCK-4473,2025-03-14 01:54:03.564356,2025-03-14 02:18:37.708643113,High,Finance,Hardware,Closed
TCK-4474,2025-03-14 03:24:47.308730,2025-03-15 14:21:05.626417372,Critical,Operations,Access Control,Closed
TCK-4475,2025-03-14 03:24:47.308730,2025-03-15 00:45:05.730811778,High,IT Support,Email,Closed
TCK-4476,2025-03-14 03:55:01.890189,2025-03-15 06:13:20.026975019,Low,Finance,Network,Closed
TCK-4477,2025-03-14 05:25:45.634563,2025-03-15 13:58:10.687904805,Unassigned,IT Support,Access Control,Closed
TCK-4478,2025-03-14 05:56:00.216021,2025-03-14 08:17:23.713731626,Medium,IT Support,Access Control,Resolved
TCK-4479,2025-03-14 05:56:00.216021,2025-03-15 13:02:47.609860595,Medium,DevOps,Email,Resolved
TCK-4480,2025-03-14 05:56:00.216021,2025-03-14 18:34:40.623821352,High,Operations,Network,Closed
TCK-4481,2025-03-14 07:26:43.960396,2025-03-15 22:27:30.746625558,Low,IT Support,Email,Closed
TCK-4482,2025-03-14 07:56:58.541854,2025-03-15 23:07:49.721691566,Medium,Operations,Hardware,Closed
TCK-4483,2025-03-14 08:57:27.704770,2025-03-14 09:23:53.693264580,Unassigned,IT Support,Access Control,Closed
TCK-4484,2025-03-14 08:57:27.704770,2025-03-14 17:38:44.579993909,Low,HR,Email,Resolved
TCK-4485,2025-03-14 10:58:26.030603,2025-03-15 00:25:36.880111008,Medium,IT Support,Email,Resolved
TCK-4486,2025-03-14 11:28:40.612061,2025-03-15 07:53:44.719809719,Low,Finance,Hardware,Closed
TCK-4487,2025-03-14 11:28:40.612061,2025-03-14 17:32:46.843444808,Critical,Finance,Email,Closed
TCK-4488,2025-03-14 11:58:55.193519,2025-03-14 17:12:42.347982323,Medium,HR,Access Control,Closed
TCK-4489,2025-03-14 12:29:09.774977,2025-03-14 21:07:38.918153667,Low,HR,Software,Resolved
TCK-4490,2025-03-14 12:29:09.774977,2025-03-15 00:59:47.481067228,Medium,Finance,Software,Resolved
TCK-4491,2025-03-14 12:59:24.356435,2025-03-16 19:19:50.615902425,Medium,Finance,Network,Closed
TCK-4492,2025-03-14 12:59:24.356435,2025-03-15 14:50:13.297699912,High,HR,Hardware,Closed
TCK-4493,2025-03-14 13:59:53.519351,2025-03-15 00:05:41.698563913,Medium,Operations,Network,Closed
TCK-4494,2025-03-14 13:59:53.519351,2025-03-14 15:00:15.830646347,Low,DevOps,Software,Closed
TCK-4495,2025-03-14 14:30:08.100810,2025-03-14 17:49:26.859532101,High,IT Support,Hardware,Closed
TCK-4496,2025-03-14 15:30:37.263726,2025-03-15 02:27:58.892835806,Low,IT Support,Email,Closed
TCK-4497,2025-03-14 17:01:21.008100,2025-03-15 23:16:54.539931347,High,DevOps,Email,Closed
TCK-4498,2025-03-14 17:01:21.008100,2025-03-15 01:38:50.463503836,Medium,IT Support,Access Control,Closed
TCK-4499,2025-03-14 19:02:19.333933,2025-03-15 08:57:26.968642665,Medium,DevOps,Software,Resolved
TCK-4500,2025-03-14 19:02:19.333933,2025-03-16 11:04:02.809765706,Medium,HR,Email,Closed
TCK-4501,2025-03-14 21:33:32.241224,2025-03-16 17:40:39.743910911,Medium,Finance,Hardware,Resolved
TCK-4502,2025-03-14 22:03:46.822682,2025-03-15 02:26:17.065676677,Critical,IT Support,Email,Closed
TCK-4503,2025-03-14 23:34:30.567056,2025-03-15 00:22:38.944999842,High,Operations,Network,Resolved
TCK-4504,2025-03-15 00:04:45.148514,2025-03-15 06:38:20.491153349,Medium,Operations,Network,Closed
TCK-4505,2025-03-15 03:36:27.218721,2025-03-16 01:01:44.241287228,High,Operations,Network,Closed
TCK-4506,2025-03-15 03:36:27.218721,2025-03-17 09:56:08.355689338,Medium,IT Support,Network,Closed
TCK-4507,2025-03-15 03:36:27.218721,2025-03-15 05:03:01.633028302,Low,DevOps,Network,Closed
TCK-4508,2025-03-15 03:36:27.218721,2025-03-15 04:07:39.766736471,High,Finance,Access Control,Closed
TCK-4509,2025-03-15 05:07:10.963096,2025-03-16 19:55:03.149236217,Medium,DevOps,Network,Closed
TCK-4510,2025-03-15 05:07:10.963096,2025-03-16 05:56:23.865986572,Medium,IT Support,Access Control,Closed
TCK-4511,2025-03-15 06:37:54.707470,2025-03-18 22:06:34.874294119,Low,DevOps,Access Control,Resolved
TCK-4512,2025-03-15 06:37:54.707470,2025-03-15 15:43:50.761507614,Medium,Operations,Email,Resolved
TCK-4513,2025-03-15 07:08:09.288928,2025-03-15 16:49:07.895943151,Low,IT Support,Hardware,Closed
TCK-4514,2025-03-15 07:08:09.288928,2025-03-15 10:32:24.187856674,High,IT Support,Network,Resolved
TCK-4515,2025-03-15 07:08:09.288928,2025-03-15 09:21:07.810116891,High,IT Support,Hardware,Closed
TCK-4516,2025-03-15 07:38:23.870387,2025-03-15 23:12:00.415776374,Medium,IT Support,Software,Closed
TCK-4517,2025-03-15 08:38:53.033303,2025-03-15 16:48:07.752852477,Low,Finance,Access Control,Closed
TCK-4518,2025-03-15 09:09:07.614761,2025-03-15 10:39:33.035796669,Low,DevOps,Software,Closed
TCK-4519,2025-03-15 10:09:36.777677,2025-03-17 01:24:17.174527679,Low,IT Support,Access Control,Closed
TCK-4520,2025-03-15 10:09:36.777677,2025-03-15 14:08:23.490291432,Low,Finance,Network,Resolved
TCK-4521,2025-03-15 10:39:51.359135,2025-03-16 11:30:57.331485150,High,HR,Software,Closed
TCK-4522,2025-03-15 11:40:20.522052,2025-03-15 17:38:28.470299495,Medium,IT Support,Email,Closed
TCK-4523,2025-03-15 12:10:35.103510,2025-03-16 18:20:48.837170493,Medium,Finance,Software,Closed
TCK-4524,2025-03-15 14:11:33.429342,2025-03-15 16:27:39.088448559,Low,IT Support,Access Control,Closed
TCK-4525,2025-03-15 14:11:33.429342,2025-03-16 15:35:18.491008902,High,Finance,Access Control,Closed
TCK-4526,2025-03-15 14:41:48.010801,2025-03-15 16:33:20.072484955,High,IT Support,Hardware,Closed
TCK-4527,2025-03-15 15:12:02.592259,2025-03-16 01:51:40.068692981,Medium,DevOps,Software,Closed
TCK-4528,2025-03-15 15:42:17.173717,2025-03-16 15:32:30.214839972,Low,IT Support,Email,Resolved
TCK-4529,2025-03-15 17:13:00.918091,2025-03-15 20:38:26.829558642,Unassigned,Operations,Network,Closed
TCK-4530,2025-03-15 17:13:00.918091,2025-03-15 23:16:19.846966548,Medium,DevOps,Hardware,Closed
TCK-4531,2025-03-15 17:13:00.918091,2025-03-17 05:13:49.907139898,High,IT Support,Software,Resolved
TCK-4532,2025-03-15 17:43:15.499549,2025-03-17 08:40:13.709351253,Medium,HR,Hardware,Closed
TCK-4533,2025-03-15 18:13:30.081008,2025-03-15 19:03:09.348600149,High,IT Support,Software,Resolved
TCK-4534,2025-03-15 18:43:44.662466,2025-03-15 22:02:29.917968305,Medium,DevOps,Network,Resolved
TCK-4535,2025-03-15 19:13:59.243924,2025-03-15 21:28:56.956157106,Critical,HR,Network,Closed
TCK-4536,2025-03-15 19:44:13.825382,2025-03-15 23:18:09.197740774,High,DevOps,Email,Closed
TCK-4537,2025-03-15 20:14:28.406840,2025-03-18 11:28:20.117060178,Low,IT Support,Hardware,Closed
TCK-4538,2025-03-15 20:14:28.406840,2025-03-16 10:40:50.500834475,Medium,IT Support,Email,Closed
TCK-4539,2025-03-15 20:14:28.406840,2025-03-16 07:36:18.141919383,Low,HR,Software,Closed
TCK-4540,2025-03-15 20:44:42.988298,2025-03-18 23:42:42.838662060,Critical,IT Support,Network,Closed
TCK-4541,2025-03-15 21:14:57.569756,2025-03-16 11:54:10.373930888,Low,Finance,Network,Resolved
TCK-4542,2025-03-15 22:15:26.732673,2025-03-16 17:44:07.013578775,Low,IT Support,Access Control,Closed
TCK-4543,2025-03-15 22:45:41.314131,2025-03-16 06:02:40.773288985,Medium,Operations,Access Control,Closed
TCK-4544,2025-03-15 23:46:10.477047,2025-03-16 08:26:08.612246863,Medium,DevOps,Email,Closed
TCK-4545,2025-03-15 23:46:10.477047,2025-03-16 16:00:46.707423269,Low,IT Support,Hardware,Closed
TCK-4546,2025-03-16 00:46:39.639963,2025-03-16 02:04:47.296559429,Medium,HR,Software,Closed
TCK-4547,2025-03-16 03:17:52.547254,2025-03-16 08:37:04.630829877,Critical,HR,Email,Closed
TCK-4548,2025-03-16 03:17:52.547254,2025-03-16 07:14:34.514322454,Medium,DevOps,Network,Resolved
TCK-4549,2025-03-16 03:48:07.128712,2025-03-16 04:05:25.292589572,Medium,HR,Network,Closed
TCK-4550,2025-03-16 03:48:07.128712,2025-03-16 17:39:31.141295927,Low,IT Support,Network,Closed
TCK-4551,2025-03-16 05:18:50.873087,2025-03-16 20:08:05.653214231,Low,IT Support,Software,Closed
TCK-4552,2025-03-16 05:18:50.873087,2025-03-16 14:02:00.618822693,Medium,HR,Email,Closed
TCK-4553,2025-03-16 05:49:05.454545,2025-03-16 11:27:05.850275971,Medium,Operations,Software,Closed
TCK-4554,2025-03-16 06:19:20.036003,2025-03-17 01:19:31.007674065,Medium,Operations,Network,Closed
TCK-4555,2025-03-16 06:49:34.617461,2025-03-16 09:25:46.759175342,Medium,IT Support,Access Control,Resolved
TCK-4556,2025-03-16 07:50:03.780378,2025-03-16 20:59:38.281414295,Medium,DevOps,Email,Closed
TCK-4557,2025-03-16 07:50:03.780378,2025-03-17 10:08:18.409070122,Medium,Operations,Access Control,Resolved
TCK-4558,2025-03-16 08:20:18.361836,2025-03-16 11:34:08.871224256,Low,IT Support,Email,Resolved
TCK-4559,2025-03-16 08:50:32.943294,2025-03-17 10:01:55.246434368,High,DevOps,Network,Closed
TCK-4560,2025-03-16 09:20:47.524752,2025-03-17 11:05:39.537929687,Low,HR,Access Control,Resolved
TCK-4561,2025-03-16 09:51:02.106210,2025-03-16 10:57:46.575978143,Medium,DevOps,Access Control,Resolved
TCK-4562,2025-03-16 12:22:15.013501,2025-03-16 12:42:43.815414810,Low,Finance,Email,Resolved
TCK-4563,2025-03-16 12:52:29.594959,2025-03-19 06:31:26.692868433,Medium,Operations,Access Control,Closed
TCK-4564,2025-03-16 12:52:29.594959,2025-03-16 16:44:35.497182329,Medium,IT Support,Access Control,Resolved
TCK-4565,2025-03-16 13:52:58.757875,2025-03-17 20:57:52.424090587,Medium,DevOps,Network,Resolved
TCK-4566,2025-03-16 13:52:58.757875,2025-03-17 04:44:11.423160838,Medium,IT Support,Email,Closed
TCK-4567,2025-03-16 14:23:13.339333,2025-03-16 19:54:57.753449046,Medium,HR,Email,Closed
TCK-4568,2025-03-16 14:53:27.920792,2025-03-16 17:23:49.900830437,High,Operations,Hardware,Closed
TCK-4569,2025-03-16 14:53:27.920792,2025-03-17 03:14:54.657290496,Low,DevOps,Email,Closed
TCK-4570,2025-03-16 14:53:27.920792,2025-03-17 00:18:28.649414839,High,IT Support,Network,Closed
TCK-4571,2025-03-16 15:23:42.502250,2025-03-17 12:59:59.779943247,Medium,Finance,Access Control,Closed
TCK-4572,2025-03-16 15:23:42.502250,2025-03-18 09:36:29.152457913,Medium,IT Support,Hardware,Closed
TCK-4573,2025-03-16 15:53:57.083708,2025-03-17 21:20:51.748084480,Critical,IT Support,Access Control,Closed
TCK-4574,2025-03-16 16:24:11.665166,2025-03-16 22:10:41.327132960,Low,DevOps,Email,Closed
TCK-4575,2025-03-16 16:54:26.246624,2025-03-18 06:54:45.807210662,Medium,Finance,Software,Resolved
TCK-4576,2025-03-16 16:54:26.246624,2025-03-18 01:09:54.807075926,Medium,HR,Access Control,Closed
TCK-4577,2025-03-16 17:24:40.828082,2025-03-18 17:03:26.170824720,Medium,DevOps,Email,Closed
TCK-4578,2025-03-16 17:24:40.828082,2025-03-17 04:27:29.187379083,Critical,HR,Network,Closed
TCK-4579,2025-03-16 18:25:09.990999,2025-03-17 20:45:44.802469864,Medium,IT Support,Email,Resolved
TCK-4580,2025-03-16 18:25:09.990999,2025-03-17 10:32:28.135679349,High,HR,Hardware,Closed
TCK-4581,2025-03-16 18:55:24.572457,2025-03-17 01:36:56.731242591,Critical,Operations,Software,Closed
TCK-4582,2025-03-16 18:55:24.572457,2025-03-20 16:21:11.579423672,Medium,Operations,Software,Resolved
TCK-4583,2025-03-16 18:55:24.572457,2025-03-16 19:37:35.692306375,Medium,HR,Software,Closed
TCK-4584,2025-03-16 18:55:24.572457,2025-03-16 22:06:38.222262211,Low,IT Support,Network,Closed
TCK-4585,2025-03-16 19:55:53.735373,2025-03-18 12:05:00.411301568,Medium,Finance,Software,Closed
TCK-4586,2025-03-16 20:26:08.316831,2025-03-16 21:33:36.654882078,Low,DevOps,Access Control,Resolved
TCK-4587,2025-03-16 20:56:22.898289,2025-03-18 12:09:27.952681481,Medium,IT Support,Network,Closed
TCK-4588,2025-03-16 21:26:37.479747,2025-03-17 20:03:09.099181737,Critical,HR,Email,Closed
TCK-4589,2025-03-16 21:56:52.061206,2025-03-16 22:37:13.882498961,High,Operations,Hardware,Closed
TCK-4590,2025-03-16 21:56:52.061206,2025-03-17 08:02:40.112780500,Medium,Finance,Network,Closed
TCK-4591,2025-03-16 22:27:06.642664,2025-03-17 23:43:48.013793510,High,HR,Hardware,Resolved
TCK-4592,2025-03-16 22:57:21.224122,2025-03-17 14:42:15.364700403,High,Finance,Network,Resolved
TCK-4593,2025-03-16 22:57:21.224122,2025-03-19 00:23:57.956374668,Medium,IT Support,Email,Resolved
TCK-4594,2025-03-17 00:28:04.968496,2025-03-18 12:52:07.433710674,Medium,IT Support,Hardware,Closed
TCK-4595,2025-03-17 00:58:19.549954,2025-03-17 08:15:07.073366652,Low,Operations,Network,Closed
TCK-4596,2025-03-17 01:28:34.131413,2025-03-17 03:04:03.997547240,Medium,IT Support,Hardware,Resolved
TCK-4597,2025-03-17 01:28:34.131413,2025-03-19 05:26:32.000221914,Medium,IT Support,Software,Closed
TCK-4598,2025-03-17 01:28:34.131413,2025-03-17 14:35:10.078951295,Medium,Finance,Software,Closed
TCK-4599,2025-03-17 01:58:48.712871,2025-03-17 03:22:18.435637770,High,Operations,Software,Closed
TCK-4600,2025-03-17 03:59:47.038703,2025-03-18 10:31:24.777441603,Low,DevOps,Access Control,Closed
TCK-4601,2025-03-17 04:30:01.620162,2025-03-18 17:01:07.706929959,High,IT Support,Software,Closed
TCK-4602,2025-03-17 05:00:16.201620,2025-03-17 23:21:55.720363513,High,DevOps,Software,Resolved
TCK-4603,2025-03-17 05:00:16.201620,2025-03-17 15:41:03.212763909,Critical,Finance,Email,Closed
TCK-4604,2025-03-17 06:00:45.364536,2025-03-18 01:32:47.710305350,Medium,HR,Hardware,Closed
TCK-4605,2025-03-17 06:30:59.945994,2025-03-18 04:35:37.386752137,Low,DevOps,Hardware,Closed
TCK-4606,2025-03-17 07:31:29.108910,2025-03-18 23:45:30.487896068,High,IT Support,Software,Resolved
TCK-4607,2025-03-17 08:01:43.690369,2025-03-19 16:11:47.356604834,Medium,Operations,Hardware,Resolved
TCK-4608,2025-03-17 08:01:43.690369,2025-03-17 21:01:42.718738582,High,Finance,Network,Closed
TCK-4609,2025-03-17 09:32:27.434743,2025-03-18 14:22:33.066978278,Unassigned,HR,Software,Closed
TCK-4610,2025-03-17 10:02:42.016201,2025-03-19 22:08:16.284944712,Low,Finance,Software,Closed
TCK-4611,2025-03-17 11:03:11.179117,2025-03-17 14:00:17.261389783,Medium,IT Support,Access Control,Closed
TCK-4612,2025-03-17 11:33:25.760576,2025-03-17 11:53:20.471797485,Low,Finance,Network,Closed
TCK-4613,2025-03-17 12:33:54.923492,2025-03-19 01:08:46.761508324,High,IT Support,Software,Closed
TCK-4614,2025-03-17 13:34:24.086408,2025-03-17 17:29:02.055123109,Low,IT Support,Software,Closed
TCK-4615,2025-03-17 14:34:53.249324,2025-03-17 15:21:46.047699097,Low,DevOps,Hardware,Closed
TCK-4616,2025-03-17 15:35:22.412241,2025-03-17 18:43:47.928485986,Low,DevOps,Software,Closed
TCK-4617,2025-03-17 16:35:51.575157,2025-03-18 01:19:19.803191593,High,IT Support,Software,Resolved
TCK-4618,2025-03-17 17:06:06.156615,2025-03-17 21:33:25.478141706,Medium,Finance,Software,Closed
TCK-4619,2025-03-17 17:36:20.738073,2025-03-18 00:09:41.444594866,Medium,Finance,Software,Closed
TCK-4620,2025-03-17 18:06:35.319531,2025-03-20 12:43:21.407335577,Low,HR,Access Control,Closed
TCK-4621,2025-03-17 18:06:35.319531,2025-03-18 16:02:51.411132903,Medium,IT Support,Network,Closed
TCK-4622,2025-03-17 19:37:19.063906,2025-03-18 18:02:24.920093846,High,DevOps,Access Control,Closed
TCK-4623,2025-03-17 19:37:19.063906,2025-03-17 21:24:44.897682525,Medium,IT Support,Hardware,Closed
TCK-4624,2025-03-17 19:37:19.063906,2025-03-18 19:19:49.438955360,Medium,Operations,Email,Closed
TCK-4625,2025-03-17 20:37:48.226822,2025-03-18 20:49:55.392508974,Medium,Finance,Software,Closed
TCK-4626,2025-03-17 20:37:48.226822,2025-03-18 16:02:06.514600252,Critical,Operations,Hardware,Closed
TCK-4627,2025-03-17 21:38:17.389738,2025-03-18 02:18:22.365063338,Low,IT Support,Email,Closed
TCK-4628,2025-03-17 23:39:15.715571,2025-03-18 09:33:14.141999470,Medium,DevOps,Software,Closed
TCK-4629,2025-03-17 23:39:15.715571,2025-03-19 09:21:40.159930475,Medium,IT Support,Software,Closed
TCK-4630,2025-03-18 00:09:30.297029,2025-03-18 20:07:31.239868973,Medium,DevOps,Email,Closed
TCK-4631,2025-03-18 00:39:44.878487,2025-03-19 00:24:57.628806977,Medium,HR,Access Control,Resolved
TCK-4632,2025-03-18 01:09:59.459945,2025-03-18 17:06:01.368293642,Medium,HR,Email,Resolved
TCK-4633,2025-03-18 01:09:59.459945,2025-03-18 11:54:50.609748477,High,IT Support,Email,Closed
TCK-4634,2025-03-18 01:40:14.041404,2025-03-19 03:17:15.728150632,Medium,IT Support,Network,Resolved
TCK-4635,2025-03-18 01:40:14.041404,2025-03-18 02:56:12.259324590,Medium,DevOps,Software,Closed
TCK-4636,2025-03-18 02:40:43.204320,2025-03-18 22:48:28.186788123,High,Finance,Software,Closed
TCK-4637,2025-03-18 03:10:57.785778,2025-03-22 13:01:05.398235711,Medium,Finance,Access Control,Resolved
TCK-4638,2025-03-18 03:41:12.367236,2025-03-19 06:57:24.400936589,Medium,IT Support,Access Control,Closed
TCK-4639,2025-03-18 04:11:26.948694,2025-03-18 10:22:11.771486554,Unassigned,IT Support,Network,Closed
TCK-4640,2025-03-18 04:11:26.948694,2025-03-18 10:02:58.063321372,High,DevOps,Network,Resolved
TCK-4641,2025-03-18 04:41:41.530153,2025-03-19 00:29:58.993289882,High,DevOps,Network,Resolved
TCK-4642,2025-03-18 05:11:56.111611,2025-03-19 21:54:51.377899407,Medium,IT Support,Access Control,Resolved
TCK-4643,2025-03-18 05:11:56.111611,2025-03-18 20:43:34.592279942,Medium,Finance,Email,Closed
TCK-4644,2025-03-18 05:11:56.111611,2025-03-18 18:41:24.408456485,Unassigned,DevOps,Software,Resolved
TCK-4645,2025-03-18 05:11:56.111611,2025-03-18 08:20:43.851057933,Low,Operations,Software,Closed
TCK-4646,2025-03-18 05:42:10.693069,2025-03-19 04:19:35.916865338,High,IT Support,Hardware,Resolved
TCK-4647,2025-03-18 05:42:10.693069,2025-03-19 03:30:46.544518175,Critical,DevOps,Access Control,Closed
TCK-4648,2025-03-18 06:12:25.274527,2025-03-20 19:34:58.749067615,High,HR,Access Control,Closed
TCK-4649,2025-03-18 06:12:25.274527,2025-03-18 12:37:55.604112621,Low,DevOps,Network,Closed
TCK-4650,2025-03-18 06:42:39.855985,2025-03-19 08:08:04.312032010,High,HR,Hardware,Closed
TCK-4651,2025-03-18 07:12:54.437443,2025-03-18 17:27:43.555284267,Medium,Finance,Hardware,Closed
TCK-4652,2025-03-18 08:43:38.181818,2025-03-18 23:26:33.194881337,Medium,Finance,Access Control,Closed
TCK-4653,2025-03-18 08:43:38.181818,2025-03-19 15:14:32.920356928,High,HR,Network,Closed
TCK-4654,2025-03-18 08:43:38.181818,2025-03-18 13:14:44.432427807,Medium,Finance,Software,Resolved
TCK-4655,2025-03-18 09:13:52.763276,2025-03-18 16:47:20.436010924,Low,DevOps,Network,Closed
TCK-4656,2025-03-18 09:13:52.763276,2025-03-19 11:56:46.717966596,Medium,HR,Software,Closed
TCK-4657,2025-03-18 09:44:07.344734,2025-03-19 00:56:45.648827472,Low,IT Support,Access Control,Closed
TCK-4658,2025-03-18 09:44:07.344734,2025-03-18 11:28:51.439844773,Medium,IT Support,Network,Resolved
TCK-4659,2025-03-18 10:44:36.507650,2025-03-18 20:52:02.947110153,Medium,DevOps,Hardware,Resolved
TCK-4660,2025-03-18 11:14:51.089108,2025-03-19 03:08:56.719227055,Medium,DevOps,Email,Closed
TCK-4661,2025-03-18 11:14:51.089108,2025-03-20 06:29:39.361004014,Low,DevOps,Hardware,Resolved
TCK-4662,2025-03-18 11:14:51.089108,2025-03-18 15:00:24.968680605,Low,IT Support,Software,Closed
TCK-4663,2025-03-18 11:45:05.670567,2025-03-19 17:15:55.296310025,Medium,HR,Access Control,Closed
TCK-4664,2025-03-18 11:45:05.670567,2025-03-18 14:16:16.382453977,Medium,IT Support,Network,Closed
TCK-4665,2025-03-18 12:45:34.833483,2025-03-18 17:45:09.241442161,Medium,Operations,Access Control,Closed
TCK-4666,2025-03-18 12:45:34.833483,2025-03-18 17:46:44.080216639,High,IT Support,Access Control,Closed
TCK-4667,2025-03-18 12:45:34.833483,2025-03-20 02:33:00.776812749,Medium,HR,Software,Closed
TCK-4668,2025-03-18 12:45:34.833483,2025-03-18 16:45:15.017470953,High,DevOps,Access Control,Closed
TCK-4669,2025-03-18 12:45:34.833483,2025-03-19 16:35:33.696477717,Low,Operations,Network,Closed
TCK-4670,2025-03-18 13:15:49.414941,2025-03-19 00:24:55.424287147,Low,IT Support,Hardware,Closed
TCK-4671,2025-03-18 13:15:49.414941,2025-03-23 19:18:57.986045256,Low,IT Support,Access Control,Resolved
TCK-4672,2025-03-18 13:15:49.414941,2025-03-19 22:08:53.791423302,Low,Finance,Network,Resolved
TCK-4673,2025-03-18 14:46:33.159315,2025-03-19 15:00:09.585880600,Critical,Finance,Network,Resolved
TCK-4674,2025-03-18 15:47:02.322232,2025-03-20 04:36:31.682977233,Unassigned,IT Support,Software,Closed
TCK-4675,2025-03-18 17:17:46.066606,2025-03-19 11:23:23.349888873,High,DevOps,Access Control,Closed
TCK-4676,2025-03-18 17:48:00.648064,2025-03-20 03:12:08.234340773,Medium,Finance,Software,Resolved
TCK-4677,2025-03-18 18:18:15.229522,2025-03-18 23:45:05.590022935,Medium,DevOps,Hardware,Resolved
TCK-4678,2025-03-18 18:18:15.229522,2025-03-18 20:09:17.432787164,High,IT Support,Hardware,Resolved
TCK-4679,2025-03-18 20:19:13.555355,2025-03-19 13:32:42.987236917,Medium,IT Support,Network,Closed
TCK-4680,2025-03-18 20:19:13.555355,2025-03-19 06:35:14.290832644,Critical,DevOps,Access Control,Closed
TCK-4681,2025-03-18 20:19:13.555355,2025-03-19 06:19:35.493924447,Low,DevOps,Network,Closed
TCK-4682,2025-03-18 21:19:42.718271,2025-03-19 10:47:41.344694792,Medium,DevOps,Access Control,Closed
TCK-4683,2025-03-18 21:49:57.299729,2025-03-19 05:54:16.844830177,Unassigned,DevOps,Software,Resolved
TCK-4684,2025-03-18 22:20:11.881188,2025-03-19 16:02:32.962953333,Unassigned,IT Support,Hardware,Closed
TCK-4685,2025-03-18 22:20:11.881188,2025-03-18 22:53:43.618243930,Critical,IT Support,Hardware,Closed
TCK-4686,2025-03-18 22:50:26.462646,2025-03-21 13:53:37.136870537,Medium,IT Support,Software,Closed
TCK-4687,2025-03-18 23:20:41.044104,2025-03-20 21:53:59.412083366,High,Operations,Email,Closed
TCK-4688,2025-03-18 23:50:55.625562,2025-03-21 01:07:27.765136278,Low,HR,Email,Closed
TCK-4689,2025-03-19 00:21:10.207020,2025-03-19 08:31:38.205885462,Low,IT Support,Email,Resolved
TCK-4690,2025-03-19 01:51:53.951395,2025-03-19 15:31:40.651485937,Medium,IT Support,Access Control,Closed
TCK-4691,2025-03-19 01:51:53.951395,2025-03-21 09:20:24.772612993,High,Operations,Software,Closed
TCK-4692,2025-03-19 01:51:53.951395,2025-03-20 19:44:19.826798527,Low,DevOps,Access Control,Closed
TCK-4693,2025-03-19 02:22:08.532853,2025-03-20 06:28:53.989164255,Medium,Operations,Access Control,Closed
TCK-4694,2025-03-19 02:52:23.114311,2025-03-19 12:17:21.303907093,Medium,HR,Software,Closed
TCK-4695,2025-03-19 02:52:23.114311,2025-03-19 17:49:44.875299594,Medium,Finance,Access Control,Closed
TCK-4696,2025-03-19 02:52:23.114311,2025-03-20 07:12:58.085000793,Low,IT Support,Software,Closed
TCK-4697,2025-03-19 03:22:37.695769,2025-03-19 09:06:58.871315259,Low,IT Support,Email,Resolved
TCK-4698,2025-03-19 03:52:52.277227,2025-03-19 21:36:20.948896656,Critical,IT Support,Email,Closed
TCK-4699,2025-03-19 03:52:52.277227,2025-03-20 11:33:32.439199884,Medium,IT Support,Access Control,Closed
TCK-4700,2025-03-19 04:23:06.858685,2025-03-20 02:30:34.875766659,High,Finance,Hardware,Resolved
TCK-4701,2025-03-19 04:23:06.858685,2025-03-19 16:08:16.604728947,Medium,Operations,Software,Resolved
TCK-4702,2025-03-19 04:23:06.858685,2025-03-19 20:11:55.828957028,Low,IT Support,Network,Resolved
TCK-4703,2025-03-19 04:53:21.440144,2025-03-22 13:32:36.668992952,Low,Operations,Network,Closed
TCK-4704,2025-03-19 04:53:21.440144,2025-03-19 21:28:19.905106912,Low,IT Support,Access Control,Resolved
TCK-4705,2025-03-19 04:53:21.440144,2025-03-20 08:36:33.094185679,Low,HR,Hardware,Closed
TCK-4706,2025-03-19 05:23:36.021602,2025-03-20 04:44:11.045026596,Low,HR,Software,Closed
TCK-4707,2025-03-19 05:23:36.021602,2025-03-20 03:09:16.234832693,Medium,HR,Email,Resolved
TCK-4708,2025-03-19 07:24:34.347434,2025-03-20 06:05:27.620581188,High,IT Support,Access Control,Closed
TCK-4709,2025-03-19 08:25:03.510351,2025-03-19 19:19:24.990879696,High,DevOps,Software,Resolved
TCK-4710,2025-03-19 08:25:03.510351,2025-03-19 19:59:14.269374854,Critical,DevOps,Software,Closed
TCK-4711,2025-03-19 08:25:03.510351,2025-03-19 19:46:22.837267528,Medium,DevOps,Software,Closed
TCK-4712,2025-03-19 10:26:01.836183,2025-03-19 11:02:33.379581686,Low,IT Support,Hardware,Closed
TCK-4713,2025-03-19 10:26:01.836183,2025-03-19 15:23:56.240935263,Medium,DevOps,Software,Resolved
TCK-4714,2025-03-19 10:56:16.417641,2025-03-19 13:57:36.520132654,Low,Finance,Hardware,Closed
TCK-4715,2025-03-19 10:56:16.417641,2025-03-21 02:05:46.749114989,High,Operations,Hardware,Closed
TCK-4716,2025-03-19 11:56:45.580558,2025-03-19 17:44:01.461453993,Low,HR,Software,Closed
TCK-4717,2025-03-19 11:56:45.580558,2025-03-19 14:37:41.664252642,Low,Operations,Email,Resolved
TCK-4718,2025-03-19 14:27:58.487848,2025-03-19 16:45:44.930307593,Low,DevOps,Software,Resolved
TCK-4719,2025-03-19 14:27:58.487848,2025-03-20 12:08:13.729868787,Unassigned,DevOps,Email,Closed
TCK-4720,2025-03-19 14:58:13.069306,2025-03-19 15:04:48.471754405,High,IT Support,Access Control,Closed
TCK-4721,2025-03-19 14:58:13.069306,2025-03-20 02:26:32.859508570,Medium,HR,Network,Closed
TCK-4722,2025-03-19 14:58:13.069306,2025-03-19 17:14:53.597375135,Medium,Finance,Access Control,Resolved
TCK-4723,2025-03-19 15:28:27.650765,2025-03-21 01:34:55.767853650,Low,IT Support,Hardware,Resolved
TCK-4724,2025-03-19 16:28:56.813681,2025-03-22 01:44:16.952292507,Low,IT Support,Access Control,Resolved
TCK-4725,2025-03-19 16:28:56.813681,2025-03-22 01:52:13.215710601,Medium,Operations,Network,Closed
TCK-4726,2025-03-19 16:59:11.395139,2025-03-20 03:29:11.308595493,Medium,HR,Network,Resolved
TCK-4727,2025-03-19 17:29:25.976597,2025-03-20 12:06:26.784755875,Medium,IT Support,Email,Closed
TCK-4728,2025-03-19 17:29:25.976597,2025-03-20 09:58:13.703854328,Medium,Finance,Access Control,Closed
TCK-4729,2025-03-19 17:29:25.976597,2025-03-20 01:14:44.587844784,Unassigned,IT Support,Hardware,Closed
TCK-4730,2025-03-19 21:31:22.628262,2025-03-20 08:05:26.901574828,Medium,Finance,Hardware,Closed
TCK-4731,2025-03-19 21:31:22.628262,2025-03-19 22:43:10.901148642,Critical,Finance,Email,Closed
TCK-4732,2025-03-19 22:31:51.791179,2025-03-21 03:07:04.626721746,High,HR,Email,Closed
TCK-4733,2025-03-19 23:02:06.372637,2025-03-20 03:59:38.426463917,Critical,DevOps,Access Control,Closed
TCK-4734,2025-03-19 23:32:20.954095,2025-03-20 10:38:53.126583728,High,IT Support,Email,Closed
TCK-4735,2025-03-20 00:02:35.535553,2025-03-20 11:50:07.369804936,Medium,Operations,Network,Closed
TCK-4736,2025-03-20 00:32:50.117011,2025-03-20 15:21:14.561420230,Medium,Operations,Hardware,Closed
TCK-4737,2025-03-20 01:03:04.698469,2025-03-21 07:42:23.699768974,Low,IT Support,Network,Resolved
TCK-4738,2025-03-20 01:03:04.698469,2025-03-20 22:14:31.752794872,Low,DevOps,Software,Closed
TCK-4739,2025-03-20 02:03:33.861386,2025-03-20 21:38:27.154104817,Low,Finance,Network,Resolved
TCK-4740,2025-03-20 02:03:33.861386,2025-03-20 15:31:32.165129953,Medium,HR,Hardware,Closed
TCK-4741,2025-03-20 02:03:33.861386,2025-03-20 03:52:30.689440164,Low,IT Support,Software,Closed
TCK-4742,2025-03-20 02:33:48.442844,2025-03-20 11:49:07.222070831,Medium,HR,Access Control,Closed
TCK-4743,2025-03-20 02:33:48.442844,2025-03-22 11:20:04.472856950,High,Operations,Software,Closed
TCK-4744,2025-03-20 02:33:48.442844,2025-03-24 04:01:22.778285920,High,IT Support,Email,Closed
TCK-4745,2025-03-20 02:33:48.442844,2025-03-21 02:09:52.907467693,Medium,IT Support,Hardware,Resolved
TCK-4746,2025-03-20 02:33:48.442844,2025-03-20 07:12:36.085920778,Low,IT Support,Email,Closed
TCK-4747,2025-03-20 03:04:03.024302,2025-03-20 05:00:06.655411122,Low,Finance,Network,Closed
TCK-4748,2025-03-20 03:04:03.024302,2025-03-20 12:42:39.022167778,Low,Operations,Access Control,Closed
TCK-4749,2025-03-20 04:04:32.187218,2025-03-21 15:01:48.695952850,Medium,Finance,Hardware,Closed
TCK-4750,2025-03-20 04:04:32.187218,2025-03-21 03:06:33.244051722,Unassigned,IT Support,Access Control,Closed
TCK-4751,2025-03-20 04:04:32.187218,2025-03-21 18:50:01.914517666,Low,HR,Hardware,Closed
TCK-4752,2025-03-20 04:34:46.768676,2025-03-20 21:47:49.937441362,Medium,HR,Email,Closed
TCK-4753,2025-03-20 05:05:01.350135,2025-03-20 07:35:49.994215350,Medium,IT Support,Network,Resolved
TCK-4754,2025-03-20 05:35:15.931593,2025-03-20 07:46:57.456630809,Low,Finance,Software,Closed
TCK-4755,2025-03-20 06:05:30.513051,2025-03-20 06:58:38.197608399,Unassigned,IT Support,Access Control,Closed
TCK-4756,2025-03-20 06:35:45.094509,2025-03-20 21:39:55.800800386,Medium,DevOps,Hardware,Closed
TCK-4757,2025-03-20 06:35:45.094509,2025-03-20 11:36:15.160230821,Critical,Finance,Hardware,Closed
TCK-4758,2025-03-20 06:35:45.094509,2025-03-21 06:27:30.601734110,Medium,DevOps,Access Control,Resolved
TCK-4759,2025-03-20 07:36:14.257425,2025-03-21 04:28:07.733674546,Low,Operations,Software,Resolved
TCK-4760,2025-03-20 08:06:28.838883,2025-03-20 14:59:59.982139745,Medium,Operations,Network,Closed
TCK-4761,2025-03-20 08:36:43.420342,2025-03-20 12:06:50.786442676,Low,IT Support,Hardware,Closed
TCK-4762,2025-03-20 09:06:58.001800,2025-03-20 11:03:38.419277705,Medium,Operations,Hardware,Resolved
TCK-4763,2025-03-20 10:07:27.164716,2025-03-21 10:11:11.851737289,Critical,DevOps,Access Control,Closed
TCK-4764,2025-03-20 10:37:41.746174,2025-03-20 21:24:13.561943308,High,DevOps,Access Control,Closed
TCK-4765,2025-03-20 10:37:41.746174,2025-03-20 17:39:49.931103774,Medium,IT Support,Hardware,Closed
TCK-4766,2025-03-20 10:37:41.746174,2025-03-21 21:35:34.911869913,Medium,IT Support,Hardware,Closed
TCK-4767,2025-03-20 11:07:56.327632,2025-03-21 03:20:25.481432763,Medium,Operations,Hardware,Resolved
TCK-4768,2025-03-20 11:38:10.909090,2025-03-21 00:46:22.986683093,Low,IT Support,Email,Resolved
TCK-4769,2025-03-20 12:08:25.490549,2025-03-21 12:37:23.575605449,Low,IT Support,Hardware,Closed
TCK-4770,2025-03-20 13:08:54.653465,2025-03-21 19:34:42.717363585,Low,HR,Network,Closed
TCK-4771,2025-03-20 13:08:54.653465,2025-03-21 10:00:11.628857758,Medium,Operations,Network,Closed
TCK-4772,2025-03-20 13:39:09.234923,2025-03-21 00:05:22.204571726,Medium,HR,Software,Resolved
TCK-4773,2025-03-20 13:39:09.234923,2025-03-20 22:14:12.708760651,Low,Operations,Access Control,Resolved
TCK-4774,2025-03-20 13:39:09.234923,2025-03-21 16:14:15.022078562,Unassigned,IT Support,Software,Closed
TCK-4775,2025-03-20 14:39:38.397839,2025-03-21 03:47:37.681220328,Low,IT Support,Hardware,Resolved
TCK-4776,2025-03-20 15:09:52.979297,2025-03-21 13:06:04.803794925,Low,HR,Access Control,Closed
TCK-4777,2025-03-20 15:09:52.979297,2025-03-22 06:57:39.743565420,Medium,Finance,Hardware,Closed
TCK-4778,2025-03-20 15:09:52.979297,2025-03-22 11:43:34.280195403,High,HR,Access Control,Closed
TCK-4779,2025-03-20 16:40:36.723672,2025-03-20 22:31:58.520199238,Unassigned,IT Support,Email,Closed
TCK-4780,2025-03-20 16:40:36.723672,2025-03-20 20:25:22.862009117,Medium,IT Support,Email,Closed
TCK-4781,2025-03-20 16:40:36.723672,2025-03-20 22:07:41.162869278,Low,IT Support,Email,Closed
TCK-4782,2025-03-20 17:10:51.305130,2025-03-21 18:13:59.721738041,Critical,DevOps,Software,Closed
TCK-4783,2025-03-20 17:10:51.305130,2025-03-21 01:29:57.172608718,Unassigned,HR,Access Control,Closed
TCK-4784,2025-03-20 17:10:51.305130,2025-03-20 20:36:30.612447365,Critical,IT Support,Software,Closed
TCK-4785,2025-03-20 17:10:51.305130,2025-03-20 19:02:42.526145980,High,IT Support,Access Control,Closed
TCK-4786,2025-03-20 17:41:05.886588,2025-03-21 00:49:17.493801065,Low,HR,Hardware,Closed
TCK-4787,2025-03-20 18:11:20.468046,2025-03-20 20:49:23.328539897,High,Operations,Email,Closed
TCK-4788,2025-03-20 18:41:35.049504,2025-03-20 21:45:14.001226380,Unassigned,HR,Email,Resolved
TCK-4789,2025-03-20 20:12:18.793879,2025-03-21 16:56:05.452096604,Medium,IT Support,Access Control,Closed
TCK-4790,2025-03-20 21:12:47.956795,2025-03-20 21:34:19.380159557,High,HR,Software,Closed
TCK-4791,2025-03-20 21:12:47.956795,2025-03-20 23:27:51.640358299,Medium,DevOps,Software,Closed
TCK-4792,2025-03-20 21:43:02.538253,2025-03-22 07:12:06.408614816,Low,Finance,Network,Closed
TCK-4793,2025-03-20 22:13:17.119711,2025-03-22 07:46:09.806158225,Medium,IT Support,Email,Closed
TCK-4794,2025-03-20 22:13:17.119711,2025-03-21 05:24:34.939279696,Critical,DevOps,Email,Closed
TCK-4795,2025-03-20 22:13:17.119711,2025-03-20 23:52:42.851639178,Medium,Finance,Software,Closed
TCK-4796,2025-03-20 22:43:31.701170,2025-03-21 20:41:51.723978782,Medium,IT Support,Email,Closed
TCK-4797,2025-03-20 23:13:46.282628,2025-03-21 07:15:59.021637367,Medium,IT Support,Software,Closed
TCK-4798,2025-03-20 23:13:46.282628,2025-03-21 00:04:01.464051581,Low,Finance,Network,Closed
TCK-4799,2025-03-21 00:14:15.445544,2025-03-21 03:19:46.128613605,Medium,DevOps,Access Control,Closed
TCK-4800,2025-03-21 00:44:30.027002,2025-03-21 03:23:53.828671379,Medium,Operations,Access Control,Closed
TCK-4801,2025-03-21 01:14:44.608460,2025-03-21 17:15:20.656095855,Low,HR,Network,Closed
TCK-4802,2025-03-21 01:14:44.608460,2025-03-22 18:21:23.655498462,Critical,DevOps,Email,Resolved
TCK-4803,2025-03-21 01:44:59.189918,2025-03-22 06:06:24.107678960,Unassigned,IT Support,Hardware,Closed
TCK-4804,2025-03-21 02:15:13.771377,2025-03-21 16:29:17.312679177,Low,Operations,Email,Resolved
TCK-4805,2025-03-21 02:15:13.771377,2025-03-21 12:07:33.324753203,Medium,Finance,Software,Closed
TCK-4806,2025-03-21 02:45:28.352835,2025-03-21 20:06:42.533805619,Medium,Finance,Hardware,Closed
TCK-4807,2025-03-21 03:15:42.934293,2025-03-21 13:49:17.870145441,Medium,IT Support,Network,Closed
TCK-4808,2025-03-21 03:15:42.934293,2025-03-21 08:20:48.570241345,Medium,IT Support,Access Control,Closed
TCK-4809,2025-03-21 03:45:57.515751,2025-03-22 00:13:50.545460628,Medium,DevOps,Access Control,Resolved
TCK-4810,2025-03-21 04:16:12.097209,2025-03-22 17:26:55.905733852,Medium,IT Support,Email,Closed
TCK-4811,2025-03-21 04:16:12.097209,2025-03-21 12:40:07.903608517,Low,IT Support,Access Control,Closed
TCK-4812,2025-03-21 04:16:12.097209,2025-03-22 13:25:49.470403078,Medium,IT Support,Email,Closed
TCK-4813,2025-03-21 04:46:26.678667,2025-03-21 14:55:35.113069683,Medium,IT Support,Software,Closed
TCK-4814,2025-03-21 05:16:41.260126,2025-03-21 14:30:47.203266561,Low,Finance,Software,Resolved
TCK-4815,2025-03-21 05:46:55.841584,2025-03-21 06:17:57.754978227,Medium,HR,Network,Resolved
TCK-4816,2025-03-21 06:47:25.004500,2025-03-22 04:10:50.625672946,Low,IT Support,Software,Closed
TCK-4817,2025-03-21 06:47:25.004500,2025-03-22 12:26:54.165834395,Medium,HR,Email,Closed
TCK-4818,2025-03-21 06:47:25.004500,2025-03-22 02:23:53.348476868,Low,DevOps,Access Control,Closed
TCK-4819,2025-03-21 07:47:54.167416,2025-03-21 10:45:09.229725954,Medium,Operations,Software,Resolved
TCK-4820,2025-03-21 08:18:08.748874,2025-03-21 10:15:53.674890960,High,HR,Software,Closed
TCK-4821,2025-03-21 08:48:23.330333,2025-03-22 00:07:04.836546806,Medium,Finance,Email,Resolved
TCK-4822,2025-03-21 10:19:07.074707,2025-03-21 19:33:32.537840633,Medium,IT Support,Software,Closed
TCK-4823,2025-03-21 10:49:21.656165,2025-03-21 20:54:44.475377610,Medium,Finance,Access Control,Closed
TCK-4824,2025-03-21 10:49:21.656165,2025-03-24 00:40:01.268670827,Critical,DevOps,Access Control,Resolved
TCK-4825,2025-03-21 11:49:50.819081,2025-03-22 10:59:53.232144446,Medium,HR,Access Control,Resolved
TCK-4826,2025-03-21 12:20:05.400540,2025-03-21 21:53:12.648609633,Low,IT Support,Access Control,Closed
TCK-4827,2025-03-21 12:20:05.400540,2025-03-21 12:40:55.005504568,Critical,Finance,Hardware,Closed
TCK-4828,2025-03-21 12:50:19.981998,2025-03-21 13:27:47.927420393,Low,Operations,Access Control,Closed
TCK-4829,2025-03-21 13:20:34.563456,2025-03-22 10:07:30.028505908,Unassigned,Operations,Hardware,Closed
TCK-4830,2025-03-21 13:50:49.144914,2025-03-22 22:34:51.032440668,Medium,DevOps,Access Control,Closed
TCK-4831,2025-03-21 14:21:03.726372,2025-03-22 12:29:26.663844456,Low,IT Support,Access Control,Resolved
TCK-4832,2025-03-21 14:51:18.307830,2025-03-22 00:13:38.825999780,High,IT Support,Email,Closed
TCK-4833,2025-03-21 14:51:18.307830,2025-03-21 15:25:27.980904806,Low,DevOps,Access Control,Closed
TCK-4834,2025-03-21 15:21:32.889288,2025-03-24 04:58:55.235628093,Low,IT Support,Software,Closed
TCK-4835,2025-03-21 15:21:32.889288,2025-03-24 20:37:58.977663929,Medium,Finance,Access Control,Closed
TCK-4836,2025-03-21 15:51:47.470747,2025-03-22 06:12:39.329416307,Medium,HR,Network,Closed
TCK-4837,2025-03-21 15:51:47.470747,2025-03-21 17:10:56.819603939,Low,HR,Email,Closed
TCK-4838,2025-03-21 17:22:31.215121,2025-03-22 07:23:27.422185408,Medium,HR,Email,Closed
TCK-4839,2025-03-21 17:52:45.796579,2025-03-23 09:59:49.636166354,High,Operations,Access Control,Closed
TCK-4840,2025-03-21 17:52:45.796579,2025-03-22 14:23:18.203996998,Low,IT Support,Network,Closed
TCK-4841,2025-03-21 18:53:14.959495,2025-03-22 17:48:00.643088888,Medium,DevOps,Access Control,Resolved
TCK-4842,2025-03-21 19:53:44.122412,2025-03-21 21:29:38.248992237,Unassigned,DevOps,Software,Resolved
TCK-4843,2025-03-21 20:23:58.703870,2025-03-21 22:25:36.607433059,Unassigned,Operations,Email,Resolved
TCK-4844,2025-03-21 20:23:58.703870,2025-03-21 22:51:05.715658179,Low,HR,Email,Closed
TCK-4845,2025-03-21 20:54:13.285328,2025-03-23 15:09:20.927861828,High,Finance,Network,Closed
TCK-4846,2025-03-21 21:54:42.448244,2025-03-22 11:20:38.203080866,High,Operations,Hardware,Resolved
TCK-4847,2025-03-21 22:24:57.029702,2025-03-23 02:38:34.865422514,Critical,HR,Network,Closed
TCK-4848,2025-03-21 22:55:11.611161,2025-03-22 01:07:29.403500002,Medium,Finance,Software,Resolved
TCK-4849,2025-03-21 23:25:26.192619,2025-03-23 22:41:40.000383700,Low,IT Support,Network,Closed
TCK-4850,2025-03-21 23:25:26.192619,2025-03-23 06:24:17.593615187,Low,IT Support,Hardware,Closed
TCK-4851,2025-03-21 23:55:40.774077,2025-03-22 04:30:38.074313032,Medium,HR,Software,Resolved
TCK-4852,2025-03-22 00:25:55.355535,2025-03-23 13:44:40.617861167,Low,DevOps,Software,Closed
TCK-4853,2025-03-22 00:25:55.355535,2025-03-22 05:56:09.143081802,High,DevOps,Hardware,Resolved
TCK-4854,2025-03-22 00:56:09.936993,2025-03-22 05:04:23.619337561,Low,IT Support,Access Control,Closed
TCK-4855,2025-03-22 00:56:09.936993,2025-03-22 06:27:34.247982752,High,DevOps,Network,Closed
TCK-4856,2025-03-22 01:26:24.518451,2025-03-23 20:46:27.047522470,Low,HR,Software,Closed
TCK-4857,2025-03-22 02:26:53.681368,2025-03-23 22:56:45.302812994,Medium,Finance,Network,Resolved
TCK-4858,2025-03-22 02:57:08.262826,2025-03-22 10:08:02.156781544,Medium,Operations,Hardware,Closed
TCK-4859,2025-03-22 02:57:08.262826,2025-03-23 00:57:10.245607628,Medium,IT Support,Email,Resolved
TCK-4860,2025-03-22 03:27:22.844284,2025-03-22 23:43:42.277590343,Medium,DevOps,Hardware,Closed
TCK-4861,2025-03-22 03:27:22.844284,2025-03-23 09:01:36.381430121,Medium,Finance,Network,Closed
TCK-4862,2025-03-22 04:27:52.007200,2025-03-22 10:47:42.225949619,Low,DevOps,Software,Closed
TCK-4863,2025-03-22 04:27:52.007200,2025-03-22 17:18:35.403985844,Low,HR,Network,Closed
TCK-4864,2025-03-22 06:59:04.914491,2025-03-23 02:48:51.103333797,Medium,IT Support,Email,Closed
TCK-4865,2025-03-22 06:59:04.914491,2025-03-22 07:27:49.092443399,Low,Finance,Software,Resolved
TCK-4866,2025-03-22 07:29:19.495949,2025-03-22 15:59:56.255465313,Low,HR,Email,Closed
TCK-4867,2025-03-22 07:59:34.077407,2025-03-23 05:25:09.431360389,Low,IT Support,Access Control,Closed
TCK-4868,2025-03-22 09:30:17.821782,2025-03-22 14:44:44.224927180,High,DevOps,Hardware,Closed
TCK-4869,2025-03-22 09:30:17.821782,2025-03-24 18:26:24.452573715,Medium,HR,Access Control,Resolved
TCK-4870,2025-03-22 10:00:32.403240,2025-03-22 10:33:36.941063931,Low,DevOps,Network,Closed
TCK-4871,2025-03-22 10:30:46.984698,2025-03-24 19:36:43.193319442,Low,HR,Access Control,Resolved
TCK-4872,2025-03-22 10:30:46.984698,2025-03-22 14:54:38.989064153,Medium,Finance,Hardware,Closed
TCK-4873,2025-03-22 11:01:01.566156,2025-03-22 11:55:05.072265618,Medium,Operations,Software,Closed
TCK-4874,2025-03-22 11:31:16.147614,2025-03-22 17:44:55.713043151,High,Operations,Email,Resolved
TCK-4875,2025-03-22 11:31:16.147614,2025-03-23 15:17:48.984055847,Critical,IT Support,Software,Resolved
TCK-4876,2025-03-22 13:01:59.891989,2025-03-23 14:09:47.846365180,Medium,Operations,Access Control,Closed
TCK-4877,2025-03-22 15:02:58.217821,2025-03-22 19:15:57.979561405,Medium,HR,Network,Closed
TCK-4878,2025-03-22 15:02:58.217821,2025-03-22 18:59:38.440977699,Medium,IT Support,Access Control,Resolved
TCK-4879,2025-03-22 15:33:12.799279,2025-03-23 10:04:21.856948176,Medium,Finance,Hardware,Resolved
TCK-4880,2025-03-22 15:33:12.799279,2025-03-23 02:34:51.991363698,Low,Operations,Hardware,Closed
TCK-4881,2025-03-22 16:03:27.380738,2025-03-23 20:20:47.849886022,Medium,Operations,Network,Closed
TCK-4882,2025-03-22 16:03:27.380738,2025-03-22 16:29:50.363450690,Medium,IT Support,Software,Closed
TCK-4883,2025-03-22 17:03:56.543654,2025-03-23 10:02:01.245445784,Medium,DevOps,Hardware,Closed
TCK-4884,2025-03-22 18:04:25.706570,2025-03-23 17:41:11.989687490,Low,DevOps,Hardware,Closed
TCK-4885,2025-03-22 18:04:25.706570,2025-03-26 12:24:29.924023496,High,HR,Network,Closed
TCK-4886,2025-03-22 18:04:25.706570,2025-03-23 14:30:54.809646937,High,DevOps,Software,Resolved
TCK-4887,2025-03-22 18:04:25.706570,2025-03-22 22:49:17.610340867,Medium,HR,Access Control,Closed
TCK-4888,2025-03-22 19:04:54.869486,2025-03-22 21:08:34.333849609,Low,IT Support,Email,Closed
TCK-4889,2025-03-22 20:05:24.032403,2025-03-23 14:31:32.263155351,Medium,DevOps,Network,Closed
TCK-4890,2025-03-22 20:05:24.032403,2025-03-23 09:25:16.380194677,Unassigned,IT Support,Software,Closed
TCK-4891,2025-03-22 20:35:38.613861,2025-03-24 13:53:14.628321511,High,IT Support,Email,Closed
TCK-4892,2025-03-22 20:35:38.613861,2025-03-23 19:56:14.409216133,Low,IT Support,Network,Closed
TCK-4893,2025-03-22 22:36:36.939693,2025-03-23 11:26:27.961707579,Medium,DevOps,Access Control,Closed
TCK-4894,2025-03-22 22:36:36.939693,2025-03-23 07:54:47.267188338,Critical,HR,Access Control,Closed
TCK-4895,2025-03-22 22:36:36.939693,2025-03-23 07:56:12.638504704,Medium,HR,Software,Resolved
TCK-4896,2025-03-22 22:36:36.939693,2025-03-23 03:13:43.104490954,Low,Finance,Software,Closed
TCK-4897,2025-03-22 23:37:06.102610,2025-03-22 23:55:58.665536512,High,IT Support,Access Control,Resolved
TCK-4898,2025-03-23 00:37:35.265526,2025-03-23 16:01:28.798222906,Medium,Operations,Access Control,Closed
TCK-4899,2025-03-23 02:08:19.009900,2025-03-23 06:26:12.189641284,Medium,HR,Network,Resolved
TCK-4900,2025-03-23 02:08:19.009900,2025-03-23 06:20:36.727124513,Medium,HR,Software,Closed
TCK-4901,2025-03-23 02:38:33.591359,2025-03-23 05:03:14.664459764,High,IT Support,Email,Closed
TCK-4902,2025-03-23 02:38:33.591359,2025-03-23 06:25:35.961480105,Low,IT Support,Access Control,Resolved
TCK-4903,2025-03-23 03:08:48.172817,2025-03-23 03:43:41.562394696,Medium,Operations,Email,Closed
TCK-4904,2025-03-23 03:08:48.172817,2025-03-23 23:20:05.786883891,High,HR,Software,Closed
TCK-4905,2025-03-23 03:39:02.754275,2025-03-23 12:53:15.319204051,High,DevOps,Software,Closed
TCK-4906,2025-03-23 04:39:31.917191,2025-03-23 19:29:56.378686440,Low,IT Support,Hardware,Closed
TCK-4907,2025-03-23 04:39:31.917191,2025-03-23 22:53:49.590341628,Medium,Finance,Access Control,Closed
TCK-4908,2025-03-23 05:09:46.498649,2025-03-25 21:50:13.420939836,Low,Operations,Software,Closed
TCK-4909,2025-03-23 05:09:46.498649,2025-03-23 06:26:08.362066297,Medium,IT Support,Software,Resolved
TCK-4910,2025-03-23 05:09:46.498649,2025-03-23 14:54:12.591374269,Low,Finance,Access Control,Closed
TCK-4911,2025-03-23 05:40:01.080108,2025-03-23 10:44:49.425572186,Low,Operations,Hardware,Closed
TCK-4912,2025-03-23 06:40:30.243024,2025-03-23 18:19:56.224248362,Medium,DevOps,Hardware,Closed
TCK-4913,2025-03-23 07:10:44.824482,2025-03-25 04:44:55.737875957,Critical,IT Support,Hardware,Closed
TCK-4914,2025-03-23 07:40:59.405940,2025-03-24 06:51:16.277778785,Critical,HR,Hardware,Closed
TCK-4915,2025-03-23 07:40:59.405940,2025-03-24 03:12:18.909634228,Medium,IT Support,Network,Closed
TCK-4916,2025-03-23 08:11:13.987398,2025-03-23 18:39:50.552198403,Medium,Operations,Access Control,Resolved
TCK-4917,2025-03-23 08:41:28.568856,2025-03-24 04:42:28.730208161,Low,Finance,Access Control,Closed
TCK-4918,2025-03-23 08:41:28.568856,2025-03-23 09:17:01.205113382,Low,Operations,Access Control,Closed
TCK-4919,2025-03-23 09:11:43.150315,2025-03-24 01:04:46.945422809,Medium,IT Support,Hardware,Closed
TCK-4920,2025-03-23 09:11:43.150315,2025-03-23 23:43:12.568880631,High,HR,Hardware,Closed
TCK-4921,2025-03-23 09:41:57.731773,2025-03-23 17:21:38.404210562,Critical,IT Support,Software,Closed
TCK-4922,2025-03-23 09:41:57.731773,2025-03-23 13:45:00.194265814,Critical,HR,Network,Closed
TCK-4923,2025-03-23 10:42:26.894689,2025-03-24 16:22:13.908469114,Critical,IT Support,Access Control,Resolved
TCK-4924,2025-03-23 11:42:56.057605,2025-03-23 12:42:43.836882679,Low,IT Support,Network,Resolved
TCK-4925,2025-03-23 12:43:25.220522,2025-03-23 14:01:25.011463001,Unassigned,DevOps,Access Control,Closed
TCK-4926,2025-03-23 13:13:39.801980,2025-03-23 23:40:52.441846761,Medium,IT Support,Hardware,Resolved
TCK-4927,2025-03-23 13:13:39.801980,2025-03-23 18:28:02.689907719,Critical,HR,Hardware,Resolved
TCK-4928,2025-03-23 14:14:08.964896,2025-03-24 14:51:52.697609341,Medium,Operations,Access Control,Closed
TCK-4929,2025-03-23 14:14:08.964896,2025-03-24 08:20:14.528674351,Medium,Operations,Email,Closed
TCK-4930,2025-03-23 15:44:52.709270,2025-03-24 18:24:05.827818803,Low,IT Support,Hardware,Closed
TCK-4931,2025-03-23 16:45:21.872187,2025-03-23 23:49:20.219031961,Low,Operations,Software,Closed
TCK-4932,2025-03-23 17:15:36.453645,2025-03-24 17:32:36.290997363,Medium,IT Support,Hardware,Resolved
TCK-4933,2025-03-23 17:45:51.035103,2025-03-25 05:27:10.084143286,Critical,HR,Software,Closed
TCK-4934,2025-03-23 18:16:05.616561,2025-03-24 01:53:30.957150736,Low,Operations,Network,Closed
TCK-4935,2025-03-23 18:16:05.616561,2025-03-24 01:44:40.789669148,Low,DevOps,Hardware,Closed
TCK-4936,2025-03-23 19:16:34.779477,2025-03-25 12:42:50.810883420,Low,Operations,Hardware,Resolved
TCK-4937,2025-03-23 19:46:49.360936,2025-03-23 20:41:58.861051008,Low,DevOps,Network,Closed
TCK-4938,2025-03-23 20:17:03.942394,2025-03-24 04:02:37.560402811,Low,IT Support,Software,Closed
TCK-4939,2025-03-23 21:17:33.105310,2025-03-23 23:33:59.028584885,Low,Finance,Email,Closed
TCK-4940,2025-03-23 21:47:47.686768,2025-03-23 22:19:33.378397746,Low,HR,Software,Closed
TCK-4941,2025-03-23 21:47:47.686768,2025-03-23 23:57:08.334969059,Critical,HR,Access Control,Closed
TCK-4942,2025-03-23 22:18:02.268226,2025-03-24 08:27:29.355904690,Critical,IT Support,Access Control,Closed
TCK-4943,2025-03-23 23:48:46.012601,2025-03-24 20:43:05.493637203,Medium,IT Support,Access Control,Closed
TCK-4944,2025-03-23 23:48:46.012601,2025-03-24 05:57:33.926290517,Unassigned,Operations,Network,Resolved
TCK-4945,2025-03-24 00:49:15.175517,2025-03-25 10:55:48.434928577,Low,Operations,Software,Closed
TCK-4946,2025-03-24 00:49:15.175517,2025-03-24 11:10:52.093906684,High,Finance,Hardware,Closed
TCK-4947,2025-03-24 01:19:29.756975,2025-03-26 15:24:36.069150862,Medium,HR,Access Control,Closed
TCK-4948,2025-03-24 01:49:44.338433,2025-03-26 09:18:50.580779446,Low,DevOps,Software,Closed
TCK-4949,2025-03-24 03:20:28.082808,2025-03-25 06:03:12.762995099,Medium,Finance,Hardware,Closed
TCK-4950,2025-03-24 04:20:57.245724,2025-03-26 04:50:43.259210233,Unassigned,Operations,Software,Closed
TCK-4951,2025-03-24 05:21:26.408640,2025-03-25 03:27:35.017381340,Low,IT Support,Network,Closed
TCK-4952,2025-03-24 05:51:40.990099,2025-03-25 22:31:47.816249311,Low,HR,Access Control,Closed
TCK-4953,2025-03-24 06:21:55.571557,2025-03-24 11:13:19.112528017,Unassigned,Operations,Email,Closed
TCK-4954,2025-03-24 06:52:10.153015,2025-03-24 14:29:49.916112815,Low,Operations,Access Control,Closed
TCK-4955,2025-03-24 07:52:39.315931,2025-03-25 09:02:35.149336178,Medium,HR,Access Control,Resolved
TCK-4956,2025-03-24 08:53:08.478847,2025-03-24 18:49:58.414590761,Critical,IT Support,Network,Closed
TCK-4957,2025-03-24 09:23:23.060306,2025-03-25 18:04:40.890300867,Critical,DevOps,Hardware,Closed
TCK-4958,2025-03-24 09:23:23.060306,2025-03-25 23:12:13.509547280,Unassigned,Finance,Access Control,Closed
TCK-4959,2025-03-24 09:53:37.641764,2025-03-24 16:18:25.140982891,Medium,DevOps,Hardware,Resolved
TCK-4960,2025-03-24 09:53:37.641764,2025-03-25 17:06:30.933346586,Low,HR,Hardware,Closed
TCK-4961,2025-03-24 10:23:52.223222,2025-03-24 13:24:49.355998825,High,IT Support,Network,Closed
TCK-4962,2025-03-24 10:54:06.804680,2025-03-24 18:13:24.918435011,High,IT Support,Access Control,Closed
TCK-4963,2025-03-24 11:24:21.386138,2025-03-25 00:32:28.437831448,Medium,Finance,Network,Closed
TCK-4964,2025-03-24 11:54:35.967596,2025-03-24 16:31:53.815095981,Critical,IT Support,Network,Resolved
TCK-4965,2025-03-24 12:24:50.549054,2025-03-25 03:59:51.720752500,Critical,IT Support,Email,Closed
TCK-4966,2025-03-24 12:55:05.130513,2025-03-25 04:28:38.148704585,Medium,HR,Network,Closed
TCK-4967,2025-03-24 13:55:34.293429,2025-03-24 18:05:55.556283022,Low,HR,Email,Closed
TCK-4968,2025-03-24 13:55:34.293429,2025-03-25 18:30:28.834193626,Low,IT Support,Hardware,Closed
TCK-4969,2025-03-24 13:55:34.293429,2025-03-25 07:54:10.490554791,Medium,IT Support,Hardware,Resolved
TCK-4970,2025-03-24 13:55:34.293429,2025-03-24 20:48:32.162310012,Low,Operations,Software,Resolved
TCK-4971,2025-03-24 14:25:48.874887,2025-03-24 19:11:09.435238317,Low,IT Support,Software,Resolved
TCK-4972,2025-03-24 14:25:48.874887,2025-03-26 04:24:30.517630638,Medium,HR,Hardware,Closed
TCK-4973,2025-03-24 15:26:18.037803,2025-03-25 23:57:07.470737809,Medium,IT Support,Access Control,Resolved
TCK-4974,2025-03-24 15:26:18.037803,2025-03-24 20:08:14.337038670,Medium,Operations,Software,Resolved
TCK-4975,2025-03-24 15:56:32.619261,2025-03-24 16:35:41.914239587,Low,HR,Network,Resolved
TCK-4976,2025-03-24 16:26:47.200720,2025-03-25 21:49:44.235225382,Medium,IT Support,Software,Resolved
TCK-4977,2025-03-24 17:27:16.363636,2025-03-25 10:39:34.390030003,Low,IT Support,Hardware,Closed
TCK-4978,2025-03-24 17:57:30.945094,2025-03-24 19:52:21.843667762,Medium,DevOps,Access Control,Closed
TCK-4979,2025-03-24 19:28:14.689468,2025-03-25 11:24:14.054725333,Medium,DevOps,Hardware,Closed
TCK-4980,2025-03-24 20:28:43.852385,2025-03-25 07:18:41.361681001,Medium,HR,Access Control,Resolved
TCK-4981,2025-03-24 21:29:13.015301,2025-03-26 00:18:02.874867898,Low,IT Support,Software,Closed
TCK-4982,2025-03-24 22:29:42.178217,2025-03-25 02:43:01.962763408,Low,HR,Network,Closed
TCK-4983,2025-03-24 23:30:11.341134,2025-03-25 10:22:04.172088417,Critical,Finance,Network,Closed
TCK-4984,2025-03-24 23:30:11.341134,2025-03-25 02:33:40.346694465,Low,DevOps,Hardware,Closed
TCK-4985,2025-03-25 00:30:40.504050,2025-03-27 09:22:16.709714990,Medium,IT Support,Access Control,Closed
TCK-4986,2025-03-25 01:00:55.085508,2025-03-26 04:09:59.954267111,Low,Finance,Software,Closed
TCK-4987,2025-03-25 02:01:24.248424,2025-03-26 02:02:42.854549032,Low,IT Support,Access Control,Closed
TCK-4988,2025-03-25 02:31:38.829882,2025-03-25 23:37:14.701145525,Low,Finance,Access Control,Resolved
TCK-4989,2025-03-25 02:31:38.829882,2025-03-25 12:26:10.988290308,Critical,Finance,Access Control,Resolved
TCK-4990,2025-03-25 03:32:07.992799,2025-03-27 01:45:10.049782813,Low,Operations,Software,Closed
TCK-4991,2025-03-25 03:32:07.992799,2025-03-25 04:53:54.142980011,Critical,HR,Access Control,Closed
TCK-4992,2025-03-25 03:32:07.992799,2025-03-26 08:48:04.206824374,High,Finance,Network,Resolved
TCK-4993,2025-03-25 03:32:07.992799,2025-03-25 07:53:53.444329661,Medium,IT Support,Hardware,Resolved
TCK-4994,2025-03-25 04:02:22.574257,2025-03-25 11:05:18.484833688,Medium,IT Support,Email,Closed
TCK-4995,2025-03-25 04:02:22.574257,2025-03-25 17:13:46.835909116,Critical,IT Support,Access Control,Closed
TCK-4996,2025-03-25 04:32:37.155715,2025-03-26 08:00:59.411347792,Medium,IT Support,Network,Closed
TCK-4997,2025-03-25 05:02:51.737173,2025-03-26 13:52:12.353811209,Medium,IT Support,Network,Closed
TCK-4998,2025-03-25 05:33:06.318631,2025-03-25 21:19:38.762073746,Medium,Operations,Hardware,Resolved
TCK-4999,2025-03-25 06:33:35.481548,2025-03-25 15:50:45.646857972,Low,Finance,Hardware,Closed
TCK-5000,2025-03-25 07:03:50.063006,2025-03-27 11:46:12.166817343,Low,IT Support,Email,Closed
TCK-5001,2025-03-25 07:34:04.644464,2025-03-25 12:39:46.577611133,Critical,IT Support,Email,Closed
TCK-5002,2025-03-25 07:34:04.644464,2025-03-26 12:49:06.701613360,High,HR,Email,Closed
TCK-5003,2025-03-25 08:04:19.225922,2025-03-26 01:06:56.909815834,Medium,IT Support,Software,Closed
TCK-5004,2025-03-25 08:04:19.225922,2025-03-25 16:35:12.234910518,Medium,IT Support,Software,Closed
TCK-5005,2025-03-25 08:34:33.807380,2025-03-25 08:36:02.513454861,High,HR,Network,Closed
TCK-5006,2025-03-25 08:34:33.807380,2025-03-25 19:13:34.214485519,Medium,Operations,Hardware,Closed
TCK-5007,2025-03-25 09:04:48.388838,2025-03-25 14:54:40.922522446,Medium,Finance,Access Control,Resolved
TCK-5008,2025-03-25 09:04:48.388838,2025-03-25 11:03:49.464576019,Medium,Finance,Hardware,Closed
TCK-5009,2025-03-25 09:04:48.388838,2025-03-25 10:29:11.405822201,Low,DevOps,Software,Closed
TCK-5010,2025-03-25 09:04:48.388838,2025-03-25 16:46:00.161860427,Low,IT Support,Network,Closed
TCK-5011,2025-03-25 10:05:17.551755,2025-03-26 03:15:29.104321183,Unassigned,IT Support,Access Control,Closed
TCK-5012,2025-03-25 11:05:46.714671,2025-03-26 19:48:21.025065315,Unassigned,HR,Email,Closed
TCK-5013,2025-03-25 12:06:15.877587,2025-03-25 15:45:17.695252559,Medium,DevOps,Email,Closed
TCK-5014,2025-03-25 12:36:30.459045,2025-03-25 22:33:29.712010380,Medium,HR,Software,Resolved
TCK-5015,2025-03-25 14:37:28.784878,2025-03-25 23:34:47.320235751,High,IT Support,Network,Closed
TCK-5016,2025-03-25 14:37:28.784878,2025-03-26 03:35:24.259687035,High,Operations,Hardware,Resolved
TCK-5017,2025-03-25 14:37:28.784878,2025-03-26 20:28:43.557368628,Low,IT Support,Software,Closed
TCK-5018,2025-03-25 15:07:43.366336,2025-03-26 05:38:53.714012476,Medium,DevOps,Hardware,Closed
TCK-5019,2025-03-25 15:37:57.947794,2025-03-27 01:23:02.122860116,Low,Operations,Access Control,Closed
TCK-5020,2025-03-25 15:37:57.947794,2025-03-26 04:47:23.931764923,Unassigned,IT Support,Hardware,Resolved
TCK-5021,2025-03-25 15:37:57.947794,2025-03-26 08:17:59.877188324,High,DevOps,Access Control,Closed
TCK-5022,2025-03-25 16:38:27.110711,2025-03-26 02:59:37.258231699,Low,DevOps,Network,Resolved
TCK-5023,2025-03-25 16:38:27.110711,2025-03-26 23:49:10.151677791,Critical,Operations,Software,Closed
TCK-5024,2025-03-25 16:38:27.110711,2025-03-27 14:59:10.970258914,Critical,IT Support,Hardware,Resolved
TCK-5025,2025-03-25 17:38:56.273627,2025-03-26 11:59:45.509908343,Medium,Operations,Network,Closed
TCK-5026,2025-03-25 18:09:10.855085,2025-03-27 01:05:52.088934323,Medium,IT Support,Network,Resolved
TCK-5027,2025-03-25 19:09:40.018001,2025-03-25 20:15:20.874223202,Medium,DevOps,Hardware,Closed
TCK-5028,2025-03-25 20:10:09.180918,2025-03-27 14:45:03.304101387,High,HR,Email,Closed
TCK-5029,2025-03-25 20:10:09.180918,2025-03-25 23:56:17.966104756,Medium,IT Support,Email,Closed
TCK-5030,2025-03-25 20:40:23.762376,2025-03-26 02:00:31.388798821,Medium,IT Support,Access Control,Closed
TCK-5031,2025-03-25 21:10:38.343834,2025-03-25 22:09:49.694059046,Unassigned,HR,Network,Closed
TCK-5032,2025-03-25 23:11:36.669666,2025-03-28 11:44:37.712219490,Medium,HR,Software,Resolved
TCK-5033,2025-03-25 23:11:36.669666,2025-03-27 09:35:04.606894785,Low,IT Support,Software,Closed
TCK-5034,2025-03-25 23:11:36.669666,2025-03-27 19:11:06.009959258,Low,IT Support,Network,Closed
TCK-5035,2025-03-26 00:12:05.832583,2025-03-27 10:01:07.615496163,Low,HR,Email,Closed
TCK-5036,2025-03-26 00:12:05.832583,2025-03-26 11:57:21.793708445,Medium,HR,Network,Closed
TCK-5037,2025-03-26 00:12:05.832583,2025-03-27 22:36:26.751487872,Low,HR,Access Control,Closed
TCK-5038,2025-03-26 00:12:05.832583,2025-03-28 15:00:21.965824020,Critical,Operations,Network,Closed
TCK-5039,2025-03-26 00:42:20.414041,2025-03-26 13:16:29.888449692,High,Finance,Hardware,Resolved
TCK-5040,2025-03-26 01:12:34.995499,2025-03-26 04:41:09.786467438,High,IT Support,Email,Closed
TCK-5041,2025-03-26 02:43:18.739873,2025-03-26 22:04:03.602732058,High,Finance,Hardware,Resolved
TCK-5042,2025-03-26 02:43:18.739873,2025-03-28 21:26:24.252102923,Low,DevOps,Hardware,Closed
TCK-5043,2025-03-26 02:43:18.739873,2025-03-27 15:44:44.111336461,Medium,IT Support,Network,Closed
TCK-5044,2025-03-26 03:13:33.321332,2025-03-27 14:51:03.095823749,Medium,HR,Network,Resolved
TCK-5045,2025-03-26 03:13:33.321332,2025-03-28 04:06:07.807598815,Low,HR,Software,Closed
TCK-5046,2025-03-26 04:14:02.484248,2025-03-27 20:37:24.995482417,Critical,Operations,Hardware,Resolved
TCK-5047,2025-03-26 04:14:02.484248,2025-03-27 07:11:11.894814049,Medium,HR,Network,Closed
TCK-5048,2025-03-26 04:14:02.484248,2025-03-27 03:02:12.171824243,Low,DevOps,Software,Closed
TCK-5049,2025-03-26 04:44:17.065706,2025-03-26 10:16:27.475962582,Low,IT Support,Hardware,Resolved
TCK-5050,2025-03-26 04:44:17.065706,2025-03-26 22:13:05.423378479,Medium,DevOps,Software,Closed
TCK-5051,2025-03-26 04:44:17.065706,2025-03-26 18:00:19.544451525,Low,IT Support,Email,Resolved
TCK-5052,2025-03-26 05:44:46.228622,2025-03-27 17:23:16.484569407,Low,HR,Access Control,Closed
TCK-5053,2025-03-26 07:15:29.972997,2025-03-26 19:26:20.663786232,High,HR,Hardware,Resolved
TCK-5054,2025-03-26 08:15:59.135913,2025-03-26 10:43:35.410403982,Critical,Operations,Network,Closed
TCK-5055,2025-03-26 08:15:59.135913,2025-03-26 08:21:22.156737275,Critical,IT Support,Email,Closed
TCK-5056,2025-03-26 08:15:59.135913,2025-03-27 04:39:25.209348412,Medium,IT Support,Software,Closed
TCK-5057,2025-03-26 08:46:13.717371,2025-03-26 23:08:23.825174907,Medium,DevOps,Access Control,Closed
TCK-5058,2025-03-26 09:16:28.298829,2025-03-26 16:30:32.440789910,Critical,Finance,Hardware,Closed
TCK-5059,2025-03-26 09:16:28.298829,2025-03-26 12:36:22.258543003,High,IT Support,Access Control,Closed
TCK-5060,2025-03-26 09:16:28.298829,2025-03-26 20:35:28.051901319,Medium,IT Support,Email,Resolved
TCK-5061,2025-03-26 09:46:42.880288,2025-03-26 11:40:50.871004464,High,HR,Access Control,Resolved
TCK-5062,2025-03-26 09:46:42.880288,2025-03-26 17:09:07.327447300,Medium,HR,Hardware,Closed
TCK-5063,2025-03-26 09:46:42.880288,2025-03-26 18:21:37.283985308,Low,DevOps,Email,Closed
TCK-5064,2025-03-26 10:16:57.461746,2025-03-26 21:33:44.099232715,Critical,IT Support,Software,Closed
TCK-5065,2025-03-26 10:47:12.043204,2025-03-26 22:06:00.305862365,Medium,Operations,Hardware,Closed
TCK-5066,2025-03-26 11:17:26.624662,2025-03-26 16:38:16.555234151,Medium,HR,Access Control,Resolved
TCK-5067,2025-03-26 11:47:41.206120,2025-03-27 21:58:05.789351893,Medium,IT Support,Hardware,Resolved
TCK-5068,2025-03-26 11:47:41.206120,2025-03-26 19:42:10.954107549,Low,Finance,Email,Closed
TCK-5069,2025-03-26 12:48:10.369036,2025-03-26 17:29:52.084687146,Low,DevOps,Access Control,Closed
TCK-5070,2025-03-26 12:48:10.369036,2025-03-26 16:16:59.711584156,Low,IT Support,Software,Closed
TCK-5071,2025-03-26 12:48:10.369036,2025-03-26 19:48:47.470631007,Low,DevOps,Network,Resolved
TCK-5072,2025-03-26 13:48:39.531953,2025-03-26 15:04:11.827987602,Low,DevOps,Software,Closed
TCK-5073,2025-03-26 13:48:39.531953,2025-03-26 14:24:47.814809732,Medium,IT Support,Hardware,Closed
TCK-5074,2025-03-26 16:50:07.020702,2025-03-27 09:33:41.096889817,Unassigned,IT Support,Network,Closed
TCK-5075,2025-03-26 16:50:07.020702,2025-03-27 10:12:41.192819024,High,IT Support,Email,Closed
TCK-5076,2025-03-26 16:50:07.020702,2025-03-27 06:24:35.733554984,Low,DevOps,Access Control,Closed
TCK-5077,2025-03-26 16:50:07.020702,2025-03-27 18:41:44.119481361,High,IT Support,Access Control,Closed
TCK-5078,2025-03-26 18:20:50.765076,2025-03-26 19:03:58.717412532,Medium,DevOps,Email,Resolved
TCK-5079,2025-03-26 18:20:50.765076,2025-03-28 19:49:10.461133194,Medium,Finance,Hardware,Closed
TCK-5080,2025-03-26 18:51:05.346534,2025-03-26 20:38:58.367397191,Low,DevOps,Software,Resolved
TCK-5081,2025-03-26 19:51:34.509450,2025-03-27 16:02:10.672041422,Medium,Finance,Network,Closed
TCK-5082,2025-03-26 20:52:03.672367,2025-03-26 23:26:41.336780636,Critical,IT Support,Email,Resolved
TCK-5083,2025-03-26 21:22:18.253825,2025-03-28 11:31:20.285067842,Medium,Operations,Hardware,Resolved
TCK-5084,2025-03-26 21:22:18.253825,2025-03-27 10:14:17.723841881,Low,DevOps,Hardware,Closed
TCK-5085,2025-03-26 21:22:18.253825,2025-03-26 22:55:03.128846801,Medium,HR,Network,Closed
TCK-5086,2025-03-26 23:53:31.161116,2025-03-27 17:09:14.375160787,Low,Finance,Email,Closed
TCK-5087,2025-03-27 01:24:14.905490,2025-03-27 01:34:07.935207427,Medium,Finance,Software,Closed
TCK-5088,2025-03-27 01:54:29.486948,2025-03-28 04:50:23.781089407,Critical,HR,Software,Resolved
TCK-5089,2025-03-27 02:24:44.068406,2025-03-27 21:20:20.938784435,High,HR,Email,Resolved
TCK-5090,2025-03-27 02:54:58.649864,2025-03-27 07:13:09.111424321,High,IT Support,Access Control,Closed
TCK-5091,2025-03-27 02:54:58.649864,2025-03-27 11:22:09.065172968,High,Operations,Software,Resolved
TCK-5092,2025-03-27 03:25:13.231323,2025-03-27 03:33:41.090064281,Low,Finance,Access Control,Closed
TCK-5093,2025-03-27 03:55:27.812781,2025-03-28 01:13:15.117991814,Low,IT Support,Email,Closed
TCK-5094,2025-03-27 04:25:42.394239,2025-03-27 11:26:28.080933746,Medium,Finance,Hardware,Closed
TCK-5095,2025-03-27 05:56:26.138613,2025-03-27 21:11:55.288495357,Low,IT Support,Email,Closed
TCK-5096,2025-03-27 06:26:40.720072,2025-03-29 14:58:08.330760719,High,IT Support,Hardware,Closed
TCK-5097,2025-03-27 06:26:40.720072,2025-03-27 12:51:03.908090302,Low,HR,Email,Resolved
TCK-5098,2025-03-27 06:56:55.301530,2025-03-30 18:16:30.449310352,Medium,Finance,Access Control,Closed
TCK-5099,2025-03-27 07:57:24.464446,2025-03-28 01:59:11.618506102,Medium,Operations,Access Control,Closed
TCK-5100,2025-03-27 08:57:53.627362,2025-03-27 13:57:15.466408422,Medium,Operations,Email,Closed
TCK-5101,2025-03-27 09:28:08.208820,2025-03-27 19:48:08.670884924,Medium,IT Support,Hardware,Closed
TCK-5102,2025-03-27 09:58:22.790279,2025-03-28 10:15:06.193229699,Critical,Finance,Email,Closed
TCK-5103,2025-03-27 10:28:37.371737,2025-03-27 21:07:23.565909832,Low,DevOps,Hardware,Closed
TCK-5104,2025-03-27 11:29:06.534653,2025-03-27 12:45:45.210042242,Medium,IT Support,Access Control,Closed
TCK-5105,2025-03-27 11:29:06.534653,2025-03-27 14:48:31.767564997,Low,DevOps,Network,Closed
TCK-5106,2025-03-27 11:59:21.116111,2025-03-28 16:11:32.779920730,Low,Operations,Software,Closed
TCK-5107,2025-03-27 12:29:35.697569,2025-03-28 07:18:23.655738120,Low,DevOps,Access Control,Closed
TCK-5108,2025-03-27 14:30:34.023402,2025-03-28 05:41:36.989132640,Medium,IT Support,Email,Closed
TCK-5109,2025-03-27 14:30:34.023402,2025-03-27 17:48:42.787339297,Medium,Operations,Email,Closed
TCK-5110,2025-03-27 14:30:34.023402,2025-03-28 23:14:43.373657735,Low,Operations,Hardware,Closed
TCK-5111,2025-03-27 15:31:03.186318,2025-03-30 01:47:36.548234854,Medium,DevOps,Software,Closed
TCK-5112,2025-03-27 15:31:03.186318,2025-03-27 16:16:08.358326516,Low,HR,Access Control,Resolved
TCK-5113,2025-03-27 16:01:17.767776,2025-03-27 17:29:02.419339445,Medium,DevOps,Software,Closed
TCK-5114,2025-03-27 16:01:17.767776,2025-03-29 06:54:33.657190448,Medium,IT Support,Software,Closed
TCK-5115,2025-03-27 16:31:32.349234,2025-03-28 22:57:09.561313579,High,IT Support,Access Control,Resolved
TCK-5116,2025-03-27 17:32:01.512151,2025-03-28 10:51:09.681203560,Medium,Finance,Hardware,Closed
TCK-5117,2025-03-27 17:32:01.512151,2025-03-29 21:43:47.886644986,Medium,Operations,Hardware,Closed
TCK-5118,2025-03-27 18:02:16.093609,2025-03-28 12:45:07.061355042,Low,DevOps,Hardware,Resolved
TCK-5119,2025-03-27 19:02:45.256525,2025-03-27 23:25:32.877089733,Low,DevOps,Network,Resolved
TCK-5120,2025-03-27 19:32:59.837983,2025-03-28 19:01:39.611311728,High,HR,Software,Resolved
TCK-5121,2025-03-27 19:32:59.837983,2025-03-28 14:13:38.940130452,Medium,IT Support,Network,Closed
TCK-5122,2025-03-27 19:32:59.837983,2025-03-31 00:03:40.445071086,Critical,Operations,Hardware,Closed
TCK-5123,2025-03-27 19:32:59.837983,2025-03-27 23:52:54.984701910,Unassigned,Finance,Access Control,Resolved
TCK-5124,2025-03-27 20:03:14.419441,2025-03-28 12:27:08.321259038,High,DevOps,Software,Closed
TCK-5125,2025-03-27 20:33:29.000900,2025-03-28 23:49:33.839680337,Unassigned,HR,Access Control,Resolved
TCK-5126,2025-03-27 20:33:29.000900,2025-03-28 04:00:34.636369163,Medium,DevOps,Email,Closed
TCK-5127,2025-03-27 21:33:58.163816,2025-03-28 06:09:41.403633390,Low,Operations,Software,Closed
TCK-5128,2025-03-27 22:04:12.745274,2025-03-29 13:27:39.791827137,Low,HR,Access Control,Closed
TCK-5129,2025-03-27 22:34:27.326732,2025-03-28 07:53:43.465301799,High,IT Support,Hardware,Closed
TCK-5130,2025-03-27 23:34:56.489648,2025-03-28 17:13:28.078486129,Low,IT Support,Network,Closed
TCK-5131,2025-03-28 00:05:11.071107,2025-03-29 15:41:35.226306574,Low,Operations,Access Control,Closed
TCK-5132,2025-03-28 02:06:09.396939,2025-03-28 06:20:29.981135315,Medium,DevOps,Email,Closed
TCK-5133,2025-03-28 03:36:53.141314,2025-03-31 03:48:19.359160650,Medium,DevOps,Hardware,Closed
TCK-5134,2025-03-28 03:36:53.141314,2025-03-29 01:24:13.922231591,Medium,IT Support,Email,Closed
TCK-5135,2025-03-28 04:07:07.722772,2025-03-28 16:27:22.970957898,Medium,DevOps,Network,Closed
TCK-5136,2025-03-28 06:08:06.048604,2025-03-28 16:16:56.092732056,Medium,Finance,Email,Closed
TCK-5137,2025-03-28 06:08:06.048604,2025-03-30 13:42:08.306987019,Medium,IT Support,Access Control,Resolved
TCK-5138,2025-03-28 06:08:06.048604,2025-03-28 10:16:51.128883200,Medium,Operations,Access Control,Closed
TCK-5139,2025-03-28 06:38:20.630063,2025-03-28 13:21:43.829522662,Low,HR,Hardware,Resolved
TCK-5140,2025-03-28 06:38:20.630063,2025-03-28 13:15:38.598416540,Critical,IT Support,Network,Closed
TCK-5141,2025-03-28 07:08:35.211521,2025-03-28 13:16:57.957493252,Medium,HR,Network,Closed
TCK-5142,2025-03-28 07:08:35.211521,2025-03-28 18:31:16.824987126,Medium,IT Support,Software,Resolved
TCK-5143,2025-03-28 07:08:35.211521,2025-03-31 16:36:58.683354721,Medium,Finance,Software,Closed
TCK-5144,2025-03-28 08:39:18.955895,2025-03-30 00:11:19.578208231,Medium,IT Support,Access Control,Closed
TCK-5145,2025-03-28 09:39:48.118811,2025-03-28 16:49:01.057550898,Medium,DevOps,Email,Closed
TCK-5146,2025-03-28 09:39:48.118811,2025-03-28 19:33:27.897004515,Low,HR,Email,Closed
TCK-5147,2025-03-28 10:40:17.281728,2025-03-29 06:35:56.737403901,Low,HR,Hardware,Resolved
TCK-5148,2025-03-28 11:10:31.863186,2025-03-28 11:29:12.933940294,Low,Finance,Network,Resolved
TCK-5149,2025-03-28 11:10:31.863186,2025-03-29 18:03:26.142077627,Unassigned,DevOps,Access Control,Resolved
TCK-5150,2025-03-28 11:10:31.863186,2025-03-30 01:18:35.982934300,Medium,IT Support,Email,Closed
TCK-5151,2025-03-28 11:40:46.444644,2025-03-29 22:42:47.499198637,Low,Operations,Software,Resolved
TCK-5152,2025-03-28 12:41:15.607560,2025-03-28 21:08:57.481812773,Medium,Finance,Access Control,Closed
TCK-5153,2025-03-28 14:42:13.933393,2025-03-29 01:51:43.181436527,Low,IT Support,Hardware,Closed
TCK-5154,2025-03-28 18:13:56.003600,2025-03-28 18:27:23.780756412,Medium,HR,Access Control,Closed
TCK-5155,2025-03-28 18:13:56.003600,2025-03-29 03:24:32.234491009,High,HR,Email,Closed
TCK-5156,2025-03-28 19:14:25.166516,2025-03-29 06:20:45.267287253,Critical,DevOps,Hardware,Resolved
TCK-5157,2025-03-28 19:14:25.166516,2025-03-30 13:59:17.351986370,Medium,IT Support,Software,Closed
TCK-5158,2025-03-28 19:14:25.166516,2025-03-30 11:38:09.320445645,Critical,IT Support,Software,Closed
TCK-5159,2025-03-28 19:44:39.747974,2025-03-31 08:39:39.385353851,Critical,IT Support,Email,Resolved
TCK-5160,2025-03-28 19:44:39.747974,2025-03-30 10:41:29.871969310,Medium,IT Support,Hardware,Resolved
TCK-5161,2025-03-28 20:14:54.329432,2025-03-28 20:23:47.926342282,Critical,DevOps,Software,Closed
TCK-5162,2025-03-28 20:14:54.329432,2025-03-29 14:42:40.818661991,Medium,Finance,Hardware,Closed
TCK-5163,2025-03-28 20:45:08.910891,2025-03-28 22:01:28.814291299,Low,IT Support,Access Control,Closed
TCK-5164,2025-03-28 20:45:08.910891,2025-03-29 02:28:52.864667145,High,IT Support,Network,Closed
TCK-5165,2025-03-28 21:15:23.492349,2025-03-29 12:47:56.945193883,Low,HR,Network,Closed
TCK-5166,2025-03-28 21:45:38.073807,2025-03-29 19:28:08.232126943,Medium,DevOps,Network,Closed
TCK-5167,2025-03-28 23:16:21.818181,2025-03-29 18:24:33.603735936,Medium,DevOps,Software,Closed
TCK-5168,2025-03-28 23:46:36.399639,2025-03-29 00:40:56.007671410,High,IT Support,Email,Closed
TCK-5169,2025-03-29 00:16:50.981098,2025-03-29 02:14:58.342027710,Low,IT Support,Network,Closed
TCK-5170,2025-03-29 00:16:50.981098,2025-03-29 02:45:29.990385552,Medium,HR,Email,Closed
TCK-5171,2025-03-29 00:47:05.562556,2025-03-29 02:30:37.688996496,Medium,Operations,Network,Resolved
TCK-5172,2025-03-29 00:47:05.562556,2025-03-29 04:19:05.809752582,Medium,Finance,Access Control,Resolved
TCK-5173,2025-03-29 01:17:20.144014,2025-03-29 22:16:57.469303927,Medium,IT Support,Network,Closed
TCK-5174,2025-03-29 01:47:34.725472,2025-03-30 09:46:37.457745346,Medium,HR,Email,Closed
TCK-5175,2025-03-29 01:47:34.725472,2025-03-29 11:15:15.186872947,Unassigned,HR,Software,Closed
TCK-5176,2025-03-29 01:47:34.725472,2025-03-29 23:02:11.431397163,Low,DevOps,Access Control,Resolved
TCK-5177,2025-03-29 03:48:33.051305,2025-03-29 07:49:34.070606079,High,IT Support,Email,Closed
TCK-5178,2025-03-29 03:48:33.051305,2025-03-31 21:00:41.240924084,Medium,HR,Hardware,Closed
TCK-5179,2025-03-29 03:48:33.051305,2025-03-29 11:33:47.537316221,Medium,Finance,Network,Closed
TCK-5180,2025-03-29 03:48:33.051305,2025-03-30 13:28:05.085829497,High,IT Support,Access Control,Closed
TCK-5181,2025-03-29 04:18:47.632763,2025-03-31 08:38:28.082116682,Critical,Finance,Software,Closed
TCK-5182,2025-03-29 04:18:47.632763,2025-03-30 16:19:11.216626112,Low,HR,Hardware,Resolved
TCK-5183,2025-03-29 04:18:47.632763,2025-03-29 05:33:46.216624369,Medium,DevOps,Network,Closed
TCK-5184,2025-03-29 04:49:02.214221,2025-03-29 23:43:47.580838032,Low,IT Support,Access Control,Resolved
TCK-5185,2025-03-29 04:49:02.214221,2025-03-29 07:07:12.496341187,Medium,Operations,Email,Closed
TCK-5186,2025-03-29 05:49:31.377137,2025-03-29 05:55:39.382564813,High,IT Support,Network,Closed
TCK-5187,2025-03-29 06:19:45.958595,2025-03-29 07:17:11.528051452,Low,IT Support,Access Control,Resolved
TCK-5188,2025-03-29 06:19:45.958595,2025-03-31 02:56:46.768843558,High,DevOps,Network,Closed
TCK-5189,2025-03-29 07:20:15.121512,2025-03-31 02:22:33.064255352,Medium,Operations,Access Control,Closed
TCK-5190,2025-03-29 07:20:15.121512,2025-03-29 11:56:41.105429330,Medium,IT Support,Email,Closed
TCK-5191,2025-03-29 07:50:29.702970,2025-03-29 22:05:51.192462416,Medium,Operations,Network,Resolved
TCK-5192,2025-03-29 08:20:44.284428,2025-03-31 16:10:35.807617303,Medium,IT Support,Access Control,Closed
TCK-5193,2025-03-29 08:50:58.865886,2025-03-29 21:12:29.317555734,Low,Finance,Hardware,Resolved
TCK-5194,2025-03-29 09:21:13.447344,2025-03-29 18:21:25.038058186,Low,IT Support,Software,Closed
TCK-5195,2025-03-29 10:21:42.610261,2025-03-29 22:14:43.152506772,High,HR,Access Control,Resolved
TCK-5196,2025-03-29 10:51:57.191719,2025-03-30 14:58:33.777882548,Critical,HR,Access Control,Resolved
TCK-5197,2025-03-29 10:51:57.191719,2025-03-29 22:32:33.262889232,Medium,Finance,Access Control,Closed
TCK-5198,2025-03-29 12:22:40.936093,2025-03-30 15:54:09.103254537,Medium,Finance,Network,Resolved
TCK-5199,2025-03-29 14:23:39.261926,2025-03-30 00:33:57.828495696,High,HR,Software,Closed
TCK-5200,2025-03-29 14:53:53.843384,2025-03-29 20:07:29.163793963,Medium,Operations,Network,Closed
TCK-5201,2025-03-29 15:24:08.424842,2025-03-29 22:30:59.121074044,Medium,IT Support,Access Control,Resolved
TCK-5202,2025-03-29 15:54:23.006300,2025-03-29 17:21:53.011821627,High,IT Support,Access Control,Resolved
TCK-5203,2025-03-29 16:24:37.587758,2025-03-30 04:47:35.007131414,Low,DevOps,Software,Closed
TCK-5204,2025-03-29 16:24:37.587758,2025-03-29 19:17:44.959987597,Critical,IT Support,Hardware,Closed
TCK-5205,2025-03-29 16:24:37.587758,2025-03-30 22:27:02.740211692,Medium,HR,Network,Resolved
TCK-5206,2025-03-29 17:25:06.750675,2025-03-30 03:14:31.086647161,Medium,HR,Hardware,Closed
TCK-5207,2025-03-29 17:25:06.750675,2025-03-30 19:29:08.792268025,Medium,IT Support,Access Control,Resolved
TCK-5208,2025-03-29 17:55:21.332133,2025-04-01 01:31:39.781840079,Low,Operations,Access Control,Resolved
TCK-5209,2025-03-29 17:55:21.332133,2025-03-31 04:00:29.572974078,Medium,IT Support,Email,Closed
TCK-5210,2025-03-29 18:25:35.913591,2025-04-01 00:53:04.612868354,Medium,IT Support,Email,Resolved
TCK-5211,2025-03-29 18:25:35.913591,2025-03-30 09:31:54.957280816,Low,IT Support,Hardware,Resolved
TCK-5212,2025-03-29 18:55:50.495049,2025-03-29 22:11:00.643880344,Medium,IT Support,Email,Closed
TCK-5213,2025-03-29 18:55:50.495049,2025-03-31 20:14:28.685092976,Medium,HR,Software,Closed
TCK-5214,2025-03-29 19:26:05.076507,2025-03-31 07:57:10.138215573,Medium,DevOps,Hardware,Resolved
TCK-5215,2025-03-29 19:56:19.657965,2025-03-31 07:54:19.240928115,Low,DevOps,Email,Closed
TCK-5216,2025-03-29 19:56:19.657965,2025-03-30 17:12:40.416647252,High,DevOps,Email,Closed
TCK-5217,2025-03-29 20:26:34.239423,2025-03-30 14:05:37.506739243,Low,IT Support,Software,Closed
TCK-5218,2025-03-29 20:26:34.239423,2025-03-29 20:42:35.441426997,Medium,IT Support,Software,Closed
TCK-5219,2025-03-29 20:56:48.820882,2025-03-30 21:45:38.263060881,High,Operations,Hardware,Closed
TCK-5220,2025-03-29 21:27:03.402340,2025-03-29 23:10:44.140536962,High,IT Support,Network,Closed
TCK-5221,2025-03-29 21:27:03.402340,2025-03-30 02:51:53.206102221,High,Operations,Software,Closed
TCK-5222,2025-03-29 21:57:17.983798,2025-03-30 12:23:16.241186868,Medium,DevOps,Email,Closed
TCK-5223,2025-03-29 22:57:47.146714,2025-03-30 09:46:51.436560231,Unassigned,Operations,Hardware,Closed
TCK-5224,2025-03-29 22:57:47.146714,2025-03-29 23:14:57.475107069,Low,HR,Network,Resolved
TCK-5225,2025-03-29 23:58:16.309630,2025-03-31 07:14:25.987856654,Medium,IT Support,Hardware,Resolved
TCK-5226,2025-03-30 02:29:29.216921,2025-03-31 16:28:38.024873465,Low,Finance,Email,Closed
TCK-5227,2025-03-30 02:29:29.216921,2025-03-30 23:06:24.943806670,High,DevOps,Network,Closed
TCK-5228,2025-03-30 02:59:43.798379,2025-03-30 17:00:53.467599015,High,IT Support,Network,Closed
TCK-5229,2025-03-30 02:59:43.798379,2025-04-01 13:16:13.412546006,High,DevOps,Software,Closed
TCK-5230,2025-03-30 03:29:58.379837,2025-03-30 05:47:58.757688896,Low,IT Support,Access Control,Closed
TCK-5231,2025-03-30 03:29:58.379837,2025-03-31 03:36:09.955619978,Low,HR,Email,Resolved
TCK-5232,2025-03-30 04:00:12.961296,2025-03-30 06:28:35.152086351,Medium,Operations,Access Control,Closed
TCK-5233,2025-03-30 04:30:27.542754,2025-03-30 13:09:57.361320918,Critical,IT Support,Email,Closed
TCK-5234,2025-03-30 04:30:27.542754,2025-03-30 20:21:33.334398103,Low,IT Support,Hardware,Closed
TCK-5235,2025-03-30 05:00:42.124212,2025-03-31 05:03:30.694480997,Critical,IT Support,Access Control,Closed
TCK-5236,2025-03-30 05:00:42.124212,2025-03-30 05:04:43.376045772,Medium,IT Support,Network,Closed
TCK-5237,2025-03-30 05:00:42.124212,2025-03-30 10:26:46.110841469,High,IT Support,Software,Resolved
TCK-5238,2025-03-30 05:00:42.124212,2025-03-30 18:55:08.174292440,Medium,IT Support,Email,Closed
TCK-5239,2025-03-30 06:31:25.868586,2025-03-30 20:13:28.749106592,High,IT Support,Software,Closed
TCK-5240,2025-03-30 07:01:40.450045,2025-03-31 01:17:57.611467777,Unassigned,DevOps,Email,Closed
TCK-5241,2025-03-30 08:02:09.612961,2025-03-30 14:33:19.866357019,Low,Operations,Network,Closed
TCK-5242,2025-03-30 08:02:09.612961,2025-03-30 22:02:03.276813936,Medium,HR,Network,Closed
TCK-5243,2025-03-30 08:32:24.194419,2025-03-30 12:19:41.861687755,High,IT Support,Network,Resolved
TCK-5244,2025-03-30 09:02:38.775877,2025-03-30 12:46:03.757731660,Low,IT Support,Network,Closed
TCK-5245,2025-03-30 09:02:38.775877,2025-03-31 00:30:44.838064362,Medium,DevOps,Network,Closed
TCK-5246,2025-03-30 10:03:07.938793,2025-03-31 06:52:21.064369449,Low,DevOps,Software,Closed
TCK-5247,2025-03-30 10:33:22.520252,2025-03-30 12:51:55.581512954,Medium,Operations,Hardware,Closed
TCK-5248,2025-03-30 10:33:22.520252,2025-03-30 12:54:51.887301738,Low,IT Support,Access Control,Resolved
TCK-5249,2025-03-30 11:03:37.101710,2025-03-31 02:03:22.327258720,Medium,DevOps,Software,Closed
TCK-5250,2025-03-30 11:03:37.101710,2025-03-30 16:43:38.858187868,Medium,Finance,Access Control,Closed
TCK-5251,2025-03-30 11:33:51.683168,2025-03-30 20:31:57.442758165,Low,Operations,Hardware,Closed
TCK-5252,2025-03-30 11:33:51.683168,2025-03-30 20:46:54.066391589,Medium,Finance,Email,Closed
TCK-5253,2025-03-30 11:33:51.683168,2025-03-30 15:06:17.045377203,Low,HR,Hardware,Resolved
TCK-5254,2025-03-30 12:04:06.264626,2025-03-30 12:05:31.508917087,High,DevOps,Hardware,Closed
TCK-5255,2025-03-30 13:34:50.009000,2025-04-01 00:06:39.474346459,Medium,DevOps,Email,Closed
TCK-5256,2025-03-30 14:05:04.590459,2025-03-31 12:40:46.281322338,Medium,IT Support,Access Control,Closed
TCK-5257,2025-03-30 14:05:04.590459,2025-03-31 11:11:49.921581063,Medium,IT Support,Network,Closed
TCK-5258,2025-03-30 14:05:04.590459,2025-03-31 04:19:06.573252069,Low,HR,Email,Closed
TCK-5259,2025-03-30 14:05:04.590459,2025-03-31 11:48:51.812782126,High,IT Support,Email,Closed
TCK-5260,2025-03-30 16:06:02.916291,2025-04-01 17:29:35.082493756,Critical,HR,Hardware,Resolved
TCK-5261,2025-03-30 16:36:17.497749,2025-03-31 12:19:34.835299626,Medium,Operations,Email,Closed
TCK-5262,2025-03-30 16:36:17.497749,2025-03-30 22:08:56.490271521,Medium,Finance,Software,Closed
TCK-5263,2025-03-30 17:06:32.079207,2025-03-31 08:19:25.793267000,High,DevOps,Network,Closed
TCK-5264,2025-03-30 17:36:46.660666,2025-03-31 04:07:28.425585795,High,DevOps,Hardware,Resolved
TCK-5265,2025-03-30 17:36:46.660666,2025-03-31 08:14:40.970475388,Medium,DevOps,Access Control,Resolved
TCK-5266,2025-03-30 17:36:46.660666,2025-03-31 06:44:06.077950229,Unassigned,Operations,Access Control,Closed
TCK-5267,2025-03-30 17:36:46.660666,2025-04-01 04:50:46.370882957,Medium,DevOps,Access Control,Closed
TCK-5268,2025-03-30 18:37:15.823582,2025-03-31 13:36:38.433528007,Low,HR,Access Control,Resolved
TCK-5269,2025-03-30 19:07:30.405040,2025-03-30 22:53:25.882143677,Low,IT Support,Access Control,Closed
TCK-5270,2025-03-30 19:07:30.405040,2025-03-30 20:17:48.230814114,Medium,HR,Hardware,Closed
TCK-5271,2025-03-30 19:07:30.405040,2025-03-31 05:03:58.109861087,Medium,IT Support,Software,Closed
TCK-5272,2025-03-30 21:08:28.730873,2025-03-30 21:25:28.277945213,Low,IT Support,Software,Closed
TCK-5273,2025-03-30 21:08:28.730873,2025-03-31 04:02:17.613299752,Low,DevOps,Access Control,Resolved
TCK-5274,2025-03-30 21:08:28.730873,2025-03-31 05:24:05.441544649,Critical,Finance,Software,Resolved
TCK-5275,2025-03-30 21:08:28.730873,2025-03-31 05:37:06.049286258,Medium,IT Support,Network,Resolved
TCK-5276,2025-03-30 21:38:43.312331,2025-04-02 19:29:09.978040239,Medium,Operations,Software,Closed
TCK-5277,2025-03-30 22:08:57.893789,2025-03-31 04:40:12.549838809,Low,HR,Email,Closed
TCK-5278,2025-03-30 22:08:57.893789,2025-03-31 03:41:48.887358068,Medium,Finance,Access Control,Closed
TCK-5279,2025-03-30 22:08:57.893789,2025-03-31 00:38:35.982187880,Medium,DevOps,Email,Resolved
TCK-5280,2025-03-30 22:39:12.475247,2025-03-31 11:31:51.098881111,Critical,Finance,Email,Closed
TCK-5281,2025-03-30 23:09:27.056705,2025-03-31 02:09:39.002323233,High,IT Support,Access Control,Resolved
TCK-5282,2025-03-30 23:09:27.056705,2025-03-31 16:23:57.713242928,Low,DevOps,Hardware,Resolved
TCK-5283,2025-03-31 00:09:56.219621,2025-03-31 03:12:02.002274941,Medium,IT Support,Software,Closed
TCK-5284,2025-03-31 00:40:10.801080,2025-03-31 16:08:33.600331697,High,Finance,Network,Closed
TCK-5285,2025-03-31 00:40:10.801080,2025-04-01 08:10:26.905806552,Low,IT Support,Hardware,Closed
TCK-5286,2025-03-31 01:10:25.382538,2025-03-31 01:57:21.285017091,Medium,Finance,Network,Closed
TCK-5287,2025-03-31 01:40:39.963996,2025-03-31 11:28:30.022119868,Unassigned,IT Support,Access Control,Resolved
TCK-5288,2025-03-31 02:10:54.545454,2025-03-31 13:18:29.405772619,High,DevOps,Software,Closed
TCK-5289,2025-03-31 02:10:54.545454,2025-04-01 06:21:56.199796194,Medium,IT Support,Hardware,Resolved
TCK-5290,2025-03-31 02:41:09.126912,2025-03-31 14:02:34.895285827,Medium,Operations,Access Control,Closed
TCK-5291,2025-03-31 02:41:09.126912,2025-03-31 17:46:28.096225682,Medium,Operations,Hardware,Closed
TCK-5292,2025-03-31 02:41:09.126912,2025-04-01 06:52:51.768813195,Medium,HR,Email,Resolved
TCK-5293,2025-03-31 04:42:07.452745,2025-03-31 19:28:11.434871709,Medium,HR,Software,Closed
TCK-5294,2025-03-31 05:12:22.034203,2025-03-31 13:11:29.482429021,Medium,DevOps,Software,Closed
TCK-5295,2025-03-31 05:42:36.615661,2025-03-31 07:19:32.555605469,Low,IT Support,Access Control,Resolved
TCK-5296,2025-03-31 05:42:36.615661,2025-04-01 05:16:21.169042031,Unassigned,IT Support,Access Control,Resolved
TCK-5297,2025-03-31 06:43:05.778577,2025-04-01 19:36:01.910398855,Low,IT Support,Access Control,Closed
TCK-5298,2025-03-31 07:43:34.941494,2025-04-02 22:52:59.443360246,Medium,Finance,Software,Closed
TCK-5299,2025-03-31 08:44:04.104410,2025-04-02 07:44:50.670201033,Unassigned,IT Support,Email,Closed
TCK-5300,2025-03-31 10:14:47.848784,2025-04-01 14:59:08.182363634,Medium,IT Support,Software,Closed
TCK-5301,2025-03-31 10:45:02.430243,2025-04-01 05:18:53.411982736,Low,Finance,Access Control,Closed
TCK-5302,2025-03-31 10:45:02.430243,2025-04-01 14:07:29.420205329,Unassigned,IT Support,Network,Closed
TCK-5303,2025-03-31 11:15:17.011701,2025-03-31 21:26:19.636889215,High,IT Support,Email,Closed
TCK-5304,2025-03-31 11:15:17.011701,2025-04-01 03:30:51.876085739,Medium,Operations,Software,Closed
TCK-5305,2025-03-31 11:45:31.593159,2025-03-31 19:28:36.836559876,Medium,DevOps,Network,Resolved
TCK-5306,2025-03-31 11:45:31.593159,2025-03-31 18:52:45.045603111,Medium,IT Support,Email,Resolved
TCK-5307,2025-03-31 11:45:31.593159,2025-04-01 13:12:01.611999716,Medium,IT Support,Software,Closed
TCK-5308,2025-03-31 11:45:31.593159,2025-03-31 22:38:56.448614931,High,Finance,Access Control,Closed
TCK-5309,2025-03-31 12:15:46.174617,2025-03-31 16:33:18.503045028,Low,IT Support,Software,Closed
TCK-5310,2025-03-31 12:15:46.174617,2025-03-31 16:19:23.058338544,Low,Operations,Email,Closed
TCK-5311,2025-03-31 12:46:00.756075,2025-04-02 00:03:02.918688712,Medium,DevOps,Access Control,Resolved
TCK-5312,2025-03-31 13:16:15.337533,2025-04-01 09:39:18.758726114,Medium,Operations,Hardware,Closed
TCK-5313,2025-03-31 13:16:15.337533,2025-04-01 03:29:11.757620932,Critical,DevOps,Network,Closed
TCK-5314,2025-03-31 14:16:44.500450,2025-03-31 23:30:07.463750738,Medium,HR,Access Control,Closed
TCK-5315,2025-03-31 14:46:59.081908,2025-04-01 00:55:37.378922133,Medium,DevOps,Access Control,Closed
TCK-5316,2025-03-31 15:17:13.663366,2025-03-31 16:21:06.622411170,High,DevOps,Email,Closed
TCK-5317,2025-03-31 15:17:13.663366,2025-04-01 02:12:34.603137709,Medium,Finance,Email,Resolved
TCK-5318,2025-03-31 15:17:13.663366,2025-04-01 19:51:09.114717695,Unassigned,IT Support,Network,Closed
TCK-5319,2025-03-31 16:17:42.826282,2025-04-01 01:07:59.684949736,High,HR,Email,Closed
TCK-5320,2025-03-31 16:17:42.826282,2025-04-01 01:00:14.930031431,High,IT Support,Access Control,Closed
TCK-5321,2025-03-31 16:47:57.407740,2025-03-31 17:05:03.930331328,Low,DevOps,Network,Closed
TCK-5322,2025-03-31 17:18:11.989198,2025-04-01 04:19:21.601828751,Low,DevOps,Network,Closed
TCK-5323,2025-03-31 17:48:26.570657,2025-03-31 18:16:09.609435435,Medium,Operations,Software,Closed
TCK-5324,2025-03-31 18:48:55.733573,2025-04-01 10:01:17.673523534,Medium,Finance,Access Control,Closed
TCK-5325,2025-03-31 19:19:10.315031,2025-04-01 08:02:31.396524483,High,DevOps,Access Control,Closed
TCK-5326,2025-03-31 19:19:10.315031,2025-04-02 04:18:25.036037531,Low,IT Support,Email,Closed
TCK-5327,2025-03-31 19:49:24.896489,2025-04-01 11:30:54.240106552,Medium,IT Support,Access Control,Closed
TCK-5328,2025-03-31 19:49:24.896489,2025-04-01 02:51:23.257909543,Medium,Operations,Email,Closed
TCK-5329,2025-03-31 20:19:39.477947,2025-04-01 09:23:53.853986632,Medium,DevOps,Access Control,Closed
TCK-5330,2025-03-31 22:20:37.803780,2025-04-01 19:59:51.845363762,Low,DevOps,Software,Closed
TCK-5331,2025-03-31 22:20:37.803780,2025-04-01 00:07:12.009410857,Critical,IT Support,Access Control,Resolved
TCK-5332,2025-03-31 22:50:52.385238,2025-04-01 16:18:55.249834084,Low,DevOps,Software,Closed
TCK-5333,2025-03-31 23:21:06.966696,2025-04-02 20:04:17.522075116,Medium,Operations,Access Control,Closed
TCK-5334,2025-03-31 23:21:06.966696,2025-04-01 05:44:59.043260065,High,IT Support,Access Control,Closed
TCK-5335,2025-03-31 23:21:06.966696,2025-04-01 17:05:06.128920490,Medium,DevOps,Hardware,Resolved
TCK-5336,2025-03-31 23:51:21.548154,2025-04-02 06:51:20.864609844,High,HR,Access Control,Resolved
TCK-5337,2025-04-01 00:21:36.129612,2025-04-01 13:16:00.530607809,High,IT Support,Software,Closed
TCK-5338,2025-04-01 00:51:50.711071,2025-04-01 23:38:52.972302048,Critical,DevOps,Network,Resolved
TCK-5339,2025-04-01 00:51:50.711071,2025-04-01 07:34:10.591122815,Medium,IT Support,Software,Closed
TCK-5340,2025-04-01 00:51:50.711071,2025-04-01 07:26:26.528190437,Medium,IT Support,Access Control,Resolved
TCK-5341,2025-04-01 00:51:50.711071,2025-04-01 20:41:19.367058682,Medium,DevOps,Email,Closed
TCK-5342,2025-04-01 01:52:19.873987,2025-04-01 23:52:16.288946093,High,DevOps,Hardware,Closed
TCK-5343,2025-04-01 02:22:34.455445,2025-04-03 04:08:31.844662016,Medium,IT Support,Email,Closed
TCK-5344,2025-04-01 02:22:34.455445,2025-04-01 06:57:37.977389940,Medium,Operations,Hardware,Closed
TCK-5345,2025-04-01 03:23:03.618361,2025-04-01 14:45:06.171936640,Medium,IT Support,Hardware,Resolved
TCK-5346,2025-04-01 03:53:18.199819,2025-04-01 09:04:44.377388680,Medium,Operations,Email,Closed
TCK-5347,2025-04-01 05:54:16.525652,2025-04-01 07:24:26.145567971,Critical,DevOps,Access Control,Closed
TCK-5348,2025-04-01 06:24:31.107110,2025-04-01 15:42:02.447201491,Low,HR,Software,Closed
TCK-5349,2025-04-01 06:24:31.107110,2025-04-01 14:50:32.104185113,Critical,IT Support,Email,Closed
TCK-5350,2025-04-01 06:24:31.107110,2025-04-01 12:05:02.910420402,Medium,IT Support,Network,Resolved
TCK-5351,2025-04-01 06:54:45.688568,2025-04-01 13:15:20.633142112,Medium,IT Support,Hardware,Resolved
TCK-5352,2025-04-01 06:54:45.688568,2025-04-01 14:57:26.801631542,Medium,Finance,Software,Closed
TCK-5353,2025-04-01 07:25:00.270027,2025-04-04 16:19:49.698404213,Low,HR,Network,Resolved
TCK-5354,2025-04-01 07:25:00.270027,2025-04-02 10:54:52.853001008,High,IT Support,Software,Closed
TCK-5355,2025-04-01 08:25:29.432943,2025-04-01 09:45:29.719537944,Low,DevOps,Access Control,Resolved
TCK-5356,2025-04-01 09:56:13.177317,2025-04-02 22:59:53.667212902,Low,IT Support,Network,Closed
TCK-5357,2025-04-01 10:26:27.758775,2025-04-02 04:29:56.432602628,Low,Finance,Email,Resolved
TCK-5358,2025-04-01 10:56:42.340234,2025-04-03 02:46:24.480730687,Low,IT Support,Software,Closed
TCK-5359,2025-04-01 12:27:26.084608,2025-04-01 19:58:59.563359342,Medium,DevOps,Email,Resolved
TCK-5360,2025-04-01 12:57:40.666066,2025-04-02 00:12:14.073320269,Low,Finance,Email,Closed
TCK-5361,2025-04-01 12:57:40.666066,2025-04-03 05:44:28.306709998,Medium,DevOps,Software,Closed
TCK-5362,2025-04-01 12:57:40.666066,2025-04-01 18:41:22.735707520,Medium,IT Support,Software,Resolved
TCK-5363,2025-04-01 12:57:40.666066,2025-04-03 09:26:22.380681777,Critical,IT Support,Hardware,Closed
TCK-5364,2025-04-01 13:27:55.247524,2025-04-02 21:12:08.685161917,Low,IT Support,Hardware,Resolved
TCK-5365,2025-04-01 13:27:55.247524,2025-04-04 12:23:27.760952534,Medium,IT Support,Network,Closed
TCK-5366,2025-04-01 14:28:24.410441,2025-04-01 21:31:42.337670169,Low,IT Support,Network,Resolved
TCK-5367,2025-04-01 15:28:53.573357,2025-04-01 20:19:15.991607099,High,Finance,Network,Closed
TCK-5368,2025-04-01 15:59:08.154815,2025-04-01 23:13:02.998595631,Medium,Finance,Hardware,Closed
TCK-5369,2025-04-01 16:29:22.736273,2025-04-04 00:10:11.207401606,Medium,DevOps,Email,Closed
TCK-5370,2025-04-01 16:59:37.317731,2025-04-02 00:17:06.186040926,Medium,HR,Access Control,Resolved
TCK-5371,2025-04-01 17:29:51.899189,2025-04-02 08:29:23.580006941,Low,Finance,Access Control,Resolved
TCK-5372,2025-04-01 17:29:51.899189,2025-04-02 02:48:11.985472920,Low,Operations,Software,Resolved
TCK-5373,2025-04-01 18:00:06.480648,2025-04-02 03:05:01.037154757,High,Finance,Hardware,Resolved
TCK-5374,2025-04-01 18:00:06.480648,2025-04-01 21:52:12.057543954,Low,Finance,Software,Resolved
TCK-5375,2025-04-01 18:00:06.480648,2025-04-02 07:51:55.442853370,Critical,Operations,Access Control,Resolved
TCK-5376,2025-04-01 18:30:21.062106,2025-04-03 04:34:57.584996746,Critical,Operations,Software,Resolved
TCK-5377,2025-04-01 19:00:35.643564,2025-04-01 19:55:24.331061487,Medium,HR,Hardware,Resolved
TCK-5378,2025-04-01 19:30:50.225022,2025-04-03 11:07:07.626964151,Unassigned,Finance,Hardware,Resolved
TCK-5379,2025-04-01 20:31:19.387938,2025-04-02 16:13:57.823184703,Low,HR,Hardware,Closed
TCK-5380,2025-04-01 20:31:19.387938,2025-04-02 13:47:04.963557862,Low,DevOps,Access Control,Closed
TCK-5381,2025-04-01 21:01:33.969396,2025-04-02 14:43:27.452260405,Low,Operations,Hardware,Closed
TCK-5382,2025-04-01 22:32:17.713771,2025-04-02 04:51:45.860304216,Low,IT Support,Network,Closed
TCK-5383,2025-04-01 22:32:17.713771,2025-04-02 08:11:35.816708011,Low,DevOps,Network,Closed
TCK-5384,2025-04-01 22:32:17.713771,2025-04-03 03:26:39.659760134,Medium,DevOps,Hardware,Resolved
TCK-5385,2025-04-01 23:02:32.295229,2025-04-02 05:37:38.242125332,Low,IT Support,Network,Closed
TCK-5386,2025-04-01 23:02:32.295229,2025-04-02 10:28:14.878236208,Medium,DevOps,Hardware,Closed
TCK-5387,2025-04-01 23:32:46.876687,2025-04-01 23:54:11.701565546,Medium,HR,Access Control,Closed
TCK-5388,2025-04-01 23:32:46.876687,2025-04-02 23:21:11.357964203,Low,IT Support,Network,Closed
TCK-5389,2025-04-02 00:33:16.039603,2025-04-02 10:17:18.145439449,High,Operations,Access Control,Closed
TCK-5390,2025-04-02 01:03:30.621062,2025-04-02 14:28:19.325904320,Medium,HR,Network,Closed
TCK-5391,2025-04-02 03:34:43.528352,2025-04-02 05:46:17.246770307,High,Finance,Email,Closed
TCK-5392,2025-04-02 03:34:43.528352,2025-04-05 17:51:23.895799730,Critical,DevOps,Email,Closed
TCK-5393,2025-04-02 06:36:11.017101,2025-04-02 13:05:12.407383613,Medium,Operations,Access Control,Closed
TCK-5394,2025-04-02 07:36:40.180018,2025-04-03 01:45:07.538189205,High,Operations,Network,Closed
TCK-5395,2025-04-02 08:06:54.761476,2025-04-02 23:46:59.829918250,Low,Finance,Email,Closed
TCK-5396,2025-04-02 08:06:54.761476,2025-04-03 11:47:27.755126121,Medium,Finance,Hardware,Closed
TCK-5397,2025-04-02 08:37:09.342934,2025-04-02 14:52:53.854370487,Medium,IT Support,Software,Closed
TCK-5398,2025-04-02 08:37:09.342934,2025-04-03 10:00:16.091622184,Medium,HR,Email,Closed
TCK-5399,2025-04-02 10:38:07.668766,2025-04-02 19:18:46.388822258,High,Operations,Email,Closed
TCK-5400,2025-04-02 10:38:07.668766,2025-04-02 20:10:05.905539639,High,DevOps,Hardware,Resolved
TCK-5401,2025-04-02 10:38:07.668766,2025-04-03 06:44:23.849567550,Medium,IT Support,Email,Resolved
TCK-5402,2025-04-02 11:08:22.250225,2025-04-03 14:44:52.539769463,Low,IT Support,Email,Resolved
TCK-5403,2025-04-02 11:38:36.831683,2025-04-03 07:25:45.793715633,Medium,Operations,Email,Resolved
TCK-5404,2025-04-02 12:08:51.413141,2025-04-04 05:34:20.903488929,Medium,DevOps,Network,Closed
TCK-5405,2025-04-02 12:08:51.413141,2025-04-02 18:11:24.460799950,Medium,HR,Email,Closed
TCK-5406,2025-04-02 12:39:05.994599,2025-04-04 06:12:34.388479036,Low,Finance,Software,Closed
TCK-5407,2025-04-02 13:39:35.157515,2025-04-02 16:11:03.689213340,Unassigned,IT Support,Network,Resolved
TCK-5408,2025-04-02 14:09:49.738973,2025-04-03 09:33:27.151134917,Unassigned,DevOps,Network,Closed
TCK-5409,2025-04-02 14:40:04.320432,2025-04-03 04:56:47.328015267,High,Finance,Access Control,Closed
TCK-5410,2025-04-02 14:40:04.320432,2025-04-03 02:57:08.778151142,Low,DevOps,Email,Closed
TCK-5411,2025-04-02 15:10:18.901890,2025-04-02 21:52:29.536506442,Medium,HR,Software,Closed
TCK-5412,2025-04-02 15:40:33.483348,2025-04-03 04:17:14.999245170,Medium,HR,Software,Closed
TCK-5413,2025-04-02 16:10:48.064806,2025-04-02 19:21:23.110678544,Medium,IT Support,Access Control,Resolved
TCK-5414,2025-04-02 16:41:02.646264,2025-04-03 00:58:52.735922787,Low,Operations,Software,Resolved
TCK-5415,2025-04-02 16:41:02.646264,2025-04-02 18:33:15.103268683,Medium,Operations,Network,Closed
TCK-5416,2025-04-02 17:41:31.809180,2025-04-03 08:57:39.947266337,High,DevOps,Hardware,Closed
TCK-5417,2025-04-02 17:41:31.809180,2025-04-02 19:30:15.172594439,Unassigned,Operations,Network,Closed
TCK-5418,2025-04-02 17:41:31.809180,2025-04-02 20:50:16.500938172,Medium,DevOps,Hardware,Closed
TCK-5419,2025-04-02 18:11:46.390639,2025-04-02 19:48:15.720451063,Critical,IT Support,Software,Resolved
TCK-5420,2025-04-02 18:42:00.972097,2025-04-03 03:20:34.820003445,Unassigned,DevOps,Email,Closed
TCK-5421,2025-04-02 18:42:00.972097,2025-04-04 03:54:30.319327258,Medium,IT Support,Hardware,Closed
TCK-5422,2025-04-02 19:42:30.135013,2025-04-04 14:26:28.078482297,Medium,HR,Network,Closed
TCK-5423,2025-04-02 20:42:59.297929,2025-04-02 22:03:33.665063772,Low,IT Support,Network,Closed
TCK-5424,2025-04-02 21:43:28.460846,2025-04-03 15:50:37.838184985,Medium,HR,Network,Resolved
TCK-5425,2025-04-02 22:43:57.623762,2025-04-03 19:29:27.155074470,Low,DevOps,Network,Resolved
TCK-5426,2025-04-02 22:43:57.623762,2025-04-03 12:28:04.953805034,Low,IT Support,Access Control,Closed
TCK-5427,2025-04-02 22:43:57.623762,2025-04-03 18:31:29.586680072,Critical,IT Support,Software,Resolved
TCK-5428,2025-04-02 23:14:12.205220,2025-04-03 04:01:39.983959540,High,DevOps,Email,Closed
TCK-5429,2025-04-02 23:44:26.786678,2025-04-03 11:50:54.323462863,Medium,DevOps,Access Control,Resolved
TCK-5430,2025-04-02 23:44:26.786678,2025-04-03 08:39:50.296202918,Medium,Finance,Software,Resolved
TCK-5431,2025-04-03 00:14:41.368136,2025-04-03 01:56:11.907077188,Medium,IT Support,Hardware,Resolved
TCK-5432,2025-04-03 00:44:55.949594,2025-04-03 18:25:49.909381491,Medium,HR,Access Control,Resolved
TCK-5433,2025-04-03 01:15:10.531053,2025-04-03 13:33:29.305640733,Low,DevOps,Access Control,Resolved
TCK-5434,2025-04-03 01:45:25.112511,2025-04-03 07:32:59.287626109,High,DevOps,Access Control,Closed
TCK-5435,2025-04-03 02:45:54.275427,2025-04-03 14:19:06.536511963,Medium,IT Support,Access Control,Closed
TCK-5436,2025-04-03 03:46:23.438343,2025-04-04 06:38:48.560548496,Low,Operations,Hardware,Closed
TCK-5437,2025-04-03 04:16:38.019801,2025-04-04 09:23:48.950078050,Medium,IT Support,Network,Closed
TCK-5438,2025-04-03 04:46:52.601260,2025-04-03 23:39:13.400388932,High,IT Support,Access Control,Closed
TCK-5439,2025-04-03 04:46:52.601260,2025-04-03 16:07:57.937476372,Critical,HR,Software,Resolved
TCK-5440,2025-04-03 05:47:21.764176,2025-04-03 21:13:23.326959405,Medium,IT Support,Network,Closed
TCK-5441,2025-04-03 06:47:50.927092,2025-04-03 15:32:53.965852427,Low,Operations,Hardware,Closed
TCK-5442,2025-04-03 06:47:50.927092,2025-04-03 09:13:59.122274935,Medium,IT Support,Email,Closed
TCK-5443,2025-04-03 07:48:20.090009,2025-04-03 16:34:26.931921213,Critical,IT Support,Hardware,Closed
TCK-5444,2025-04-03 09:19:03.834383,2025-04-03 22:55:15.191950567,Medium,HR,Email,Closed
TCK-5445,2025-04-03 09:19:03.834383,2025-04-04 01:45:30.858951179,Unassigned,HR,Software,Closed
TCK-5446,2025-04-03 10:49:47.578757,2025-04-05 12:15:13.297966062,Low,IT Support,Email,Closed
TCK-5447,2025-04-03 10:49:47.578757,2025-04-04 13:52:02.356001485,High,IT Support,Access Control,Resolved
TCK-5448,2025-04-03 10:49:47.578757,2025-04-03 13:47:50.887220313,Low,IT Support,Network,Resolved
TCK-5449,2025-04-03 11:20:02.160216,2025-04-03 14:46:43.656724784,High,Finance,Network,Resolved
TCK-5450,2025-04-03 12:20:31.323132,2025-04-03 14:14:54.317006947,Low,DevOps,Access Control,Closed
TCK-5451,2025-04-03 12:50:45.904590,2025-04-04 12:58:04.684693734,Medium,DevOps,Network,Closed
TCK-5452,2025-04-03 13:51:15.067506,2025-04-04 11:53:48.597444523,High,Finance,Hardware,Resolved
TCK-5453,2025-04-03 13:51:15.067506,2025-04-06 19:09:48.565161558,Medium,HR,Access Control,Closed
TCK-5454,2025-04-03 14:21:29.648964,2025-04-04 03:38:44.590266600,Critical,Operations,Access Control,Resolved
TCK-5455,2025-04-03 15:52:13.393339,2025-04-04 23:23:23.861792030,Medium,HR,Network,Resolved
TCK-5456,2025-04-03 16:22:27.974797,2025-04-04 07:50:15.047548520,Unassigned,IT Support,Email,Resolved
TCK-5457,2025-04-03 16:52:42.556255,2025-04-05 06:10:38.641128766,Low,Finance,Software,Resolved
TCK-5458,2025-04-03 17:22:57.137713,2025-04-04 16:21:42.043061009,Medium,DevOps,Email,Closed
TCK-5459,2025-04-03 17:53:11.719171,2025-04-04 12:25:15.933267789,Critical,HR,Hardware,Closed
TCK-5460,2025-04-03 18:53:40.882088,2025-04-04 09:52:59.277675039,Medium,IT Support,Access Control,Closed
TCK-5461,2025-04-03 19:23:55.463546,2025-04-04 18:30:14.776224979,Unassigned,IT Support,Access Control,Resolved
TCK-5462,2025-04-03 19:23:55.463546,2025-04-04 05:11:35.121921665,High,DevOps,Hardware,Closed
TCK-5463,2025-04-03 20:24:24.626462,2025-04-03 22:14:05.969294008,Medium,IT Support,Software,Resolved
TCK-5464,2025-04-03 20:54:39.207920,2025-04-03 21:38:43.536865531,Medium,Finance,Access Control,Closed
TCK-5465,2025-04-03 20:54:39.207920,2025-04-04 08:38:52.099007010,High,IT Support,Email,Resolved
TCK-5466,2025-04-03 21:24:53.789378,2025-04-04 13:52:34.766629067,Unassigned,IT Support,Hardware,Closed
TCK-5467,2025-04-03 21:55:08.370837,2025-04-03 23:23:50.481482836,Medium,IT Support,Access Control,Closed
TCK-5468,2025-04-03 22:25:22.952295,2025-04-04 04:30:34.333101868,Medium,IT Support,Email,Resolved
TCK-5469,2025-04-03 22:55:37.533753,2025-04-04 05:55:22.409738846,Low,IT Support,Hardware,Closed
TCK-5470,2025-04-03 22:55:37.533753,2025-04-04 13:49:10.093072812,Medium,DevOps,Hardware,Closed
TCK-5471,2025-04-03 22:55:37.533753,2025-04-04 04:48:08.162068440,Low,HR,Hardware,Resolved
TCK-5472,2025-04-03 23:25:52.115211,2025-04-04 01:14:26.930748654,Medium,DevOps,Software,Closed
TCK-5473,2025-04-03 23:56:06.696669,2025-04-04 03:10:40.546341489,High,IT Support,Hardware,Closed
TCK-5474,2025-04-03 23:56:06.696669,2025-04-04 03:22:29.802569157,Medium,Operations,Network,Resolved
TCK-5475,2025-04-04 00:56:35.859585,2025-04-05 10:14:07.887268399,Medium,Operations,Network,Resolved
TCK-5476,2025-04-04 01:26:50.441044,2025-04-04 07:28:07.447328484,Low,IT Support,Hardware,Closed
TCK-5477,2025-04-04 01:26:50.441044,2025-04-05 00:01:21.632146154,High,Operations,Access Control,Resolved
TCK-5478,2025-04-04 01:26:50.441044,2025-04-04 16:32:54.821467962,Medium,IT Support,Network,Closed
TCK-5479,2025-04-04 01:57:05.022502,2025-04-06 21:52:56.815577587,Medium,DevOps,Email,Closed
TCK-5480,2025-04-04 02:27:19.603960,2025-04-04 08:11:23.906091213,Medium,IT Support,Email,Closed
TCK-5481,2025-04-04 02:27:19.603960,2025-04-04 05:33:32.314994143,Low,Finance,Access Control,Closed
TCK-5482,2025-04-04 02:57:34.185418,2025-04-04 03:55:17.142175592,Medium,Finance,Email,Closed
TCK-5483,2025-04-04 03:27:48.766876,2025-04-04 08:25:34.150017650,High,HR,Access Control,Resolved
TCK-5484,2025-04-04 03:27:48.766876,2025-04-05 00:12:13.751345902,Low,DevOps,Email,Closed
TCK-5485,2025-04-04 04:28:17.929792,2025-04-04 06:04:32.482405259,Critical,Finance,Hardware,Resolved
TCK-5486,2025-04-04 05:28:47.092709,2025-04-04 10:31:52.739707999,Medium,Finance,Email,Closed
TCK-5487,2025-04-04 05:28:47.092709,2025-04-05 16:16:35.243701658,Medium,Operations,Hardware,Closed
TCK-5488,2025-04-04 05:59:01.674167,2025-04-04 21:43:32.918019272,Medium,Operations,Email,Closed
TCK-5489,2025-04-04 05:59:01.674167,2025-04-04 07:16:50.925795041,High,Operations,Email,Closed
TCK-5490,2025-04-04 07:29:45.418541,2025-04-04 08:22:31.382460695,Medium,Operations,Email,Resolved
TCK-5491,2025-04-04 07:29:45.418541,2025-04-04 08:37:52.397696400,High,IT Support,Hardware,Resolved
TCK-5492,2025-04-04 08:00:00.000000,2025-04-06 11:12:46.386002957,Medium,IT Support,Email,Closed
TCK-5493,2025-04-04 08:30:14.581458,2025-04-05 18:38:12.437407472,High,IT Support,Email,Closed
TCK-5494,2025-04-04 11:31:42.070207,2025-04-05 21:04:45.603251161,Critical,Operations,Software,Closed
TCK-5495,2025-04-04 12:01:56.651665,2025-04-06 10:28:12.755692078,Low,IT Support,Hardware,Closed
TCK-5496,2025-04-04 12:01:56.651665,2025-04-05 00:41:57.292261817,Unassigned,HR,Network,Closed
TCK-5497,2025-04-04 12:32:11.233123,2025-04-04 17:39:04.016173055,Medium,IT Support,Access Control,Resolved
TCK-5498,2025-04-04 14:02:54.977497,2025-04-04 23:17:02.226160546,Low,IT Support,Software,Closed
TCK-5499,2025-04-04 15:03:24.140414,2025-04-05 13:53:49.962027877,Medium,IT Support,Email,Closed
TCK-5500,2025-04-04 15:03:24.140414,2025-04-06 04:38:09.617338914,Low,Finance,Network,Closed
TCK-5501,2025-04-04 15:03:24.140414,2025-04-05 01:20:10.804360284,Medium,IT Support,Network,Closed
TCK-5502,2025-04-04 16:03:53.303330,2025-04-05 05:51:44.931260087,Low,Finance,Email,Resolved
TCK-5503,2025-04-04 16:03:53.303330,2025-04-06 16:23:45.280738984,Low,DevOps,Email,Resolved
TCK-5504,2025-04-04 18:35:06.210621,2025-04-04 20:37:55.735661625,Low,DevOps,Software,Closed
TCK-5505,2025-04-04 19:05:20.792079,2025-04-06 06:46:37.949783722,Low,IT Support,Hardware,Resolved
TCK-5506,2025-04-04 20:05:49.954995,2025-04-04 23:13:14.653693746,Low,Operations,Software,Closed
TCK-5507,2025-04-04 20:05:49.954995,2025-04-05 08:00:07.369184736,Critical,DevOps,Hardware,Closed
TCK-5508,2025-04-04 21:06:19.117911,2025-04-05 01:32:28.544614980,Critical,IT Support,Network,Resolved
TCK-5509,2025-04-04 21:36:33.699369,2025-04-05 14:14:08.623084598,High,DevOps,Access Control,Closed
TCK-5510,2025-04-04 21:36:33.699369,2025-04-05 12:19:43.482922246,Low,DevOps,Email,Closed
TCK-5511,2025-04-04 22:37:02.862286,2025-04-05 07:13:20.351873614,Low,HR,Software,Closed
TCK-5512,2025-04-04 23:07:17.443744,2025-04-06 10:56:28.941394344,Low,IT Support,Network,Closed
TCK-5513,2025-04-05 00:07:46.606660,2025-04-05 19:32:17.903523918,Medium,Finance,Software,Closed
TCK-5514,2025-04-05 00:38:01.188118,2025-04-05 23:37:28.866182779,Unassigned,DevOps,Hardware,Resolved
TCK-5515,2025-04-05 00:38:01.188118,2025-04-05 03:34:22.729614543,Critical,IT Support,Email,Resolved
TCK-5516,2025-04-05 01:08:15.769576,2025-04-06 15:47:01.265818619,Low,DevOps,Hardware,Resolved
TCK-5517,2025-04-05 01:08:15.769576,2025-04-05 04:25:39.256089797,Medium,HR,Hardware,Closed
TCK-5518,2025-04-05 01:38:30.351035,2025-04-05 06:10:42.427403582,High,Finance,Hardware,Closed
TCK-5519,2025-04-05 02:08:44.932493,2025-04-05 04:36:44.417479224,High,HR,Network,Closed
TCK-5520,2025-04-05 02:38:59.513951,2025-04-05 13:05:53.331273571,Low,IT Support,Email,Resolved
TCK-5521,2025-04-05 03:09:14.095409,2025-04-06 18:30:49.898424452,Low,Operations,Access Control,Resolved
TCK-5522,2025-04-05 03:09:14.095409,2025-04-05 08:23:27.705194967,Medium,DevOps,Software,Closed
TCK-5523,2025-04-05 03:09:14.095409,2025-04-05 11:34:41.213934157,Low,IT Support,Hardware,Resolved
TCK-5524,2025-04-05 03:39:28.676867,2025-04-06 13:20:24.644524968,High,HR,Email,Closed
TCK-5525,2025-04-05 04:39:57.839783,2025-04-05 21:58:45.799254550,Low,DevOps,Software,Closed
TCK-5526,2025-04-05 04:39:57.839783,2025-04-06 05:44:10.043921702,Low,DevOps,Email,Closed
TCK-5527,2025-04-05 05:40:27.002700,2025-04-05 10:00:30.748704279,Low,DevOps,Software,Resolved
TCK-5528,2025-04-05 06:10:41.584158,2025-04-06 04:52:02.463743635,Low,Finance,Email,Closed
TCK-5529,2025-04-05 07:11:10.747074,2025-04-05 11:50:06.411370528,Medium,Operations,Access Control,Resolved
TCK-5530,2025-04-05 07:41:25.328532,2025-04-08 14:18:03.443038167,Low,DevOps,Email,Closed
TCK-5531,2025-04-05 07:41:25.328532,2025-04-05 22:27:48.104377049,Low,IT Support,Email,Closed
TCK-5532,2025-04-05 07:41:25.328532,2025-04-06 05:06:07.626150558,High,Finance,Hardware,Closed
TCK-5533,2025-04-05 07:41:25.328532,2025-04-05 09:57:31.336240627,Low,HR,Hardware,Closed
TCK-5534,2025-04-05 07:41:25.328532,2025-04-05 12:53:03.828302774,Low,DevOps,Hardware,Closed
TCK-5535,2025-04-05 08:11:39.909990,2025-04-05 10:54:13.695190320,Low,IT Support,Email,Closed
TCK-5536,2025-04-05 08:11:39.909990,2025-04-05 17:05:48.449181068,Low,HR,Access Control,Closed
TCK-5537,2025-04-05 08:11:39.909990,2025-04-05 14:12:40.274505856,Medium,IT Support,Software,Closed
TCK-5538,2025-04-05 08:41:54.491449,2025-04-06 08:27:44.455883286,Low,IT Support,Hardware,Closed
TCK-5539,2025-04-05 08:41:54.491449,2025-04-05 10:46:11.952964727,Medium,HR,Network,Closed
TCK-5540,2025-04-05 08:41:54.491449,2025-04-06 09:48:02.365034144,Medium,DevOps,Email,Closed
TCK-5541,2025-04-05 08:41:54.491449,2025-04-05 09:32:25.981071125,Medium,HR,Access Control,Resolved
TCK-5542,2025-04-05 09:12:09.072907,2025-04-05 13:15:52.426330707,Unassigned,Finance,Access Control,Resolved
TCK-5543,2025-04-05 09:12:09.072907,2025-04-06 13:27:48.241988617,Low,Finance,Hardware,Closed
TCK-5544,2025-04-05 09:42:23.654365,2025-04-06 10:08:49.772872114,Medium,Finance,Hardware,Resolved
TCK-5545,2025-04-05 10:12:38.235823,2025-04-05 21:51:16.457903087,High,Finance,Network,Resolved
TCK-5546,2025-04-05 10:42:52.817281,2025-04-05 11:38:15.443754381,Unassigned,IT Support,Network,Closed
TCK-5547,2025-04-05 10:42:52.817281,2025-04-06 03:39:31.397838206,Medium,IT Support,Hardware,Closed
TCK-5548,2025-04-05 11:13:07.398739,2025-04-05 20:36:59.202269845,Low,DevOps,Software,Resolved
TCK-5549,2025-04-05 11:43:21.980198,2025-04-05 18:34:22.903823320,Low,Finance,Hardware,Closed
TCK-5550,2025-04-05 12:13:36.561656,2025-04-06 06:38:13.519312583,Low,DevOps,Hardware,Closed
TCK-5551,2025-04-05 12:13:36.561656,2025-04-05 22:33:18.236008850,Critical,Finance,Access Control,Closed
TCK-5552,2025-04-05 12:13:36.561656,2025-04-05 13:58:20.527074246,Medium,IT Support,Hardware,Closed
TCK-5553,2025-04-05 13:44:20.306030,2025-04-07 10:18:47.722341220,Medium,DevOps,Hardware,Closed
TCK-5554,2025-04-05 15:45:18.631863,2025-04-06 18:53:11.771413481,Medium,IT Support,Hardware,Closed
TCK-5555,2025-04-05 15:45:18.631863,2025-04-05 16:47:58.964165040,Medium,Operations,Software,Closed
TCK-5556,2025-04-05 15:45:18.631863,2025-04-06 05:09:27.088464103,Low,IT Support,Access Control,Closed
TCK-5557,2025-04-05 16:15:33.213321,2025-04-05 17:49:34.677253540,Unassigned,Finance,Email,Closed
TCK-5558,2025-04-05 17:46:16.957695,2025-04-07 02:27:19.821652665,High,IT Support,Email,Resolved
TCK-5559,2025-04-05 18:16:31.539153,2025-04-06 11:21:50.498829395,Medium,Operations,Email,Resolved
TCK-5560,2025-04-05 18:16:31.539153,2025-04-05 21:40:57.187947432,Medium,Operations,Email,Closed
TCK-5561,2025-04-05 18:16:31.539153,2025-04-05 18:39:09.712539319,Medium,IT Support,Access Control,Resolved
TCK-5562,2025-04-05 18:16:31.539153,2025-04-05 18:51:11.000096664,Low,IT Support,Hardware,Closed
TCK-5563,2025-04-05 19:47:15.283528,2025-04-06 08:31:52.886650108,Low,IT Support,Email,Resolved
TCK-5564,2025-04-05 20:17:29.864986,2025-04-06 20:09:12.892962651,Low,DevOps,Hardware,Closed
TCK-5565,2025-04-05 20:17:29.864986,2025-04-05 22:36:35.384811936,Medium,IT Support,Email,Resolved
TCK-5566,2025-04-05 20:47:44.446444,2025-04-06 01:17:51.506675535,Low,Finance,Software,Resolved
TCK-5567,2025-04-05 20:47:44.446444,2025-04-06 03:55:50.924891961,Low,IT Support,Hardware,Resolved
TCK-5568,2025-04-05 22:48:42.772277,2025-04-06 03:14:23.489983360,High,DevOps,Access Control,Closed
TCK-5569,2025-04-05 23:18:57.353735,2025-04-06 08:15:09.893560962,Critical,Finance,Software,Resolved
TCK-5570,2025-04-05 23:18:57.353735,2025-04-06 14:04:40.219149210,Low,DevOps,Software,Closed
TCK-5571,2025-04-05 23:49:11.935193,2025-04-06 20:36:34.759790986,Low,DevOps,Access Control,Closed
TCK-5572,2025-04-06 00:19:26.516651,2025-04-08 12:02:53.617829976,High,IT Support,Software,Resolved
TCK-5573,2025-04-06 00:19:26.516651,2025-04-08 00:24:32.308737664,High,Finance,Hardware,Resolved
TCK-5574,2025-04-06 00:19:26.516651,2025-04-06 15:31:14.914843230,Medium,Finance,Network,Closed
TCK-5575,2025-04-06 00:19:26.516651,2025-04-07 00:10:15.063341298,Medium,Finance,Network,Closed
TCK-5576,2025-04-06 00:19:26.516651,2025-04-08 06:33:50.320551887,Low,IT Support,Email,Resolved
TCK-5577,2025-04-06 02:50:39.423942,2025-04-06 04:24:47.560464141,High,DevOps,Email,Resolved
TCK-5578,2025-04-06 02:50:39.423942,2025-04-06 02:56:45.588978612,High,Operations,Hardware,Closed
TCK-5579,2025-04-06 02:50:39.423942,2025-04-06 03:23:19.805358899,Medium,Operations,Access Control,Resolved
TCK-5580,2025-04-06 03:20:54.005400,2025-04-06 18:15:48.701918483,Critical,DevOps,Hardware,Resolved
TCK-5581,2025-04-06 03:20:54.005400,2025-04-07 05:15:00.721856141,Low,HR,Email,Closed
TCK-5582,2025-04-06 03:20:54.005400,2025-04-06 11:34:53.737260284,Low,IT Support,Software,Closed
TCK-5583,2025-04-06 03:51:08.586858,2025-04-06 18:02:09.927830316,Medium,IT Support,Hardware,Resolved
TCK-5584,2025-04-06 04:21:23.168316,2025-04-06 17:25:55.671309463,Low,HR,Hardware,Closed
TCK-5585,2025-04-06 05:21:52.331233,2025-04-06 07:09:24.286367098,High,IT Support,Access Control,Closed
TCK-5586,2025-04-06 05:21:52.331233,2025-04-06 12:20:54.789258550,High,IT Support,Email,Closed
TCK-5587,2025-04-06 05:52:06.912691,2025-04-06 06:13:18.709961843,High,Operations,Hardware,Resolved
TCK-5588,2025-04-06 05:52:06.912691,2025-04-06 07:58:49.704853563,Low,Operations,Software,Resolved
TCK-5589,2025-04-06 06:52:36.075607,2025-04-07 12:56:48.329062723,High,Operations,Software,Resolved
TCK-5590,2025-04-06 06:52:36.075607,2025-04-07 14:42:35.702675230,Low,IT Support,Network,Closed
TCK-5591,2025-04-06 07:22:50.657065,2025-04-07 12:31:35.929949792,Low,Operations,Email,Closed
TCK-5592,2025-04-06 07:22:50.657065,2025-04-07 06:44:16.393245594,Medium,IT Support,Software,Closed
TCK-5593,2025-04-06 07:22:50.657065,2025-04-07 11:45:31.029945233,Low,Finance,Access Control,Closed
TCK-5594,2025-04-06 07:53:05.238523,2025-04-07 03:53:39.760372640,Critical,Finance,Email,Resolved
TCK-5595,2025-04-06 08:53:34.401440,2025-04-07 04:50:23.021574063,Medium,HR,Software,Closed
TCK-5596,2025-04-06 08:53:34.401440,2025-04-07 04:42:19.752277421,Medium,Operations,Hardware,Closed
TCK-5597,2025-04-06 08:53:34.401440,2025-04-06 21:52:56.330230892,High,IT Support,Email,Closed
TCK-5598,2025-04-06 09:23:48.982898,2025-04-06 17:31:28.183890585,Medium,Finance,Software,Resolved
TCK-5599,2025-04-06 09:54:03.564356,2025-04-07 09:28:55.244324061,Medium,IT Support,Hardware,Closed
TCK-5600,2025-04-06 09:54:03.564356,2025-04-06 16:17:10.881331509,Medium,Operations,Network,Closed
TCK-5601,2025-04-06 10:24:18.145814,2025-04-07 00:29:47.328448144,Medium,HR,Email,Closed
TCK-5602,2025-04-06 10:54:32.727272,2025-04-06 21:08:00.641529781,Medium,DevOps,Email,Closed
TCK-5603,2025-04-06 11:55:01.890189,2025-04-06 17:44:45.669508169,Critical,DevOps,Software,Closed
TCK-5604,2025-04-06 12:25:16.471647,2025-04-09 06:35:57.077632258,Critical,DevOps,Network,Closed
TCK-5605,2025-04-06 12:55:31.053105,2025-04-06 18:18:53.439826365,Medium,Finance,Access Control,Resolved
TCK-5606,2025-04-06 13:25:45.634563,2025-04-06 20:05:24.204566655,Medium,IT Support,Software,Closed
TCK-5607,2025-04-06 13:56:00.216021,2025-04-06 17:06:20.895797042,High,Finance,Software,Closed
TCK-5608,2025-04-06 14:26:14.797479,2025-04-07 21:36:15.744169164,Medium,Operations,Access Control,Resolved
TCK-5609,2025-04-06 14:26:14.797479,2025-04-07 06:20:13.544185146,Critical,DevOps,Access Control,Closed
TCK-5610,2025-04-06 15:56:58.541854,2025-04-07 09:02:21.737333891,High,IT Support,Access Control,Closed
TCK-5611,2025-04-06 15:56:58.541854,2025-04-07 22:52:19.904082138,Unassigned,IT Support,Access Control,Closed
TCK-5612,2025-04-06 15:56:58.541854,2025-04-06 23:30:31.235938358,Critical,HR,Access Control,Closed
TCK-5613,2025-04-06 15:56:58.541854,2025-04-06 19:49:24.592609615,High,DevOps,Hardware,Closed
TCK-5614,2025-04-06 16:57:27.704770,2025-04-06 20:56:18.369940344,Medium,IT Support,Hardware,Closed
TCK-5615,2025-04-06 17:27:42.286228,2025-04-07 17:12:18.912819567,Medium,DevOps,Access Control,Closed
TCK-5616,2025-04-06 17:57:56.867686,2025-04-07 11:06:20.482736839,High,Operations,Network,Closed
TCK-5617,2025-04-06 17:57:56.867686,2025-04-06 22:07:32.063968384,Low,HR,Network,Resolved
TCK-5618,2025-04-06 19:28:40.612061,2025-04-06 22:17:56.735366867,Medium,IT Support,Access Control,Closed
TCK-5619,2025-04-06 19:58:55.193519,2025-04-06 22:17:49.426420157,Critical,Operations,Hardware,Resolved
TCK-5620,2025-04-06 20:59:24.356435,2025-04-07 14:46:47.511973953,Medium,HR,Network,Closed
TCK-5621,2025-04-06 21:29:38.937893,2025-04-06 21:29:46.626539341,Low,HR,Hardware,Closed
TCK-5622,2025-04-06 21:29:38.937893,2025-04-06 21:49:37.039326278,Medium,HR,Software,Resolved
TCK-5623,2025-04-06 21:29:38.937893,2025-04-07 06:22:41.886742926,Low,HR,Hardware,Resolved
TCK-5624,2025-04-06 21:29:38.937893,2025-04-07 18:39:14.376391472,High,DevOps,Access Control,Resolved
TCK-5625,2025-04-06 21:59:53.519351,2025-04-07 19:22:28.224736868,High,HR,Email,Closed
TCK-5626,2025-04-06 21:59:53.519351,2025-04-07 08:07:12.272484248,High,IT Support,Access Control,Closed
TCK-5627,2025-04-06 21:59:53.519351,2025-04-07 19:08:30.984472994,Low,DevOps,Software,Closed
TCK-5628,2025-04-06 22:30:08.100810,2025-04-07 11:45:17.456832577,Medium,IT Support,Hardware,Resolved
TCK-5629,2025-04-06 23:00:22.682268,2025-04-09 18:51:12.260951344,Low,IT Support,Network,Closed
TCK-5630,2025-04-06 23:00:22.682268,2025-04-07 02:11:50.848151304,Low,DevOps,Access Control,Resolved
TCK-5631,2025-04-06 23:30:37.263726,2025-04-07 16:02:01.090782503,High,Operations,Network,Closed
TCK-5632,2025-04-07 00:00:51.845184,2025-04-07 12:10:42.161117543,Medium,IT Support,Hardware,Resolved
TCK-5633,2025-04-07 01:01:21.008100,2025-04-07 04:54:54.027236140,Low,IT Support,Software,Closed
TCK-5634,2025-04-07 02:01:50.171017,2025-04-08 02:58:59.565676153,Medium,DevOps,Access Control,Closed
TCK-5635,2025-04-07 02:32:04.752475,2025-04-07 08:20:08.793705604,Low,Finance,Network,Closed
TCK-5636,2025-04-07 02:32:04.752475,2025-04-07 11:11:20.422915138,High,HR,Access Control,Closed
TCK-5637,2025-04-07 02:32:04.752475,2025-04-07 10:59:23.423485574,Low,IT Support,Access Control,Resolved
TCK-5638,2025-04-07 03:02:19.333933,2025-04-07 08:04:42.323478429,Medium,IT Support,Network,Closed
TCK-5639,2025-04-07 03:32:33.915391,2025-04-07 13:40:59.456017077,Low,DevOps,Software,Closed
TCK-5640,2025-04-07 03:32:33.915391,2025-04-07 15:05:04.405457553,Medium,HR,Access Control,Closed
TCK-5641,2025-04-07 04:02:48.496849,2025-04-08 04:35:19.675762147,Medium,Operations,Software,Closed
TCK-5642,2025-04-07 05:03:17.659765,2025-04-08 07:07:37.972305629,High,Finance,Software,Resolved
TCK-5643,2025-04-07 05:33:32.241224,2025-04-07 08:39:59.039619847,High,Finance,Hardware,Closed
TCK-5644,2025-04-07 06:03:46.822682,2025-04-07 22:14:02.027400636,Low,Operations,Network,Closed
TCK-5645,2025-04-07 06:34:01.404140,2025-04-08 23:20:30.776844660,Low,IT Support,Hardware,Closed
TCK-5646,2025-04-07 06:34:01.404140,2025-04-07 08:38:24.509822200,Critical,Finance,Email,Closed
TCK-5647,2025-04-07 07:04:15.985598,2025-04-07 18:35:53.363895265,High,IT Support,Hardware,Resolved
TCK-5648,2025-04-07 07:34:30.567056,2025-04-08 08:33:14.035687860,Medium,HR,Access Control,Closed
TCK-5649,2025-04-07 08:04:45.148514,2025-04-08 01:05:49.647819747,Low,IT Support,Access Control,Closed
TCK-5650,2025-04-07 08:34:59.729972,2025-04-07 10:29:29.272387284,Low,IT Support,Access Control,Resolved
TCK-5651,2025-04-07 09:05:14.311431,2025-04-07 18:10:50.306150917,Medium,Operations,Email,Closed
TCK-5652,2025-04-07 10:05:43.474347,2025-04-07 22:50:04.509280419,Critical,Finance,Software,Closed
TCK-5653,2025-04-07 10:05:43.474347,2025-04-11 12:47:59.955917427,Medium,Operations,Access Control,Resolved
TCK-5654,2025-04-07 10:35:58.055805,2025-04-07 14:08:27.760791565,Low,HR,Hardware,Closed
TCK-5655,2025-04-07 11:06:12.637263,2025-04-10 11:50:42.895988657,Medium,Finance,Software,Closed
TCK-5656,2025-04-07 11:06:12.637263,2025-04-07 19:35:48.191853980,Critical,IT Support,Hardware,Closed
TCK-5657,2025-04-07 11:36:27.218721,2025-04-07 15:37:52.885419290,Medium,HR,Hardware,Closed
TCK-5658,2025-04-07 12:06:41.800180,2025-04-07 21:44:05.283339883,Critical,Finance,Access Control,Closed
TCK-5659,2025-04-07 12:36:56.381638,2025-04-08 05:44:59.843624078,Medium,IT Support,Hardware,Closed
TCK-5660,2025-04-07 13:07:10.963096,2025-04-07 17:26:33.282039955,Low,DevOps,Email,Closed
TCK-5661,2025-04-07 13:37:25.544554,2025-04-07 19:49:30.391547959,Low,IT Support,Software,Resolved
TCK-5662,2025-04-07 13:37:25.544554,2025-04-09 00:19:33.389580961,Low,HR,Access Control,Closed
TCK-5663,2025-04-07 14:07:40.126012,2025-04-12 18:38:18.703210496,Medium,Finance,Access Control,Closed
TCK-5664,2025-04-07 15:08:09.288928,2025-04-07 22:01:46.319480011,Medium,Operations,Hardware,Closed
TCK-5665,2025-04-07 16:08:38.451845,2025-04-07 19:02:42.585143728,Medium,IT Support,Hardware,Closed
TCK-5666,2025-04-07 16:08:38.451845,2025-04-08 20:30:34.312280555,Low,Finance,Network,Resolved
TCK-5667,2025-04-07 18:09:36.777677,2025-04-08 10:40:26.280522287,Critical,Finance,Network,Resolved
TCK-5668,2025-04-07 18:09:36.777677,2025-04-07 20:03:53.027853223,Low,IT Support,Access Control,Closed
TCK-5669,2025-04-07 18:39:51.359135,2025-04-09 23:27:40.189539500,Low,Finance,Access Control,Closed
TCK-5670,2025-04-07 20:10:35.103510,2025-04-07 21:38:20.996149860,Low,IT Support,Hardware,Resolved
TCK-5671,2025-04-07 20:10:35.103510,2025-04-08 13:50:54.454591906,Low,IT Support,Email,Resolved
TCK-5672,2025-04-07 20:10:35.103510,2025-04-08 06:06:14.810847404,Critical,IT Support,Email,Closed
TCK-5673,2025-04-07 20:40:49.684968,2025-04-08 11:19:13.917776710,Low,DevOps,Hardware,Closed
TCK-5674,2025-04-07 20:40:49.684968,2025-04-08 00:59:48.675389693,Low,IT Support,Network,Closed
TCK-5675,2025-04-07 21:11:04.266426,2025-04-08 18:09:23.135066735,Medium,HR,Network,Closed
TCK-5676,2025-04-07 22:11:33.429342,2025-04-10 08:00:24.062922002,Medium,IT Support,Email,Closed
TCK-5677,2025-04-07 22:11:33.429342,2025-04-08 09:13:53.670847343,Low,IT Support,Access Control,Resolved
TCK-5678,2025-04-07 22:41:48.010801,2025-04-08 12:01:09.816564351,Low,IT Support,Hardware,Closed
TCK-5679,2025-04-07 22:41:48.010801,2025-04-08 03:37:55.462829670,Low,HR,Access Control,Closed
TCK-5680,2025-04-07 22:41:48.010801,2025-04-09 14:44:09.287984542,High,IT Support,Network,Resolved
TCK-5681,2025-04-08 00:12:31.755175,2025-04-10 16:02:44.409305723,Medium,IT Support,Email,Closed
TCK-5682,2025-04-08 00:42:46.336633,2025-04-09 04:29:23.593267562,Unassigned,DevOps,Access Control,Closed
TCK-5683,2025-04-08 00:42:46.336633,2025-04-08 14:47:57.286832013,Low,Finance,Network,Closed
TCK-5684,2025-04-08 01:13:00.918091,2025-04-10 09:46:12.233014840,Medium,IT Support,Network,Closed
TCK-5685,2025-04-08 01:13:00.918091,2025-04-08 04:13:26.321563443,High,HR,Network,Resolved
TCK-5686,2025-04-08 02:13:30.081008,2025-04-08 13:56:36.726390676,Low,IT Support,Access Control,Closed
TCK-5687,2025-04-08 02:43:44.662466,2025-04-08 16:36:47.319715724,Medium,Finance,Software,Closed
TCK-5688,2025-04-08 02:43:44.662466,2025-04-08 14:55:01.346200498,Medium,IT Support,Email,Closed
TCK-5689,2025-04-08 03:44:13.825382,2025-04-09 08:55:33.702659248,Medium,IT Support,Network,Resolved
TCK-5690,2025-04-08 04:14:28.406840,2025-04-09 00:13:08.906387277,Medium,IT Support,Access Control,Closed
TCK-5691,2025-04-08 04:44:42.988298,2025-04-08 07:10:58.760331848,Medium,IT Support,Hardware,Resolved
TCK-5692,2025-04-08 06:15:26.732673,2025-04-08 13:54:48.650503466,High,DevOps,Email,Resolved
TCK-5693,2025-04-08 06:15:26.732673,2025-04-08 13:42:41.560066276,Critical,IT Support,Hardware,Closed
TCK-5694,2025-04-08 06:45:41.314131,2025-04-08 21:46:15.676820265,Medium,IT Support,Hardware,Closed
TCK-5695,2025-04-08 07:15:55.895589,2025-04-08 13:28:02.510791335,Medium,Finance,Access Control,Closed
TCK-5696,2025-04-08 07:15:55.895589,2025-04-08 09:30:38.911868079,High,Finance,Software,Resolved
TCK-5697,2025-04-08 08:16:25.058505,2025-04-09 03:21:38.963793502,Low,IT Support,Access Control,Closed
TCK-5698,2025-04-08 08:46:39.639963,2025-04-09 19:03:02.527951473,Low,IT Support,Access Control,Closed
TCK-5699,2025-04-08 08:46:39.639963,2025-04-10 09:03:45.692847775,Medium,IT Support,Email,Closed
TCK-5700,2025-04-08 09:16:54.221422,2025-04-11 02:01:02.554875975,Medium,IT Support,Access Control,Resolved
TCK-5701,2025-04-08 09:16:54.221422,2025-04-09 12:37:39.498307312,High,IT Support,Email,Closed
TCK-5702,2025-04-08 09:16:54.221422,2025-04-08 11:59:25.126872818,Unassigned,IT Support,Network,Closed
TCK-5703,2025-04-08 10:47:37.965796,2025-04-09 21:19:09.788958721,High,DevOps,Email,Resolved
TCK-5704,2025-04-08 11:48:07.128712,2025-04-08 20:59:44.317200809,Unassigned,Operations,Access Control,Closed
TCK-5705,2025-04-08 12:48:36.291629,2025-04-09 12:22:19.809569013,Medium,Finance,Network,Closed
TCK-5706,2025-04-08 12:48:36.291629,2025-04-09 02:26:56.814152588,Medium,HR,Network,Closed
TCK-5707,2025-04-08 13:18:50.873087,2025-04-09 21:03:44.533712853,Medium,DevOps,Software,Resolved
TCK-5708,2025-04-08 13:49:05.454545,2025-04-08 23:47:41.836950346,Medium,Finance,Access Control,Resolved
TCK-5709,2025-04-08 14:19:20.036003,2025-04-08 15:28:13.338746035,Medium,DevOps,Hardware,Closed
TCK-5710,2025-04-08 14:19:20.036003,2025-04-09 04:58:13.475351291,Medium,Finance,Access Control,Closed
TCK-5711,2025-04-08 14:49:34.617461,2025-04-08 18:12:29.609098726,Critical,Finance,Hardware,Closed
TCK-5712,2025-04-08 14:49:34.617461,2025-04-11 03:26:16.121965901,Low,IT Support,Software,Resolved
TCK-5713,2025-04-08 14:49:34.617461,2025-04-09 04:18:02.718658483,Low,HR,Access Control,Closed
TCK-5714,2025-04-08 15:50:03.780378,2025-04-09 06:21:01.582555195,Medium,IT Support,Software,Resolved
TCK-5715,2025-04-08 16:20:18.361836,2025-04-10 11:08:33.863581703,Unassigned,IT Support,Hardware,Closed
TCK-5716,2025-04-08 16:20:18.361836,2025-04-09 09:58:24.467397856,Low,IT Support,Email,Closed
TCK-5717,2025-04-08 16:50:32.943294,2025-04-08 23:19:58.635870134,Unassigned,HR,Access Control,Closed
TCK-5718,2025-04-08 16:50:32.943294,2025-04-08 23:09:44.957535097,Unassigned,Finance,Network,Closed
TCK-5719,2025-04-08 17:51:02.106210,2025-04-09 06:23:02.960200370,Low,Operations,Network,Closed
TCK-5720,2025-04-08 17:51:02.106210,2025-04-10 06:06:39.427422673,Critical,IT Support,Software,Resolved
TCK-5721,2025-04-08 17:51:02.106210,2025-04-09 22:21:08.103335583,Low,IT Support,Email,Closed
TCK-5722,2025-04-08 18:21:16.687668,2025-04-11 05:34:19.009320114,Medium,Operations,Network,Resolved
TCK-5723,2025-04-08 18:51:31.269126,2025-04-08 20:12:05.403640992,Medium,Operations,Network,Resolved
TCK-5724,2025-04-08 18:51:31.269126,2025-04-09 00:28:56.105451668,Critical,HR,Access Control,Closed
TCK-5725,2025-04-08 19:21:45.850585,2025-04-08 20:52:03.610350691,Medium,IT Support,Network,Closed
TCK-5726,2025-04-08 19:52:00.432043,2025-04-09 20:53:52.639205728,Medium,HR,Hardware,Resolved
TCK-5727,2025-04-08 19:52:00.432043,2025-04-08 22:35:56.603273402,Medium,IT Support,Software,Closed
TCK-5728,2025-04-08 19:52:00.432043,2025-04-08 21:45:39.608870355,Medium,Operations,Network,Closed
TCK-5729,2025-04-08 20:22:15.013501,2025-04-09 11:13:01.292936214,Medium,DevOps,Access Control,Closed
TCK-5730,2025-04-08 21:22:44.176417,2025-04-09 06:55:18.050311281,Unassigned,IT Support,Hardware,Closed
TCK-5731,2025-04-08 21:52:58.757875,2025-04-09 20:29:03.046403457,Low,Operations,Network,Resolved
TCK-5732,2025-04-08 21:52:58.757875,2025-04-09 09:53:53.369429914,Medium,Finance,Software,Closed
TCK-5733,2025-04-08 22:23:13.339333,2025-04-09 08:21:30.421250468,Low,Operations,Software,Closed
TCK-5734,2025-04-08 22:23:13.339333,2025-04-09 08:21:49.125722593,High,Operations,Software,Closed
TCK-5735,2025-04-08 23:53:57.083708,2025-04-10 12:53:05.512461895,Low,IT Support,Network,Closed
TCK-5736,2025-04-09 00:54:26.246624,2025-04-09 09:57:34.158000744,Low,IT Support,Hardware,Closed
TCK-5737,2025-04-09 01:24:40.828082,2025-04-09 08:42:41.168203319,Critical,Finance,Email,Resolved
TCK-5738,2025-04-09 01:54:55.409540,2025-04-09 09:21:17.140891295,Medium,Operations,Software,Closed
TCK-5739,2025-04-09 01:54:55.409540,2025-04-09 05:51:20.359506186,Medium,Operations,Hardware,Resolved
TCK-5740,2025-04-09 01:54:55.409540,2025-04-10 13:23:39.149026587,High,Finance,Access Control,Closed
TCK-5741,2025-04-09 01:54:55.409540,2025-04-09 04:46:10.293068792,Medium,IT Support,Access Control,Closed
TCK-5742,2025-04-09 03:25:39.153915,2025-04-10 22:29:41.402230512,Low,IT Support,Hardware,Closed
TCK-5743,2025-04-09 03:25:39.153915,2025-04-09 09:25:39.066417158,Low,DevOps,Access Control,Closed
TCK-5744,2025-04-09 03:25:39.153915,2025-04-10 20:46:16.309105963,Medium,Finance,Access Control,Closed
TCK-5745,2025-04-09 03:55:53.735373,2025-04-10 08:05:37.436798938,Low,Finance,Software,Resolved
TCK-5746,2025-04-09 04:26:08.316831,2025-04-09 20:08:09.727559078,Medium,HR,Network,Closed
TCK-5747,2025-04-09 04:26:08.316831,2025-04-10 00:21:45.666425142,Medium,DevOps,Network,Closed
TCK-5748,2025-04-09 04:26:08.316831,2025-04-09 11:31:58.559967881,Medium,Operations,Network,Resolved
TCK-5749,2025-04-09 04:26:08.316831,2025-04-09 19:48:17.973742389,Low,IT Support,Network,Resolved
TCK-5750,2025-04-09 05:26:37.479747,2025-04-09 11:40:10.530709797,Medium,IT Support,Hardware,Closed
TCK-5751,2025-04-09 05:26:37.479747,2025-04-09 14:42:24.910156083,Low,DevOps,Software,Closed
TCK-5752,2025-04-09 05:26:37.479747,2025-04-10 07:29:05.898649880,Medium,Operations,Hardware,Resolved
TCK-5753,2025-04-09 05:56:52.061206,2025-04-09 10:58:51.742120557,High,IT Support,Access Control,Resolved
TCK-5754,2025-04-09 08:28:04.968496,2025-04-10 17:19:30.561107592,Low,IT Support,Software,Closed
TCK-5755,2025-04-09 08:28:04.968496,2025-04-09 16:57:12.802649146,Critical,IT Support,Email,Closed
TCK-5756,2025-04-09 08:58:19.549954,2025-04-09 22:38:44.883772418,Medium,IT Support,Network,Closed
TCK-5757,2025-04-09 09:58:48.712871,2025-04-11 13:13:10.417965896,Low,IT Support,Access Control,Closed
TCK-5758,2025-04-09 11:29:32.457245,2025-04-10 08:04:22.564065597,Critical,Finance,Network,Resolved
TCK-5759,2025-04-09 11:59:47.038703,2025-04-10 06:40:06.713821607,Medium,IT Support,Network,Closed
TCK-5760,2025-04-09 11:59:47.038703,2025-04-10 10:22:41.540433289,Medium,Finance,Network,Closed
TCK-5761,2025-04-09 13:00:16.201620,2025-04-11 10:02:51.381038496,Low,IT Support,Email,Closed
TCK-5762,2025-04-09 14:30:59.945994,2025-04-09 19:39:33.455839630,Medium,IT Support,Access Control,Closed
TCK-5763,2025-04-09 15:31:29.108910,2025-04-10 08:37:26.131419055,High,Finance,Network,Resolved
TCK-5764,2025-04-09 16:01:43.690369,2025-04-10 01:14:07.741029497,Low,Finance,Network,Closed
TCK-5765,2025-04-09 16:31:58.271827,2025-04-09 16:44:51.084895287,Medium,IT Support,Software,Closed
TCK-5766,2025-04-09 17:02:12.853285,2025-04-09 19:26:47.974887527,Medium,DevOps,Network,Resolved
TCK-5767,2025-04-09 17:32:27.434743,2025-04-10 00:36:55.816402478,Low,IT Support,Software,Resolved
TCK-5768,2025-04-09 18:32:56.597659,2025-04-10 09:31:56.712629595,High,HR,Access Control,Closed
TCK-5769,2025-04-09 18:32:56.597659,2025-04-11 08:56:10.988363046,Low,Finance,Access Control,Closed
TCK-5770,2025-04-09 19:03:11.179117,2025-04-10 23:14:25.853433557,Low,Operations,Access Control,Closed
TCK-5771,2025-04-09 21:34:24.086408,2025-04-10 12:04:49.220922195,Unassigned,HR,Software,Resolved
TCK-5772,2025-04-09 22:04:38.667866,2025-04-09 23:27:31.492225655,Low,HR,Email,Closed
TCK-5773,2025-04-09 22:34:53.249324,2025-04-10 04:38:34.071263232,High,Finance,Email,Closed
TCK-5774,2025-04-09 22:34:53.249324,2025-04-10 06:48:15.489290327,Medium,IT Support,Network,Closed
TCK-5775,2025-04-09 23:05:07.830783,2025-04-10 16:35:00.764576376,Medium,DevOps,Access Control,Resolved
TCK-5776,2025-04-09 23:05:07.830783,2025-04-10 00:17:37.664684232,Medium,IT Support,Hardware,Resolved
TCK-5777,2025-04-09 23:35:22.412241,2025-04-10 13:11:14.567010555,Low,DevOps,Network,Resolved
TCK-5778,2025-04-09 23:35:22.412241,2025-04-11 17:18:05.989965031,Medium,IT Support,Email,Closed
TCK-5779,2025-04-09 23:35:22.412241,2025-04-10 21:35:24.067378732,Unassigned,Operations,Email,Closed
TCK-5780,2025-04-10 01:36:20.738073,2025-04-11 06:18:52.054911395,Low,IT Support,Access Control,Resolved
TCK-5781,2025-04-10 02:36:49.900990,2025-04-10 23:13:05.452851565,Medium,Operations,Software,Closed
TCK-5782,2025-04-10 02:36:49.900990,2025-04-10 06:46:45.531300209,Medium,HR,Network,Closed
TCK-5783,2025-04-10 04:07:33.645364,2025-04-10 06:14:00.272685474,Low,IT Support,Software,Closed
TCK-5784,2025-04-10 05:38:17.389738,2025-04-11 13:28:46.339880136,High,IT Support,Email,Resolved
TCK-5785,2025-04-10 05:38:17.389738,2025-04-11 03:02:30.989394670,Medium,Operations,Access Control,Resolved
TCK-5786,2025-04-10 05:38:17.389738,2025-04-10 21:02:33.940258496,Low,IT Support,Email,Closed
TCK-5787,2025-04-10 06:08:31.971197,2025-04-10 09:55:09.348605408,Medium,IT Support,Access Control,Closed
TCK-5788,2025-04-10 06:38:46.552655,2025-04-10 23:17:26.354902590,Medium,IT Support,Hardware,Closed
TCK-5789,2025-04-10 06:38:46.552655,2025-04-10 07:13:08.670220366,Low,Operations,Software,Resolved
TCK-5790,2025-04-10 07:09:01.134113,2025-04-10 09:25:39.310997804,High,IT Support,Network,Closed
TCK-5791,2025-04-10 07:39:15.715571,2025-04-10 14:22:58.395421224,Low,IT Support,Access Control,Resolved
TCK-5792,2025-04-10 07:39:15.715571,2025-04-10 18:12:41.976438156,Medium,Operations,Hardware,Closed
TCK-5793,2025-04-10 07:39:15.715571,2025-04-10 09:58:00.898802343,Medium,Operations,Hardware,Closed
TCK-5794,2025-04-10 09:09:59.459945,2025-04-10 11:27:58.657925314,Medium,IT Support,Software,Closed
TCK-5795,2025-04-10 09:09:59.459945,2025-04-11 08:27:46.156724104,Low,Operations,Access Control,Closed
TCK-5796,2025-04-10 09:09:59.459945,2025-04-11 00:20:46.449507544,High,IT Support,Network,Closed
TCK-5797,2025-04-10 09:40:14.041404,2025-04-10 23:24:17.485252137,Unassigned,IT Support,Network,Closed
TCK-5798,2025-04-10 10:10:28.622862,2025-04-10 21:00:55.924979608,Medium,DevOps,Network,Closed
TCK-5799,2025-04-10 10:40:43.204320,2025-04-13 06:13:31.091709616,Low,DevOps,Email,Resolved
TCK-5800,2025-04-10 10:40:43.204320,2025-04-10 11:35:53.388419175,High,IT Support,Email,Resolved
TCK-5801,2025-04-10 11:10:57.785778,2025-04-10 14:46:06.987784523,Unassigned,IT Support,Access Control,Closed
TCK-5802,2025-04-10 11:10:57.785778,2025-04-11 05:57:06.473591202,High,IT Support,Network,Closed
TCK-5803,2025-04-10 11:41:12.367236,2025-04-10 14:19:32.423739090,Medium,DevOps,Hardware,Resolved
TCK-5804,2025-04-10 11:41:12.367236,2025-04-11 03:42:30.157164792,Low,Operations,Network,Closed
TCK-5805,2025-04-10 13:42:10.693069,2025-04-11 04:48:03.450745477,Low,IT Support,Access Control,Resolved
TCK-5806,2025-04-10 15:12:54.437443,2025-04-13 06:56:47.793526635,Low,DevOps,Network,Closed
TCK-5807,2025-04-10 17:13:52.763276,2025-04-12 07:54:40.843069031,Low,IT Support,Software,Resolved
TCK-5808,2025-04-10 17:44:07.344734,2025-04-12 22:07:29.937654089,Unassigned,DevOps,Network,Closed
TCK-5809,2025-04-10 17:44:07.344734,2025-04-10 19:54:21.553155594,Medium,IT Support,Hardware,Resolved
TCK-5810,2025-04-10 19:14:51.089108,2025-04-12 07:43:00.976802302,Low,Finance,Access Control,Closed
TCK-5811,2025-04-10 19:14:51.089108,2025-04-10 21:44:07.576419836,Medium,IT Support,Access Control,Closed
TCK-5812,2025-04-10 19:45:05.670567,2025-04-11 13:47:28.790982882,Low,Operations,Hardware,Resolved
TCK-5813,2025-04-10 19:45:05.670567,2025-04-11 18:40:11.937498872,Medium,IT Support,Access Control,Resolved
TCK-5814,2025-04-10 21:46:03.996399,2025-04-11 00:55:27.970644111,Medium,HR,Network,Resolved
TCK-5815,2025-04-10 21:46:03.996399,2025-04-11 15:47:38.975728442,Low,DevOps,Access Control,Closed
TCK-5816,2025-04-10 21:46:03.996399,2025-04-10 22:44:15.851109029,Low,HR,Network,Closed
TCK-5817,2025-04-10 21:46:03.996399,2025-04-11 04:00:56.143974196,Medium,IT Support,Access Control,Closed
TCK-5818,2025-04-10 22:16:18.577857,2025-04-12 19:59:51.034832458,Medium,Finance,Network,Closed
TCK-5819,2025-04-10 22:16:18.577857,2025-04-11 01:39:48.031520633,Medium,DevOps,Network,Closed
TCK-5820,2025-04-10 22:46:33.159315,2025-04-10 23:59:27.000773517,High,HR,Hardware,Closed
TCK-5821,2025-04-10 23:16:47.740774,2025-04-11 09:50:07.003445527,Medium,IT Support,Hardware,Closed
TCK-5822,2025-04-10 23:16:47.740774,2025-04-12 09:30:08.733736959,Medium,HR,Email,Closed
TCK-5823,2025-04-10 23:16:47.740774,2025-04-11 00:42:56.911834780,Unassigned,Operations,Hardware,Closed
TCK-5824,2025-04-10 23:47:02.322232,2025-04-11 07:41:31.251645790,Low,IT Support,Network,Closed
TCK-5825,2025-04-10 23:47:02.322232,2025-04-12 17:11:24.093072593,Low,HR,Network,Closed
TCK-5826,2025-04-11 00:47:31.485148,2025-04-11 03:03:19.411163843,Critical,Finance,Access Control,Closed
TCK-5827,2025-04-11 00:47:31.485148,2025-04-11 07:29:19.223559422,High,IT Support,Access Control,Closed
TCK-5828,2025-04-11 00:47:31.485148,2025-04-12 03:55:03.422430554,Low,IT Support,Email,Closed
TCK-5829,2025-04-11 01:48:00.648064,2025-04-11 15:54:13.630096110,Critical,Operations,Network,Closed
TCK-5830,2025-04-11 01:48:00.648064,2025-04-12 09:56:38.948950501,Low,IT Support,Email,Closed
TCK-5831,2025-04-11 02:18:15.229522,2025-04-11 04:26:02.884006440,High,DevOps,Network,Closed
TCK-5832,2025-04-11 03:48:58.973897,2025-04-13 01:24:16.630806832,Low,DevOps,Hardware,Closed
TCK-5833,2025-04-11 03:48:58.973897,2025-04-13 04:59:33.346412187,Low,IT Support,Access Control,Closed
TCK-5834,2025-04-11 05:49:57.299729,2025-04-11 08:52:14.837186679,Medium,IT Support,Email,Resolved
TCK-5835,2025-04-11 06:20:11.881188,2025-04-11 06:57:25.053407098,Critical,Operations,Software,Resolved
TCK-5836,2025-04-11 06:50:26.462646,2025-04-14 17:27:01.712319523,High,DevOps,Network,Closed
TCK-5837,2025-04-11 07:20:41.044104,2025-04-11 19:11:36.671452165,Unassigned,IT Support,Hardware,Closed
TCK-5838,2025-04-11 07:50:55.625562,2025-04-11 23:07:38.401884016,Medium,IT Support,Software,Closed
TCK-5839,2025-04-11 07:50:55.625562,2025-04-12 01:04:20.456032429,Medium,Finance,Hardware,Closed
TCK-5840,2025-04-11 07:50:55.625562,2025-04-12 11:54:43.377406505,Low,HR,Hardware,Closed
TCK-5841,2025-04-11 08:21:10.207020,2025-04-12 14:26:07.163199851,Low,Finance,Network,Closed
TCK-5842,2025-04-11 09:21:39.369936,2025-04-11 13:14:28.874036428,Medium,Operations,Hardware,Closed
TCK-5843,2025-04-11 09:21:39.369936,2025-04-11 14:13:16.748067421,High,HR,Email,Closed
TCK-5844,2025-04-11 09:21:39.369936,2025-04-12 23:03:24.460199810,High,Operations,Software,Resolved
TCK-5845,2025-04-11 09:21:39.369936,2025-04-12 16:10:44.878076816,Low,DevOps,Hardware,Closed
TCK-5846,2025-04-11 09:21:39.369936,2025-04-12 02:39:54.123078895,High,IT Support,Hardware,Closed
TCK-5847,2025-04-11 09:21:39.369936,2025-04-15 07:40:44.229968724,High,DevOps,Access Control,Closed
TCK-5848,2025-04-11 09:51:53.951395,2025-04-12 09:46:54.995771311,Medium,Finance,Access Control,Closed
TCK-5849,2025-04-11 10:22:08.532853,2025-04-11 14:44:43.880202920,Medium,IT Support,Email,Closed
TCK-5850,2025-04-11 10:22:08.532853,2025-04-12 20:07:08.123479283,Medium,IT Support,Access Control,Closed
TCK-5851,2025-04-11 11:22:37.695769,2025-04-11 21:01:10.181248392,Unassigned,Finance,Hardware,Closed
TCK-5852,2025-04-11 11:22:37.695769,2025-04-11 12:02:23.784597821,Low,Finance,Hardware,Closed
TCK-5853,2025-04-11 11:22:37.695769,2025-04-11 18:21:24.205680084,Medium,Operations,Software,Resolved
TCK-5854,2025-04-11 11:22:37.695769,2025-04-12 13:20:00.833409454,Low,Operations,Access Control,Resolved
TCK-5855,2025-04-11 11:22:37.695769,2025-04-13 21:24:35.768891735,High,IT Support,Network,Closed
TCK-5856,2025-04-11 13:23:36.021602,2025-04-11 19:12:36.292239840,Low,DevOps,Access Control,Resolved
TCK-5857,2025-04-11 14:24:05.184518,2025-04-11 19:29:46.690118108,Medium,IT Support,Hardware,Resolved
TCK-5858,2025-04-11 14:24:05.184518,2025-04-12 05:19:39.549742422,High,IT Support,Software,Closed
TCK-5859,2025-04-11 15:24:34.347434,2025-04-12 21:27:46.588081323,Medium,IT Support,Access Control,Closed
TCK-5860,2025-04-11 15:54:48.928892,2025-04-12 16:37:06.460477600,Medium,Finance,Software,Closed
TCK-5861,2025-04-11 16:55:18.091809,2025-04-12 07:41:51.579334112,Low,IT Support,Access Control,Closed
TCK-5862,2025-04-11 16:55:18.091809,2025-04-12 10:53:09.479405622,Low,HR,Email,Closed
TCK-5863,2025-04-11 16:55:18.091809,2025-04-11 21:54:40.810726119,Unassigned,IT Support,Hardware,Closed
TCK-5864,2025-04-11 17:25:32.673267,2025-04-12 03:37:31.295292751,Medium,IT Support,Hardware,Closed
TCK-5865,2025-04-11 17:25:32.673267,2025-04-11 22:43:59.727946090,High,Operations,Network,Resolved
TCK-5866,2025-04-11 17:55:47.254725,2025-04-13 08:46:11.063486708,Medium,Operations,Hardware,Resolved
TCK-5867,2025-04-11 18:26:01.836183,2025-04-11 20:34:59.486005200,Low,DevOps,Network,Closed
TCK-5868,2025-04-11 18:26:01.836183,2025-04-12 14:55:44.661985392,Low,Finance,Hardware,Closed
TCK-5869,2025-04-11 18:56:16.417641,2025-04-12 00:21:52.831286745,Low,DevOps,Access Control,Resolved
TCK-5870,2025-04-11 20:57:14.743474,2025-04-12 08:34:20.386213287,High,DevOps,Access Control,Closed
TCK-5871,2025-04-11 21:27:29.324932,2025-04-12 03:51:47.524315840,Medium,DevOps,Email,Closed
TCK-5872,2025-04-11 21:27:29.324932,2025-04-12 04:29:10.253645383,Medium,IT Support,Access Control,Resolved
TCK-5873,2025-04-11 21:57:43.906390,2025-04-12 03:23:29.940790532,High,IT Support,Software,Closed
TCK-5874,2025-04-11 22:27:58.487848,2025-04-12 23:37:18.361725834,Medium,IT Support,Access Control,Resolved
TCK-5875,2025-04-11 22:27:58.487848,2025-04-12 06:39:39.222457641,Critical,HR,Network,Closed
TCK-5876,2025-04-11 23:28:27.650765,2025-04-12 22:48:03.979991012,Low,IT Support,Email,Closed
TCK-5877,2025-04-11 23:58:42.232223,2025-04-12 10:56:21.193549668,Unassigned,DevOps,Software,Closed
TCK-5878,2025-04-12 00:28:56.813681,2025-04-12 14:44:44.751015479,High,DevOps,Software,Closed
TCK-5879,2025-04-12 00:59:11.395139,2025-04-12 15:05:35.228733914,Medium,IT Support,Hardware,Closed
TCK-5880,2025-04-12 00:59:11.395139,2025-04-14 20:00:37.888983572,Medium,IT Support,Network,Closed
TCK-5881,2025-04-12 01:59:40.558055,2025-04-12 10:13:39.010663945,High,Finance,Access Control,Closed
TCK-5882,2025-04-12 02:29:55.139513,2025-04-12 06:41:20.261814638,Medium,IT Support,Access Control,Resolved
TCK-5883,2025-04-12 03:00:09.720972,2025-04-13 22:42:27.810754031,Low,IT Support,Hardware,Resolved
TCK-5884,2025-04-12 03:00:09.720972,2025-04-12 06:27:42.797751131,Critical,DevOps,Access Control,Closed
TCK-5885,2025-04-12 03:00:09.720972,2025-04-13 11:22:20.727666535,Medium,HR,Software,Resolved
TCK-5886,2025-04-12 04:00:38.883888,2025-04-12 06:56:26.495209842,Medium,Operations,Access Control,Resolved
TCK-5887,2025-04-12 04:30:53.465346,2025-04-12 23:51:57.659477786,Low,DevOps,Access Control,Resolved
TCK-5888,2025-04-12 05:31:22.628262,2025-04-12 08:27:35.097073319,Low,Operations,Software,Closed
TCK-5889,2025-04-12 05:31:22.628262,2025-04-14 03:41:38.841186184,High,IT Support,Network,Closed
TCK-5890,2025-04-12 06:01:37.209720,2025-04-12 21:00:38.562824905,Medium,IT Support,Network,Closed
TCK-5891,2025-04-12 07:02:06.372637,2025-04-12 14:13:27.125307143,Unassigned,IT Support,Software,Closed
TCK-5892,2025-04-12 08:02:35.535553,2025-04-12 10:45:53.184091153,Medium,IT Support,Software,Resolved
TCK-5893,2025-04-12 09:03:04.698469,2025-04-12 17:24:07.342435905,Critical,HR,Email,Closed
TCK-5894,2025-04-12 10:33:48.442844,2025-04-13 08:32:19.382860329,Low,DevOps,Email,Closed
TCK-5895,2025-04-12 11:04:03.024302,2025-04-12 19:48:59.268476025,Low,Operations,Access Control,Closed
TCK-5896,2025-04-12 12:04:32.187218,2025-04-12 17:09:37.394565051,Medium,Operations,Access Control,Closed
TCK-5897,2025-04-12 12:04:32.187218,2025-04-13 03:34:47.766464642,Low,HR,Email,Closed
TCK-5898,2025-04-12 13:05:01.350135,2025-04-12 22:49:16.775293265,Medium,Finance,Access Control,Closed
TCK-5899,2025-04-12 14:05:30.513051,2025-04-12 17:21:18.077362549,High,IT Support,Network,Closed
TCK-5900,2025-04-12 14:05:30.513051,2025-04-12 17:06:06.480739446,Medium,HR,Network,Closed
TCK-5901,2025-04-12 14:35:45.094509,2025-04-13 12:43:14.706106003,Low,Operations,Hardware,Resolved
TCK-5902,2025-04-12 15:05:59.675967,2025-04-15 09:15:54.150127514,Low,IT Support,Email,Resolved
TCK-5903,2025-04-12 16:06:28.838883,2025-04-12 20:53:06.184297254,Low,Finance,Network,Closed
TCK-5904,2025-04-12 16:06:28.838883,2025-04-13 18:48:37.053692028,High,Operations,Hardware,Closed
TCK-5905,2025-04-12 16:06:28.838883,2025-04-12 17:45:29.970802171,Low,IT Support,Software,Closed
TCK-5906,2025-04-12 18:07:27.164716,2025-04-13 02:46:28.803260523,Critical,Operations,Network,Resolved
TCK-5907,2025-04-12 18:37:41.746174,2025-04-13 07:20:50.317487000,Medium,IT Support,Hardware,Resolved
TCK-5908,2025-04-12 18:37:41.746174,2025-04-13 00:15:43.867732500,High,Operations,Access Control,Closed
TCK-5909,2025-04-12 18:37:41.746174,2025-04-13 08:12:09.110986299,Medium,HR,Hardware,Resolved
TCK-5910,2025-04-12 20:08:25.490549,2025-04-14 10:42:05.964997840,Unassigned,IT Support,Network,Resolved
TCK-5911,2025-04-12 22:09:23.816381,2025-04-15 02:10:52.346024584,Medium,IT Support,Access Control,Closed
TCK-5912,2025-04-12 22:09:23.816381,2025-04-13 00:03:51.290923535,Medium,DevOps,Access Control,Closed
TCK-5913,2025-04-12 22:39:38.397839,2025-04-13 04:22:15.719876348,Low,Operations,Hardware,Closed
TCK-5914,2025-04-12 23:09:52.979297,2025-04-15 20:49:05.021829359,High,Finance,Hardware,Closed
TCK-5915,2025-04-13 00:10:22.142214,2025-04-13 05:50:52.550215426,Medium,Operations,Network,Closed
TCK-5916,2025-04-13 00:10:22.142214,2025-04-13 21:24:43.208837763,Low,DevOps,Access Control,Closed
TCK-5917,2025-04-13 00:40:36.723672,2025-04-13 05:56:17.610286682,Low,IT Support,Email,Resolved
TCK-5918,2025-04-13 01:10:51.305130,2025-04-13 09:06:43.766610800,Low,DevOps,Hardware,Resolved
TCK-5919,2025-04-13 01:10:51.305130,2025-04-13 05:00:08.427856884,Medium,IT Support,Email,Closed
TCK-5920,2025-04-13 03:42:04.212421,2025-04-14 14:37:18.080852880,Medium,HR,Email,Closed
TCK-5921,2025-04-13 03:42:04.212421,2025-04-14 18:16:03.644125978,Medium,IT Support,Access Control,Resolved
TCK-5922,2025-04-13 04:12:18.793879,2025-04-13 10:32:46.145165278,High,IT Support,Network,Resolved
TCK-5923,2025-04-13 05:12:47.956795,2025-04-14 12:26:32.292417576,Medium,Finance,Email,Closed
TCK-5924,2025-04-13 05:43:02.538253,2025-04-13 13:42:04.153688320,Low,IT Support,Network,Closed
TCK-5925,2025-04-13 05:43:02.538253,2025-04-13 07:35:39.336549423,Low,Finance,Hardware,Resolved
TCK-5926,2025-04-13 06:13:17.119711,2025-04-14 07:45:56.957159348,High,Operations,Access Control,Closed
TCK-5927,2025-04-13 06:13:17.119711,2025-04-13 22:33:19.593813236,Low,IT Support,Software,Closed
TCK-5928,2025-04-13 06:13:17.119711,2025-04-13 11:59:40.565290661,High,DevOps,Access Control,Resolved
TCK-5929,2025-04-13 08:14:15.445544,2025-04-13 13:29:16.941115624,Low,Finance,Software,Resolved
TCK-5930,2025-04-13 08:14:15.445544,2025-04-16 03:05:31.096262685,Medium,IT Support,Hardware,Closed
TCK-5931,2025-04-13 08:14:15.445544,2025-04-14 19:57:07.648339915,Medium,DevOps,Network,Resolved
TCK-5932,2025-04-13 09:14:44.608460,2025-04-14 15:07:11.246840985,Low,IT Support,Hardware,Closed
TCK-5933,2025-04-13 09:14:44.608460,2025-04-13 11:42:41.311845382,Medium,IT Support,Access Control,Closed
TCK-5934,2025-04-13 09:14:44.608460,2025-04-14 10:34:35.169562899,Medium,IT Support,Software,Closed
TCK-5935,2025-04-13 09:14:44.608460,2025-04-13 13:35:32.903021569,High,Finance,Software,Resolved
TCK-5936,2025-04-13 09:44:59.189918,2025-04-16 05:57:26.883162208,High,HR,Access Control,Closed
TCK-5937,2025-04-13 09:44:59.189918,2025-04-13 10:42:45.656929066,Low,IT Support,Access Control,Closed
TCK-5938,2025-04-13 11:15:42.934293,2025-04-13 19:04:31.209083410,Medium,IT Support,Hardware,Closed
TCK-5939,2025-04-13 12:46:26.678667,2025-04-13 22:50:58.447448930,Low,DevOps,Email,Closed
TCK-5940,2025-04-13 13:16:41.260126,2025-04-14 20:34:11.190772494,Medium,Operations,Software,Closed
TCK-5941,2025-04-13 14:47:25.004500,2025-04-14 16:57:04.471146233,Low,Finance,Access Control,Resolved
TCK-5942,2025-04-13 14:47:25.004500,2025-04-13 23:15:00.425268303,Medium,IT Support,Hardware,Closed
TCK-5943,2025-04-13 15:17:39.585958,2025-04-14 06:18:03.223424848,Low,IT Support,Email,Closed
TCK-5944,2025-04-13 15:17:39.585958,2025-04-14 23:47:31.020874970,Medium,Operations,Network,Closed
TCK-5945,2025-04-13 15:17:39.585958,2025-04-13 15:37:29.783236286,Medium,IT Support,Access Control,Closed
TCK-5946,2025-04-13 15:47:54.167416,2025-04-14 20:57:55.319252280,High,IT Support,Email,Resolved
TCK-5947,2025-04-13 15:47:54.167416,2025-04-15 20:38:14.794295052,Medium,HR,Network,Resolved
TCK-5948,2025-04-13 16:48:23.330333,2025-04-13 17:23:35.152506265,High,DevOps,Network,Closed
TCK-5949,2025-04-13 16:48:23.330333,2025-04-13 17:38:46.411494629,Low,HR,Hardware,Resolved
TCK-5950,2025-04-13 17:18:37.911791,2025-04-14 00:54:48.028368157,Low,IT Support,Software,Closed
TCK-5951,2025-04-13 17:48:52.493249,2025-04-13 19:28:05.192937665,Unassigned,DevOps,Access Control,Resolved
TCK-5952,2025-04-13 18:19:07.074707,2025-04-14 06:03:51.360998266,Medium,Finance,Email,Resolved
TCK-5953,2025-04-13 18:19:07.074707,2025-04-14 17:48:03.174734513,Medium,DevOps,Network,Closed
TCK-5954,2025-04-13 18:19:07.074707,2025-04-14 09:22:50.733926655,Low,IT Support,Software,Closed
TCK-5955,2025-04-13 19:19:36.237623,2025-04-13 23:15:47.566993705,Low,DevOps,Network,Resolved
TCK-5956,2025-04-13 19:19:36.237623,2025-04-14 14:28:21.668389798,Critical,HR,Access Control,Closed
TCK-5957,2025-04-13 20:20:05.400540,2025-04-14 17:07:11.306822959,Medium,Finance,Access Control,Closed
TCK-5958,2025-04-13 20:20:05.400540,2025-04-15 20:50:30.212492098,Medium,Finance,Hardware,Closed
TCK-5959,2025-04-13 20:20:05.400540,2025-04-13 23:11:32.896644723,Critical,IT Support,Access Control,Closed
TCK-5960,2025-04-13 20:50:19.981998,2025-04-14 18:03:22.822368381,Medium,IT Support,Access Control,Resolved
TCK-5961,2025-04-13 23:51:47.470747,2025-04-15 19:29:38.178752813,High,IT Support,Access Control,Closed
TCK-5962,2025-04-14 00:52:16.633663,2025-04-14 13:24:15.602972667,Medium,HR,Software,Resolved
TCK-5963,2025-04-14 01:52:45.796579,2025-04-14 09:57:47.675094663,Medium,HR,Email,Closed
TCK-5964,2025-04-14 02:23:00.378037,2025-04-14 05:45:13.075868828,Low,DevOps,Email,Closed
TCK-5965,2025-04-14 02:53:14.959495,2025-04-15 15:10:19.128416243,High,IT Support,Access Control,Resolved
TCK-5966,2025-04-14 03:23:29.540954,2025-04-14 12:24:52.610324069,Low,Operations,Email,Closed
TCK-5967,2025-04-14 03:23:29.540954,2025-04-16 01:59:17.363775906,High,IT Support,Access Control,Closed
TCK-5968,2025-04-14 03:23:29.540954,2025-04-15 13:16:21.665796527,Low,HR,Email,Closed
TCK-5969,2025-04-14 03:53:44.122412,2025-04-14 12:24:10.600858237,Low,IT Support,Email,Closed
TCK-5970,2025-04-14 05:54:42.448244,2025-04-14 21:16:04.287299095,Critical,DevOps,Network,Closed
TCK-5971,2025-04-14 05:54:42.448244,2025-04-14 06:24:27.693328300,Medium,DevOps,Software,Closed
TCK-5972,2025-04-14 06:24:57.029702,2025-04-14 11:54:51.345920048,Low,Operations,Network,Resolved
TCK-5973,2025-04-14 06:24:57.029702,2025-04-15 04:42:52.284212151,Critical,IT Support,Network,Resolved
TCK-5974,2025-04-14 06:24:57.029702,2025-04-15 02:48:30.712649513,Medium,IT Support,Email,Closed
TCK-5975,2025-04-14 07:55:40.774077,2025-04-14 15:46:32.289898084,Low,DevOps,Hardware,Closed
TCK-5976,2025-04-14 07:55:40.774077,2025-04-15 13:41:23.152438829,Medium,DevOps,Hardware,Closed
TCK-5977,2025-04-14 07:55:40.774077,2025-04-14 12:46:10.219363180,Medium,Operations,Software,Resolved
TCK-5978,2025-04-14 07:55:40.774077,2025-04-14 19:03:42.279533382,Medium,IT Support,Access Control,Closed
TCK-5979,2025-04-14 07:55:40.774077,2025-04-14 19:26:31.033141569,Critical,DevOps,Email,Closed
TCK-5980,2025-04-14 08:56:09.936993,2025-04-14 16:26:15.579275239,Low,IT Support,Software,Closed
TCK-5981,2025-04-14 08:56:09.936993,2025-04-16 16:37:21.710394409,Low,HR,Network,Closed
TCK-5982,2025-04-14 08:56:09.936993,2025-04-15 06:24:35.055451491,Low,IT Support,Email,Closed
TCK-5983,2025-04-14 09:56:39.099909,2025-04-14 23:53:25.474229578,Low,DevOps,Network,Closed
TCK-5984,2025-04-14 10:26:53.681368,2025-04-14 23:18:26.908403635,Medium,Finance,Software,Resolved
TCK-5985,2025-04-14 10:57:08.262826,2025-04-14 14:04:32.083614234,High,IT Support,Hardware,Closed
TCK-5986,2025-04-14 10:57:08.262826,2025-04-14 19:19:53.489907536,Medium,IT Support,Software,Closed
TCK-5987,2025-04-14 10:57:08.262826,2025-04-15 07:03:36.480275075,Low,HR,Email,Resolved
TCK-5988,2025-04-14 11:27:22.844284,2025-04-16 09:58:41.886303131,High,IT Support,Email,Resolved
TCK-5989,2025-04-14 11:27:22.844284,2025-04-15 17:58:21.185317859,Medium,IT Support,Access Control,Closed
TCK-5990,2025-04-14 11:57:37.425742,2025-04-14 18:23:26.056869514,Medium,IT Support,Hardware,Resolved
TCK-5991,2025-04-14 11:57:37.425742,2025-04-14 22:12:14.105920668,Low,DevOps,Email,Closed
TCK-5992,2025-04-14 13:28:21.170117,2025-04-14 15:01:50.119838555,Low,HR,Hardware,Resolved
TCK-5993,2025-04-14 13:28:21.170117,2025-04-14 15:24:45.127853972,Low,IT Support,Email,Resolved
TCK-5994,2025-04-14 13:28:21.170117,2025-04-15 00:54:29.456365635,Low,Operations,Hardware,Resolved
TCK-5995,2025-04-14 13:28:21.170117,2025-04-15 03:04:16.890772522,Medium,IT Support,Software,Closed
TCK-5996,2025-04-14 13:58:35.751575,2025-04-14 19:29:40.967602727,Low,DevOps,Hardware,Closed
TCK-5997,2025-04-14 14:28:50.333033,2025-04-15 09:00:36.163800139,Low,HR,Network,Closed
TCK-5998,2025-04-14 14:28:50.333033,2025-04-15 12:21:22.144465229,Medium,Operations,Software,Closed
TCK-5999,2025-04-14 14:59:04.914491,2025-04-14 21:22:55.681511837,High,HR,Email,Closed
TCK-6000,2025-04-14 16:29:48.658865,2025-04-15 18:04:01.864411191,High,DevOps,Email,Closed
TCK-6001,2025-04-14 17:00:03.240324,2025-04-14 21:08:38.538749244,Low,IT Support,Access Control,Closed
TCK-6002,2025-04-14 17:00:03.240324,2025-04-15 07:08:43.980229198,Low,Operations,Network,Resolved
TCK-6003,2025-04-14 17:00:03.240324,2025-04-15 22:21:36.952161255,High,IT Support,Access Control,Resolved
TCK-6004,2025-04-14 17:30:17.821782,2025-04-15 07:21:56.922370818,Medium,Finance,Software,Closed
TCK-6005,2025-04-14 17:30:17.821782,2025-04-16 12:26:42.210257715,High,IT Support,Access Control,Resolved
TCK-6006,2025-04-14 17:30:17.821782,2025-04-14 18:35:24.110957649,Low,Operations,Software,Closed
TCK-6007,2025-04-14 18:00:32.403240,2025-04-15 09:59:02.013197233,Low,DevOps,Access Control,Closed
TCK-6008,2025-04-14 18:30:46.984698,2025-04-15 09:21:45.571856361,High,IT Support,Hardware,Closed
TCK-6009,2025-04-14 19:01:01.566156,2025-04-15 14:27:15.807490645,High,IT Support,Software,Closed
TCK-6010,2025-04-14 19:01:01.566156,2025-04-16 03:16:36.164944836,Medium,HR,Software,Closed
TCK-6011,2025-04-14 19:31:16.147614,2025-04-15 18:48:53.252691926,Unassigned,IT Support,Hardware,Closed
TCK-6012,2025-04-14 19:31:16.147614,2025-04-15 23:38:13.424543132,Medium,IT Support,Hardware,Closed
TCK-6013,2025-04-14 19:31:16.147614,2025-04-15 01:39:21.614914347,Critical,Operations,Network,Resolved
TCK-6014,2025-04-14 20:01:30.729072,2025-04-15 04:50:55.822345188,Medium,DevOps,Hardware,Closed
TCK-6015,2025-04-14 20:01:30.729072,2025-04-15 13:45:56.255608338,Medium,Operations,Access Control,Closed
TCK-6016,2025-04-14 20:31:45.310531,2025-04-15 11:02:28.988177253,Medium,HR,Hardware,Closed
TCK-6017,2025-04-14 20:31:45.310531,2025-04-17 06:58:21.880453876,Low,DevOps,Hardware,Resolved
TCK-6018,2025-04-14 20:31:45.310531,2025-04-15 00:15:07.286903665,Low,HR,Software,Closed
TCK-6019,2025-04-14 21:01:59.891989,2025-04-15 04:49:22.194339766,Medium,IT Support,Software,Closed
TCK-6020,2025-04-14 21:01:59.891989,2025-04-15 12:20:25.695726555,Low,Finance,Hardware,Closed
TCK-6021,2025-04-14 21:32:14.473447,2025-04-16 09:58:53.667714109,Medium,HR,Network,Closed
TCK-6022,2025-04-14 23:33:12.799279,2025-04-16 23:15:12.558749848,Medium,Operations,Software,Closed
TCK-6023,2025-04-14 23:33:12.799279,2025-04-15 06:55:30.203706567,Low,HR,Access Control,Closed
TCK-6024,2025-04-15 00:33:41.962196,2025-04-15 01:48:43.380716219,Medium,DevOps,Access Control,Closed
TCK-6025,2025-04-15 02:04:25.706570,2025-04-15 11:55:45.240036051,Low,DevOps,Hardware,Closed
TCK-6026,2025-04-15 02:34:40.288028,2025-04-15 11:36:13.816936266,Low,HR,Hardware,Closed
TCK-6027,2025-04-15 03:04:54.869486,2025-04-18 08:33:21.075722061,High,HR,Network,Resolved
TCK-6028,2025-04-15 03:04:54.869486,2025-04-15 13:14:00.934553289,Medium,IT Support,Hardware,Closed
TCK-6029,2025-04-15 03:04:54.869486,2025-04-15 09:38:59.369641465,Low,IT Support,Email,Closed
TCK-6030,2025-04-15 04:35:38.613861,2025-04-15 12:46:44.777489688,Low,DevOps,Email,Closed
TCK-6031,2025-04-15 05:05:53.195319,2025-04-15 14:12:03.581451118,Medium,Operations,Hardware,Closed
TCK-6032,2025-04-15 06:06:22.358235,2025-04-16 13:07:38.220367910,Low,IT Support,Email,Closed
TCK-6033,2025-04-15 07:06:51.521152,2025-04-15 08:38:06.172624664,Unassigned,Operations,Access Control,Resolved
TCK-6034,2025-04-15 07:37:06.102610,2025-04-15 14:28:05.025648727,High,IT Support,Hardware,Resolved
TCK-6035,2025-04-15 07:37:06.102610,2025-04-17 20:39:10.351725147,Low,Finance,Access Control,Closed
TCK-6036,2025-04-15 08:07:20.684068,2025-04-15 11:06:48.863768863,High,IT Support,Access Control,Closed
TCK-6037,2025-04-15 08:07:20.684068,2025-04-16 08:33:02.650913916,Medium,IT Support,Email,Closed
TCK-6038,2025-04-15 08:07:20.684068,2025-04-15 16:03:15.955326579,Medium,IT Support,Network,Closed
TCK-6039,2025-04-15 09:07:49.846984,2025-04-16 00:49:19.952190562,Low,HR,Access Control,Closed
TCK-6040,2025-04-15 09:38:04.428442,2025-04-15 11:31:19.256797299,Low,IT Support,Email,Resolved
TCK-6041,2025-04-15 10:38:33.591359,2025-04-15 17:13:42.399905599,High,IT Support,Network,Resolved
TCK-6042,2025-04-15 11:39:02.754275,2025-04-16 00:09:30.885083377,Medium,IT Support,Email,Resolved
TCK-6043,2025-04-15 11:39:02.754275,2025-04-15 16:23:42.469599561,Medium,IT Support,Email,Resolved
TCK-6044,2025-04-15 12:09:17.335733,2025-04-16 02:12:20.356222389,Low,IT Support,Hardware,Closed
TCK-6045,2025-04-15 12:09:17.335733,2025-04-15 16:37:17.639452825,Critical,Finance,Software,Closed
TCK-6046,2025-04-15 12:09:17.335733,2025-04-16 07:03:24.428680256,Medium,DevOps,Network,Closed
TCK-6047,2025-04-15 12:09:17.335733,2025-04-17 06:24:09.737173457,Medium,IT Support,Email,Resolved
TCK-6048,2025-04-15 13:40:01.080108,2025-04-15 15:16:31.957136597,Low,IT Support,Access Control,Closed
TCK-6049,2025-04-15 13:40:01.080108,2025-04-15 18:03:40.854924902,Critical,DevOps,Access Control,Closed
TCK-6050,2025-04-15 14:10:15.661566,2025-04-16 23:39:43.492071477,Medium,IT Support,Software,Closed
TCK-6051,2025-04-15 17:11:43.150315,2025-04-16 11:10:03.340271823,Low,DevOps,Network,Closed
TCK-6052,2025-04-15 17:41:57.731773,2025-04-15 19:10:29.986640583,Medium,IT Support,Hardware,Closed
TCK-6053,2025-04-15 17:41:57.731773,2025-04-16 05:41:28.360314675,High,IT Support,Network,Resolved
TCK-6054,2025-04-15 17:41:57.731773,2025-04-15 21:56:12.734129343,Medium,IT Support,Access Control,Closed
TCK-6055,2025-04-15 18:12:12.313231,2025-04-15 22:11:58.864580235,Medium,IT Support,Access Control,Closed
TCK-6056,2025-04-15 20:13:10.639063,2025-04-17 23:03:20.399646071,Medium,DevOps,Hardware,Resolved
TCK-6057,2025-04-15 20:13:10.639063,2025-04-16 22:01:25.339349026,High,IT Support,Hardware,Closed
TCK-6058,2025-04-15 20:13:10.639063,2025-04-16 17:39:58.957571478,Medium,Operations,Access Control,Resolved
TCK-6059,2025-04-15 21:13:39.801980,2025-04-16 02:08:32.041446742,Medium,IT Support,Email,Closed
TCK-6060,2025-04-15 21:13:39.801980,2025-04-15 23:29:58.442304532,Medium,Operations,Email,Resolved
TCK-6061,2025-04-15 21:13:39.801980,2025-04-17 10:04:02.476144513,Low,IT Support,Hardware,Resolved
TCK-6062,2025-04-15 21:43:54.383438,2025-04-15 21:50:16.503987577,Critical,IT Support,Email,Resolved
TCK-6063,2025-04-15 22:14:08.964896,2025-04-16 07:04:37.465439956,Medium,Finance,Hardware,Closed
TCK-6064,2025-04-15 22:44:23.546354,2025-04-16 04:35:36.090633581,Medium,IT Support,Network,Closed
TCK-6065,2025-04-15 22:44:23.546354,2025-04-16 13:56:49.524240946,Low,DevOps,Network,Closed
TCK-6066,2025-04-15 23:14:38.127812,2025-04-16 04:26:03.869864150,High,HR,Network,Resolved
TCK-6067,2025-04-16 00:15:07.290729,2025-04-16 06:57:45.515234928,Medium,DevOps,Hardware,Closed
TCK-6068,2025-04-16 01:15:36.453645,2025-04-17 11:24:47.048310395,Low,IT Support,Hardware,Closed
TCK-6069,2025-04-16 01:15:36.453645,2025-04-16 17:53:50.752611983,Critical,Finance,Email,Resolved
TCK-6070,2025-04-16 01:15:36.453645,2025-04-16 04:05:39.369580808,Low,Finance,Email,Closed
TCK-6071,2025-04-16 01:45:51.035103,2025-04-17 01:05:54.490272508,Medium,DevOps,Email,Resolved
TCK-6072,2025-04-16 02:16:05.616561,2025-04-16 06:27:12.348397510,Medium,IT Support,Software,Closed
TCK-6073,2025-04-16 02:46:20.198019,2025-04-16 12:59:08.020659360,Unassigned,Operations,Hardware,Closed
TCK-6074,2025-04-16 03:16:34.779477,2025-04-16 21:59:58.132246690,Low,Operations,Network,Closed
TCK-6075,2025-04-16 03:16:34.779477,2025-04-16 08:59:19.541994808,Medium,Operations,Network,Resolved
TCK-6076,2025-04-16 04:17:03.942394,2025-04-16 13:00:31.318558388,Medium,Finance,Software,Closed
TCK-6077,2025-04-16 04:17:03.942394,2025-04-17 04:07:52.377167641,Low,HR,Software,Closed
TCK-6078,2025-04-16 04:47:18.523852,2025-04-18 06:48:49.756515072,Critical,IT Support,Network,Resolved
TCK-6079,2025-04-16 05:17:33.105310,2025-04-16 18:51:14.566512415,High,Operations,Hardware,Closed
TCK-6080,2025-04-16 05:47:47.686768,2025-04-16 05:58:37.048515596,High,Operations,Network,Closed
TCK-6081,2025-04-16 06:48:16.849684,2025-04-16 14:14:31.594026205,Critical,IT Support,Network,Closed
TCK-6082,2025-04-16 07:18:31.431143,2025-04-16 16:27:45.607325804,High,HR,Software,Resolved
TCK-6083,2025-04-16 07:18:31.431143,2025-04-16 14:45:55.747173172,Medium,Operations,Software,Closed
TCK-6084,2025-04-16 08:19:00.594059,2025-04-16 18:38:02.518431148,Medium,IT Support,Email,Closed
TCK-6085,2025-04-16 08:19:00.594059,2025-04-17 02:20:36.786680251,High,IT Support,Software,Closed
TCK-6086,2025-04-16 08:19:00.594059,2025-04-16 10:38:27.313622200,Medium,Operations,Network,Closed
TCK-6087,2025-04-16 08:49:15.175517,2025-04-16 14:33:02.356207082,Medium,DevOps,Email,Closed
TCK-6088,2025-04-16 10:50:13.501350,2025-04-16 23:35:28.289521291,Medium,Operations,Network,Resolved
TCK-6089,2025-04-16 10:50:13.501350,2025-04-16 17:39:43.959533721,Medium,IT Support,Hardware,Closed
TCK-6090,2025-04-16 12:20:57.245724,2025-04-20 01:18:37.001350455,Unassigned,IT Support,Hardware,Closed
TCK-6091,2025-04-16 12:20:57.245724,2025-04-16 22:30:45.491505333,High,Finance,Software,Closed
TCK-6092,2025-04-16 12:20:57.245724,2025-04-18 01:02:43.518460382,Low,Finance,Email,Resolved
TCK-6093,2025-04-16 13:51:40.990099,2025-04-18 06:41:25.449915894,Medium,IT Support,Access Control,Closed
TCK-6094,2025-04-16 14:52:10.153015,2025-04-17 23:24:44.116373011,Medium,Operations,Hardware,Resolved
TCK-6095,2025-04-16 15:52:39.315931,2025-04-16 16:44:31.893433012,Low,Operations,Hardware,Closed
TCK-6096,2025-04-16 16:53:08.478847,2025-04-18 22:00:55.582700090,Critical,IT Support,Hardware,Closed
TCK-6097,2025-04-16 18:23:52.223222,2025-04-16 20:52:42.815361946,Low,IT Support,Hardware,Closed
TCK-6098,2025-04-16 18:54:06.804680,2025-04-16 19:31:55.411607127,Medium,IT Support,Software,Closed
TCK-6099,2025-04-16 18:54:06.804680,2025-04-17 04:31:59.108606256,Unassigned,HR,Email,Closed
TCK-6100,2025-04-16 19:54:35.967596,2025-04-16 23:48:22.477565185,High,IT Support,Hardware,Closed
TCK-6101,2025-04-16 20:55:05.130513,2025-04-17 00:34:57.231036452,Medium,HR,Software,Resolved
TCK-6102,2025-04-16 20:55:05.130513,2025-04-17 03:01:39.808801275,Unassigned,HR,Email,Closed
TCK-6103,2025-04-16 21:55:34.293429,2025-04-17 03:03:58.482234665,High,Operations,Email,Closed
TCK-6104,2025-04-16 21:55:34.293429,2025-04-17 18:42:28.053473348,Unassigned,IT Support,Access Control,Closed
TCK-6105,2025-04-16 23:56:32.619261,2025-04-17 03:39:50.038141488,Medium,Finance,Network,Closed
TCK-6106,2025-04-16 23:56:32.619261,2025-04-17 14:02:32.454784675,Medium,DevOps,Hardware,Closed
TCK-6107,2025-04-17 00:26:47.200720,2025-04-20 05:50:23.828399485,High,Finance,Software,Closed
TCK-6108,2025-04-17 01:57:30.945094,2025-04-17 12:09:07.662238741,Low,Operations,Email,Closed
TCK-6109,2025-04-17 01:57:30.945094,2025-04-17 20:26:31.985705846,High,Finance,Access Control,Closed
TCK-6110,2025-04-17 01:57:30.945094,2025-04-19 16:42:12.737758484,Unassigned,Operations,Network,Resolved
TCK-6111,2025-04-17 02:27:45.526552,2025-04-17 05:07:41.194805817,Medium,IT Support,Email,Closed
TCK-6112,2025-04-17 02:27:45.526552,2025-04-17 12:13:28.403425782,Low,Finance,Email,Closed
TCK-6113,2025-04-17 02:58:00.108010,2025-04-18 13:08:16.653266263,Low,Finance,Hardware,Resolved
TCK-6114,2025-04-17 03:28:14.689468,2025-04-19 03:56:25.086634227,Low,Operations,Network,Closed
TCK-6115,2025-04-17 03:28:14.689468,2025-04-17 20:01:10.880309090,Medium,IT Support,Network,Closed
TCK-6116,2025-04-17 03:58:29.270927,2025-04-17 06:45:40.846539154,Medium,IT Support,Software,Closed
TCK-6117,2025-04-17 04:28:43.852385,2025-04-18 22:11:32.038824983,Unassigned,Finance,Access Control,Closed
TCK-6118,2025-04-17 04:58:58.433843,2025-04-17 08:26:00.677350312,Critical,IT Support,Software,Closed
TCK-6119,2025-04-17 04:58:58.433843,2025-04-17 12:49:00.703145624,Medium,Finance,Access Control,Closed
TCK-6120,2025-04-17 04:58:58.433843,2025-04-17 13:27:27.357567105,High,Operations,Software,Closed
TCK-6121,2025-04-17 05:59:27.596759,2025-04-17 16:39:49.111704293,Medium,Operations,Access Control,Closed
TCK-6122,2025-04-17 06:29:42.178217,2025-04-18 10:36:03.338574234,Low,IT Support,Hardware,Resolved
TCK-6123,2025-04-17 06:59:56.759675,2025-04-18 12:09:46.866415077,Critical,IT Support,Access Control,Closed
TCK-6124,2025-04-17 07:30:11.341134,2025-04-18 06:23:39.740155849,Low,Finance,Software,Resolved
TCK-6125,2025-04-17 08:00:25.922592,2025-04-17 08:24:35.964279888,High,Finance,Network,Resolved
TCK-6126,2025-04-17 08:00:25.922592,2025-04-17 22:59:02.971534429,Medium,DevOps,Email,Closed
TCK-6127,2025-04-17 08:30:40.504050,2025-04-18 09:17:05.789478537,Medium,DevOps,Access Control,Closed
TCK-6128,2025-04-17 09:00:55.085508,2025-04-17 19:36:04.752826536,High,Finance,Access Control,Closed
TCK-6129,2025-04-17 09:00:55.085508,2025-04-19 13:12:07.130770402,Medium,IT Support,Network,Closed
TCK-6130,2025-04-17 10:01:24.248424,2025-04-18 17:16:29.702750451,High,DevOps,Hardware,Closed
TCK-6131,2025-04-17 10:31:38.829882,2025-04-18 04:49:30.590559375,Medium,IT Support,Software,Closed
TCK-6132,2025-04-17 10:31:38.829882,2025-04-17 11:41:15.754954184,Unassigned,IT Support,Hardware,Closed
TCK-6133,2025-04-17 10:31:38.829882,2025-04-18 05:32:43.157054351,Medium,DevOps,Access Control,Closed
TCK-6134,2025-04-17 12:32:37.155715,2025-04-19 08:12:19.442956866,Medium,Finance,Access Control,Resolved
TCK-6135,2025-04-17 13:02:51.737173,2025-04-17 21:38:10.516968723,High,DevOps,Hardware,Closed
TCK-6136,2025-04-17 13:02:51.737173,2025-04-18 21:49:31.068664721,Medium,HR,Software,Closed
TCK-6137,2025-04-17 13:02:51.737173,2025-04-17 19:48:34.218399322,High,IT Support,Access Control,Closed
TCK-6138,2025-04-17 13:33:06.318631,2025-04-18 04:44:51.146851903,High,IT Support,Access Control,Closed
TCK-6139,2025-04-17 13:33:06.318631,2025-04-18 08:22:03.739234836,Medium,Finance,Hardware,Closed
TCK-6140,2025-04-17 14:03:20.900090,2025-04-18 10:27:11.503371715,High,IT Support,Email,Resolved
TCK-6141,2025-04-17 15:03:50.063006,2025-04-19 05:36:54.603178980,Medium,DevOps,Network,Closed
TCK-6142,2025-04-17 15:03:50.063006,2025-04-17 19:52:36.662742318,Low,DevOps,Access Control,Closed
TCK-6143,2025-04-17 15:34:04.644464,2025-04-17 21:02:44.086227588,Medium,HR,Software,Closed
TCK-6144,2025-04-17 16:34:33.807380,2025-04-18 14:29:30.031650593,High,Operations,Email,Resolved
TCK-6145,2025-04-17 18:05:17.551755,2025-04-17 21:35:55.793910086,Low,Operations,Hardware,Resolved
TCK-6146,2025-04-17 18:35:32.133213,2025-04-18 05:49:35.480651830,High,Operations,Hardware,Resolved
TCK-6147,2025-04-17 18:35:32.133213,2025-04-17 18:57:23.542246452,Medium,DevOps,Software,Resolved
TCK-6148,2025-04-17 19:05:46.714671,2025-04-17 21:49:53.871876946,Low,IT Support,Email,Closed
TCK-6149,2025-04-17 19:05:46.714671,2025-04-18 15:32:28.869262804,Medium,HR,Software,Resolved
TCK-6150,2025-04-17 19:05:46.714671,2025-04-18 19:52:03.954742283,Low,DevOps,Access Control,Closed
TCK-6151,2025-04-17 19:36:01.296129,2025-04-17 21:48:21.122743832,Medium,IT Support,Email,Closed
TCK-6152,2025-04-17 19:36:01.296129,2025-04-18 00:15:05.264244058,High,DevOps,Network,Closed
TCK-6153,2025-04-17 19:36:01.296129,2025-04-17 21:28:29.825664865,Low,Finance,Network,Closed
TCK-6154,2025-04-17 20:06:15.877587,2025-04-18 06:19:50.336131830,Medium,IT Support,Software,Resolved
TCK-6155,2025-04-17 20:36:30.459045,2025-04-17 23:02:05.999054856,Medium,Finance,Network,Closed
TCK-6156,2025-04-17 21:06:45.040504,2025-04-18 07:27:45.142531107,Critical,IT Support,Software,Resolved
TCK-6157,2025-04-17 22:07:14.203420,2025-04-18 21:49:44.550889851,High,IT Support,Access Control,Resolved
TCK-6158,2025-04-17 22:37:28.784878,2025-04-18 19:19:33.983735644,Low,Operations,Access Control,Resolved
TCK-6159,2025-04-17 23:07:43.366336,2025-04-18 05:03:11.886951116,Unassigned,HR,Software,Closed
TCK-6160,2025-04-17 23:07:43.366336,2025-04-18 19:17:27.776482390,Medium,Finance,Access Control,Closed
TCK-6161,2025-04-18 00:08:12.529252,2025-04-19 23:25:28.541179900,Medium,IT Support,Network,Resolved
TCK-6162,2025-04-18 01:08:41.692169,2025-04-18 08:49:50.094362159,Low,Finance,Access Control,Closed
TCK-6163,2025-04-18 01:08:41.692169,2025-04-18 08:19:47.502137348,Critical,IT Support,Network,Resolved
TCK-6164,2025-04-18 03:09:40.018001,2025-04-18 18:24:46.443476095,Medium,DevOps,Network,Resolved
TCK-6165,2025-04-18 03:39:54.599459,2025-04-18 08:44:08.915048893,Unassigned,DevOps,Hardware,Closed
TCK-6166,2025-04-18 04:10:09.180918,2025-04-18 23:08:50.643189447,Low,Operations,Access Control,Closed
TCK-6167,2025-04-18 04:40:23.762376,2025-04-19 12:48:34.486021099,Medium,IT Support,Access Control,Closed
TCK-6168,2025-04-18 05:10:38.343834,2025-04-18 16:14:45.477841045,Low,Finance,Software,Resolved
TCK-6169,2025-04-18 05:10:38.343834,2025-04-19 01:39:33.995404751,Medium,DevOps,Software,Closed
TCK-6170,2025-04-18 05:10:38.343834,2025-04-19 00:10:16.833870882,Critical,IT Support,Email,Closed
TCK-6171,2025-04-18 06:41:22.088208,2025-04-18 07:23:57.341423290,Low,IT Support,Network,Closed
TCK-6172,2025-04-18 06:41:22.088208,2025-04-18 10:20:12.243625037,Low,DevOps,Hardware,Closed
TCK-6173,2025-04-18 07:11:36.669666,2025-04-19 23:30:41.673905438,Medium,DevOps,Network,Closed
TCK-6174,2025-04-18 07:11:36.669666,2025-04-20 09:30:20.115188068,Low,HR,Access Control,Closed
TCK-6175,2025-04-18 07:11:36.669666,2025-04-19 10:29:01.770238480,Medium,IT Support,Email,Closed
TCK-6176,2025-04-18 07:41:51.251125,2025-04-20 05:26:37.437163840,Medium,Finance,Network,Closed
TCK-6177,2025-04-18 07:41:51.251125,2025-04-18 14:16:35.491446485,High,HR,Email,Closed
TCK-6178,2025-04-18 08:12:05.832583,2025-04-18 13:19:30.160030760,Low,Finance,Network,Resolved
TCK-6179,2025-04-18 09:12:34.995499,2025-04-18 17:56:22.720208819,High,HR,Access Control,Resolved
TCK-6180,2025-04-18 09:42:49.576957,2025-04-18 10:44:18.791307201,High,Finance,Access Control,Resolved
TCK-6181,2025-04-18 10:13:04.158415,2025-04-19 16:05:55.770738996,Low,DevOps,Network,Closed
TCK-6182,2025-04-18 10:43:18.739873,2025-04-21 13:21:12.173695911,Low,DevOps,Hardware,Closed
TCK-6183,2025-04-18 12:14:02.484248,2025-04-19 19:30:28.449287732,Unassigned,Finance,Access Control,Closed
TCK-6184,2025-04-18 13:14:31.647164,2025-04-19 03:48:55.384168317,Medium,IT Support,Software,Resolved
TCK-6185,2025-04-18 13:44:46.228622,2025-04-18 20:02:43.475549048,Medium,HR,Hardware,Closed
TCK-6186,2025-04-18 13:44:46.228622,2025-04-18 17:42:39.727503769,Low,IT Support,Network,Closed
TCK-6187,2025-04-18 14:45:15.391539,2025-04-18 22:54:07.472834943,Low,HR,Hardware,Resolved
TCK-6188,2025-04-18 14:45:15.391539,2025-04-19 10:32:44.371152357,Medium,Operations,Software,Closed
TCK-6189,2025-04-18 15:45:44.554455,2025-04-19 02:25:39.111454037,Medium,Finance,Access Control,Closed
TCK-6190,2025-04-18 15:45:44.554455,2025-04-20 16:42:16.228328924,High,IT Support,Access Control,Closed
TCK-6191,2025-04-18 15:45:44.554455,2025-04-20 02:25:27.257373524,High,IT Support,Access Control,Closed
TCK-6192,2025-04-18 16:15:59.135913,2025-04-18 18:12:39.572605973,Medium,IT Support,Software,Resolved
TCK-6193,2025-04-18 16:15:59.135913,2025-04-18 18:48:17.020455633,Low,IT Support,Hardware,Resolved
TCK-6194,2025-04-18 17:46:42.880288,2025-04-19 14:04:41.097268702,High,HR,Network,Resolved
TCK-6195,2025-04-18 18:16:57.461746,2025-04-18 23:00:18.595255477,Medium,IT Support,Network,Closed
TCK-6196,2025-04-18 18:16:57.461746,2025-04-19 22:27:46.008262055,Unassigned,IT Support,Hardware,Closed
TCK-6197,2025-04-18 18:47:12.043204,2025-04-19 10:53:42.610382211,High,IT Support,Access Control,Closed
TCK-6198,2025-04-18 19:47:41.206120,2025-04-19 00:29:43.382323516,Medium,DevOps,Network,Resolved
TCK-6199,2025-04-18 20:48:10.369036,2025-04-19 08:31:41.365173666,Medium,Finance,Access Control,Closed
TCK-6200,2025-04-18 20:48:10.369036,2025-04-19 06:10:51.454557548,Low,DevOps,Email,Resolved
TCK-6201,2025-04-18 21:18:24.950495,2025-04-20 10:28:25.531258024,Medium,IT Support,Email,Closed
TCK-6202,2025-04-18 21:48:39.531953,2025-04-18 22:23:57.912112488,High,DevOps,Network,Closed
TCK-6203,2025-04-18 23:19:23.276327,2025-04-20 16:02:12.092822501,Medium,Finance,Hardware,Resolved
TCK-6204,2025-04-18 23:19:23.276327,2025-04-19 18:19:38.495667398,Medium,IT Support,Hardware,Resolved
TCK-6205,2025-04-18 23:19:23.276327,2025-04-19 23:24:02.975844235,High,IT Support,Hardware,Resolved
TCK-6206,2025-04-18 23:19:23.276327,2025-04-18 23:22:12.460621750,Low,HR,Access Control,Closed
TCK-6207,2025-04-18 23:49:37.857785,2025-04-19 17:38:17.799398877,Low,HR,Email,Closed
TCK-6208,2025-04-19 01:20:21.602160,2025-04-19 17:19:18.340933839,Medium,IT Support,Access Control,Resolved
TCK-6209,2025-04-19 02:20:50.765076,2025-04-19 16:12:57.369452137,High,DevOps,Software,Closed
TCK-6210,2025-04-19 03:51:34.509450,2025-04-20 07:36:01.502003926,Medium,IT Support,Software,Resolved
TCK-6211,2025-04-19 03:51:34.509450,2025-04-19 18:28:08.809654479,Medium,HR,Network,Closed
TCK-6212,2025-04-19 04:52:03.672367,2025-04-20 15:53:17.938520414,Medium,HR,Software,Closed
TCK-6213,2025-04-19 05:22:18.253825,2025-04-19 10:08:16.524778271,Low,Finance,Hardware,Resolved
TCK-6214,2025-04-19 05:22:18.253825,2025-04-20 10:53:17.771814250,Low,Operations,Network,Closed
TCK-6215,2025-04-19 05:52:32.835283,2025-04-19 09:25:58.171148273,Medium,Operations,Email,Closed
TCK-6216,2025-04-19 05:52:32.835283,2025-04-20 12:04:00.369601707,Low,IT Support,Email,Closed
TCK-6217,2025-04-19 07:53:31.161116,2025-04-21 10:40:22.719560991,Low,HR,Software,Closed
TCK-6218,2025-04-19 08:23:45.742574,2025-04-19 15:45:29.759475982,Low,DevOps,Software,Closed
TCK-6219,2025-04-19 08:54:00.324032,2025-04-19 22:29:10.115230958,Medium,IT Support,Email,Resolved
TCK-6220,2025-04-19 09:24:14.905490,2025-04-20 04:44:04.082998906,High,Finance,Software,Closed
TCK-6221,2025-04-19 09:54:29.486948,2025-04-19 11:23:55.412787777,High,Operations,Software,Closed
TCK-6222,2025-04-19 09:54:29.486948,2025-04-19 22:10:22.790715631,High,Finance,Access Control,Closed
TCK-6223,2025-04-19 10:54:58.649864,2025-04-19 18:57:57.310078752,Low,IT Support,Email,Resolved
TCK-6224,2025-04-19 11:55:27.812781,2025-04-21 00:59:29.868591658,Unassigned,DevOps,Email,Closed
TCK-6225,2025-04-19 11:55:27.812781,2025-04-21 01:35:52.189283385,Medium,Operations,Software,Closed
TCK-6226,2025-04-19 12:25:42.394239,2025-04-20 10:08:48.431646719,High,DevOps,Hardware,Resolved
TCK-6227,2025-04-19 12:25:42.394239,2025-04-20 07:37:19.476395529,Critical,HR,Access Control,Resolved
TCK-6228,2025-04-19 14:26:40.720072,2025-04-20 14:15:36.851618842,Medium,Operations,Hardware,Closed
TCK-6229,2025-04-19 14:56:55.301530,2025-04-19 23:09:03.732549391,Low,Operations,Software,Closed
TCK-6230,2025-04-19 15:27:09.882988,2025-04-20 00:47:01.309462692,Medium,Operations,Email,Resolved
TCK-6231,2025-04-19 16:27:39.045904,2025-04-20 06:58:58.032837941,Medium,HR,Hardware,Closed
TCK-6232,2025-04-19 16:57:53.627362,2025-04-21 19:01:27.265592048,Low,DevOps,Network,Closed
TCK-6233,2025-04-19 17:28:08.208820,2025-04-20 16:38:28.745245040,Low,DevOps,Hardware,Resolved
TCK-6234,2025-04-19 17:58:22.790279,2025-04-20 08:23:08.697007965,Medium,IT Support,Email,Closed
TCK-6235,2025-04-19 17:58:22.790279,2025-04-20 20:27:34.260198937,Low,Finance,Software,Resolved
TCK-6236,2025-04-19 17:58:22.790279,2025-04-20 02:18:54.327801581,High,DevOps,Hardware,Closed
TCK-6237,2025-04-19 18:28:37.371737,2025-04-20 18:04:34.276062719,Low,Operations,Software,Closed
TCK-6238,2025-04-19 18:28:37.371737,2025-04-20 03:59:42.288714303,Medium,Operations,Access Control,Closed
TCK-6239,2025-04-19 19:59:21.116111,2025-04-20 01:53:37.713445216,Low,IT Support,Network,Closed
TCK-6240,2025-04-19 20:59:50.279027,2025-04-20 13:56:00.678057905,High,HR,Email,Resolved
TCK-6241,2025-04-19 20:59:50.279027,2025-04-20 17:53:53.510641674,Medium,HR,Email,Resolved
TCK-6242,2025-04-19 21:30:04.860486,2025-04-20 08:34:09.005064542,Low,Operations,Software,Closed
TCK-6243,2025-04-19 21:30:04.860486,2025-04-20 12:30:19.614419342,High,IT Support,Network,Closed
TCK-6244,2025-04-19 21:30:04.860486,2025-04-20 18:49:13.081790871,Low,DevOps,Email,Closed
TCK-6245,2025-04-19 22:30:34.023402,2025-04-21 00:47:07.048761486,High,Finance,Hardware,Resolved
TCK-6246,2025-04-19 23:00:48.604860,2025-04-21 15:40:48.163748528,Medium,Operations,Email,Resolved
TCK-6247,2025-04-19 23:00:48.604860,2025-04-20 06:53:37.951210799,Low,HR,Hardware,Resolved
TCK-6248,2025-04-19 23:31:03.186318,2025-04-22 05:58:50.009349233,Medium,DevOps,Email,Resolved
TCK-6249,2025-04-19 23:31:03.186318,2025-04-20 17:46:18.393572505,Low,Operations,Hardware,Closed
TCK-6250,2025-04-19 23:31:03.186318,2025-04-21 03:24:47.879159515,Medium,DevOps,Access Control,Closed
TCK-6251,2025-04-20 00:01:17.767776,2025-04-20 21:40:45.338081190,High,IT Support,Software,Closed
TCK-6252,2025-04-20 00:01:17.767776,2025-04-20 04:09:50.358598600,High,IT Support,Access Control,Closed
TCK-6253,2025-04-20 00:31:32.349234,2025-04-20 01:51:35.230530533,Critical,DevOps,Hardware,Closed
TCK-6254,2025-04-20 00:31:32.349234,2025-04-20 23:50:51.973152333,Medium,IT Support,Software,Closed
TCK-6255,2025-04-20 01:01:46.930693,2025-04-20 13:54:31.363119520,Medium,DevOps,Network,Closed
TCK-6256,2025-04-20 01:01:46.930693,2025-04-20 22:50:04.228352333,High,DevOps,Hardware,Closed
TCK-6257,2025-04-20 01:01:46.930693,2025-04-20 12:41:29.120141020,Critical,Operations,Email,Closed
TCK-6258,2025-04-20 01:32:01.512151,2025-04-20 08:16:16.629847366,High,HR,Email,Resolved
TCK-6259,2025-04-20 03:32:59.837983,2025-04-20 09:35:20.094419721,Critical,DevOps,Network,Resolved
TCK-6260,2025-04-20 05:03:43.582358,2025-04-21 04:39:56.218917685,Unassigned,IT Support,Access Control,Closed
TCK-6261,2025-04-20 05:33:58.163816,2025-04-20 11:23:56.080754446,Low,HR,Hardware,Closed
TCK-6262,2025-04-20 06:04:12.745274,2025-04-21 04:38:40.560740963,Low,IT Support,Email,Closed
TCK-6263,2025-04-20 06:34:27.326732,2025-04-20 15:17:39.271204543,Medium,DevOps,Software,Resolved
TCK-6264,2025-04-20 07:04:41.908190,2025-04-21 09:36:10.522340727,Unassigned,DevOps,Network,Closed
TCK-6265,2025-04-20 07:34:56.489648,2025-04-20 10:21:21.884188291,Low,IT Support,Access Control,Closed
TCK-6266,2025-04-20 08:05:11.071107,2025-04-20 12:12:55.409358002,High,IT Support,Access Control,Closed
TCK-6267,2025-04-20 08:35:25.652565,2025-04-21 05:26:09.289846487,High,DevOps,Software,Resolved
TCK-6268,2025-04-20 09:05:40.234023,2025-04-20 23:52:53.820441728,Unassigned,DevOps,Software,Closed
TCK-6269,2025-04-20 09:05:40.234023,2025-04-20 13:11:54.845848592,Medium,DevOps,Network,Closed
TCK-6270,2025-04-20 09:35:54.815481,2025-04-22 03:33:40.625776537,Medium,Operations,Software,Closed
TCK-6271,2025-04-20 10:06:09.396939,2025-04-20 15:54:52.458022402,Low,Operations,Email,Closed
TCK-6272,2025-04-20 11:06:38.559855,2025-04-20 20:56:56.692557695,Unassigned,HR,Access Control,Closed
TCK-6273,2025-04-20 11:36:53.141314,2025-04-20 15:40:58.432242761,Critical,IT Support,Software,Resolved
TCK-6274,2025-04-20 12:07:07.722772,2025-04-20 20:57:28.937304213,High,Finance,Hardware,Resolved
TCK-6275,2025-04-20 14:08:06.048604,2025-04-21 02:18:48.348316545,Critical,DevOps,Software,Closed
TCK-6276,2025-04-20 15:08:35.211521,2025-04-20 21:26:29.247945812,Low,HR,Access Control,Resolved
TCK-6277,2025-04-20 15:38:49.792979,2025-04-21 18:01:49.949900933,Medium,DevOps,Email,Closed
TCK-6278,2025-04-20 16:09:04.374437,2025-04-21 01:09:53.927174216,Low,IT Support,Software,Closed
TCK-6279,2025-04-20 16:39:18.955895,2025-04-21 16:11:26.261602249,High,Operations,Email,Resolved
TCK-6280,2025-04-20 16:39:18.955895,2025-04-20 20:49:54.051291985,Low,DevOps,Hardware,Closed
TCK-6281,2025-04-20 19:40:46.444644,2025-04-21 04:11:54.064532111,Low,HR,Access Control,Closed
TCK-6282,2025-04-20 19:40:46.444644,2025-04-20 19:49:30.737062931,High,HR,Network,Closed
TCK-6283,2025-04-20 20:41:15.607560,2025-04-21 22:16:25.935227441,High,IT Support,Access Control,Closed
TCK-6284,2025-04-20 20:41:15.607560,2025-04-21 14:23:06.736707710,Unassigned,DevOps,Network,Resolved
TCK-6285,2025-04-20 21:11:30.189018,2025-04-22 03:50:30.224191295,Medium,DevOps,Network,Resolved
TCK-6286,2025-04-20 21:11:30.189018,2025-04-21 08:08:14.474471609,Medium,Finance,Access Control,Closed
TCK-6287,2025-04-20 21:11:30.189018,2025-04-22 02:08:17.788744835,Medium,IT Support,Network,Closed
TCK-6288,2025-04-20 21:41:44.770477,2025-04-21 16:28:07.208105785,Critical,IT Support,Email,Resolved
TCK-6289,2025-04-20 21:41:44.770477,2025-04-20 21:45:39.312452976,Medium,HR,Hardware,Closed
TCK-6290,2025-04-20 22:11:59.351935,2025-04-21 03:28:01.126030766,Critical,IT Support,Software,Closed
TCK-6291,2025-04-20 22:42:13.933393,2025-04-21 10:57:42.987006171,Low,HR,Network,Resolved
TCK-6292,2025-04-20 23:42:43.096309,2025-04-21 17:03:59.085517694,Medium,IT Support,Network,Resolved
TCK-6293,2025-04-20 23:42:43.096309,2025-04-21 00:55:59.185998496,Critical,IT Support,Access Control,Closed
TCK-6294,2025-04-21 00:12:57.677767,2025-04-21 22:11:41.776239273,Low,DevOps,Email,Closed
TCK-6295,2025-04-21 01:13:26.840684,2025-04-21 15:20:25.959249565,Medium,Operations,Software,Closed
TCK-6296,2025-04-21 01:43:41.422142,2025-04-21 15:09:27.566082275,Medium,HR,Network,Resolved
TCK-6297,2025-04-21 01:43:41.422142,2025-04-21 07:56:41.756807067,Medium,DevOps,Email,Resolved
TCK-6298,2025-04-21 02:13:56.003600,2025-04-21 18:29:38.365827721,Low,IT Support,Software,Resolved
TCK-6299,2025-04-21 02:44:10.585058,2025-04-21 03:14:17.072465019,Medium,Finance,Access Control,Closed
TCK-6300,2025-04-21 02:44:10.585058,2025-04-21 03:56:24.946827271,Unassigned,Operations,Network,Resolved
TCK-6301,2025-04-21 03:14:25.166516,2025-04-22 03:04:05.507583703,Low,IT Support,Access Control,Closed
TCK-6302,2025-04-21 04:14:54.329432,2025-04-21 11:14:25.743122216,Medium,IT Support,Access Control,Resolved
TCK-6303,2025-04-21 04:14:54.329432,2025-04-21 11:55:07.406387830,Low,IT Support,Network,Closed
TCK-6304,2025-04-21 04:45:08.910891,2025-04-21 08:57:31.399076363,Medium,Finance,Email,Resolved
TCK-6305,2025-04-21 04:45:08.910891,2025-04-21 15:22:14.829748968,Medium,DevOps,Email,Closed
TCK-6306,2025-04-21 05:15:23.492349,2025-04-21 06:13:03.413690333,Medium,IT Support,Access Control,Resolved
TCK-6307,2025-04-21 05:45:38.073807,2025-04-21 12:11:24.243025742,Low,IT Support,Access Control,Closed
TCK-6308,2025-04-21 05:45:38.073807,2025-04-21 19:14:28.213956621,Medium,Operations,Hardware,Closed
TCK-6309,2025-04-21 05:45:38.073807,2025-04-21 17:02:26.315208618,Medium,HR,Software,Closed
TCK-6310,2025-04-21 06:46:07.236723,2025-04-27 07:02:41.077076497,Critical,HR,Access Control,Closed
TCK-6311,2025-04-21 07:16:21.818181,2025-04-21 16:08:01.122138700,Low,Operations,Access Control,Closed
TCK-6312,2025-04-21 07:46:36.399639,2025-04-21 16:35:08.794422578,Medium,IT Support,Software,Closed
TCK-6313,2025-04-21 08:16:50.981098,2025-04-21 20:53:12.787389629,Medium,Operations,Network,Closed
TCK-6314,2025-04-21 08:47:05.562556,2025-04-21 12:35:04.538745163,Low,Operations,Email,Closed
TCK-6315,2025-04-21 08:47:05.562556,2025-04-22 22:24:13.140328841,Medium,IT Support,Network,Closed
TCK-6316,2025-04-21 08:47:05.562556,2025-04-22 00:04:17.477983851,High,Finance,Software,Closed
TCK-6317,2025-04-21 09:17:20.144014,2025-04-21 13:07:43.697725567,Medium,Finance,Software,Closed
TCK-6318,2025-04-21 09:47:34.725472,2025-04-22 14:10:55.474705825,Low,Operations,Hardware,Resolved
TCK-6319,2025-04-21 10:17:49.306930,2025-04-21 10:55:33.118670814,High,IT Support,Hardware,Closed
TCK-6320,2025-04-21 10:17:49.306930,2025-04-24 11:10:59.394650211,Low,DevOps,Email,Closed
TCK-6321,2025-04-21 11:18:18.469846,2025-04-22 23:22:10.926646750,Low,Operations,Access Control,Closed
TCK-6322,2025-04-21 11:18:18.469846,2025-04-22 02:54:16.903635284,Medium,DevOps,Software,Resolved
TCK-6323,2025-04-21 11:48:33.051305,2025-04-21 13:55:58.847227361,Low,Operations,Hardware,Closed
TCK-6324,2025-04-21 12:18:47.632763,2025-04-21 16:40:36.390668712,Low,DevOps,Network,Resolved
TCK-6325,2025-04-21 12:49:02.214221,2025-04-21 18:42:58.463018122,Medium,Operations,Hardware,Closed
TCK-6326,2025-04-21 12:49:02.214221,2025-04-21 17:46:53.750819661,High,IT Support,Network,Resolved
TCK-6327,2025-04-21 13:19:16.795679,2025-04-22 01:42:32.120793253,Medium,DevOps,Hardware,Resolved
TCK-6328,2025-04-21 14:19:45.958595,2025-04-23 18:23:37.405657940,Medium,DevOps,Network,Closed
TCK-6329,2025-04-21 14:19:45.958595,2025-04-22 00:54:02.832523977,High,HR,Hardware,Closed
TCK-6330,2025-04-21 15:50:29.702970,2025-04-22 11:20:35.445508319,Unassigned,IT Support,Hardware,Resolved
TCK-6331,2025-04-21 17:51:28.028802,2025-04-22 14:51:25.205055552,Low,Finance,Email,Resolved
TCK-6332,2025-04-21 18:51:57.191719,2025-04-23 07:48:36.261732043,Medium,IT Support,Access Control,Closed
TCK-6333,2025-04-21 18:51:57.191719,2025-04-21 19:29:06.730285950,Low,HR,Software,Resolved
TCK-6334,2025-04-21 19:22:11.773177,2025-04-22 04:41:42.615616631,High,HR,Access Control,Resolved
TCK-6335,2025-04-21 19:22:11.773177,2025-04-22 23:00:57.184789284,Critical,Operations,Email,Closed
TCK-6336,2025-04-21 20:52:55.517551,2025-04-23 03:14:32.438193943,Medium,IT Support,Network,Closed
TCK-6337,2025-04-21 21:23:10.099009,2025-04-23 20:34:46.796913533,Medium,DevOps,Access Control,Closed
TCK-6338,2025-04-21 21:53:24.680468,2025-04-22 19:43:48.528528401,Critical,IT Support,Software,Closed
TCK-6339,2025-04-21 22:53:53.843384,2025-04-22 03:57:38.289515685,Medium,Finance,Software,Closed
TCK-6340,2025-04-21 22:53:53.843384,2025-04-22 11:34:48.252928938,High,Finance,Network,Resolved
TCK-6341,2025-04-21 23:54:23.006300,2025-04-22 00:29:53.627561198,High,Finance,Software,Resolved
TCK-6342,2025-04-21 23:54:23.006300,2025-04-22 18:38:45.265241787,High,DevOps,Email,Closed
TCK-6343,2025-04-21 23:54:23.006300,2025-04-22 14:27:07.786205588,Medium,DevOps,Access Control,Closed
TCK-6344,2025-04-22 00:54:52.169216,2025-04-22 20:41:55.226893559,Critical,DevOps,Software,Resolved
TCK-6345,2025-04-22 00:54:52.169216,2025-04-24 00:49:02.462689750,Medium,HR,Access Control,Resolved
TCK-6346,2025-04-22 00:54:52.169216,2025-04-22 21:50:18.036446264,Low,DevOps,Hardware,Closed
TCK-6347,2025-04-22 01:25:06.750675,2025-04-22 08:22:20.569340565,Medium,HR,Access Control,Closed
TCK-6348,2025-04-22 01:55:21.332133,2025-04-22 05:54:38.784745101,Low,IT Support,Network,Resolved
TCK-6349,2025-04-22 02:55:50.495049,2025-04-23 13:38:38.316306793,Medium,Operations,Email,Closed
TCK-6350,2025-04-22 02:55:50.495049,2025-04-22 06:49:12.719446389,High,Operations,Software,Closed
TCK-6351,2025-04-22 03:26:05.076507,2025-04-22 06:36:27.462755093,Unassigned,IT Support,Email,Resolved
TCK-6352,2025-04-22 03:56:19.657965,2025-04-22 08:06:17.164202185,High,Operations,Access Control,Closed
TCK-6353,2025-04-22 04:56:48.820882,2025-04-22 17:44:40.782725232,Medium,DevOps,Software,Resolved
TCK-6354,2025-04-22 04:56:48.820882,2025-04-22 07:20:01.507409407,Medium,HR,Email,Resolved
TCK-6355,2025-04-22 05:27:03.402340,2025-04-24 07:32:11.428996670,Unassigned,IT Support,Network,Closed
TCK-6356,2025-04-22 06:27:32.565256,2025-04-24 19:27:32.294583731,Critical,Operations,Hardware,Closed
TCK-6357,2025-04-22 06:57:47.146714,2025-04-25 00:31:13.062828763,Unassigned,DevOps,Hardware,Closed
TCK-6358,2025-04-22 06:57:47.146714,2025-04-22 07:40:53.363196401,Medium,HR,Network,Closed
TCK-6359,2025-04-22 07:28:01.728172,2025-04-24 12:04:15.570387806,High,Finance,Hardware,Closed
TCK-6360,2025-04-22 07:58:16.309630,2025-04-26 19:12:54.949688170,High,Finance,Network,Resolved
TCK-6361,2025-04-22 08:28:30.891089,2025-04-24 11:51:37.927071366,Low,Finance,Access Control,Resolved
TCK-6362,2025-04-22 08:28:30.891089,2025-04-23 04:28:56.858883877,Low,Finance,Network,Closed
TCK-6363,2025-04-22 08:58:45.472547,2025-04-23 06:43:29.169460380,Critical,Finance,Hardware,Resolved
TCK-6364,2025-04-22 09:59:14.635463,2025-04-22 12:20:04.348962773,Medium,DevOps,Access Control,Resolved
TCK-6365,2025-04-22 09:59:14.635463,2025-04-23 23:18:59.072861702,Low,Operations,Network,Resolved
TCK-6366,2025-04-22 10:59:43.798379,2025-04-22 12:06:08.483646504,Low,Operations,Network,Resolved
TCK-6367,2025-04-22 10:59:43.798379,2025-04-22 17:52:38.821662789,Medium,DevOps,Access Control,Closed
TCK-6368,2025-04-22 11:29:58.379837,2025-04-26 00:35:41.917521103,Low,Operations,Software,Closed
TCK-6369,2025-04-22 11:29:58.379837,2025-04-22 21:22:37.304419483,Low,Operations,Hardware,Closed
TCK-6370,2025-04-22 11:29:58.379837,2025-04-22 14:01:48.737827090,Low,IT Support,Software,Resolved
TCK-6371,2025-04-22 12:30:27.542754,2025-04-25 03:12:26.598718264,Critical,Operations,Access Control,Closed
TCK-6372,2025-04-22 12:30:27.542754,2025-04-25 15:05:54.388738556,Low,IT Support,Access Control,Resolved
TCK-6373,2025-04-22 13:00:42.124212,2025-04-22 16:44:20.692698950,Medium,IT Support,Email,Resolved
TCK-6374,2025-04-22 13:00:42.124212,2025-04-24 01:01:48.757204752,Medium,Finance,Email,Closed
TCK-6375,2025-04-22 14:01:11.287128,2025-04-22 22:55:46.674126193,High,Finance,Access Control,Resolved
TCK-6376,2025-04-22 14:31:25.868586,2025-04-22 23:10:05.773174847,Low,Finance,Email,Resolved
TCK-6377,2025-04-22 15:01:40.450045,2025-04-22 20:30:48.716743245,Medium,DevOps,Network,Closed
TCK-6378,2025-04-22 15:01:40.450045,2025-04-22 15:51:04.441383888,Low,IT Support,Software,Closed
TCK-6379,2025-04-22 15:31:55.031503,2025-04-22 21:08:51.791558282,Critical,Operations,Access Control,Closed
TCK-6380,2025-04-22 15:31:55.031503,2025-04-22 16:31:36.975159284,Medium,HR,Network,Resolved
TCK-6381,2025-04-22 16:02:09.612961,2025-04-24 14:30:38.632054381,Low,Operations,Hardware,Resolved
TCK-6382,2025-04-22 16:32:24.194419,2025-04-23 12:02:59.833020470,Critical,HR,Hardware,Closed
TCK-6383,2025-04-22 17:02:38.775877,2025-04-24 08:13:50.555958471,Low,Finance,Email,Closed
TCK-6384,2025-04-22 17:02:38.775877,2025-04-23 15:47:02.952060682,Medium,HR,Email,Closed
TCK-6385,2025-04-22 17:02:38.775877,2025-04-22 19:34:38.878507047,Medium,DevOps,Network,Closed
TCK-6386,2025-04-22 17:32:53.357335,2025-04-24 20:21:53.494930720,Medium,IT Support,Hardware,Closed
TCK-6387,2025-04-22 18:33:22.520252,2025-04-24 11:59:00.770063229,Medium,HR,Access Control,Closed
TCK-6388,2025-04-22 18:33:22.520252,2025-04-23 02:15:25.736274904,Low,IT Support,Software,Closed
TCK-6389,2025-04-22 19:03:37.101710,2025-04-22 21:11:20.230244979,High,Finance,Email,Closed
TCK-6390,2025-04-22 19:33:51.683168,2025-04-23 17:29:12.819340123,Medium,Operations,Network,Resolved
TCK-6391,2025-04-22 20:04:06.264626,2025-04-23 19:31:38.965090051,Low,IT Support,Email,Closed
TCK-6392,2025-04-22 20:34:20.846084,2025-04-24 13:27:25.486509562,High,DevOps,Network,Resolved
TCK-6393,2025-04-22 21:04:35.427542,2025-04-22 22:03:00.637447875,Critical,DevOps,Hardware,Closed
TCK-6394,2025-04-22 21:34:50.009000,2025-04-23 00:19:51.841813052,Medium,IT Support,Email,Closed
TCK-6395,2025-04-22 22:05:04.590459,2025-04-23 14:29:57.153536360,Medium,IT Support,Network,Resolved
TCK-6396,2025-04-22 22:35:19.171917,2025-04-23 15:57:50.692356596,Medium,IT Support,Network,Resolved
TCK-6397,2025-04-22 22:35:19.171917,2025-04-22 23:12:14.518683997,High,IT Support,Email,Closed
TCK-6398,2025-04-22 22:35:19.171917,2025-04-23 07:41:30.178083037,Low,IT Support,Software,Closed
TCK-6399,2025-04-23 00:36:17.497749,2025-04-23 16:23:56.832617027,Medium,HR,Access Control,Closed
TCK-6400,2025-04-23 01:06:32.079207,2025-04-24 01:12:43.971335357,High,HR,Hardware,Closed
TCK-6401,2025-04-23 01:36:46.660666,2025-04-23 08:27:11.807318119,Low,DevOps,Email,Resolved
TCK-6402,2025-04-23 02:37:15.823582,2025-04-23 14:31:38.528909065,Medium,DevOps,Email,Closed
TCK-6403,2025-04-23 04:07:59.567956,2025-04-24 10:24:52.845203303,Medium,DevOps,Software,Closed
TCK-6404,2025-04-23 04:38:14.149414,2025-04-25 12:01:13.074320955,High,Finance,Hardware,Closed
TCK-6405,2025-04-23 04:38:14.149414,2025-04-23 09:20:57.073315596,High,IT Support,Email,Resolved
TCK-6406,2025-04-23 05:08:28.730873,2025-04-23 10:23:33.910285620,Low,HR,Software,Closed
TCK-6407,2025-04-23 05:08:28.730873,2025-04-25 07:43:41.684650285,Low,IT Support,Access Control,Closed
TCK-6408,2025-04-23 05:38:43.312331,2025-04-23 14:43:04.714914064,High,Finance,Network,Closed
TCK-6409,2025-04-23 06:08:57.893789,2025-04-24 04:57:24.947671930,High,Operations,Access Control,Closed
TCK-6410,2025-04-23 06:39:12.475247,2025-04-23 23:42:26.182396452,Low,IT Support,Access Control,Closed
TCK-6411,2025-04-23 07:09:27.056705,2025-04-23 13:12:38.972966760,Medium,HR,Access Control,Resolved
TCK-6412,2025-04-23 07:09:27.056705,2025-04-24 02:14:18.429494956,High,DevOps,Access Control,Closed
TCK-6413,2025-04-23 07:39:41.638163,2025-04-24 02:50:48.880249349,Low,DevOps,Network,Resolved
TCK-6414,2025-04-23 09:40:39.963996,2025-04-24 01:50:02.819700446,Medium,IT Support,Hardware,Resolved
TCK-6415,2025-04-23 10:10:54.545454,2025-04-23 12:04:17.490858227,Medium,IT Support,Hardware,Closed
TCK-6416,2025-04-23 11:11:23.708370,2025-04-27 11:11:20.653198679,High,Operations,Software,Closed
TCK-6417,2025-04-23 11:11:23.708370,2025-04-23 20:23:50.202213304,Medium,IT Support,Software,Resolved
TCK-6418,2025-04-23 11:41:38.289828,2025-04-24 05:59:47.230334538,Medium,Finance,Email,Closed
TCK-6419,2025-04-23 11:41:38.289828,2025-04-25 02:44:39.855750686,Unassigned,Operations,Access Control,Resolved
TCK-6420,2025-04-23 13:42:36.615661,2025-04-23 23:37:03.385670857,Low,Operations,Access Control,Closed
TCK-6421,2025-04-23 14:43:05.778577,2025-04-24 17:28:56.168127049,Medium,IT Support,Network,Closed
TCK-6422,2025-04-23 16:13:49.522952,2025-04-26 08:28:40.149974039,Medium,HR,Access Control,Closed
TCK-6423,2025-04-23 16:44:04.104410,2025-04-24 00:44:15.742795836,Low,IT Support,Network,Resolved
TCK-6424,2025-04-23 16:44:04.104410,2025-04-24 02:05:17.232298316,Medium,Finance,Email,Resolved
TCK-6425,2025-04-23 17:14:18.685868,2025-04-25 11:43:04.134410791,Low,Finance,Software,Resolved
TCK-6426,2025-04-23 17:44:33.267326,2025-04-23 20:52:23.822470792,Medium,Operations,Software,Resolved
TCK-6427,2025-04-23 18:14:47.848784,2025-04-23 18:46:07.802762767,Medium,Finance,Email,Resolved
TCK-6428,2025-04-23 18:45:02.430243,2025-04-25 13:52:22.286156917,High,Finance,Email,Closed
TCK-6429,2025-04-23 18:45:02.430243,2025-04-25 01:46:36.883205546,Critical,HR,Access Control,Resolved
TCK-6430,2025-04-23 19:45:31.593159,2025-04-26 12:29:50.832991577,Low,IT Support,Software,Resolved
TCK-6431,2025-04-23 20:15:46.174617,2025-04-23 21:20:34.333994520,Unassigned,IT Support,Hardware,Closed
TCK-6432,2025-04-23 20:46:00.756075,2025-04-23 23:49:24.632877533,Critical,IT Support,Email,Closed
TCK-6433,2025-04-23 20:46:00.756075,2025-04-23 22:46:11.755137821,Low,DevOps,Software,Resolved
TCK-6434,2025-04-23 20:46:00.756075,2025-04-24 17:28:11.583354473,Critical,Finance,Software,Closed
TCK-6435,2025-04-23 22:46:59.081908,2025-04-24 15:32:55.741883739,Medium,IT Support,Network,Closed
TCK-6436,2025-04-24 01:18:11.989198,2025-04-24 09:19:04.117321805,High,HR,Software,Closed
TCK-6437,2025-04-24 01:18:11.989198,2025-04-24 02:22:04.142872712,Critical,IT Support,Email,Closed
TCK-6438,2025-04-24 03:19:10.315031,2025-04-24 21:41:32.501545278,High,IT Support,Access Control,Closed
TCK-6439,2025-04-24 03:19:10.315031,2025-04-24 18:30:57.734956954,Medium,Operations,Software,Closed
TCK-6440,2025-04-24 03:19:10.315031,2025-04-24 05:28:33.431701714,Medium,Operations,Hardware,Closed
TCK-6441,2025-04-24 03:49:24.896489,2025-04-25 22:56:59.476071174,Medium,IT Support,Email,Closed
TCK-6442,2025-04-24 04:19:39.477947,2025-04-24 08:19:14.162351694,Medium,DevOps,Access Control,Closed
TCK-6443,2025-04-24 04:49:54.059405,2025-04-25 05:19:24.976178064,Low,HR,Access Control,Resolved
TCK-6444,2025-04-24 04:49:54.059405,2025-04-25 19:46:27.760564586,Medium,HR,Email,Resolved
TCK-6445,2025-04-24 04:49:54.059405,2025-04-24 20:25:27.145341082,High,DevOps,Access Control,Closed
TCK-6446,2025-04-24 05:50:23.222322,2025-04-24 10:56:33.336371019,High,IT Support,Hardware,Closed
TCK-6447,2025-04-24 05:50:23.222322,2025-04-24 12:29:57.613282544,Unassigned,IT Support,Software,Resolved
TCK-6448,2025-04-24 06:20:37.803780,2025-04-25 21:23:31.337925211,Low,IT Support,Email,Resolved
TCK-6449,2025-04-24 06:20:37.803780,2025-04-24 12:43:09.203137665,Medium,IT Support,Software,Closed
TCK-6450,2025-04-24 06:50:52.385238,2025-04-25 07:31:44.280788106,Medium,IT Support,Software,Resolved
TCK-6451,2025-04-24 07:21:06.966696,2025-04-27 18:32:41.512399948,Low,IT Support,Access Control,Resolved
TCK-6452,2025-04-24 08:21:36.129612,2025-04-30 19:14:27.213966685,Medium,HR,Email,Closed
TCK-6453,2025-04-24 08:51:50.711071,2025-04-24 22:35:17.720393340,Medium,DevOps,Software,Closed
TCK-6454,2025-04-24 08:51:50.711071,2025-04-25 16:23:53.787436429,Unassigned,IT Support,Network,Resolved
TCK-6455,2025-04-24 10:22:34.455445,2025-04-27 21:43:29.199644328,Unassigned,IT Support,Hardware,Closed
TCK-6456,2025-04-24 10:22:34.455445,2025-04-24 18:49:36.784710940,High,IT Support,Access Control,Closed
TCK-6457,2025-04-24 10:52:49.036903,2025-04-24 16:06:59.358497355,Medium,Operations,Email,Resolved
TCK-6458,2025-04-24 10:52:49.036903,2025-04-24 13:03:49.389938806,Low,IT Support,Email,Closed
TCK-6459,2025-04-24 11:23:03.618361,2025-04-24 14:07:04.763778778,Critical,Operations,Access Control,Closed
TCK-6460,2025-04-24 11:53:18.199819,2025-04-25 22:28:06.429732982,Low,HR,Software,Closed
TCK-6461,2025-04-24 12:53:47.362736,2025-04-25 04:53:21.420461038,Medium,Operations,Access Control,Closed
TCK-6462,2025-04-24 13:54:16.525652,2025-04-26 03:08:58.605563540,Low,HR,Email,Closed
TCK-6463,2025-04-24 13:54:16.525652,2025-04-25 17:56:58.573558277,Unassigned,IT Support,Network,Closed
TCK-6464,2025-04-24 13:54:16.525652,2025-04-25 10:03:57.376635582,Low,Finance,Software,Closed
TCK-6465,2025-04-24 14:24:31.107110,2025-04-25 07:19:33.159188840,Low,Finance,Access Control,Closed
TCK-6466,2025-04-24 14:24:31.107110,2025-04-24 15:18:01.707308178,High,Finance,Email,Closed
TCK-6467,2025-04-24 14:24:31.107110,2025-04-26 03:27:01.556042323,Low,HR,Email,Closed
TCK-6468,2025-04-24 14:54:45.688568,2025-04-25 00:39:03.363133488,Unassigned,IT Support,Email,Resolved
TCK-6469,2025-04-24 15:25:00.270027,2025-04-25 06:11:08.427261214,Medium,Finance,Network,Resolved
TCK-6470,2025-04-24 16:25:29.432943,2025-04-24 16:49:27.867618794,Critical,Operations,Software,Resolved
TCK-6471,2025-04-24 16:25:29.432943,2025-04-26 17:55:30.814622963,Medium,Operations,Access Control,Closed
TCK-6472,2025-04-24 17:25:58.595859,2025-04-26 11:22:46.715380384,Medium,Finance,Software,Closed
TCK-6473,2025-04-24 17:25:58.595859,2025-04-25 07:32:21.089264673,Critical,IT Support,Email,Closed
TCK-6474,2025-04-24 17:25:58.595859,2025-04-25 08:55:59.177878055,Medium,IT Support,Network,Closed
TCK-6475,2025-04-24 17:56:13.177317,2025-04-25 15:54:43.497308583,Medium,DevOps,Network,Closed
TCK-6476,2025-04-24 18:26:27.758775,2025-04-24 23:58:31.799159025,Low,DevOps,Email,Resolved
TCK-6477,2025-04-24 19:26:56.921692,2025-04-24 23:57:56.557558931,Low,Operations,Software,Closed
TCK-6478,2025-04-24 19:57:11.503150,2025-04-25 16:07:47.656241000,High,Finance,Software,Closed
TCK-6479,2025-04-24 21:27:55.247524,2025-04-24 23:27:01.809955546,Low,Operations,Network,Resolved
TCK-6480,2025-04-24 21:27:55.247524,2025-04-25 08:21:35.439193978,Medium,DevOps,Hardware,Closed
TCK-6481,2025-04-24 21:58:09.828982,2025-04-25 10:11:14.244895062,Medium,Finance,Network,Closed
TCK-6482,2025-04-24 21:58:09.828982,2025-04-25 06:36:46.435415816,Medium,DevOps,Network,Resolved
TCK-6483,2025-04-24 23:28:53.573357,2025-04-25 03:10:10.851641721,Low,IT Support,Access Control,Resolved
TCK-6484,2025-04-24 23:59:08.154815,2025-04-25 07:53:15.057689239,High,Finance,Network,Closed
TCK-6485,2025-04-25 00:29:22.736273,2025-04-25 07:54:08.746490048,Low,Operations,Hardware,Closed
TCK-6486,2025-04-25 00:59:37.317731,2025-04-25 13:26:38.156282103,High,IT Support,Network,Closed
TCK-6487,2025-04-25 02:00:06.480648,2025-04-25 22:12:53.546857267,High,DevOps,Software,Closed
TCK-6488,2025-04-25 02:00:06.480648,2025-04-27 16:05:27.219171828,Low,IT Support,Access Control,Closed
TCK-6489,2025-04-25 02:30:21.062106,2025-04-25 05:18:28.843936560,High,DevOps,Access Control,Closed
TCK-6490,2025-04-25 02:30:21.062106,2025-04-26 15:39:09.011681326,High,DevOps,Network,Closed
TCK-6491,2025-04-25 03:30:50.225022,2025-04-25 09:31:54.403816297,High,Operations,Access Control,Closed
TCK-6492,2025-04-25 03:30:50.225022,2025-04-25 19:37:23.111811604,Medium,DevOps,Access Control,Closed
TCK-6493,2025-04-25 05:31:48.550855,2025-04-25 19:46:23.665490005,Low,HR,Network,Resolved
TCK-6494,2025-04-25 05:31:48.550855,2025-04-25 20:11:00.227187818,Critical,IT Support,Hardware,Resolved
TCK-6495,2025-04-25 07:02:32.295229,2025-04-26 06:10:22.449096257,High,DevOps,Network,Closed
TCK-6496,2025-04-25 07:02:32.295229,2025-04-25 15:41:45.710998892,Low,HR,Software,Resolved
TCK-6497,2025-04-25 07:02:32.295229,2025-04-25 13:57:37.512487079,Critical,DevOps,Email,Resolved
TCK-6498,2025-04-25 07:32:46.876687,2025-04-26 18:02:16.505302284,Critical,IT Support,Hardware,Closed
TCK-6499,2025-04-25 08:33:16.039603,2025-04-25 13:01:44.231820165,Medium,Operations,Network,Closed
TCK-6500,2025-04-25 08:33:16.039603,2025-04-25 12:07:55.106298263,Low,HR,Hardware,Closed
TCK-6501,2025-04-25 08:33:16.039603,2025-04-25 08:50:15.376974955,Medium,Operations,Email,Closed
TCK-6502,2025-04-25 09:33:45.202520,2025-04-25 13:49:07.419825217,Critical,DevOps,Access Control,Resolved
TCK-6503,2025-04-25 10:03:59.783978,2025-04-25 23:13:23.032688031,Low,IT Support,Access Control,Closed
TCK-6504,2025-04-25 10:03:59.783978,2025-04-25 23:59:09.134847523,Medium,Finance,Email,Closed
TCK-6505,2025-04-25 10:34:14.365436,2025-04-25 15:51:19.224159214,High,Operations,Access Control,Closed
TCK-6506,2025-04-25 11:04:28.946894,2025-04-25 12:25:30.180148303,Low,DevOps,Hardware,Closed
TCK-6507,2025-04-25 11:04:28.946894,2025-04-26 11:38:46.395488296,Medium,HR,Access Control,Resolved
TCK-6508,2025-04-25 11:04:28.946894,2025-04-26 12:36:41.723772428,Low,Operations,Email,Closed
TCK-6509,2025-04-25 11:34:43.528352,2025-04-30 02:01:35.036496315,Medium,IT Support,Email,Resolved
TCK-6510,2025-04-25 12:04:58.109810,2025-04-27 05:32:04.788376179,Medium,HR,Email,Closed
TCK-6511,2025-04-25 13:05:27.272727,2025-04-27 11:58:20.767957846,Low,DevOps,Software,Resolved
TCK-6512,2025-04-25 13:05:27.272727,2025-04-26 17:53:59.486708178,High,IT Support,Hardware,Resolved
TCK-6513,2025-04-25 13:35:41.854185,2025-04-26 06:47:58.919623293,Medium,Finance,Email,Resolved
TCK-6514,2025-04-25 14:36:11.017101,2025-04-25 17:04:46.988377245,Medium,DevOps,Hardware,Closed
TCK-6515,2025-04-25 17:07:23.924392,2025-04-26 10:38:59.052998929,High,Finance,Software,Resolved
TCK-6516,2025-04-25 17:37:38.505850,2025-04-25 18:39:49.842511957,Low,IT Support,Hardware,Closed
TCK-6517,2025-04-25 17:37:38.505850,2025-04-27 08:36:18.208276857,Low,Finance,Network,Closed
TCK-6518,2025-04-25 17:37:38.505850,2025-04-26 05:27:40.305764350,Low,Finance,Software,Closed
TCK-6519,2025-04-25 17:37:38.505850,2025-04-26 15:08:52.361614319,Medium,Finance,Software,Resolved
TCK-6520,2025-04-25 17:37:38.505850,2025-04-25 18:35:35.533815899,High,DevOps,Access Control,Closed
TCK-6521,2025-04-25 19:38:36.831683,2025-04-26 09:23:50.698527566,High,IT Support,Email,Resolved
TCK-6522,2025-04-25 20:08:51.413141,2025-04-26 02:36:01.009722477,High,DevOps,Software,Closed
TCK-6523,2025-04-25 20:08:51.413141,2025-04-26 02:11:07.170460032,High,DevOps,Hardware,Closed
TCK-6524,2025-04-25 20:39:05.994599,2025-04-26 05:32:19.854545888,Low,DevOps,Network,Closed
TCK-6525,2025-04-25 21:09:20.576057,2025-04-25 21:10:02.026375103,Medium,Finance,Hardware,Closed
TCK-6526,2025-04-25 21:39:35.157515,2025-04-26 08:58:28.295778382,Low,HR,Hardware,Closed
TCK-6527,2025-04-25 22:09:49.738973,2025-04-26 10:09:47.694685229,Low,HR,Network,Closed
TCK-6528,2025-04-25 23:40:33.483348,2025-04-27 11:28:23.213273665,Medium,DevOps,Access Control,Closed
TCK-6529,2025-04-26 00:10:48.064806,2025-04-26 10:53:34.424674707,Medium,HR,Email,Resolved
TCK-6530,2025-04-26 00:10:48.064806,2025-04-26 08:18:48.547947292,Medium,IT Support,Software,Closed
TCK-6531,2025-04-26 02:11:46.390639,2025-04-30 00:40:39.368957857,Low,Finance,Email,Closed
TCK-6532,2025-04-26 02:42:00.972097,2025-04-26 17:56:33.336300075,Medium,DevOps,Access Control,Closed
TCK-6533,2025-04-26 02:42:00.972097,2025-04-26 14:13:01.376149255,Low,IT Support,Network,Closed
TCK-6534,2025-04-26 03:12:15.553555,2025-04-26 15:32:06.904143347,Medium,Operations,Email,Resolved
TCK-6535,2025-04-26 04:12:44.716471,2025-04-27 10:01:41.477886746,Medium,IT Support,Hardware,Resolved
TCK-6536,2025-04-26 04:42:59.297929,2025-04-26 12:12:51.139883298,Low,Finance,Software,Closed
TCK-6537,2025-04-26 05:13:13.879387,2025-04-26 14:05:35.158719664,Medium,Finance,Software,Closed
TCK-6538,2025-04-26 05:13:13.879387,2025-04-27 06:36:06.296752716,Low,IT Support,Access Control,Closed
TCK-6539,2025-04-26 05:43:28.460846,2025-04-26 07:05:19.275236985,Medium,Operations,Access Control,Closed
TCK-6540,2025-04-26 06:13:43.042304,2025-04-27 18:17:45.025560712,Low,HR,Network,Closed
TCK-6541,2025-04-26 07:14:12.205220,2025-04-26 17:21:40.558602463,Critical,IT Support,Access Control,Closed
TCK-6542,2025-04-26 07:14:12.205220,2025-04-26 22:54:26.037351037,Low,DevOps,Email,Closed
TCK-6543,2025-04-26 07:14:12.205220,2025-04-27 08:44:11.466139692,Unassigned,DevOps,Software,Resolved
TCK-6544,2025-04-26 07:44:26.786678,2025-04-26 13:18:30.527752337,Medium,Operations,Network,Resolved
TCK-6545,2025-04-26 08:14:41.368136,2025-04-28 00:01:38.144639998,Medium,HR,Access Control,Closed
TCK-6546,2025-04-26 09:15:10.531053,2025-04-29 06:59:05.964515713,High,IT Support,Hardware,Closed
TCK-6547,2025-04-26 09:15:10.531053,2025-04-26 21:31:28.642101111,Medium,IT Support,Software,Resolved
TCK-6548,2025-04-26 09:45:25.112511,2025-04-28 11:30:08.131785464,Low,DevOps,Network,Closed
TCK-6549,2025-04-26 09:45:25.112511,2025-04-26 09:46:38.288552584,Low,Finance,Software,Resolved
TCK-6550,2025-04-26 10:45:54.275427,2025-04-28 03:12:11.517747474,High,Operations,Email,Closed
TCK-6551,2025-04-26 10:45:54.275427,2025-04-26 17:28:17.445576553,Low,DevOps,Access Control,Closed
TCK-6552,2025-04-26 11:16:08.856885,2025-04-26 17:59:14.375733268,Medium,Operations,Access Control,Closed
TCK-6553,2025-04-26 11:46:23.438343,2025-04-26 16:25:59.241124182,Critical,Operations,Access Control,Resolved
TCK-6554,2025-04-26 11:46:23.438343,2025-04-26 18:38:10.432413601,Medium,HR,Hardware,Resolved
TCK-6555,2025-04-26 12:46:52.601260,2025-04-26 17:06:13.864778334,Low,IT Support,Email,Closed
TCK-6556,2025-04-26 14:47:50.927092,2025-04-28 09:19:57.796947895,Low,IT Support,Hardware,Closed
TCK-6557,2025-04-26 15:18:05.508550,2025-04-28 08:34:23.465929344,Low,IT Support,Email,Closed
TCK-6558,2025-04-26 15:48:20.090009,2025-04-26 17:44:46.862015439,Medium,Finance,Email,Closed
TCK-6559,2025-04-26 16:48:49.252925,2025-04-26 19:35:18.314200186,Medium,IT Support,Email,Resolved
TCK-6560,2025-04-26 17:19:03.834383,2025-04-28 04:58:09.090485065,Medium,IT Support,Access Control,Closed
TCK-6561,2025-04-26 17:19:03.834383,2025-04-27 02:28:50.715487361,Low,IT Support,Access Control,Resolved
TCK-6562,2025-04-26 19:50:16.741674,2025-04-26 23:10:34.061456898,Low,IT Support,Access Control,Resolved
TCK-6563,2025-04-26 19:50:16.741674,2025-04-27 08:42:10.399988759,Unassigned,HR,Hardware,Closed
TCK-6564,2025-04-26 20:50:45.904590,2025-04-27 06:32:53.031497355,Low,IT Support,Network,Resolved
TCK-6565,2025-04-26 21:21:00.486048,2025-04-27 01:48:11.164005571,Medium,HR,Email,Closed
TCK-6566,2025-04-26 21:51:15.067506,2025-04-27 20:48:57.562358594,Low,IT Support,Hardware,Closed
TCK-6567,2025-04-26 22:21:29.648964,2025-04-27 16:19:03.394503923,Low,DevOps,Access Control,Closed
TCK-6568,2025-04-26 22:21:29.648964,2025-04-27 00:14:52.651133686,Critical,IT Support,Access Control,Resolved
TCK-6569,2025-04-26 22:21:29.648964,2025-04-28 21:04:33.946830803,Low,Operations,Network,Closed
TCK-6570,2025-04-26 22:51:44.230423,2025-04-27 13:34:38.828751236,Medium,Finance,Access Control,Resolved
TCK-6571,2025-04-26 23:21:58.811881,2025-04-27 04:32:58.280267144,Medium,HR,Email,Resolved
TCK-6572,2025-04-26 23:52:13.393339,2025-04-27 04:01:44.747143872,Medium,Finance,Software,Closed
TCK-6573,2025-04-27 00:52:42.556255,2025-04-27 03:30:31.281634895,High,HR,Access Control,Closed
TCK-6574,2025-04-27 02:53:40.882088,2025-04-27 12:50:39.395677614,Low,IT Support,Network,Closed
TCK-6575,2025-04-27 03:23:55.463546,2025-04-27 06:01:13.675327734,Low,DevOps,Software,Resolved
TCK-6576,2025-04-27 04:54:39.207920,2025-04-27 14:35:11.798854740,Low,Operations,Email,Closed
TCK-6577,2025-04-27 05:24:53.789378,2025-04-27 08:18:51.346976627,Medium,Operations,Email,Closed
TCK-6578,2025-04-27 05:24:53.789378,2025-04-28 00:39:55.045398097,Medium,DevOps,Email,Resolved
TCK-6579,2025-04-27 05:55:08.370837,2025-04-28 09:36:26.553989794,Critical,HR,Network,Closed
TCK-6580,2025-04-27 06:25:22.952295,2025-04-27 20:46:37.563070630,Low,HR,Software,Closed
TCK-6581,2025-04-27 07:25:52.115211,2025-04-28 03:56:38.974943338,High,DevOps,Email,Closed
TCK-6582,2025-04-27 07:56:06.696669,2025-04-29 10:05:47.985912568,Low,DevOps,Access Control,Resolved
TCK-6583,2025-04-27 07:56:06.696669,2025-04-28 02:14:37.233818188,Low,HR,Software,Closed
TCK-6584,2025-04-27 07:56:06.696669,2025-04-27 16:05:08.492153090,Medium,Operations,Email,Closed
TCK-6585,2025-04-27 07:56:06.696669,2025-04-27 18:40:45.316484162,Critical,IT Support,Software,Closed
TCK-6586,2025-04-27 08:26:21.278127,2025-04-28 19:53:48.953020251,Low,Finance,Access Control,Closed
TCK-6587,2025-04-27 08:26:21.278127,2025-04-27 10:57:39.133655358,Low,Operations,Hardware,Closed
TCK-6588,2025-04-27 08:56:35.859585,2025-04-27 16:02:15.812105589,Medium,Operations,Email,Resolved
TCK-6589,2025-04-27 09:26:50.441044,2025-04-28 00:56:46.184312292,High,DevOps,Access Control,Closed
TCK-6590,2025-04-27 09:57:05.022502,2025-04-28 06:15:33.345516807,High,IT Support,Network,Resolved
TCK-6591,2025-04-27 09:57:05.022502,2025-04-28 11:54:13.867378741,Low,IT Support,Email,Resolved
TCK-6592,2025-04-27 10:27:19.603960,2025-04-27 17:20:59.875841147,High,IT Support,Hardware,Resolved
TCK-6593,2025-04-27 11:27:48.766876,2025-04-27 14:18:05.079817321,Medium,DevOps,Access Control,Closed
TCK-6594,2025-04-27 11:27:48.766876,2025-04-29 19:13:08.454224892,Medium,Finance,Access Control,Resolved
TCK-6595,2025-04-27 11:27:48.766876,2025-04-27 12:53:38.278687713,Low,Finance,Software,Closed
TCK-6596,2025-04-27 12:28:17.929792,2025-04-27 14:17:03.978445688,Low,HR,Email,Closed
TCK-6597,2025-04-27 13:59:01.674167,2025-04-28 02:16:45.457606308,Critical,HR,Hardware,Closed
TCK-6598,2025-04-27 14:29:16.255625,2025-04-28 21:16:53.293866638,Medium,Finance,Network,Closed
TCK-6599,2025-04-27 14:29:16.255625,2025-04-28 17:17:52.831422391,Low,Operations,Software,Closed
TCK-6600,2025-04-27 16:00:00.000000,2025-04-29 17:57:50.678438751,High,IT Support,Email,Resolved
TCK-6601,2025-04-27 16:00:00.000000,2025-04-27 18:44:54.188112201,Medium,DevOps,Hardware,Closed
TCK-6602,2025-04-27 16:00:00.000000,2025-04-28 00:28:51.681090734,Medium,HR,Software,Closed
TCK-6603,2025-04-27 17:30:43.744374,2025-04-27 23:28:43.886863574,Medium,DevOps,Hardware,Closed
TCK-6604,2025-04-27 17:30:43.744374,2025-04-29 05:00:51.857136911,Medium,Operations,Hardware,Closed
TCK-6605,2025-04-27 17:30:43.744374,2025-04-28 05:34:27.747928908,Low,IT Support,Software,Resolved
TCK-6606,2025-04-27 18:00:58.325832,2025-04-27 18:30:21.852889076,Unassigned,IT Support,Software,Closed
TCK-6607,2025-04-27 18:00:58.325832,2025-04-28 16:10:19.323248015,Medium,IT Support,Email,Closed
TCK-6608,2025-04-27 18:31:12.907290,2025-04-28 03:22:45.155891283,Critical,IT Support,Software,Closed
TCK-6609,2025-04-27 18:31:12.907290,2025-04-28 08:09:16.670899733,Medium,DevOps,Email,Closed
TCK-6610,2025-04-27 18:31:12.907290,2025-04-29 10:52:54.775916464,Medium,IT Support,Hardware,Closed
TCK-6611,2025-04-27 18:31:12.907290,2025-04-27 23:51:39.479982594,Low,IT Support,Software,Closed
TCK-6612,2025-04-27 18:31:12.907290,2025-04-27 23:27:58.985900474,Medium,DevOps,Email,Resolved
TCK-6613,2025-04-27 20:01:56.651665,2025-04-28 01:31:48.426280722,High,Finance,Email,Resolved
TCK-6614,2025-04-27 21:02:25.814581,2025-04-28 04:28:05.720242277,Low,HR,Network,Closed
TCK-6615,2025-04-27 21:02:25.814581,2025-04-27 23:05:04.837264558,Medium,Finance,Email,Closed
TCK-6616,2025-04-27 21:02:25.814581,2025-04-28 18:32:45.464863324,Low,DevOps,Email,Closed
TCK-6617,2025-04-27 21:02:25.814581,2025-04-28 01:13:27.601320641,High,IT Support,Network,Closed
TCK-6618,2025-04-27 22:02:54.977497,2025-04-29 20:57:01.854725038,Unassigned,Finance,Access Control,Closed
TCK-6619,2025-04-27 23:03:24.140414,2025-04-28 03:25:47.056043186,Medium,DevOps,Software,Closed
TCK-6620,2025-04-27 23:03:24.140414,2025-04-28 04:22:15.252840558,Low,HR,Network,Closed
TCK-6621,2025-04-27 23:33:38.721872,2025-04-28 05:54:16.002006231,Medium,DevOps,Email,Resolved
TCK-6622,2025-04-28 00:03:53.303330,2025-04-29 02:24:17.734352968,High,DevOps,Email,Closed
TCK-6623,2025-04-28 01:04:22.466246,2025-04-28 11:06:56.237265791,Critical,DevOps,Software,Closed
TCK-6624,2025-04-28 01:34:37.047704,2025-04-29 08:22:36.892132543,Low,DevOps,Hardware,Closed
TCK-6625,2025-04-28 01:34:37.047704,2025-04-29 05:13:58.170136739,High,DevOps,Network,Closed
TCK-6626,2025-04-28 02:04:51.629162,2025-04-30 01:49:01.665338598,Low,DevOps,Access Control,Resolved
TCK-6627,2025-04-28 02:04:51.629162,2025-04-29 03:30:58.316956453,High,DevOps,Software,Closed
TCK-6628,2025-04-28 03:05:20.792079,2025-04-28 04:02:55.090748707,Critical,HR,Software,Closed
TCK-6629,2025-04-28 03:35:35.373537,2025-04-29 12:16:34.818429260,High,IT Support,Network,Closed
TCK-6630,2025-04-28 03:35:35.373537,2025-04-30 05:39:55.527186856,Medium,IT Support,Email,Closed
TCK-6631,2025-04-28 03:35:35.373537,2025-05-01 22:46:19.232263460,Medium,IT Support,Email,Closed
TCK-6632,2025-04-28 04:05:49.954995,2025-04-28 06:30:22.609524857,High,HR,Access Control,Closed
TCK-6633,2025-04-28 04:36:04.536453,2025-04-28 21:42:06.931309686,Medium,HR,Network,Closed
TCK-6634,2025-04-28 05:06:19.117911,2025-04-28 09:06:34.986801371,Low,Operations,Software,Resolved
TCK-6635,2025-04-28 05:36:33.699369,2025-04-28 11:05:25.446029380,Critical,Operations,Network,Closed
TCK-6636,2025-04-28 06:06:48.280828,2025-04-29 06:45:05.606229248,Medium,DevOps,Hardware,Closed
TCK-6637,2025-04-28 07:07:17.443744,2025-05-01 03:33:09.030025608,Medium,Operations,Software,Closed
TCK-6638,2025-04-28 07:07:17.443744,2025-04-28 23:23:04.988231051,Low,Operations,Access Control,Resolved
TCK-6639,2025-04-28 07:07:17.443744,2025-04-29 17:20:23.802920533,Low,Operations,Access Control,Resolved
TCK-6640,2025-04-28 07:07:17.443744,2025-04-28 07:16:55.686549928,Medium,IT Support,Software,Closed
TCK-6641,2025-04-28 07:37:32.025202,2025-04-28 08:17:50.324083722,Medium,HR,Email,Resolved
TCK-6642,2025-04-28 08:38:01.188118,2025-04-29 00:58:48.331218358,Medium,Finance,Software,Resolved
TCK-6643,2025-04-28 08:38:01.188118,2025-04-28 17:30:03.655095815,Medium,IT Support,Software,Resolved
TCK-6644,2025-04-28 08:38:01.188118,2025-04-30 00:19:30.090320802,Medium,DevOps,Hardware,Resolved
TCK-6645,2025-04-28 08:38:01.188118,2025-04-28 15:06:17.453229792,High,IT Support,Software,Closed
TCK-6646,2025-04-28 09:38:30.351035,2025-04-28 19:49:29.246889063,Medium,HR,Network,Resolved
TCK-6647,2025-04-28 10:08:44.932493,2025-04-28 23:39:22.771443627,Critical,IT Support,Network,Resolved
TCK-6648,2025-04-28 10:08:44.932493,2025-04-28 15:53:08.500227472,Low,Finance,Access Control,Closed
TCK-6649,2025-04-28 10:38:59.513951,2025-04-30 05:41:39.655874395,Critical,Finance,Email,Resolved
TCK-6650,2025-04-28 10:38:59.513951,2025-04-28 21:53:34.702517612,Medium,DevOps,Access Control,Closed
TCK-6651,2025-04-28 10:38:59.513951,2025-04-28 20:35:03.788006931,Medium,IT Support,Hardware,Resolved
TCK-6652,2025-04-28 10:38:59.513951,2025-04-29 20:46:06.293833123,Low,Finance,Software,Closed
TCK-6653,2025-04-28 11:09:14.095409,2025-04-28 17:53:05.086557496,High,DevOps,Access Control,Closed
TCK-6654,2025-04-28 11:39:28.676867,2025-04-29 18:16:21.503829085,Unassigned,DevOps,Software,Resolved
TCK-6655,2025-04-28 12:39:57.839783,2025-04-28 15:00:49.023372779,Unassigned,IT Support,Access Control,Closed
TCK-6656,2025-04-28 12:39:57.839783,2025-04-28 16:17:58.198300086,Medium,IT Support,Software,Closed
TCK-6657,2025-04-28 14:10:41.584158,2025-04-30 20:24:25.120080505,Low,IT Support,Access Control,Closed
TCK-6658,2025-04-28 14:10:41.584158,2025-04-29 23:26:31.756358914,Medium,DevOps,Network,Resolved
TCK-6659,2025-04-28 14:10:41.584158,2025-04-28 23:00:49.170661634,Medium,HR,Hardware,Closed
TCK-6660,2025-04-28 14:10:41.584158,2025-04-29 08:29:27.339707647,Low,IT Support,Access Control,Resolved
TCK-6661,2025-04-28 14:40:56.165616,2025-04-30 18:14:15.104487287,Medium,IT Support,Network,Resolved
TCK-6662,2025-04-28 15:41:25.328532,2025-04-28 19:58:32.792514236,Medium,DevOps,Email,Closed
TCK-6663,2025-04-28 16:11:39.909991,2025-04-28 17:17:21.257637964,High,Finance,Access Control,Closed
TCK-6664,2025-04-28 16:41:54.491449,2025-04-29 06:34:37.862369250,Low,Finance,Software,Closed
TCK-6665,2025-04-28 17:42:23.654365,2025-04-28 20:28:32.945431390,Low,Finance,Hardware,Closed
TCK-6666,2025-04-28 17:42:23.654365,2025-04-28 21:26:24.258756566,Medium,IT Support,Network,Closed
TCK-6667,2025-04-28 18:12:38.235823,2025-04-30 10:11:42.776400145,Critical,IT Support,Network,Closed
TCK-6668,2025-04-28 18:12:38.235823,2025-04-28 18:20:39.764640142,Critical,HR,Hardware,Resolved
TCK-6669,2025-04-28 18:12:38.235823,2025-04-30 00:45:42.378179477,Low,IT Support,Access Control,Resolved
TCK-6670,2025-04-28 19:13:07.398739,2025-04-29 08:18:58.258076651,Medium,Operations,Software,Closed
TCK-6671,2025-04-28 20:13:36.561656,2025-04-29 10:58:32.267209639,Medium,Finance,Email,Closed
TCK-6672,2025-04-28 20:13:36.561656,2025-04-29 16:16:45.996159648,Medium,DevOps,Access Control,Closed
TCK-6673,2025-04-28 22:14:34.887488,2025-04-29 08:24:24.674768560,Low,IT Support,Hardware,Resolved
TCK-6674,2025-04-28 22:14:34.887488,2025-04-29 00:27:16.168325799,Medium,IT Support,Access Control,Closed
TCK-6675,2025-04-28 22:44:49.468946,2025-04-29 00:42:00.205287258,Low,IT Support,Access Control,Closed
TCK-6676,2025-04-28 23:45:18.631863,2025-04-30 01:01:31.169284781,High,DevOps,Hardware,Closed
TCK-6677,2025-04-28 23:45:18.631863,2025-04-29 04:15:04.981576948,Medium,IT Support,Hardware,Closed
TCK-6678,2025-04-28 23:45:18.631863,2025-04-29 00:16:05.697074453,Medium,HR,Email,Closed
TCK-6679,2025-04-29 00:15:33.213321,2025-05-01 22:19:53.227163771,Medium,DevOps,Hardware,Closed
TCK-6680,2025-04-29 00:15:33.213321,2025-05-01 23:01:53.407539004,High,Operations,Hardware,Closed
TCK-6681,2025-04-29 00:15:33.213321,2025-04-29 08:48:35.963596292,Low,IT Support,Hardware,Closed
TCK-6682,2025-04-29 01:16:02.376237,2025-04-29 01:43:57.795065692,Medium,IT Support,Network,Closed
TCK-6683,2025-04-29 01:46:16.957695,2025-04-30 01:09:28.577976636,Critical,IT Support,Hardware,Closed
TCK-6684,2025-04-29 01:46:16.957695,2025-04-30 09:46:26.687586611,Medium,DevOps,Hardware,Resolved
TCK-6685,2025-04-29 01:46:16.957695,2025-04-29 04:10:30.805795862,Medium,IT Support,Hardware,Closed
TCK-6686,2025-04-29 02:46:46.120612,2025-04-29 05:23:58.156105680,Low,Finance,Email,Closed
TCK-6687,2025-04-29 02:46:46.120612,2025-04-30 09:52:10.685940982,High,Finance,Access Control,Closed
TCK-6688,2025-04-29 03:17:00.702070,2025-05-01 01:10:51.619212162,Low,IT Support,Hardware,Closed
TCK-6689,2025-04-29 03:47:15.283528,2025-04-30 07:56:38.598264972,Medium,IT Support,Hardware,Closed
TCK-6690,2025-04-29 03:47:15.283528,2025-04-29 07:49:15.354647652,Medium,HR,Email,Closed
TCK-6691,2025-04-29 03:47:15.283528,2025-04-29 13:19:53.177279442,Medium,IT Support,Access Control,Closed
TCK-6692,2025-04-29 04:47:44.446444,2025-04-29 21:19:36.702772289,Medium,IT Support,Email,Closed
TCK-6693,2025-04-29 05:17:59.027902,2025-04-29 08:26:39.770753744,Medium,Finance,Software,Resolved
TCK-6694,2025-04-29 05:48:13.609360,2025-04-29 10:03:37.855075516,Medium,DevOps,Software,Closed
TCK-6695,2025-04-29 06:18:28.190819,2025-04-29 12:17:35.522828564,Low,IT Support,Software,Closed
TCK-6696,2025-04-29 07:18:57.353735,2025-04-29 20:08:18.090896546,Medium,Finance,Hardware,Closed
TCK-6697,2025-04-29 07:49:11.935193,2025-04-29 20:41:23.537668404,Low,IT Support,Email,Closed
TCK-6698,2025-04-29 07:49:11.935193,2025-04-30 14:07:28.780876393,Low,DevOps,Hardware,Closed
TCK-6699,2025-04-29 08:49:41.098109,2025-04-30 09:59:57.952160625,High,DevOps,Software,Closed
TCK-6700,2025-04-29 09:19:55.679567,2025-05-01 05:26:17.656563433,High,DevOps,Access Control,Closed
TCK-6701,2025-04-29 10:50:39.423942,2025-04-30 19:02:57.844293669,Low,HR,Access Control,Closed
TCK-6702,2025-04-29 11:20:54.005400,2025-04-29 16:37:11.692903025,Low,Finance,Email,Resolved
TCK-6703,2025-04-29 12:21:23.168316,2025-04-29 19:35:59.655042923,Low,DevOps,Access Control,Resolved
TCK-6704,2025-04-29 12:51:37.749774,2025-04-30 01:21:08.562678088,High,IT Support,Software,Closed
TCK-6705,2025-04-29 12:51:37.749774,2025-04-29 13:07:09.181509733,High,Finance,Email,Closed
TCK-6706,2025-04-29 13:21:52.331233,2025-05-01 07:31:38.998482215,Medium,DevOps,Email,Resolved
TCK-6707,2025-04-29 13:21:52.331233,2025-04-29 14:10:51.496309445,High,HR,Software,Resolved
TCK-6708,2025-04-29 13:52:06.912691,2025-04-29 20:52:30.898796873,Unassigned,HR,Software,Closed
TCK-6709,2025-04-29 14:22:21.494149,2025-04-30 05:31:46.516830226,Unassigned,DevOps,Software,Closed
TCK-6710,2025-04-29 14:52:36.075607,2025-04-30 04:00:26.518912912,Unassigned,IT Support,Software,Resolved
TCK-6711,2025-04-29 15:22:50.657065,2025-04-30 10:30:30.154028025,High,HR,Email,Resolved
TCK-6712,2025-04-29 15:22:50.657065,2025-04-30 04:52:35.120098297,Low,IT Support,Access Control,Closed
TCK-6713,2025-04-29 15:53:05.238523,2025-04-29 20:33:57.693819874,Low,IT Support,Software,Closed
TCK-6714,2025-04-29 18:24:18.145814,2025-04-29 22:26:45.240054396,High,IT Support,Network,Closed
TCK-6715,2025-04-29 18:54:32.727272,2025-05-01 13:42:35.202628884,Medium,HR,Email,Closed
TCK-6716,2025-04-29 19:55:01.890189,2025-04-30 01:26:01.792026091,Medium,IT Support,Hardware,Resolved
TCK-6717,2025-04-29 20:55:31.053105,2025-04-30 02:51:46.127434634,Low,Finance,Access Control,Resolved
TCK-6718,2025-04-29 20:55:31.053105,2025-04-30 06:30:46.787181458,High,HR,Email,Closed
TCK-6719,2025-04-29 20:55:31.053105,2025-04-29 23:37:42.068777865,Medium,IT Support,Software,Closed
TCK-6720,2025-04-29 21:25:45.634563,2025-04-30 10:10:11.054805880,Low,IT Support,Network,Closed
TCK-6721,2025-04-29 22:26:14.797479,2025-04-30 18:07:27.825142158,Medium,IT Support,Hardware,Resolved
TCK-6722,2025-04-29 22:56:29.378937,2025-05-01 02:41:36.824244664,Unassigned,HR,Access Control,Resolved
TCK-6723,2025-04-29 22:56:29.378937,2025-04-30 21:18:49.402523322,Medium,IT Support,Software,Closed
TCK-6724,2025-04-29 23:56:58.541854,2025-04-30 02:49:29.795667846,Medium,DevOps,Email,Resolved
TCK-6725,2025-04-30 00:57:27.704770,2025-04-30 11:55:06.334296365,Low,IT Support,Email,Closed
TCK-6726,2025-04-30 00:57:27.704770,2025-04-30 01:39:57.608771850,Low,HR,Access Control,Resolved
TCK-6727,2025-04-30 00:57:27.704770,2025-04-30 01:16:51.401689544,Medium,DevOps,Network,Closed
TCK-6728,2025-04-30 01:27:42.286228,2025-04-30 11:54:09.617735360,High,HR,Software,Closed
TCK-6729,2025-04-30 01:57:56.867686,2025-04-30 07:12:54.958871243,Critical,Finance,Access Control,Closed
TCK-6730,2025-04-30 01:57:56.867686,2025-04-30 22:39:56.369209980,Medium,DevOps,Access Control,Closed
TCK-6731,2025-04-30 02:28:11.449144,2025-05-01 01:39:28.572354068,Medium,IT Support,Email,Closed
TCK-6732,2025-04-30 02:58:26.030603,2025-05-01 19:36:41.577950967,High,Operations,Access Control,Resolved
TCK-6733,2025-04-30 02:58:26.030603,2025-05-01 04:42:47.711628263,Low,Operations,Hardware,Closed
TCK-6734,2025-04-30 02:58:26.030603,2025-04-30 03:51:50.177342387,Low,IT Support,Hardware,Closed
TCK-6735,2025-04-30 02:58:26.030603,2025-04-30 11:20:13.081996797,High,Operations,Software,Closed
TCK-6736,2025-04-30 03:28:40.612061,2025-04-30 09:13:02.799849946,High,DevOps,Access Control,Closed
TCK-6737,2025-04-30 04:29:09.774977,2025-04-30 13:16:10.625637252,Critical,Operations,Email,Closed
TCK-6738,2025-04-30 04:29:09.774977,2025-04-30 07:37:33.711275861,Medium,DevOps,Software,Closed
TCK-6739,2025-04-30 04:29:09.774977,2025-04-30 06:20:12.042345051,Critical,DevOps,Network,Resolved
TCK-6740,2025-04-30 04:59:24.356435,2025-04-30 18:14:18.608716693,Low,IT Support,Email,Resolved
TCK-6741,2025-04-30 05:29:38.937893,2025-05-01 04:25:55.420057302,Low,HR,Network,Closed
TCK-6742,2025-04-30 06:30:08.100810,2025-05-01 04:17:19.613513251,High,IT Support,Software,Closed
TCK-6743,2025-04-30 07:00:22.682268,2025-04-30 17:47:53.873860740,Medium,IT Support,Hardware,Resolved
TCK-6744,2025-04-30 08:00:51.845184,2025-04-30 21:18:41.443573396,Low,Operations,Email,Closed
TCK-6745,2025-04-30 08:00:51.845184,2025-04-30 21:05:19.311041317,High,IT Support,Email,Resolved
TCK-6746,2025-04-30 09:01:21.008100,2025-05-01 06:11:42.759168926,High,DevOps,Software,Resolved
TCK-6747,2025-04-30 09:31:35.589558,2025-04-30 10:24:38.024516522,Medium,IT Support,Email,Closed
TCK-6748,2025-04-30 10:01:50.171017,2025-05-01 08:18:21.219149515,Medium,IT Support,Email,Closed
TCK-6749,2025-04-30 12:02:48.496849,2025-05-01 03:45:22.994009830,High,Finance,Software,Closed
TCK-6750,2025-04-30 12:02:48.496849,2025-04-30 16:01:15.185661272,High,IT Support,Access Control,Closed
TCK-6751,2025-04-30 12:33:03.078307,2025-04-30 13:27:22.719479915,High,Operations,Software,Closed
TCK-6752,2025-04-30 13:03:17.659765,2025-04-30 15:07:21.949535206,Medium,IT Support,Email,Closed
TCK-6753,2025-04-30 13:03:17.659765,2025-05-01 02:26:35.308688081,Low,IT Support,Software,Resolved
TCK-6754,2025-04-30 13:03:17.659765,2025-05-01 14:37:26.521154866,Medium,IT Support,Email,Resolved
TCK-6755,2025-04-30 13:33:32.241224,2025-04-30 20:53:35.196490372,Medium,IT Support,Network,Closed
TCK-6756,2025-04-30 13:33:32.241224,2025-04-30 22:08:17.460295613,Low,IT Support,Network,Closed
TCK-6757,2025-04-30 14:03:46.822682,2025-05-02 15:01:43.650118787,Low,HR,Hardware,Closed
TCK-6758,2025-04-30 14:03:46.822682,2025-04-30 18:22:29.251584524,Low,Finance,Software,Resolved
TCK-6759,2025-04-30 14:03:46.822682,2025-04-30 16:02:04.706560115,Low,IT Support,Software,Resolved
TCK-6760,2025-04-30 14:34:01.404140,2025-04-30 22:08:22.484030528,Medium,IT Support,Network,Closed
TCK-6761,2025-04-30 14:34:01.404140,2025-05-01 15:13:44.820032700,Medium,DevOps,Network,Closed
TCK-6762,2025-04-30 15:04:15.985598,2025-05-01 08:46:40.144992977,Medium,HR,Network,Resolved
TCK-6763,2025-04-30 15:34:30.567056,2025-05-01 01:15:00.831597709,Medium,HR,Hardware,Closed
TCK-6764,2025-04-30 16:04:45.148514,2025-05-03 04:17:44.580562757,Medium,DevOps,Hardware,Closed
TCK-6765,2025-04-30 16:34:59.729972,2025-05-01 16:29:14.908394208,Low,DevOps,Access Control,Closed
TCK-6766,2025-04-30 16:34:59.729972,2025-04-30 17:43:57.702820623,Medium,DevOps,Software,Closed
TCK-6767,2025-04-30 16:34:59.729972,2025-05-01 17:09:14.805319824,High,DevOps,Hardware,Closed
TCK-6768,2025-04-30 19:06:12.637263,2025-04-30 19:32:29.363651361,High,IT Support,Email,Closed
TCK-6769,2025-04-30 19:06:12.637263,2025-05-01 14:01:00.999562482,Medium,IT Support,Software,Resolved
TCK-6770,2025-04-30 19:36:27.218721,2025-04-30 23:51:41.642840733,High,HR,Access Control,Closed
TCK-6771,2025-04-30 21:07:10.963096,2025-05-01 18:34:44.439094155,Medium,Operations,Network,Closed
TCK-6772,2025-04-30 22:07:40.126012,2025-05-01 04:48:04.354305182,Medium,IT Support,Access Control,Closed
TCK-6773,2025-04-30 23:38:23.870387,2025-05-02 12:47:06.307889865,Critical,Finance,Software,Resolved
TCK-6774,2025-05-01 01:39:22.196219,2025-05-01 09:03:05.298079157,Medium,DevOps,Network,Resolved
TCK-6775,2025-05-01 02:09:36.777677,2025-05-01 19:33:44.378666048,Medium,HR,Access Control,Resolved
TCK-6776,2025-05-01 03:10:05.940594,2025-05-01 09:13:48.692627968,High,IT Support,Access Control,Closed
TCK-6777,2025-05-01 03:10:05.940594,2025-05-03 00:01:00.807903619,Unassigned,IT Support,Software,Resolved
TCK-6778,2025-05-01 03:10:05.940594,2025-05-02 06:30:15.445415618,Critical,IT Support,Hardware,Closed
TCK-6779,2025-05-01 04:10:35.103510,2025-05-01 09:11:40.838488472,Unassigned,IT Support,Email,Closed
TCK-6780,2025-05-01 05:11:04.266426,2025-05-03 10:40:46.726293118,Low,IT Support,Access Control,Closed
TCK-6781,2025-05-01 05:11:04.266426,2025-05-01 13:08:16.513819982,Medium,DevOps,Email,Closed
TCK-6782,2025-05-01 05:11:04.266426,2025-05-02 00:10:38.945017302,Medium,Operations,Software,Closed
TCK-6783,2025-05-01 06:11:33.429342,2025-05-02 06:38:18.845363452,Medium,Finance,Software,Closed
TCK-6784,2025-05-01 07:12:02.592259,2025-05-01 07:37:03.910421160,Low,DevOps,Hardware,Closed
TCK-6785,2025-05-01 07:42:17.173717,2025-05-03 17:11:08.657413055,High,HR,Network,Resolved
TCK-6786,2025-05-01 08:12:31.755175,2025-05-01 15:48:34.685229434,Medium,IT Support,Email,Closed
TCK-6787,2025-05-01 08:12:31.755175,2025-05-01 11:59:48.791892540,Medium,IT Support,Access Control,Closed
TCK-6788,2025-05-01 08:42:46.336633,2025-05-02 18:56:46.201353249,Medium,IT Support,Network,Resolved
TCK-6789,2025-05-01 08:42:46.336633,2025-05-02 06:33:33.065185044,Medium,DevOps,Email,Closed
TCK-6790,2025-05-01 09:13:00.918091,2025-05-01 10:51:00.756491474,High,Operations,Email,Closed
TCK-6791,2025-05-01 09:13:00.918091,2025-05-01 11:27:27.258909593,Medium,HR,Network,Closed
TCK-6792,2025-05-01 09:43:15.499549,2025-05-02 08:19:40.382764742,Medium,HR,Network,Closed
TCK-6793,2025-05-01 10:13:30.081008,2025-05-01 11:37:26.806875119,Low,HR,Hardware,Closed
TCK-6794,2025-05-01 11:44:13.825382,2025-05-03 08:34:32.607247577,Medium,HR,Access Control,Resolved
TCK-6795,2025-05-01 12:14:28.406840,2025-05-02 12:35:43.770140295,Low,Finance,Access Control,Closed
TCK-6796,2025-05-01 12:14:28.406840,2025-05-01 19:35:52.728767994,Low,DevOps,Access Control,Resolved
TCK-6797,2025-05-01 12:14:28.406840,2025-05-01 20:21:26.047739988,Medium,DevOps,Network,Closed
TCK-6798,2025-05-01 12:44:42.988298,2025-05-02 01:27:26.336527372,Low,Finance,Hardware,Resolved
TCK-6799,2025-05-01 13:14:57.569756,2025-05-01 21:18:35.201550094,Unassigned,HR,Software,Closed
TCK-6800,2025-05-01 13:45:12.151215,2025-05-02 17:17:37.413722681,Medium,Operations,Hardware,Closed
TCK-6801,2025-05-01 13:45:12.151215,2025-05-04 07:57:53.261231354,Medium,DevOps,Network,Closed
TCK-6802,2025-05-01 14:15:26.732673,2025-05-02 06:04:02.156907854,Low,HR,Hardware,Closed
TCK-6803,2025-05-01 15:15:55.895589,2025-05-02 01:53:50.532237205,Low,HR,Network,Closed
TCK-6804,2025-05-01 15:46:10.477047,2025-05-01 20:18:21.650979951,Medium,DevOps,Email,Closed
TCK-6805,2025-05-01 15:46:10.477047,2025-05-02 10:50:37.762208610,Critical,HR,Email,Closed
TCK-6806,2025-05-01 18:17:23.384338,2025-05-02 15:06:57.996928739,Low,Finance,Software,Closed
TCK-6807,2025-05-01 18:17:23.384338,2025-05-02 15:05:38.441873935,Medium,IT Support,Email,Closed
TCK-6808,2025-05-01 19:17:52.547254,2025-05-01 19:47:25.204230577,Low,DevOps,Software,Resolved
TCK-6809,2025-05-01 19:17:52.547254,2025-05-03 12:35:13.665080412,High,Finance,Access Control,Resolved
TCK-6810,2025-05-01 19:48:07.128712,2025-05-02 03:13:46.894587153,Medium,Finance,Network,Closed
TCK-6811,2025-05-01 20:18:21.710171,2025-05-02 20:50:38.726065100,Low,Operations,Access Control,Resolved
TCK-6812,2025-05-01 20:48:36.291629,2025-05-02 22:29:01.317353063,Medium,Operations,Access Control,Closed
TCK-6813,2025-05-01 20:48:36.291629,2025-05-02 15:44:07.597208932,Unassigned,DevOps,Software,Resolved
TCK-6814,2025-05-01 20:48:36.291629,2025-05-02 05:51:05.734839415,Medium,IT Support,Network,Closed
TCK-6815,2025-05-01 21:18:50.873087,2025-05-02 14:11:19.192485258,Low,HR,Software,Closed
TCK-6816,2025-05-01 21:18:50.873087,2025-05-01 22:03:09.551379916,Low,IT Support,Hardware,Resolved
TCK-6817,2025-05-01 21:49:05.454545,2025-05-02 23:38:56.490631590,Unassigned,IT Support,Access Control,Resolved
TCK-6818,2025-05-01 22:49:34.617461,2025-05-02 00:42:52.368321613,Medium,Operations,Network,Resolved
TCK-6819,2025-05-01 23:19:49.198919,2025-05-02 08:25:40.745992867,Medium,Operations,Access Control,Closed
TCK-6820,2025-05-02 01:51:02.106210,2025-05-02 03:49:10.545569875,Low,HR,Hardware,Closed
TCK-6821,2025-05-02 03:52:00.432043,2025-05-03 12:31:37.563507835,Unassigned,IT Support,Hardware,Closed
TCK-6822,2025-05-02 05:22:44.176417,2025-05-02 19:45:51.034423933,Medium,IT Support,Network,Resolved
TCK-6823,2025-05-02 05:52:58.757875,2025-05-03 03:01:11.374200832,Low,HR,Network,Closed
TCK-6824,2025-05-02 06:23:13.339333,2025-05-03 03:02:33.691365541,Low,IT Support,Hardware,Resolved
TCK-6825,2025-05-02 07:23:42.502250,2025-05-03 16:33:47.592229188,Critical,Finance,Access Control,Resolved
TCK-6826,2025-05-02 07:23:42.502250,2025-05-02 09:57:18.343619304,High,Finance,Email,Closed
TCK-6827,2025-05-02 07:53:57.083708,2025-05-03 03:18:12.157227982,Low,Operations,Access Control,Resolved
TCK-6828,2025-05-02 07:53:57.083708,2025-05-02 23:18:24.690217711,Medium,IT Support,Email,Closed
TCK-6829,2025-05-02 08:24:11.665166,2025-05-02 08:58:05.381029723,Medium,HR,Software,Closed
TCK-6830,2025-05-02 08:54:26.246624,2025-05-02 12:57:21.306984403,High,Operations,Network,Resolved
TCK-6831,2025-05-02 08:54:26.246624,2025-05-02 14:30:44.293369575,Low,HR,Hardware,Closed
TCK-6832,2025-05-02 09:24:40.828082,2025-05-02 10:46:01.775879615,Medium,IT Support,Software,Closed
TCK-6833,2025-05-02 09:24:40.828082,2025-05-02 17:17:47.806011203,Low,IT Support,Access Control,Closed
TCK-6834,2025-05-02 09:54:55.409540,2025-05-02 10:24:42.551201885,Low,DevOps,Email,Closed
TCK-6835,2025-05-02 10:25:09.990999,2025-05-03 00:55:13.341827148,Low,DevOps,Network,Closed
TCK-6836,2025-05-02 10:25:09.990999,2025-05-02 14:41:48.032083920,Low,Operations,Email,Closed
TCK-6837,2025-05-02 10:25:09.990999,2025-05-02 16:30:30.419274636,Low,IT Support,Access Control,Closed
TCK-6838,2025-05-02 10:55:24.572457,2025-05-04 06:21:39.911586493,High,DevOps,Access Control,Resolved
TCK-6839,2025-05-02 10:55:24.572457,2025-05-02 23:30:06.605611496,High,DevOps,Hardware,Closed
TCK-6840,2025-05-02 11:25:39.153915,2025-05-02 17:04:04.938757810,Low,IT Support,Software,Closed
TCK-6841,2025-05-02 11:55:53.735373,2025-05-03 04:21:20.657562748,Medium,Operations,Network,Closed
TCK-6842,2025-05-02 13:26:37.479747,2025-05-02 17:29:52.709724515,High,Finance,Hardware,Closed
TCK-6843,2025-05-02 13:26:37.479747,2025-05-02 14:50:07.066794961,Low,Operations,Email,Closed
TCK-6844,2025-05-02 13:56:52.061206,2025-05-02 14:19:41.154743208,Low,Operations,Software,Closed
TCK-6845,2025-05-02 13:56:52.061206,2025-05-04 20:25:48.087820374,Medium,IT Support,Network,Closed
TCK-6846,2025-05-02 14:27:06.642664,2025-05-03 13:39:50.778457410,Medium,Finance,Email,Closed
TCK-6847,2025-05-02 14:27:06.642664,2025-05-03 19:25:01.421613850,Medium,HR,Network,Resolved
TCK-6848,2025-05-02 14:57:21.224122,2025-05-05 14:13:04.135882182,Medium,DevOps,Network,Resolved
TCK-6849,2025-05-02 14:57:21.224122,2025-05-04 15:14:46.805578762,Low,Finance,Software,Closed
TCK-6850,2025-05-02 14:57:21.224122,2025-05-03 14:59:26.801643853,Medium,DevOps,Email,Closed
TCK-6851,2025-05-02 14:57:21.224122,2025-05-03 12:16:12.713495468,Low,IT Support,Hardware,Resolved
TCK-6852,2025-05-02 15:57:50.387038,2025-05-02 23:21:27.250477245,Medium,DevOps,Hardware,Resolved
TCK-6853,2025-05-02 16:28:04.968496,2025-05-02 18:26:42.219499745,High,IT Support,Hardware,Closed
TCK-6854,2025-05-02 16:58:19.549954,2025-05-03 08:19:12.232221134,High,IT Support,Network,Resolved
TCK-6855,2025-05-02 17:28:34.131413,2025-05-03 08:55:52.668295701,Medium,DevOps,Access Control,Resolved
TCK-6856,2025-05-02 17:28:34.131413,2025-05-05 00:13:23.977694776,Low,IT Support,Software,Closed
TCK-6857,2025-05-02 17:58:48.712871,2025-05-03 04:29:59.115339395,High,IT Support,Hardware,Closed
TCK-6858,2025-05-02 17:58:48.712871,2025-05-03 15:06:30.409895119,High,IT Support,Software,Closed
TCK-6859,2025-05-02 18:29:03.294329,2025-05-03 09:53:05.979957390,Unassigned,HR,Network,Closed
TCK-6860,2025-05-02 18:59:17.875787,2025-05-02 22:29:21.980129926,Medium,IT Support,Software,Closed
TCK-6861,2025-05-02 19:59:47.038703,2025-05-03 12:08:09.682269259,Low,DevOps,Hardware,Closed
TCK-6862,2025-05-02 19:59:47.038703,2025-05-03 09:58:42.547145731,Critical,DevOps,Hardware,Closed
TCK-6863,2025-05-02 22:30:59.945994,2025-05-03 10:46:30.874295718,Medium,IT Support,Network,Closed
TCK-6864,2025-05-02 22:30:59.945994,2025-05-03 11:28:59.272706736,Low,HR,Network,Closed
TCK-6865,2025-05-02 22:30:59.945994,2025-05-03 01:44:26.421633797,Medium,IT Support,Email,Resolved
TCK-6866,2025-05-02 23:01:14.527452,2025-05-03 10:13:42.066678210,Low,DevOps,Network,Closed
TCK-6867,2025-05-02 23:31:29.108910,2025-05-03 16:16:27.111797491,Medium,HR,Access Control,Closed
TCK-6868,2025-05-02 23:31:29.108910,2025-05-03 11:37:31.889558830,Medium,IT Support,Access Control,Closed
TCK-6869,2025-05-03 00:31:58.271827,2025-05-03 12:36:24.283022152,Unassigned,IT Support,Hardware,Closed
TCK-6870,2025-05-03 00:31:58.271827,2025-05-03 01:59:06.795962682,Medium,IT Support,Network,Closed
TCK-6871,2025-05-03 01:02:12.853285,2025-05-03 04:50:49.537890084,Medium,DevOps,Access Control,Resolved
TCK-6872,2025-05-03 01:02:12.853285,2025-05-03 08:00:16.540299350,Medium,IT Support,Access Control,Closed
TCK-6873,2025-05-03 01:32:27.434743,2025-05-03 11:19:32.840210011,Medium,IT Support,Email,Closed
TCK-6874,2025-05-03 03:33:25.760576,2025-05-03 19:46:46.634351003,High,IT Support,Network,Closed
TCK-6875,2025-05-03 04:33:54.923492,2025-05-04 16:23:26.139434199,Low,Operations,Email,Closed
TCK-6876,2025-05-03 04:33:54.923492,2025-05-03 07:41:08.620502978,Medium,DevOps,Software,Closed
TCK-6877,2025-05-03 04:33:54.923492,2025-05-03 04:50:20.078706933,Medium,IT Support,Email,Closed
TCK-6878,2025-05-03 05:04:09.504950,2025-05-03 15:48:19.525009695,Medium,IT Support,Software,Closed
TCK-6879,2025-05-03 05:34:24.086408,2025-05-03 15:45:28.900616825,Medium,Operations,Software,Resolved
TCK-6880,2025-05-03 06:34:53.249324,2025-05-03 21:01:50.903477445,Low,IT Support,Network,Closed
TCK-6881,2025-05-03 07:05:07.830783,2025-05-04 15:19:30.483608840,Medium,Operations,Software,Resolved
TCK-6882,2025-05-03 07:05:07.830783,2025-05-04 12:16:08.775341541,High,IT Support,Software,Resolved
TCK-6883,2025-05-03 07:35:22.412241,2025-05-03 09:29:12.890209532,Low,IT Support,Email,Closed
TCK-6884,2025-05-03 09:06:06.156615,2025-05-05 10:01:34.522488315,Low,DevOps,Network,Resolved
TCK-6885,2025-05-03 09:06:06.156615,2025-05-03 11:12:27.726591905,Low,Finance,Network,Closed
TCK-6886,2025-05-03 09:06:06.156615,2025-05-04 03:13:19.145562890,Medium,Operations,Software,Closed
TCK-6887,2025-05-03 10:06:35.319531,2025-05-04 06:11:50.897299803,Medium,DevOps,Email,Resolved
TCK-6888,2025-05-03 10:36:49.900990,2025-05-04 07:07:00.438451131,High,HR,Email,Closed
TCK-6889,2025-05-03 11:07:04.482448,2025-05-03 16:40:06.384017203,Low,DevOps,Email,Closed
TCK-6890,2025-05-03 11:07:04.482448,2025-05-03 18:20:08.813401177,Medium,DevOps,Email,Resolved
TCK-6891,2025-05-03 11:37:19.063906,2025-05-04 01:56:32.112200073,Medium,Finance,Hardware,Closed
TCK-6892,2025-05-03 13:08:02.808280,2025-05-03 17:08:29.106176344,Medium,IT Support,Software,Resolved
TCK-6893,2025-05-03 15:09:01.134113,2025-05-03 15:31:10.801693149,Medium,IT Support,Software,Closed
TCK-6894,2025-05-03 15:09:01.134113,2025-05-04 06:00:57.265675564,Medium,IT Support,Software,Closed
TCK-6895,2025-05-03 15:39:15.715571,2025-05-04 02:55:21.122296288,Low,DevOps,Network,Closed
TCK-6896,2025-05-03 16:39:44.878487,2025-05-04 11:54:31.726610576,High,HR,Network,Closed
TCK-6897,2025-05-03 17:40:14.041404,2025-05-03 20:31:34.222387977,Low,IT Support,Email,Closed
TCK-6898,2025-05-03 18:10:28.622862,2025-05-05 03:15:55.570865801,Medium,DevOps,Network,Closed
TCK-6899,2025-05-03 18:10:28.622862,2025-05-03 21:01:12.431912459,Low,IT Support,Access Control,Closed
TCK-6900,2025-05-03 20:41:41.530153,2025-05-05 12:38:49.323632315,High,Finance,Software,Resolved
TCK-6901,2025-05-03 21:11:56.111611,2025-05-04 07:56:39.559228672,Medium,Operations,Software,Closed
TCK-6902,2025-05-03 21:11:56.111611,2025-05-04 11:33:51.373741655,Low,HR,Hardware,Closed
TCK-6903,2025-05-03 22:42:39.855985,2025-05-05 15:33:09.100965561,Low,IT Support,Hardware,Closed
TCK-6904,2025-05-03 22:42:39.855985,2025-05-04 05:07:44.343625417,Low,HR,Access Control,Closed
TCK-6905,2025-05-03 23:12:54.437443,2025-05-04 02:49:38.596615007,High,DevOps,Hardware,Resolved
TCK-6906,2025-05-03 23:43:09.018901,2025-05-04 10:20:30.243494452,High,Finance,Email,Resolved
TCK-6907,2025-05-04 03:45:05.670567,2025-05-04 08:47:42.615846974,Unassigned,IT Support,Email,Resolved
TCK-6908,2025-05-04 04:45:34.833483,2025-05-04 18:16:03.711743956,Low,IT Support,Software,Resolved
TCK-6909,2025-05-04 05:15:49.414941,2025-05-04 11:03:31.085630381,Low,DevOps,Email,Closed
TCK-6910,2025-05-04 05:15:49.414941,2025-05-05 17:14:25.590540109,Low,HR,Hardware,Closed
TCK-6911,2025-05-04 05:46:03.996399,2025-05-04 22:35:37.218297800,Low,DevOps,Access Control,Closed
TCK-6912,2025-05-04 06:16:18.577857,2025-05-04 06:16:34.175133311,High,Finance,Email,Resolved
TCK-6913,2025-05-04 06:46:33.159315,2025-05-05 12:14:42.947212255,Unassigned,Finance,Software,Closed
TCK-6914,2025-05-04 07:47:02.322232,2025-05-04 14:59:53.808249935,Low,Operations,Software,Closed
TCK-6915,2025-05-04 08:17:16.903690,2025-05-04 15:14:07.655144778,Medium,IT Support,Hardware,Closed
TCK-6916,2025-05-04 08:17:16.903690,2025-05-04 16:58:54.530155937,Medium,IT Support,Email,Resolved
TCK-6917,2025-05-04 08:17:16.903690,2025-05-05 02:11:50.445213354,High,Finance,Hardware,Closed
TCK-6918,2025-05-04 08:47:31.485148,2025-05-04 19:17:42.617086623,Medium,IT Support,Software,Closed
TCK-6919,2025-05-04 08:47:31.485148,2025-05-05 02:37:20.508259244,Unassigned,Finance,Access Control,Closed
TCK-6920,2025-05-04 08:47:31.485148,2025-05-04 11:38:57.752731525,Medium,Operations,Email,Resolved
TCK-6921,2025-05-04 09:17:46.066606,2025-05-07 00:30:47.239046751,High,Operations,Access Control,Closed
TCK-6922,2025-05-04 09:48:00.648064,2025-05-05 09:20:31.024925446,Low,Finance,Email,Closed
TCK-6923,2025-05-04 09:48:00.648064,2025-05-04 14:59:00.342890201,Unassigned,Operations,Software,Resolved
TCK-6924,2025-05-04 10:18:15.229522,2025-05-05 09:29:15.699246417,Medium,IT Support,Email,Resolved
TCK-6925,2025-05-04 10:18:15.229522,2025-05-05 01:42:26.274901171,Medium,HR,Software,Closed
TCK-6926,2025-05-04 10:48:29.810981,2025-05-04 12:53:22.180809918,Medium,HR,Network,Closed
TCK-6927,2025-05-04 11:18:44.392439,2025-05-04 14:50:41.643507331,Low,IT Support,Software,Resolved
TCK-6928,2025-05-04 12:19:13.555355,2025-05-04 13:04:47.180394934,Low,IT Support,Software,Closed
TCK-6929,2025-05-04 12:49:28.136813,2025-05-05 18:38:44.180999824,Low,Operations,Email,Resolved
TCK-6930,2025-05-04 12:49:28.136813,2025-05-05 03:15:57.386068355,Unassigned,DevOps,Access Control,Resolved
TCK-6931,2025-05-04 13:49:57.299729,2025-05-04 20:41:19.132196458,High,DevOps,Software,Resolved
TCK-6932,2025-05-04 15:20:41.044104,2025-05-04 17:46:33.554570056,High,IT Support,Email,Closed
TCK-6933,2025-05-04 16:21:10.207020,2025-05-05 04:15:50.792118073,High,HR,Software,Closed
TCK-6934,2025-05-04 16:51:24.788478,2025-05-05 06:16:00.194260818,Medium,Operations,Hardware,Closed
TCK-6935,2025-05-04 17:21:39.369936,2025-05-05 15:08:59.056611505,Low,Finance,Hardware,Resolved
TCK-6936,2025-05-04 17:51:53.951395,2025-05-07 08:56:43.419440329,Low,Finance,Hardware,Closed
TCK-6937,2025-05-04 17:51:53.951395,2025-05-05 04:08:23.939263826,Critical,Operations,Hardware,Closed
TCK-6938,2025-05-04 19:22:37.695769,2025-05-05 04:45:14.189688270,Low,Finance,Access Control,Closed
TCK-6939,2025-05-04 19:22:37.695769,2025-05-05 03:41:30.394422901,Medium,Finance,Software,Resolved
TCK-6940,2025-05-04 19:22:37.695769,2025-05-06 02:56:58.447639631,Medium,IT Support,Hardware,Closed
TCK-6941,2025-05-04 20:23:06.858685,2025-05-04 23:26:41.479078465,Medium,HR,Email,Resolved
TCK-6942,2025-05-04 20:23:06.858685,2025-05-05 03:58:07.702804302,Unassigned,DevOps,Hardware,Resolved
TCK-6943,2025-05-04 20:53:21.440144,2025-05-05 20:07:30.336025398,Low,IT Support,Network,Closed
TCK-6944,2025-05-04 21:23:36.021602,2025-05-04 21:40:41.119040766,High,Finance,Network,Closed
TCK-6945,2025-05-04 22:24:05.184518,2025-05-05 04:33:02.061298583,Medium,IT Support,Access Control,Closed
TCK-6946,2025-05-04 22:24:05.184518,2025-05-05 16:51:49.199631305,Unassigned,IT Support,Network,Closed
TCK-6947,2025-05-04 22:24:05.184518,2025-05-05 02:06:16.881662593,Critical,HR,Email,Closed
TCK-6948,2025-05-04 22:24:05.184518,2025-05-05 04:53:29.129212948,Low,IT Support,Hardware,Closed
TCK-6949,2025-05-04 22:54:19.765976,2025-05-05 10:53:11.923243578,Medium,Operations,Network,Closed
TCK-6950,2025-05-04 23:54:48.928892,2025-05-05 09:46:53.726331918,High,IT Support,Network,Resolved
TCK-6951,2025-05-04 23:54:48.928892,2025-05-05 01:55:51.707584327,Low,Finance,Access Control,Closed
TCK-6952,2025-05-04 23:54:48.928892,2025-05-07 02:01:59.580469436,Medium,IT Support,Network,Closed
TCK-6953,2025-05-05 00:55:18.091809,2025-05-05 01:44:13.765470990,Medium,IT Support,Hardware,Closed
TCK-6954,2025-05-05 00:55:18.091809,2025-05-06 01:51:23.323155584,Medium,HR,Software,Closed
TCK-6955,2025-05-05 00:55:18.091809,2025-05-05 02:15:19.883631509,Medium,Operations,Hardware,Resolved
TCK-6956,2025-05-05 00:55:18.091809,2025-05-05 12:15:28.418128128,High,HR,Network,Closed
TCK-6957,2025-05-05 01:25:32.673267,2025-05-05 04:53:50.685055872,High,DevOps,Network,Resolved
TCK-6958,2025-05-05 02:26:01.836183,2025-05-05 05:10:17.929962056,High,IT Support,Network,Closed
TCK-6959,2025-05-05 03:26:30.999099,2025-05-05 05:51:50.369065384,Unassigned,IT Support,Access Control,Resolved
TCK-6960,2025-05-05 03:26:30.999099,2025-05-05 14:17:39.987762980,Medium,DevOps,Email,Resolved
TCK-6961,2025-05-05 03:56:45.580558,2025-05-05 16:59:20.094806187,Low,Finance,Hardware,Closed
TCK-6962,2025-05-05 04:27:00.162016,2025-05-05 07:01:36.922006333,Medium,Finance,Network,Closed
TCK-6963,2025-05-05 04:57:14.743474,2025-05-08 02:50:04.994225043,Critical,IT Support,Software,Closed
TCK-6964,2025-05-05 05:27:29.324932,2025-05-05 10:49:25.593817545,Low,IT Support,Access Control,Resolved
TCK-6965,2025-05-05 06:27:58.487848,2025-05-05 17:31:08.459387957,Medium,HR,Email,Resolved
TCK-6966,2025-05-05 06:27:58.487848,2025-05-05 10:51:09.608999340,Medium,Operations,Network,Closed
TCK-6967,2025-05-05 06:58:13.069306,2025-05-05 19:13:46.129696900,Critical,IT Support,Hardware,Closed
TCK-6968,2025-05-05 06:58:13.069306,2025-05-06 08:21:43.514402497,Critical,Operations,Software,Resolved
TCK-6969,2025-05-05 07:28:27.650765,2025-05-05 20:43:37.796281789,High,IT Support,Access Control,Closed
TCK-6970,2025-05-05 07:28:27.650765,2025-05-05 13:31:45.117521321,Low,Finance,Hardware,Closed
TCK-6971,2025-05-05 07:58:42.232223,2025-05-05 13:07:05.645383514,Low,IT Support,Hardware,Closed
TCK-6972,2025-05-05 10:29:55.139513,2025-05-06 12:06:25.205868654,Low,HR,Access Control,Resolved
TCK-6973,2025-05-05 11:00:09.720972,2025-05-05 13:16:03.718808683,Medium,IT Support,Hardware,Resolved
TCK-6974,2025-05-05 12:30:53.465346,2025-05-05 20:49:49.916929814,Low,IT Support,Software,Closed
TCK-6975,2025-05-05 12:30:53.465346,2025-05-05 15:28:17.826020328,Medium,Operations,Software,Closed
TCK-6976,2025-05-05 13:01:08.046804,2025-05-05 18:23:22.647094327,Low,DevOps,Hardware,Closed
TCK-6977,2025-05-05 13:01:08.046804,2025-05-05 16:00:04.154001296,High,DevOps,Network,Closed
TCK-6978,2025-05-05 13:31:22.628262,2025-05-07 04:44:00.115549380,High,IT Support,Hardware,Closed
TCK-6979,2025-05-05 15:02:06.372637,2025-05-06 14:43:49.798696366,Medium,Operations,Network,Closed
TCK-6980,2025-05-05 15:32:20.954095,2025-05-06 06:21:17.196015065,Unassigned,HR,Hardware,Resolved
TCK-6981,2025-05-05 17:03:04.698469,2025-05-05 21:37:33.675241653,Low,Operations,Email,Closed
TCK-6982,2025-05-05 17:03:04.698469,2025-05-06 05:53:59.774888350,Low,IT Support,Software,Closed
TCK-6983,2025-05-05 17:03:04.698469,2025-05-06 06:17:38.481624256,Low,IT Support,Hardware,Closed
TCK-6984,2025-05-05 17:33:19.279927,2025-05-06 09:37:18.677840414,Unassigned,Operations,Software,Closed
TCK-6985,2025-05-05 17:33:19.279927,2025-05-05 18:40:14.676766657,Medium,HR,Access Control,Closed
TCK-6986,2025-05-05 18:33:48.442844,2025-05-08 11:30:45.912941484,Critical,Operations,Email,Closed
TCK-6987,2025-05-05 18:33:48.442844,2025-05-06 05:50:13.290323280,Low,IT Support,Network,Closed
TCK-6988,2025-05-05 20:04:32.187218,2025-05-07 19:04:18.654113138,High,Finance,Access Control,Closed
TCK-6989,2025-05-05 20:04:32.187218,2025-05-05 20:15:10.890434162,Medium,Operations,Email,Closed
TCK-6990,2025-05-05 21:05:01.350135,2025-05-06 02:12:12.536447817,High,Finance,Access Control,Closed
TCK-6991,2025-05-05 21:35:15.931593,2025-05-05 23:33:51.614549791,Unassigned,DevOps,Software,Closed
TCK-6992,2025-05-05 21:35:15.931593,2025-05-07 00:00:42.886724164,Critical,IT Support,Email,Closed
TCK-6993,2025-05-05 21:35:15.931593,2025-05-06 04:31:58.777936241,High,IT Support,Access Control,Closed
TCK-6994,2025-05-05 22:35:45.094509,2025-05-07 07:38:16.146895463,Low,IT Support,Network,Closed
TCK-6995,2025-05-05 23:36:14.257425,2025-05-07 07:45:12.745440363,Medium,HR,Email,Closed
TCK-6996,2025-05-05 23:36:14.257425,2025-05-06 19:26:24.013401900,High,DevOps,Email,Closed
TCK-6997,2025-05-05 23:36:14.257425,2025-05-06 19:19:52.544254154,Medium,HR,Access Control,Closed
TCK-6998,2025-05-06 00:36:43.420342,2025-05-06 22:17:35.360733937,High,Finance,Hardware,Closed
TCK-6999,2025-05-06 00:36:43.420342,2025-05-06 20:46:28.085802340,Low,DevOps,Network,Closed
TCK-7000,2025-05-06 01:06:58.001800,2025-05-06 09:55:20.809278630,Low,IT Support,Network,Closed
TCK-7001,2025-05-06 01:37:12.583258,2025-05-06 22:17:23.067685888,Medium,Operations,Access Control,Closed
TCK-7002,2025-05-06 02:07:27.164716,2025-05-07 19:06:35.810497378,Medium,Operations,Software,Closed
TCK-7003,2025-05-06 02:07:27.164716,2025-05-06 09:24:07.489189336,Low,IT Support,Software,Closed
TCK-7004,2025-05-06 02:07:27.164716,2025-05-08 06:17:43.900822728,Low,IT Support,Hardware,Resolved
TCK-7005,2025-05-06 02:07:27.164716,2025-05-06 02:22:13.282771346,Medium,IT Support,Hardware,Resolved
TCK-7006,2025-05-06 02:37:41.746174,2025-05-06 10:21:25.079748255,High,DevOps,Access Control,Resolved
TCK-7007,2025-05-06 03:07:56.327632,2025-05-06 05:40:56.993136324,Low,IT Support,Software,Closed
TCK-7008,2025-05-06 03:38:10.909090,2025-05-06 06:04:23.814417172,Unassigned,DevOps,Network,Closed
TCK-7009,2025-05-06 03:38:10.909090,2025-05-07 10:03:05.007585991,Low,HR,Software,Closed
TCK-7010,2025-05-06 04:38:40.072007,2025-05-08 01:44:38.920977201,High,DevOps,Access Control,Closed
TCK-7011,2025-05-06 05:08:54.653465,2025-05-07 08:13:13.175960511,Low,DevOps,Software,Closed
TCK-7012,2025-05-06 07:09:52.979297,2025-05-09 02:46:01.771270802,Medium,Operations,Email,Resolved
TCK-7013,2025-05-06 07:09:52.979297,2025-05-06 11:33:09.012953835,Medium,IT Support,Access Control,Closed
TCK-7014,2025-05-06 07:40:07.560756,2025-05-06 10:24:01.184513687,Medium,IT Support,Email,Resolved
TCK-7015,2025-05-06 08:10:22.142214,2025-05-06 21:24:38.425055554,High,IT Support,Access Control,Closed
TCK-7016,2025-05-06 08:10:22.142214,2025-05-07 15:57:59.141406350,High,HR,Network,Closed
TCK-7017,2025-05-06 08:40:36.723672,2025-05-06 09:24:31.128458636,Low,HR,Access Control,Closed
TCK-7018,2025-05-06 08:40:36.723672,2025-05-10 10:12:27.534869800,High,Operations,Access Control,Closed
TCK-7019,2025-05-06 08:40:36.723672,2025-05-07 01:16:17.228918483,Medium,DevOps,Access Control,Closed
TCK-7020,2025-05-06 09:41:05.886588,2025-05-09 07:10:24.072014119,High,IT Support,Access Control,Closed
TCK-7021,2025-05-06 10:11:20.468046,2025-05-06 18:21:56.441177840,Medium,DevOps,Hardware,Closed
TCK-7022,2025-05-06 10:11:20.468046,2025-05-06 21:12:52.621209530,Low,IT Support,Email,Resolved
TCK-7023,2025-05-06 10:41:35.049504,2025-05-07 11:49:01.919118920,Medium,IT Support,Access Control,Resolved
TCK-7024,2025-05-06 11:11:49.630963,2025-05-07 15:31:18.291022535,Critical,DevOps,Access Control,Resolved
TCK-7025,2025-05-06 11:42:04.212421,2025-05-06 16:28:36.402343127,Low,Operations,Hardware,Resolved
TCK-7026,2025-05-06 12:12:18.793879,2025-05-08 12:01:14.968155532,Medium,IT Support,Software,Closed
TCK-7027,2025-05-06 12:12:18.793879,2025-05-08 00:34:33.193662141,Medium,DevOps,Hardware,Resolved
TCK-7028,2025-05-06 12:42:33.375337,2025-05-06 13:02:23.949546048,Low,Operations,Hardware,Closed
TCK-7029,2025-05-06 12:42:33.375337,2025-05-06 15:11:10.993544480,Medium,IT Support,Hardware,Closed
TCK-7030,2025-05-06 12:42:33.375337,2025-05-07 01:02:45.461556414,Low,IT Support,Access Control,Closed
TCK-7031,2025-05-06 13:12:47.956795,2025-05-07 00:20:11.581888320,Critical,DevOps,Hardware,Closed
TCK-7032,2025-05-06 13:43:02.538253,2025-05-07 11:53:58.229739711,High,DevOps,Hardware,Resolved
TCK-7033,2025-05-06 15:13:46.282628,2025-05-06 16:55:17.065353989,Critical,HR,Hardware,Closed
TCK-7034,2025-05-06 15:44:00.864086,2025-05-07 10:22:03.767164478,Medium,IT Support,Access Control,Resolved
TCK-7035,2025-05-06 16:14:15.445544,2025-05-07 09:28:58.806182014,Low,Finance,Network,Resolved
TCK-7036,2025-05-06 16:14:15.445544,2025-05-06 21:01:37.210829701,Medium,DevOps,Network,Closed
TCK-7037,2025-05-06 16:44:30.027002,2025-05-07 06:48:47.209859185,Medium,Finance,Software,Closed
TCK-7038,2025-05-06 17:14:44.608460,2025-05-06 21:46:08.532441828,Critical,IT Support,Access Control,Closed
TCK-7039,2025-05-06 17:14:44.608460,2025-05-06 20:06:21.684710701,Critical,DevOps,Hardware,Closed
TCK-7040,2025-05-06 18:15:13.771377,2025-05-07 09:34:37.189836743,Medium,Finance,Hardware,Closed
TCK-7041,2025-05-06 18:15:13.771377,2025-05-09 14:31:46.485234382,High,Operations,Hardware,Resolved
TCK-7042,2025-05-06 18:15:13.771377,2025-05-06 23:07:16.332759077,Unassigned,Operations,Network,Closed
TCK-7043,2025-05-06 18:15:13.771377,2025-05-07 02:09:22.673013939,High,DevOps,Hardware,Closed
TCK-7044,2025-05-06 18:45:28.352835,2025-05-07 00:05:40.581233530,Medium,Operations,Hardware,Closed
TCK-7045,2025-05-06 19:45:57.515751,2025-05-07 01:20:37.280104157,Medium,Operations,Network,Resolved
TCK-7046,2025-05-06 19:45:57.515751,2025-05-07 05:05:13.355728285,Medium,Finance,Hardware,Closed
TCK-7047,2025-05-06 20:46:26.678667,2025-05-07 18:33:26.151273498,High,DevOps,Software,Resolved
TCK-7048,2025-05-06 20:46:26.678667,2025-05-06 21:29:11.299486332,High,DevOps,Email,Closed
TCK-7049,2025-05-06 21:16:41.260126,2025-05-09 05:58:05.465523019,Low,Finance,Software,Closed
TCK-7050,2025-05-06 21:46:55.841584,2025-05-06 22:38:06.391223654,Medium,IT Support,Access Control,Closed
TCK-7051,2025-05-06 22:47:25.004500,2025-05-08 13:08:38.358237334,High,HR,Software,Closed
TCK-7052,2025-05-06 22:47:25.004500,2025-05-08 15:15:08.246117020,Medium,IT Support,Software,Closed
TCK-7053,2025-05-06 22:47:25.004500,2025-05-07 12:10:15.099153033,Medium,IT Support,Network,Resolved
TCK-7054,2025-05-07 00:18:08.748874,2025-05-07 02:57:16.180841083,Medium,IT Support,Access Control,Resolved
TCK-7055,2025-05-07 00:48:23.330333,2025-05-07 15:47:45.197825183,Medium,Operations,Software,Closed
TCK-7056,2025-05-07 01:18:37.911791,2025-05-07 19:08:26.343959817,Medium,HR,Email,Closed
TCK-7057,2025-05-07 01:48:52.493249,2025-05-08 12:55:07.538528585,Medium,IT Support,Software,Resolved
TCK-7058,2025-05-07 02:19:07.074707,2025-05-07 16:43:39.435974777,Unassigned,Finance,Hardware,Resolved
TCK-7059,2025-05-07 02:49:21.656165,2025-05-07 12:20:30.218042447,Medium,IT Support,Network,Closed
TCK-7060,2025-05-07 03:49:50.819081,2025-05-08 12:37:33.700987023,High,DevOps,Hardware,Closed
TCK-7061,2025-05-07 03:49:50.819081,2025-05-10 03:07:29.527094947,Low,IT Support,Access Control,Closed
TCK-7062,2025-05-07 04:20:05.400540,2025-05-07 22:58:53.551174237,High,IT Support,Access Control,Closed
TCK-7063,2025-05-07 04:50:19.981998,2025-05-08 18:10:50.810598747,Medium,Operations,Network,Closed
TCK-7064,2025-05-07 04:50:19.981998,2025-05-07 21:16:31.033008116,Medium,Finance,Software,Resolved
TCK-7065,2025-05-07 04:50:19.981998,2025-05-08 01:54:28.337712296,Low,Operations,Access Control,Closed
TCK-7066,2025-05-07 05:20:34.563456,2025-05-08 02:19:05.217292353,Medium,HR,Email,Closed
TCK-7067,2025-05-07 05:20:34.563456,2025-05-08 03:18:14.328641078,Medium,IT Support,Network,Closed
TCK-7068,2025-05-07 05:20:34.563456,2025-05-07 12:18:42.139495043,Low,Finance,Hardware,Resolved
TCK-7069,2025-05-07 06:21:03.726372,2025-05-07 21:46:51.812331496,Medium,IT Support,Email,Resolved
TCK-7070,2025-05-07 07:21:32.889288,2025-05-07 23:35:25.390241701,Medium,IT Support,Network,Resolved
TCK-7071,2025-05-07 07:51:47.470747,2025-05-07 14:40:30.448242435,High,IT Support,Email,Resolved
TCK-7072,2025-05-07 08:22:02.052205,2025-05-07 16:07:02.069034628,Medium,DevOps,Network,Resolved
TCK-7073,2025-05-07 08:22:02.052205,2025-05-08 10:13:28.675925135,Medium,DevOps,Hardware,Resolved
TCK-7074,2025-05-07 08:52:16.633663,2025-05-08 00:36:12.288796133,Medium,IT Support,Software,Closed
TCK-7075,2025-05-07 09:52:45.796579,2025-05-07 12:47:16.912732202,Critical,IT Support,Network,Closed
TCK-7076,2025-05-07 09:52:45.796579,2025-05-08 18:36:07.054052426,Critical,Operations,Access Control,Resolved
TCK-7077,2025-05-07 09:52:45.796579,2025-05-09 00:31:02.796073717,Medium,IT Support,Hardware,Resolved
TCK-7078,2025-05-07 11:23:29.540954,2025-05-07 22:41:19.562998274,Medium,Finance,Hardware,Closed
TCK-7079,2025-05-07 12:23:58.703870,2025-05-07 16:37:03.954761912,Unassigned,Finance,Email,Closed
TCK-7080,2025-05-07 12:54:13.285328,2025-05-09 17:59:06.713271395,Unassigned,DevOps,Access Control,Closed
TCK-7081,2025-05-07 13:24:27.866786,2025-05-09 03:54:58.246583413,Low,IT Support,Email,Closed
TCK-7082,2025-05-07 13:24:27.866786,2025-05-07 18:27:06.057066758,Medium,Operations,Hardware,Closed
TCK-7083,2025-05-07 14:24:57.029702,2025-05-07 16:13:27.914211318,High,HR,Network,Closed
TCK-7084,2025-05-07 14:24:57.029702,2025-05-08 00:52:24.944096473,Low,IT Support,Access Control,Closed
TCK-7085,2025-05-07 14:24:57.029702,2025-05-08 10:43:26.837936659,High,IT Support,Hardware,Resolved
TCK-7086,2025-05-07 15:25:26.192619,2025-05-07 18:53:42.420055569,Medium,IT Support,Access Control,Resolved
TCK-7087,2025-05-07 15:25:26.192619,2025-05-08 04:22:57.521936013,Medium,IT Support,Network,Closed
TCK-7088,2025-05-07 15:55:40.774077,2025-05-08 01:54:06.978835169,Low,Operations,Software,Resolved
TCK-7089,2025-05-07 15:55:40.774077,2025-05-09 07:44:57.681295729,Medium,IT Support,Email,Closed
TCK-7090,2025-05-07 15:55:40.774077,2025-05-08 02:01:56.831685360,Low,Operations,Email,Closed
TCK-7091,2025-05-07 16:25:55.355535,2025-05-08 06:10:03.582232638,Critical,HR,Hardware,Resolved
TCK-7092,2025-05-07 16:25:55.355535,2025-05-10 00:21:59.606632184,Medium,IT Support,Hardware,Resolved
TCK-7093,2025-05-07 16:56:09.936993,2025-05-07 23:20:53.945967240,Low,IT Support,Network,Closed
TCK-7094,2025-05-07 16:56:09.936993,2025-05-07 23:04:31.279169138,Low,Finance,Hardware,Resolved
TCK-7095,2025-05-07 16:56:09.936993,2025-05-08 21:52:10.452248773,Medium,DevOps,Hardware,Resolved
TCK-7096,2025-05-07 17:26:24.518451,2025-05-07 23:17:30.468420197,Medium,Operations,Hardware,Closed
TCK-7097,2025-05-07 17:26:24.518451,2025-05-09 01:32:02.479476565,High,DevOps,Access Control,Closed
TCK-7098,2025-05-07 17:26:24.518451,2025-05-07 19:14:51.238344376,Critical,HR,Access Control,Resolved
TCK-7099,2025-05-07 17:56:39.099909,2025-05-07 20:04:02.386472814,Medium,IT Support,Software,Resolved
TCK-7100,2025-05-07 17:56:39.099909,2025-05-09 11:37:49.885230060,Medium,Operations,Access Control,Closed
TCK-7101,2025-05-07 17:56:39.099909,2025-05-08 07:57:12.692496170,Medium,Operations,Email,Closed
TCK-7102,2025-05-07 18:26:53.681368,2025-05-08 17:17:08.023996378,Medium,HR,Software,Resolved
TCK-7103,2025-05-07 18:57:08.262826,2025-05-07 23:32:49.440192480,Medium,IT Support,Hardware,Closed
TCK-7104,2025-05-07 19:27:22.844284,2025-05-07 22:43:46.783227650,Medium,DevOps,Email,Closed
TCK-7105,2025-05-07 19:27:22.844284,2025-05-09 03:53:02.159673774,Medium,DevOps,Software,Closed
TCK-7106,2025-05-07 19:27:22.844284,2025-05-08 03:27:03.018178936,Low,Finance,Software,Closed
TCK-7107,2025-05-07 19:57:37.425742,2025-05-08 06:53:12.926825611,Medium,HR,Email,Closed
TCK-7108,2025-05-07 20:27:52.007200,2025-05-07 20:58:30.419661113,Low,Operations,Software,Closed
TCK-7109,2025-05-07 20:27:52.007200,2025-05-08 05:14:26.292146171,Low,IT Support,Email,Closed
TCK-7110,2025-05-07 20:27:52.007200,2025-05-08 22:57:10.475286431,Medium,HR,Software,Closed
TCK-7111,2025-05-07 20:58:06.588658,2025-05-09 03:57:46.224419291,Medium,IT Support,Software,Closed
TCK-7112,2025-05-07 21:28:21.170117,2025-05-08 19:04:10.198894393,Low,IT Support,Software,Closed
TCK-7113,2025-05-07 21:58:35.751575,2025-05-08 19:11:05.652824100,Low,Operations,Email,Closed
TCK-7114,2025-05-07 23:29:19.495949,2025-05-08 12:11:29.129694376,Medium,Finance,Software,Resolved
TCK-7115,2025-05-07 23:59:34.077407,2025-05-08 13:54:18.222650698,Low,DevOps,Access Control,Closed
TCK-7116,2025-05-07 23:59:34.077407,2025-05-09 00:25:23.704256156,Unassigned,HR,Access Control,Resolved
TCK-7117,2025-05-08 00:29:48.658865,2025-05-08 05:36:37.750920218,High,DevOps,Access Control,Closed
TCK-7118,2025-05-08 00:29:48.658865,2025-05-08 05:14:12.891674292,High,Finance,Access Control,Resolved
TCK-7119,2025-05-08 01:00:03.240324,2025-05-10 06:53:49.336612294,Medium,IT Support,Access Control,Resolved
TCK-7120,2025-05-08 01:00:03.240324,2025-05-08 01:30:22.855354241,Unassigned,Operations,Hardware,Resolved
TCK-7121,2025-05-08 02:30:46.984698,2025-05-08 05:13:00.043773408,High,IT Support,Software,Closed
TCK-7122,2025-05-08 02:30:46.984698,2025-05-08 17:43:06.360482672,Medium,HR,Network,Closed
TCK-7123,2025-05-08 03:31:16.147614,2025-05-09 03:37:09.129663504,Medium,HR,Hardware,Closed
TCK-7124,2025-05-08 03:31:16.147614,2025-05-08 17:24:58.809878176,Medium,IT Support,Email,Resolved
TCK-7125,2025-05-08 04:01:30.729072,2025-05-08 11:55:12.280322802,Medium,IT Support,Hardware,Closed
TCK-7126,2025-05-08 04:31:45.310531,2025-05-11 01:12:38.000419593,High,DevOps,Network,Resolved
TCK-7127,2025-05-08 05:32:14.473447,2025-05-09 03:26:29.480895902,Medium,IT Support,Hardware,Closed
TCK-7128,2025-05-08 06:02:29.054905,2025-05-09 14:05:04.194766589,High,HR,Software,Closed
TCK-7129,2025-05-08 06:02:29.054905,2025-05-08 06:46:50.986300646,Low,Finance,Access Control,Closed
TCK-7130,2025-05-08 06:02:29.054905,2025-05-08 10:53:05.628628979,Critical,HR,Software,Closed
TCK-7131,2025-05-08 06:32:43.636363,2025-05-08 14:58:53.987461007,Low,DevOps,Hardware,Closed
TCK-7132,2025-05-08 08:03:27.380738,2025-05-08 11:41:12.902240926,Unassigned,Operations,Network,Closed
TCK-7133,2025-05-08 09:03:56.543654,2025-05-08 10:25:41.453934878,Medium,IT Support,Email,Closed
TCK-7134,2025-05-08 09:03:56.543654,2025-05-08 13:39:21.226226122,Medium,Finance,Software,Resolved
TCK-7135,2025-05-08 09:03:56.543654,2025-05-08 22:47:45.208851418,Medium,IT Support,Network,Closed
TCK-7136,2025-05-08 10:34:40.288028,2025-05-09 07:59:45.155470892,Medium,Finance,Email,Closed
TCK-7137,2025-05-08 12:05:24.032403,2025-05-09 14:51:41.905956964,High,HR,Access Control,Closed
TCK-7138,2025-05-08 13:05:53.195319,2025-05-08 13:53:16.954719109,Low,IT Support,Software,Resolved
TCK-7139,2025-05-08 15:37:06.102610,2025-05-09 01:40:22.871560978,Low,IT Support,Software,Closed
TCK-7140,2025-05-08 15:37:06.102610,2025-05-08 17:57:52.763038498,Low,Finance,Access Control,Closed
TCK-7141,2025-05-08 15:37:06.102610,2025-05-09 01:46:28.017387310,Medium,IT Support,Access Control,Closed
TCK-7142,2025-05-08 16:07:20.684068,2025-05-09 02:21:59.564960424,Medium,IT Support,Hardware,Closed
TCK-7143,2025-05-08 16:07:20.684068,2025-05-09 04:32:05.269449715,Medium,Operations,Email,Resolved
TCK-7144,2025-05-08 16:07:20.684068,2025-05-10 08:19:21.424769852,Unassigned,IT Support,Network,Resolved
TCK-7145,2025-05-08 16:37:35.265526,2025-05-09 22:03:39.180239798,Critical,Finance,Access Control,Closed
TCK-7146,2025-05-08 17:07:49.846984,2025-05-09 11:21:25.271949286,Critical,IT Support,Hardware,Closed
TCK-7147,2025-05-08 17:38:04.428442,2025-05-10 08:37:45.293651300,Medium,Operations,Email,Closed
TCK-7148,2025-05-08 17:38:04.428442,2025-05-09 14:03:30.404491444,Low,IT Support,Email,Resolved
TCK-7149,2025-05-08 18:08:19.009900,2025-05-10 00:53:27.039496023,Medium,HR,Software,Closed
TCK-7150,2025-05-08 19:08:48.172817,2025-05-09 10:04:46.556138407,Low,Finance,Hardware,Closed
TCK-7151,2025-05-08 19:08:48.172817,2025-05-09 08:33:17.696553182,Low,Operations,Hardware,Closed
TCK-7152,2025-05-08 21:09:46.498649,2025-05-09 20:20:29.899563288,Medium,DevOps,Software,Closed
TCK-7153,2025-05-08 21:09:46.498649,2025-05-08 21:31:15.093885886,Critical,IT Support,Network,Closed
TCK-7154,2025-05-08 21:40:01.080108,2025-05-09 18:46:12.710063198,High,DevOps,Access Control,Resolved
TCK-7155,2025-05-08 21:40:01.080108,2025-05-10 22:44:04.799153805,Unassigned,DevOps,Software,Closed
TCK-7156,2025-05-08 22:10:15.661566,2025-05-09 20:41:56.812459456,Low,Operations,Access Control,Closed
TCK-7157,2025-05-08 22:10:15.661566,2025-05-08 22:50:44.863811686,Medium,Operations,Hardware,Resolved
TCK-7158,2025-05-08 22:40:30.243024,2025-05-09 07:13:06.354235990,High,Finance,Software,Closed
TCK-7159,2025-05-08 23:10:44.824482,2025-05-10 05:01:57.565831013,Medium,DevOps,Network,Closed
TCK-7160,2025-05-08 23:10:44.824482,2025-05-11 08:30:12.149542503,Medium,Finance,Access Control,Closed
TCK-7161,2025-05-08 23:40:59.405940,2025-05-09 08:00:16.108194633,High,Finance,Access Control,Resolved
TCK-7162,2025-05-09 01:11:43.150315,2025-05-10 10:18:59.835313788,Medium,IT Support,Access Control,Closed
TCK-7163,2025-05-09 02:12:12.313231,2025-05-10 14:05:24.293147958,Critical,IT Support,Hardware,Resolved
TCK-7164,2025-05-09 02:12:12.313231,2025-05-09 04:34:18.367205963,Low,IT Support,Access Control,Resolved
TCK-7165,2025-05-09 02:12:12.313231,2025-05-10 11:51:11.378938364,Critical,Operations,Email,Closed
TCK-7166,2025-05-09 02:42:26.894689,2025-05-09 09:45:44.084361324,Low,IT Support,Access Control,Resolved
TCK-7167,2025-05-09 03:42:56.057605,2025-05-09 19:54:25.364868080,Low,IT Support,Hardware,Closed
TCK-7168,2025-05-09 03:42:56.057605,2025-05-09 17:39:09.082061157,Medium,IT Support,Software,Closed
TCK-7169,2025-05-09 03:42:56.057605,2025-05-09 23:17:47.583805315,Medium,Finance,Access Control,Closed
TCK-7170,2025-05-09 04:13:10.639063,2025-05-10 04:29:56.920366004,Medium,Operations,Access Control,Closed
TCK-7171,2025-05-09 04:13:10.639063,2025-05-09 14:41:04.913429075,High,DevOps,Software,Closed
TCK-7172,2025-05-09 05:43:54.383438,2025-05-10 21:11:18.281469425,High,IT Support,Email,Closed
TCK-7173,2025-05-09 06:14:08.964896,2025-05-10 12:04:53.507850698,Medium,Operations,Hardware,Closed
TCK-7174,2025-05-09 08:15:07.290729,2025-05-10 11:57:19.528398728,Medium,IT Support,Software,Closed
TCK-7175,2025-05-09 08:15:07.290729,2025-05-09 19:17:06.114365440,Medium,Operations,Hardware,Closed
TCK-7176,2025-05-09 08:45:21.872187,2025-05-09 09:26:43.513979375,Low,IT Support,Software,Resolved
TCK-7177,2025-05-09 10:16:05.616561,2025-05-09 22:28:05.676048364,High,DevOps,Network,Resolved
TCK-7178,2025-05-09 10:16:05.616561,2025-05-11 03:26:13.585533435,Low,IT Support,Email,Resolved
TCK-7179,2025-05-09 10:46:20.198019,2025-05-09 14:34:30.943307481,Critical,Operations,Network,Closed
TCK-7180,2025-05-09 11:16:34.779477,2025-05-12 12:11:30.022983925,Medium,IT Support,Software,Closed
TCK-7181,2025-05-09 12:47:18.523852,2025-05-10 18:27:51.034112195,Medium,IT Support,Software,Closed
TCK-7182,2025-05-09 13:17:33.105310,2025-05-10 11:33:49.342114541,High,Operations,Hardware,Closed
TCK-7183,2025-05-09 13:17:33.105310,2025-05-10 09:38:35.875421509,Low,IT Support,Software,Closed
TCK-7184,2025-05-09 13:17:33.105310,2025-05-10 05:12:40.304385624,Medium,DevOps,Hardware,Resolved
TCK-7185,2025-05-09 13:47:47.686768,2025-05-10 12:45:11.180503365,Low,DevOps,Hardware,Closed
TCK-7186,2025-05-09 14:18:02.268226,2025-05-10 00:09:53.836318139,Medium,Finance,Software,Resolved
TCK-7187,2025-05-09 14:48:16.849684,2025-05-11 00:23:46.004006418,Medium,HR,Hardware,Closed
TCK-7188,2025-05-09 14:48:16.849684,2025-05-10 12:15:29.781976141,Low,Operations,Email,Resolved
TCK-7189,2025-05-09 16:19:00.594059,2025-05-10 18:52:09.612984552,Medium,Operations,Network,Resolved
TCK-7190,2025-05-09 17:19:29.756975,2025-05-10 21:37:51.860440242,Medium,HR,Software,Closed
TCK-7191,2025-05-09 17:19:29.756975,2025-05-09 19:03:48.662369260,Medium,IT Support,Hardware,Resolved
TCK-7192,2025-05-09 17:49:44.338433,2025-05-09 18:51:34.050811449,Critical,IT Support,Hardware,Closed
TCK-7193,2025-05-09 18:19:58.919891,2025-05-10 23:23:30.707871233,Medium,IT Support,Hardware,Resolved
TCK-7194,2025-05-09 18:19:58.919891,2025-05-09 23:44:16.612561438,Medium,Finance,Hardware,Resolved
TCK-7195,2025-05-09 18:19:58.919891,2025-05-10 10:01:57.584752493,Medium,Operations,Email,Closed
TCK-7196,2025-05-09 18:50:13.501350,2025-05-10 05:23:36.567831882,Medium,DevOps,Software,Closed
TCK-7197,2025-05-09 18:50:13.501350,2025-05-09 19:14:17.614405472,Medium,DevOps,Software,Closed
TCK-7198,2025-05-09 20:20:57.245724,2025-05-09 21:05:21.498676754,High,HR,Email,Closed
TCK-7199,2025-05-09 20:51:11.827182,2025-05-11 04:26:48.002484215,Low,IT Support,Email,Closed
TCK-7200,2025-05-09 20:51:11.827182,2025-05-10 13:41:43.322890899,Low,DevOps,Email,Closed
TCK-7201,2025-05-09 22:21:55.571557,2025-05-10 11:43:17.677810858,Medium,DevOps,Software,Closed
TCK-7202,2025-05-09 22:21:55.571557,2025-05-12 02:21:44.021081287,Low,DevOps,Access Control,Closed
TCK-7203,2025-05-09 22:52:10.153015,2025-05-10 02:17:27.964396736,Low,IT Support,Network,Resolved
TCK-7204,2025-05-09 23:52:39.315931,2025-05-10 05:14:53.480484436,Low,Finance,Email,Resolved
TCK-7205,2025-05-09 23:52:39.315931,2025-05-11 01:19:21.934672063,Critical,IT Support,Email,Closed
TCK-7206,2025-05-09 23:52:39.315931,2025-05-11 02:44:46.333035383,Low,IT Support,Software,Closed
TCK-7207,2025-05-10 00:53:08.478847,2025-05-10 10:13:41.046727518,Low,DevOps,Software,Resolved
TCK-7208,2025-05-10 00:53:08.478847,2025-05-12 07:09:52.552798036,High,IT Support,Network,Closed
TCK-7209,2025-05-10 00:53:08.478847,2025-05-12 03:00:39.335311128,Unassigned,Operations,Hardware,Closed
TCK-7210,2025-05-10 01:53:37.641764,2025-05-10 02:07:06.822601211,Medium,IT Support,Software,Closed
TCK-7211,2025-05-10 03:54:35.967596,2025-05-10 07:18:52.124274820,Critical,Finance,Network,Closed
TCK-7212,2025-05-10 03:54:35.967596,2025-05-11 10:47:53.952936376,High,DevOps,Software,Closed
TCK-7213,2025-05-10 04:55:05.130513,2025-05-10 12:16:02.590348759,Medium,HR,Software,Closed
TCK-7214,2025-05-10 04:55:05.130513,2025-05-10 06:43:26.625528084,Medium,DevOps,Software,Resolved
TCK-7215,2025-05-10 05:55:34.293429,2025-05-11 09:35:39.242459955,Medium,DevOps,Access Control,Closed
TCK-7216,2025-05-10 05:55:34.293429,2025-05-10 16:50:16.414120372,Medium,Operations,Access Control,Closed
TCK-7217,2025-05-10 05:55:34.293429,2025-05-10 18:07:54.058466721,Low,IT Support,Email,Closed
TCK-7218,2025-05-10 06:25:48.874887,2025-05-10 10:08:33.797813231,Unassigned,IT Support,Access Control,Closed
TCK-7219,2025-05-10 06:25:48.874887,2025-05-11 01:53:46.552625254,Medium,HR,Network,Resolved
TCK-7220,2025-05-10 08:26:47.200720,2025-05-10 22:52:09.496238200,High,DevOps,Software,Closed
TCK-7221,2025-05-10 08:26:47.200720,2025-05-10 12:36:49.677655329,High,HR,Access Control,Closed
TCK-7222,2025-05-10 08:57:01.782178,2025-05-10 16:26:19.739224978,Medium,IT Support,Software,Resolved
TCK-7223,2025-05-10 08:57:01.782178,2025-05-11 01:18:13.828070828,Critical,IT Support,Hardware,Closed
TCK-7224,2025-05-10 10:27:45.526552,2025-05-12 09:03:24.561456323,High,IT Support,Email,Closed
TCK-7225,2025-05-10 10:27:45.526552,2025-05-12 08:00:38.305770693,Medium,DevOps,Access Control,Closed
TCK-7226,2025-05-10 10:58:00.108010,2025-05-10 17:04:42.638237292,High,IT Support,Software,Closed
TCK-7227,2025-05-10 10:58:00.108010,2025-05-11 10:54:48.182191740,Low,IT Support,Hardware,Closed
TCK-7228,2025-05-10 11:58:29.270927,2025-05-11 14:51:58.174843273,Medium,IT Support,Email,Closed
TCK-7229,2025-05-10 11:58:29.270927,2025-05-11 17:45:24.506302466,Low,DevOps,Email,Resolved
TCK-7230,2025-05-10 12:28:43.852385,2025-05-11 03:42:08.089422096,High,Operations,Hardware,Closed
TCK-7231,2025-05-10 12:58:58.433843,2025-05-10 13:10:22.954924904,High,Finance,Access Control,Resolved
TCK-7232,2025-05-10 13:29:13.015301,2025-05-11 15:18:04.340202758,Low,IT Support,Access Control,Resolved
TCK-7233,2025-05-10 13:29:13.015301,2025-05-10 15:30:57.142712694,Low,IT Support,Software,Resolved
TCK-7234,2025-05-10 13:59:27.596759,2025-05-10 16:13:41.228050796,Medium,HR,Network,Closed
TCK-7235,2025-05-10 14:29:42.178217,2025-05-11 07:14:35.503150171,Medium,Finance,Software,Closed
TCK-7236,2025-05-10 14:59:56.759675,2025-05-13 16:54:02.190890758,Low,HR,Software,Closed
TCK-7237,2025-05-10 14:59:56.759675,2025-05-10 19:59:57.153341509,Unassigned,Operations,Software,Closed
TCK-7238,2025-05-10 14:59:56.759675,2025-05-11 09:40:54.252459046,Critical,Operations,Hardware,Resolved
TCK-7239,2025-05-10 16:30:40.504050,2025-05-10 23:01:32.149383126,Medium,IT Support,Email,Resolved
TCK-7240,2025-05-10 17:00:55.085508,2025-05-12 10:14:02.334751813,Medium,IT Support,Email,Resolved
TCK-7241,2025-05-10 20:02:22.574257,2025-05-11 12:14:36.370557593,Critical,HR,Network,Closed
TCK-7242,2025-05-10 20:32:37.155715,2025-05-11 00:43:45.369607295,High,HR,Access Control,Closed
TCK-7243,2025-05-10 20:32:37.155715,2025-05-11 02:00:55.645849098,Low,Finance,Software,Closed
TCK-7244,2025-05-10 21:02:51.737173,2025-05-11 07:14:39.678432525,Medium,DevOps,Hardware,Resolved
TCK-7245,2025-05-10 21:02:51.737173,2025-05-10 23:23:25.995119661,Unassigned,IT Support,Hardware,Resolved
TCK-7246,2025-05-10 21:33:06.318631,2025-05-10 23:01:40.293317314,Medium,DevOps,Software,Closed
TCK-7247,2025-05-10 21:33:06.318631,2025-05-11 18:03:54.094013393,Critical,Finance,Hardware,Closed
TCK-7248,2025-05-11 00:04:19.225922,2025-05-11 09:28:59.210594695,Unassigned,Operations,Hardware,Resolved
TCK-7249,2025-05-11 00:04:19.225922,2025-05-11 23:23:24.487673368,Medium,DevOps,Software,Closed
TCK-7250,2025-05-11 00:34:33.807380,2025-05-11 02:40:29.436326954,Unassigned,DevOps,Network,Resolved
TCK-7251,2025-05-11 01:04:48.388838,2025-05-11 18:01:22.286337386,Low,IT Support,Hardware,Resolved
TCK-7252,2025-05-11 03:05:46.714671,2025-05-11 13:38:22.730615292,Low,DevOps,Email,Closed
TCK-7253,2025-05-11 03:36:01.296129,2025-05-11 04:40:33.003854916,Low,IT Support,Email,Resolved
TCK-7254,2025-05-11 03:36:01.296129,2025-05-11 17:46:00.369818923,Medium,DevOps,Email,Resolved
TCK-7255,2025-05-11 04:06:15.877587,2025-05-11 05:39:36.825969743,Low,IT Support,Software,Closed
TCK-7256,2025-05-11 04:36:30.459045,2025-05-12 12:15:49.861559223,Medium,IT Support,Email,Closed
TCK-7257,2025-05-11 05:06:45.040504,2025-05-11 23:06:16.318831492,Low,IT Support,Access Control,Resolved
TCK-7258,2025-05-11 05:06:45.040504,2025-05-11 19:45:59.512645114,Medium,IT Support,Hardware,Resolved
TCK-7259,2025-05-11 05:06:45.040504,2025-05-11 07:41:28.119992490,High,IT Support,Network,Closed
TCK-7260,2025-05-11 06:37:28.784878,2025-05-11 12:43:30.488352625,Medium,Operations,Email,Resolved
TCK-7261,2025-05-11 07:07:43.366336,2025-05-11 19:21:02.535654402,High,IT Support,Software,Closed
TCK-7262,2025-05-11 07:07:43.366336,2025-05-12 01:11:08.539089874,Low,DevOps,Network,Closed
TCK-7263,2025-05-11 08:38:27.110711,2025-05-11 12:17:02.541383229,Medium,IT Support,Software,Resolved
TCK-7264,2025-05-11 08:38:27.110711,2025-05-11 08:48:04.207682551,Low,HR,Network,Closed
TCK-7265,2025-05-11 08:38:27.110711,2025-05-11 16:15:01.568877332,Medium,IT Support,Network,Closed
TCK-7266,2025-05-11 11:09:40.018001,2025-05-11 23:01:53.272121564,Medium,IT Support,Hardware,Resolved
TCK-7267,2025-05-11 11:09:40.018001,2025-05-11 14:49:50.944469437,Medium,IT Support,Network,Closed
TCK-7268,2025-05-11 11:39:54.599459,2025-05-11 23:51:43.058944306,Low,HR,Access Control,Resolved
TCK-7269,2025-05-11 12:10:09.180918,2025-05-11 19:36:26.090793474,Low,IT Support,Access Control,Closed
TCK-7270,2025-05-11 13:40:52.925292,2025-05-12 00:36:35.209970768,Medium,Operations,Access Control,Closed
TCK-7271,2025-05-11 13:40:52.925292,2025-05-11 21:21:54.709881311,High,HR,Software,Closed
TCK-7272,2025-05-11 14:11:07.506750,2025-05-12 08:00:27.274776045,Low,DevOps,Hardware,Closed
TCK-7273,2025-05-11 14:41:22.088208,2025-05-11 15:28:43.197344820,Medium,Operations,Software,Resolved
TCK-7274,2025-05-11 14:41:22.088208,2025-05-11 18:03:46.961505818,Low,DevOps,Email,Closed
TCK-7275,2025-05-11 15:41:51.251125,2025-05-12 01:54:10.044473149,Critical,Operations,Access Control,Closed
TCK-7276,2025-05-11 16:12:05.832583,2025-05-12 00:07:51.359940022,Medium,IT Support,Hardware,Resolved
TCK-7277,2025-05-11 16:12:05.832583,2025-05-12 01:08:49.828430189,Low,DevOps,Access Control,Closed
TCK-7278,2025-05-11 18:13:04.158415,2025-05-12 23:31:45.801631703,High,IT Support,Hardware,Resolved
TCK-7279,2025-05-11 18:43:18.739873,2025-05-13 09:51:44.418789430,Medium,HR,Software,Closed
TCK-7280,2025-05-11 19:13:33.321332,2025-05-12 00:22:20.204475553,Critical,Finance,Software,Closed
TCK-7281,2025-05-11 19:43:47.902790,2025-05-13 04:18:53.801365162,Medium,Operations,Access Control,Closed
TCK-7282,2025-05-11 19:43:47.902790,2025-05-12 06:46:51.710930822,Medium,Operations,Network,Closed
TCK-7283,2025-05-11 20:14:02.484248,2025-05-12 01:59:35.776502487,High,IT Support,Hardware,Resolved
TCK-7284,2025-05-11 20:14:02.484248,2025-05-15 00:23:04.173458496,Medium,HR,Email,Resolved
TCK-7285,2025-05-11 20:44:17.065706,2025-05-13 04:05:28.124405721,High,DevOps,Network,Resolved
TCK-7286,2025-05-11 21:14:31.647164,2025-05-15 18:06:23.454112330,Low,DevOps,Software,Closed
TCK-7287,2025-05-11 21:44:46.228622,2025-05-12 01:03:39.289410569,High,IT Support,Hardware,Closed
TCK-7288,2025-05-11 21:44:46.228622,2025-05-12 00:32:29.741691199,Medium,HR,Network,Closed
TCK-7289,2025-05-11 22:45:15.391539,2025-05-12 11:21:10.597044619,Medium,DevOps,Email,Resolved
TCK-7290,2025-05-11 23:15:29.972997,2025-05-12 17:34:49.309338325,Medium,DevOps,Network,Resolved
TCK-7291,2025-05-11 23:15:29.972997,2025-05-12 02:38:06.946413471,Low,HR,Email,Closed
TCK-7292,2025-05-11 23:15:29.972997,2025-05-13 10:42:13.731122709,Medium,DevOps,Software,Closed
TCK-7293,2025-05-12 00:15:59.135913,2025-05-12 13:56:02.798718920,Medium,Finance,Hardware,Resolved
TCK-7294,2025-05-12 00:15:59.135913,2025-05-12 09:47:33.262273102,Low,Operations,Software,Closed
TCK-7295,2025-05-12 00:46:13.717371,2025-05-12 17:21:22.908803620,Low,Finance,Hardware,Closed
TCK-7296,2025-05-12 01:16:28.298829,2025-05-12 19:24:49.275383310,Medium,HR,Network,Closed
TCK-7297,2025-05-12 01:16:28.298829,2025-05-12 02:03:41.708411131,Low,Operations,Software,Closed
TCK-7298,2025-05-12 01:46:42.880288,2025-05-18 22:17:27.123771115,Critical,IT Support,Hardware,Closed
TCK-7299,2025-05-12 01:46:42.880288,2025-05-12 09:55:20.361918204,Low,Operations,Email,Closed
TCK-7300,2025-05-12 02:16:57.461746,2025-05-12 03:25:33.419433918,Low,DevOps,Hardware,Closed
TCK-7301,2025-05-12 04:17:55.787578,2025-05-13 14:43:40.627174966,Low,Operations,Software,Closed
TCK-7302,2025-05-12 05:48:39.531953,2025-05-15 23:10:20.243630143,Low,IT Support,Software,Resolved
TCK-7303,2025-05-12 06:18:54.113411,2025-05-13 12:49:15.199150867,High,DevOps,Network,Closed
TCK-7304,2025-05-12 06:18:54.113411,2025-05-13 16:41:25.870178113,Low,DevOps,Email,Resolved
TCK-7305,2025-05-12 06:49:08.694869,2025-05-13 00:31:08.220007492,Low,DevOps,Hardware,Closed
TCK-7306,2025-05-12 06:49:08.694869,2025-05-14 04:48:47.551424819,Unassigned,IT Support,Software,Closed
TCK-7307,2025-05-12 08:19:52.439243,2025-05-12 08:59:10.693281876,Low,IT Support,Hardware,Resolved
TCK-7308,2025-05-12 08:50:07.020702,2025-05-13 11:02:05.519548205,Low,Finance,Access Control,Resolved
TCK-7309,2025-05-12 09:20:21.602160,2025-05-13 05:20:02.553539654,Medium,HR,Email,Closed
TCK-7310,2025-05-12 09:20:21.602160,2025-05-12 10:15:17.104439322,Medium,DevOps,Email,Closed
TCK-7311,2025-05-12 09:20:21.602160,2025-05-12 23:28:22.855723777,High,HR,Access Control,Closed
TCK-7312,2025-05-12 09:20:21.602160,2025-05-12 22:21:59.359297880,Unassigned,Operations,Email,Resolved
TCK-7313,2025-05-12 09:50:36.183618,2025-05-13 07:00:50.339576327,High,HR,Access Control,Resolved
TCK-7314,2025-05-12 09:50:36.183618,2025-05-12 11:17:45.670248347,High,IT Support,Hardware,Closed
TCK-7315,2025-05-12 09:50:36.183618,2025-05-13 15:17:41.063097463,Unassigned,IT Support,Access Control,Closed
TCK-7316,2025-05-12 11:51:34.509450,2025-05-12 14:33:42.898337096,High,Finance,Network,Resolved
TCK-7317,2025-05-12 11:51:34.509450,2025-05-12 21:37:23.806998147,Low,Finance,Access Control,Closed
TCK-7318,2025-05-12 12:21:49.090909,2025-05-14 02:43:21.451699469,Medium,Finance,Hardware,Closed
TCK-7319,2025-05-12 12:52:03.672367,2025-05-13 03:40:01.550465774,Medium,DevOps,Email,Closed
TCK-7320,2025-05-12 13:22:18.253825,2025-05-12 21:57:52.231714703,Medium,HR,Network,Closed
TCK-7321,2025-05-12 13:52:32.835283,2025-05-12 14:45:54.130624214,Low,Operations,Access Control,Closed
TCK-7322,2025-05-12 13:52:32.835283,2025-05-13 09:57:22.154405782,High,Operations,Hardware,Closed
TCK-7323,2025-05-12 13:52:32.835283,2025-05-15 19:25:45.948915959,Low,IT Support,Network,Resolved
TCK-7324,2025-05-12 14:53:01.998199,2025-05-14 10:35:23.363317662,Medium,Operations,Network,Closed
TCK-7325,2025-05-12 15:23:16.579657,2025-05-13 14:07:41.992696984,Medium,DevOps,Network,Resolved
TCK-7326,2025-05-12 15:53:31.161116,2025-05-12 17:53:40.733311827,Medium,Finance,Access Control,Resolved
TCK-7327,2025-05-12 15:53:31.161116,2025-05-12 20:49:06.946889301,Medium,Finance,Hardware,Resolved
TCK-7328,2025-05-12 15:53:31.161116,2025-05-12 19:36:54.294538764,Medium,DevOps,Hardware,Closed
TCK-7329,2025-05-12 17:24:14.905490,2025-05-13 01:18:36.422386689,High,Operations,Hardware,Closed
TCK-7330,2025-05-12 17:24:14.905490,2025-05-12 22:14:17.320590271,Critical,Finance,Software,Closed
TCK-7331,2025-05-12 17:54:29.486948,2025-05-12 22:57:12.625598862,Medium,IT Support,Email,Closed
TCK-7332,2025-05-12 17:54:29.486948,2025-05-13 11:10:13.685433082,Medium,Finance,Hardware,Closed
TCK-7333,2025-05-12 18:24:44.068406,2025-05-13 01:19:11.485690972,High,IT Support,Software,Closed
TCK-7334,2025-05-12 19:25:13.231323,2025-05-13 15:46:16.587244446,Low,Finance,Software,Closed
TCK-7335,2025-05-12 19:25:13.231323,2025-05-15 00:35:57.824436668,Low,DevOps,Network,Closed
TCK-7336,2025-05-12 20:25:42.394239,2025-05-13 14:44:31.997626542,Medium,HR,Email,Closed
TCK-7337,2025-05-12 20:55:56.975697,2025-05-13 22:00:19.690137463,Medium,IT Support,Network,Resolved
TCK-7338,2025-05-12 21:26:11.557155,2025-05-13 22:30:14.375693944,Unassigned,DevOps,Email,Resolved
TCK-7339,2025-05-12 22:26:40.720072,2025-05-13 05:40:19.673237744,Medium,IT Support,Network,Closed
TCK-7340,2025-05-12 22:56:55.301530,2025-05-12 23:13:11.901917646,Medium,IT Support,Access Control,Closed
TCK-7341,2025-05-12 23:27:09.882988,2025-05-13 00:28:18.930738945,Medium,DevOps,Email,Resolved
TCK-7342,2025-05-12 23:27:09.882988,2025-05-13 05:25:02.634904170,High,Operations,Software,Closed
TCK-7343,2025-05-12 23:57:24.464446,2025-05-13 21:00:41.702583382,Low,DevOps,Software,Closed
TCK-7344,2025-05-13 00:57:53.627362,2025-05-14 19:39:23.316731183,Medium,HR,Email,Resolved
TCK-7345,2025-05-13 00:57:53.627362,2025-05-15 10:22:18.637232460,Low,Finance,Network,Resolved
TCK-7346,2025-05-13 00:57:53.627362,2025-05-13 01:26:10.649385578,High,IT Support,Access Control,Closed
TCK-7347,2025-05-13 01:28:08.208820,2025-05-16 12:31:11.069234730,High,DevOps,Access Control,Closed
TCK-7348,2025-05-13 01:58:22.790279,2025-05-13 08:58:52.127286760,Unassigned,Finance,Hardware,Closed
TCK-7349,2025-05-13 03:59:21.116111,2025-05-14 13:18:40.866212402,Medium,Operations,Email,Closed
TCK-7350,2025-05-13 04:29:35.697569,2025-05-13 08:04:18.671207179,Low,Operations,Access Control,Closed
TCK-7351,2025-05-13 04:59:50.279027,2025-05-13 06:09:59.908611123,Critical,HR,Network,Closed
TCK-7352,2025-05-13 04:59:50.279027,2025-05-13 13:33:15.341780606,Critical,Operations,Network,Closed
TCK-7353,2025-05-13 04:59:50.279027,2025-05-14 16:14:58.899751330,Low,Operations,Software,Closed
TCK-7354,2025-05-13 05:30:04.860486,2025-05-13 09:59:33.724305950,Low,Finance,Access Control,Closed
TCK-7355,2025-05-13 06:00:19.441944,2025-05-13 09:00:53.060936179,Medium,IT Support,Access Control,Closed
TCK-7356,2025-05-13 06:00:19.441944,2025-05-15 01:18:33.587155802,Medium,DevOps,Network,Closed
TCK-7357,2025-05-13 06:00:19.441944,2025-05-15 08:09:17.068880016,High,IT Support,Software,Resolved
TCK-7358,2025-05-13 07:00:48.604860,2025-05-13 07:14:26.872867173,Low,Finance,Access Control,Closed
TCK-7359,2025-05-13 07:31:03.186318,2025-05-14 06:54:55.466479070,High,IT Support,Network,Resolved
TCK-7360,2025-05-13 08:31:32.349234,2025-05-13 15:11:02.914597247,Medium,Finance,Software,Closed
TCK-7361,2025-05-13 09:01:46.930693,2025-05-13 17:28:52.522193103,Low,Operations,Software,Resolved
TCK-7362,2025-05-13 09:01:46.930693,2025-05-13 20:25:37.461447962,Medium,IT Support,Network,Closed
TCK-7363,2025-05-13 09:32:01.512151,2025-05-13 19:33:03.025121588,Medium,DevOps,Software,Closed
TCK-7364,2025-05-13 10:02:16.093609,2025-05-13 23:03:42.285106352,Critical,IT Support,Software,Resolved
TCK-7365,2025-05-13 10:02:16.093609,2025-05-14 01:45:15.537728670,Medium,DevOps,Hardware,Resolved
TCK-7366,2025-05-13 10:02:16.093609,2025-05-13 21:18:59.919097272,Medium,DevOps,Software,Resolved
TCK-7367,2025-05-13 11:32:59.837983,2025-05-14 09:18:55.883596108,Low,IT Support,Access Control,Closed
TCK-7368,2025-05-13 12:03:14.419441,2025-05-14 10:52:39.785459499,Low,Finance,Software,Closed
TCK-7369,2025-05-13 12:33:29.000900,2025-05-13 23:00:22.817001856,Low,Operations,Access Control,Closed
TCK-7370,2025-05-13 12:33:29.000900,2025-05-13 15:19:28.185791820,Low,HR,Network,Resolved
TCK-7371,2025-05-13 13:33:58.163816,2025-05-14 07:59:16.272669719,Medium,DevOps,Software,Closed
TCK-7372,2025-05-13 14:04:12.745274,2025-05-14 16:45:26.170394334,Medium,DevOps,Network,Closed
TCK-7373,2025-05-13 14:04:12.745274,2025-05-14 08:21:56.350292607,Low,IT Support,Email,Closed
TCK-7374,2025-05-13 14:34:27.326732,2025-05-14 06:32:16.170002197,Medium,Operations,Software,Closed
TCK-7375,2025-05-13 15:34:56.489648,2025-05-13 20:16:23.460874588,Low,Finance,Network,Closed
TCK-7376,2025-05-13 15:34:56.489648,2025-05-14 10:13:50.818572406,Unassigned,HR,Email,Closed
TCK-7377,2025-05-13 15:34:56.489648,2025-05-13 22:55:18.822035422,Medium,IT Support,Access Control,Closed
TCK-7378,2025-05-13 16:05:11.071107,2025-05-15 13:27:01.947702925,Medium,HR,Access Control,Closed
TCK-7379,2025-05-13 16:35:25.652565,2025-05-14 11:40:46.561278064,Medium,DevOps,Access Control,Closed
TCK-7380,2025-05-13 16:35:25.652565,2025-05-13 22:27:29.093758689,Medium,Finance,Access Control,Resolved
TCK-7381,2025-05-13 17:35:54.815481,2025-05-14 05:07:33.775401026,High,DevOps,Access Control,Closed
TCK-7382,2025-05-13 17:35:54.815481,2025-05-15 03:20:27.880503986,Critical,DevOps,Hardware,Closed
TCK-7383,2025-05-13 18:36:23.978397,2025-05-14 01:57:45.545096059,Medium,HR,Network,Closed
TCK-7384,2025-05-13 19:36:53.141314,2025-05-14 09:01:53.015025061,Medium,Finance,Email,Resolved
TCK-7385,2025-05-13 20:37:22.304230,2025-05-14 17:06:50.849802589,Medium,Operations,Email,Closed
TCK-7386,2025-05-13 21:07:36.885688,2025-05-14 22:24:33.530064191,Medium,Operations,Software,Closed
TCK-7387,2025-05-13 21:07:36.885688,2025-05-14 00:33:55.628088609,High,HR,Network,Closed
TCK-7388,2025-05-13 21:07:36.885688,2025-05-14 12:06:59.697069305,Medium,DevOps,Hardware,Closed
TCK-7389,2025-05-13 21:37:51.467146,2025-05-15 17:25:09.950544659,Low,IT Support,Hardware,Closed
TCK-7390,2025-05-13 22:38:20.630063,2025-05-16 12:47:56.169805717,Medium,IT Support,Network,Closed
TCK-7391,2025-05-13 23:08:35.211521,2025-05-14 18:21:31.501933303,Unassigned,DevOps,Access Control,Resolved
TCK-7392,2025-05-13 23:08:35.211521,2025-05-17 01:11:54.620162327,High,HR,Access Control,Closed
TCK-7393,2025-05-13 23:08:35.211521,2025-05-14 14:21:55.367222721,High,IT Support,Network,Closed
TCK-7394,2025-05-14 00:39:18.955895,2025-05-14 11:10:33.336852916,Low,DevOps,Email,Resolved
TCK-7395,2025-05-14 01:39:48.118811,2025-05-14 16:06:00.415769372,High,Operations,Access Control,Resolved
TCK-7396,2025-05-14 02:10:02.700270,2025-05-14 04:22:51.345706464,Low,Operations,Software,Closed
TCK-7397,2025-05-14 02:10:02.700270,2025-05-14 11:24:49.785516609,Medium,Finance,Hardware,Closed
TCK-7398,2025-05-14 02:10:02.700270,2025-05-14 13:12:20.450563646,Medium,HR,Access Control,Resolved
TCK-7399,2025-05-14 02:40:17.281728,2025-05-15 12:39:20.560800929,Critical,IT Support,Email,Closed
TCK-7400,2025-05-14 02:40:17.281728,2025-05-15 04:15:30.565068420,Low,DevOps,Access Control,Resolved
TCK-7401,2025-05-14 03:40:46.444644,2025-05-14 20:14:13.603975302,High,Operations,Access Control,Closed
TCK-7402,2025-05-14 04:41:15.607560,2025-05-14 12:21:59.468712377,Low,Operations,Hardware,Closed
TCK-7403,2025-05-14 04:41:15.607560,2025-05-14 08:24:53.530443595,High,DevOps,Software,Closed
TCK-7404,2025-05-14 05:11:30.189018,2025-05-14 12:53:02.493940910,Low,IT Support,Software,Resolved
TCK-7405,2025-05-14 05:11:30.189018,2025-05-15 01:41:25.867079137,Unassigned,HR,Email,Resolved
TCK-7406,2025-05-14 05:41:44.770477,2025-05-14 11:11:22.940673770,Medium,HR,Network,Closed
TCK-7407,2025-05-14 05:41:44.770477,2025-05-14 15:42:57.105909080,Medium,Operations,Network,Closed
TCK-7408,2025-05-14 07:12:28.514851,2025-05-14 16:00:36.725246685,Low,IT Support,Network,Closed
TCK-7409,2025-05-14 08:12:57.677767,2025-05-15 10:19:41.990094067,Medium,Finance,Email,Resolved
TCK-7410,2025-05-14 09:43:41.422142,2025-05-16 00:28:12.477453625,Low,IT Support,Access Control,Closed
TCK-7411,2025-05-14 10:13:56.003600,2025-05-15 07:51:57.710242996,Low,DevOps,Software,Closed
TCK-7412,2025-05-14 10:13:56.003600,2025-05-14 17:45:18.908521674,Medium,DevOps,Software,Resolved
TCK-7413,2025-05-14 10:13:56.003600,2025-05-14 20:27:03.500124931,High,Finance,Access Control,Closed
TCK-7414,2025-05-14 10:44:10.585058,2025-05-14 13:31:16.831480327,Low,DevOps,Software,Closed
TCK-7415,2025-05-14 10:44:10.585058,2025-05-14 14:02:56.375097155,Medium,Finance,Software,Closed
TCK-7416,2025-05-14 11:44:39.747974,2025-05-14 14:58:29.837376115,Medium,IT Support,Network,Closed
TCK-7417,2025-05-14 12:45:08.910891,2025-05-14 15:16:16.781106947,Critical,HR,Network,Closed
TCK-7418,2025-05-14 12:45:08.910891,2025-05-14 16:18:55.447005999,High,Operations,Hardware,Closed
TCK-7419,2025-05-14 13:15:23.492349,2025-05-14 17:20:01.305542793,Medium,IT Support,Hardware,Closed
TCK-7420,2025-05-14 13:45:38.073807,2025-05-14 15:53:44.005975108,High,IT Support,Software,Closed
TCK-7421,2025-05-14 14:15:52.655265,2025-05-15 08:40:02.603046417,Medium,HR,Network,Resolved
TCK-7422,2025-05-14 14:15:52.655265,2025-05-18 01:53:43.307819785,Low,HR,Hardware,Resolved
TCK-7423,2025-05-14 14:15:52.655265,2025-05-16 04:18:28.055948131,Medium,HR,Hardware,Closed
TCK-7424,2025-05-14 14:46:07.236723,2025-05-14 15:36:31.793711582,High,Finance,Network,Closed
TCK-7425,2025-05-14 14:46:07.236723,2025-05-15 00:40:08.204836284,Unassigned,Operations,Hardware,Resolved
TCK-7426,2025-05-14 15:16:21.818181,2025-05-16 02:34:27.611079123,Unassigned,DevOps,Access Control,Closed
TCK-7427,2025-05-14 15:46:36.399639,2025-05-14 18:22:49.713790030,Medium,IT Support,Access Control,Resolved
TCK-7428,2025-05-14 15:46:36.399639,2025-05-16 01:38:40.380692416,Medium,DevOps,Network,Closed
TCK-7429,2025-05-14 15:46:36.399639,2025-05-15 07:56:40.202245289,Low,DevOps,Network,Closed
TCK-7430,2025-05-14 16:16:50.981098,2025-05-16 16:29:04.409843574,Low,Operations,Hardware,Closed
TCK-7431,2025-05-14 17:47:34.725472,2025-05-16 07:22:23.465680881,Medium,HR,Software,Closed
TCK-7432,2025-05-14 17:47:34.725472,2025-05-15 14:08:12.283034868,High,IT Support,Email,Closed
TCK-7433,2025-05-14 18:48:03.888388,2025-05-15 14:06:17.102125875,Medium,DevOps,Access Control,Closed
TCK-7434,2025-05-14 18:48:03.888388,2025-05-14 23:06:58.761474523,Medium,DevOps,Access Control,Resolved
TCK-7435,2025-05-14 19:18:18.469846,2025-05-14 21:32:23.412662873,Medium,Finance,Network,Resolved
TCK-7436,2025-05-14 19:18:18.469846,2025-05-15 04:58:04.158819401,Critical,IT Support,Software,Resolved
TCK-7437,2025-05-14 19:18:18.469846,2025-05-14 23:01:20.171800714,Low,DevOps,Network,Closed
TCK-7438,2025-05-14 19:48:33.051305,2025-05-14 21:45:14.650432462,Medium,IT Support,Hardware,Closed
TCK-7439,2025-05-14 20:49:02.214221,2025-05-15 03:17:50.498372709,Medium,IT Support,Software,Resolved
TCK-7440,2025-05-14 21:49:31.377137,2025-05-16 09:16:42.661488528,Low,IT Support,Hardware,Closed
TCK-7441,2025-05-14 21:49:31.377137,2025-05-14 22:08:12.215374906,Medium,HR,Access Control,Closed
TCK-7442,2025-05-14 21:49:31.377137,2025-05-15 04:03:25.932333004,Low,HR,Network,Closed
TCK-7443,2025-05-14 22:50:00.540054,2025-05-15 08:45:53.176821542,Medium,IT Support,Network,Closed
TCK-7444,2025-05-14 23:20:15.121512,2025-05-15 12:11:55.584564903,Medium,IT Support,Email,Closed
TCK-7445,2025-05-14 23:50:29.702970,2025-05-15 03:26:54.105502837,High,IT Support,Software,Closed
TCK-7446,2025-05-14 23:50:29.702970,2025-05-17 11:47:17.794709622,High,IT Support,Access Control,Closed
TCK-7447,2025-05-15 00:20:44.284428,2025-05-15 15:54:44.680792352,Medium,HR,Email,Resolved
TCK-7448,2025-05-15 00:20:44.284428,2025-05-15 13:38:11.039069402,Critical,IT Support,Email,Closed
TCK-7449,2025-05-15 00:50:58.865886,2025-05-15 01:00:33.106534620,High,IT Support,Network,Resolved
TCK-7450,2025-05-15 00:50:58.865886,2025-05-15 12:49:09.468162885,Medium,HR,Software,Closed
TCK-7451,2025-05-15 00:50:58.865886,2025-05-16 09:34:33.550973842,Low,IT Support,Network,Closed
TCK-7452,2025-05-15 05:23:10.099009,2025-05-15 09:51:00.871548589,Low,IT Support,Software,Closed
TCK-7453,2025-05-15 05:23:10.099009,2025-05-15 13:10:25.329215358,High,DevOps,Email,Closed
TCK-7454,2025-05-15 06:53:53.843384,2025-05-15 07:16:20.776484326,Medium,Finance,Hardware,Closed
TCK-7455,2025-05-15 07:54:23.006300,2025-05-18 03:45:01.623550401,Low,Operations,Access Control,Closed
TCK-7456,2025-05-15 07:54:23.006300,2025-05-15 09:08:52.712009753,Medium,Finance,Email,Closed
TCK-7457,2025-05-15 07:54:23.006300,2025-05-17 01:02:07.941287276,Low,Operations,Network,Resolved
TCK-7458,2025-05-15 08:24:37.587758,2025-05-15 15:10:03.708873268,Critical,IT Support,Access Control,Closed
TCK-7459,2025-05-15 09:55:21.332133,2025-05-16 01:51:51.828921870,Critical,Finance,Email,Closed
TCK-7460,2025-05-15 10:25:35.913591,2025-05-16 06:53:52.800005440,Medium,Finance,Software,Closed
TCK-7461,2025-05-15 10:25:35.913591,2025-05-15 13:09:31.743785407,Low,Operations,Network,Closed
TCK-7462,2025-05-15 10:25:35.913591,2025-05-15 20:59:04.632527443,Medium,HR,Email,Closed
TCK-7463,2025-05-15 10:25:35.913591,2025-05-15 17:30:49.834380144,Low,Operations,Software,Resolved
TCK-7464,2025-05-15 10:55:50.495049,2025-05-15 11:58:46.230453004,Medium,Finance,Software,Closed
TCK-7465,2025-05-15 11:26:05.076507,2025-05-16 19:40:16.805685044,High,DevOps,Software,Resolved
TCK-7466,2025-05-15 11:56:19.657965,2025-05-15 12:46:14.689029023,Low,Operations,Access Control,Closed
TCK-7467,2025-05-15 11:56:19.657965,2025-05-16 07:00:14.144477936,Medium,Operations,Network,Closed
TCK-7468,2025-05-15 12:56:48.820882,2025-05-15 19:43:57.802121889,Low,DevOps,Software,Resolved
TCK-7469,2025-05-15 14:27:32.565256,2025-05-15 18:17:57.858557506,Medium,IT Support,Email,Closed
TCK-7470,2025-05-15 14:57:47.146714,2025-05-16 10:45:38.802730011,Low,IT Support,Software,Resolved
TCK-7471,2025-05-15 14:57:47.146714,2025-05-16 06:20:43.864014152,Medium,IT Support,Network,Closed
TCK-7472,2025-05-15 15:28:01.728172,2025-05-15 22:17:02.175639708,Medium,IT Support,Access Control,Closed
TCK-7473,2025-05-15 15:28:01.728172,2025-05-16 04:24:59.532465862,High,IT Support,Software,Closed
TCK-7474,2025-05-15 15:28:01.728172,2025-05-15 20:33:19.224875220,Medium,Finance,Email,Resolved
TCK-7475,2025-05-15 16:28:30.891089,2025-05-17 04:20:48.929373449,Medium,DevOps,Network,Resolved
TCK-7476,2025-05-15 16:28:30.891089,2025-05-15 23:15:15.447024512,Unassigned,IT Support,Software,Resolved
TCK-7477,2025-05-15 16:58:45.472547,2025-05-15 22:02:29.839996930,Medium,Finance,Access Control,Closed
TCK-7478,2025-05-15 17:59:14.635463,2025-05-16 19:04:23.559659119,Medium,HR,Hardware,Closed
TCK-7479,2025-05-15 17:59:14.635463,2025-05-15 18:18:24.775525105,Low,Operations,Email,Closed
TCK-7480,2025-05-15 17:59:14.635463,2025-05-15 23:36:11.638822784,High,IT Support,Software,Closed
TCK-7481,2025-05-15 17:59:14.635463,2025-05-16 02:27:31.860076501,Medium,Finance,Software,Closed
TCK-7482,2025-05-15 19:29:58.379837,2025-05-17 10:00:11.367513406,Low,Operations,Hardware,Closed
TCK-7483,2025-05-15 20:00:12.961296,2025-05-18 02:05:11.533381666,Low,IT Support,Network,Closed
TCK-7484,2025-05-15 20:00:12.961296,2025-05-16 18:41:31.121854503,Medium,DevOps,Hardware,Resolved
TCK-7485,2025-05-15 20:00:12.961296,2025-05-16 08:12:48.174583362,Low,Operations,Network,Resolved
TCK-7486,2025-05-15 23:01:40.450045,2025-05-16 17:26:55.426407574,High,IT Support,Software,Resolved
TCK-7487,2025-05-16 00:32:24.194419,2025-05-16 10:09:35.730427693,Low,Operations,Hardware,Closed
TCK-7488,2025-05-16 00:32:24.194419,2025-05-16 06:55:48.127422357,Medium,DevOps,Software,Closed
TCK-7489,2025-05-16 01:02:38.775877,2025-05-18 07:13:00.156144024,Low,IT Support,Hardware,Closed
TCK-7490,2025-05-16 01:02:38.775877,2025-05-16 03:15:03.817560145,Medium,IT Support,Software,Closed
TCK-7491,2025-05-16 01:02:38.775877,2025-05-16 08:41:54.969052274,Low,Finance,Software,Resolved
TCK-7492,2025-05-16 01:32:53.357335,2025-05-17 18:49:53.190373673,Medium,Operations,Software,Resolved
TCK-7493,2025-05-16 02:03:07.938793,2025-05-17 01:10:07.240486409,Critical,IT Support,Access Control,Resolved
TCK-7494,2025-05-16 03:33:51.683168,2025-05-16 04:05:45.440841429,High,DevOps,Hardware,Closed
TCK-7495,2025-05-16 04:34:20.846084,2025-05-16 04:59:35.264335236,Low,IT Support,Access Control,Closed
TCK-7496,2025-05-16 04:34:20.846084,2025-05-16 17:39:12.933253707,Medium,DevOps,Software,Closed
TCK-7497,2025-05-16 05:34:50.009000,2025-05-16 17:29:56.619624405,Medium,DevOps,Email,Resolved
TCK-7498,2025-05-16 05:34:50.009000,2025-05-16 16:06:49.339166470,Unassigned,Finance,Network,Closed
TCK-7499,2025-05-16 06:35:19.171917,2025-05-16 13:04:09.037703844,High,Finance,Hardware,Closed
TCK-7500,2025-05-16 08:36:17.497749,2025-05-19 14:16:55.047943946,Low,Operations,Hardware,Closed
TCK-7501,2025-05-16 09:06:32.079207,2025-05-16 14:49:21.984977934,Low,HR,Network,Closed
TCK-7502,2025-05-16 09:36:46.660666,2025-05-16 21:44:04.496501909,High,DevOps,Access Control,Resolved
TCK-7503,2025-05-16 09:36:46.660666,2025-05-16 18:57:18.782145986,Low,IT Support,Network,Closed
TCK-7504,2025-05-16 10:07:01.242124,2025-05-16 13:28:34.874973188,Unassigned,DevOps,Email,Closed
TCK-7505,2025-05-16 10:37:15.823582,2025-05-16 14:41:47.998012942,Unassigned,DevOps,Software,Resolved
TCK-7506,2025-05-16 10:37:15.823582,2025-05-18 07:42:22.641188761,High,HR,Network,Closed
TCK-7507,2025-05-16 11:07:30.405040,2025-05-17 22:17:43.127853103,Low,DevOps,Network,Resolved
TCK-7508,2025-05-16 11:07:30.405040,2025-05-16 15:07:12.742138230,Medium,Finance,Software,Resolved
TCK-7509,2025-05-16 11:07:30.405040,2025-05-18 00:39:02.634862415,Medium,Operations,Hardware,Closed
TCK-7510,2025-05-16 12:07:59.567956,2025-05-16 16:21:27.651594410,High,IT Support,Email,Closed
TCK-7511,2025-05-16 12:07:59.567956,2025-05-17 05:51:45.060380289,Low,IT Support,Network,Resolved
TCK-7512,2025-05-16 12:38:14.149414,2025-05-16 14:09:47.533882148,Medium,DevOps,Network,Closed
TCK-7513,2025-05-16 14:08:57.893789,2025-05-18 04:22:10.877150433,Low,DevOps,Hardware,Closed
TCK-7514,2025-05-16 14:39:12.475247,2025-05-16 15:36:18.697832542,Medium,HR,Email,Resolved
TCK-7515,2025-05-16 14:39:12.475247,2025-05-17 05:13:31.488022535,Unassigned,Operations,Software,Closed
TCK-7516,2025-05-16 15:09:27.056705,2025-05-17 18:23:17.620491622,Critical,DevOps,Software,Closed
TCK-7517,2025-05-16 16:09:56.219621,2025-05-16 18:24:07.161770631,High,Operations,Access Control,Resolved
TCK-7518,2025-05-16 16:09:56.219621,2025-05-17 01:29:43.404526592,Critical,Finance,Email,Resolved
TCK-7519,2025-05-16 16:40:10.801080,2025-05-16 17:26:27.835434248,Low,IT Support,Email,Closed
TCK-7520,2025-05-16 16:40:10.801080,2025-05-17 13:20:05.950688253,Medium,HR,Network,Resolved
TCK-7521,2025-05-16 18:10:54.545454,2025-05-17 00:47:40.397275852,Medium,Operations,Access Control,Closed
TCK-7522,2025-05-16 18:41:09.126912,2025-05-17 09:26:19.663865394,Medium,HR,Software,Closed
TCK-7523,2025-05-16 19:41:38.289828,2025-05-18 20:16:38.327690657,Medium,Operations,Email,Closed
TCK-7524,2025-05-16 20:11:52.871287,2025-05-17 02:46:09.982972444,High,DevOps,Email,Closed
TCK-7525,2025-05-16 20:11:52.871287,2025-05-16 21:05:43.123446269,Medium,HR,Hardware,Closed
TCK-7526,2025-05-16 20:11:52.871287,2025-05-17 16:27:48.829813185,High,Finance,Software,Closed
TCK-7527,2025-05-16 20:11:52.871287,2025-05-18 00:01:15.368133488,High,Finance,Hardware,Closed
TCK-7528,2025-05-16 20:11:52.871287,2025-05-19 05:12:11.945431617,Low,DevOps,Access Control,Resolved
TCK-7529,2025-05-16 20:42:07.452745,2025-05-16 23:47:36.127283447,Low,IT Support,Email,Closed
TCK-7530,2025-05-16 20:42:07.452745,2025-05-17 05:39:45.577259534,High,Operations,Access Control,Resolved
TCK-7531,2025-05-16 21:12:22.034203,2025-05-18 06:39:52.278227153,Medium,Finance,Hardware,Closed
TCK-7532,2025-05-16 21:42:36.615661,2025-05-18 03:18:33.668001642,High,Operations,Software,Resolved
TCK-7533,2025-05-16 23:13:20.360036,2025-05-17 16:52:02.803470818,Low,Finance,Email,Closed
TCK-7534,2025-05-16 23:13:20.360036,2025-05-17 04:52:17.588104656,High,HR,Software,Closed
TCK-7535,2025-05-16 23:43:34.941494,2025-05-17 05:44:26.202734179,High,Finance,Access Control,Closed
TCK-7536,2025-05-16 23:43:34.941494,2025-05-17 02:06:33.982399885,Medium,DevOps,Network,Closed
TCK-7537,2025-05-17 00:13:49.522952,2025-05-18 22:06:55.883626829,Medium,IT Support,Software,Resolved
TCK-7538,2025-05-17 00:13:49.522952,2025-05-17 03:38:52.954809894,Medium,Operations,Software,Closed
TCK-7539,2025-05-17 00:44:04.104410,2025-05-17 16:02:49.835714259,Low,HR,Software,Closed
TCK-7540,2025-05-17 00:44:04.104410,2025-05-17 16:32:13.004709977,Medium,Operations,Email,Closed
TCK-7541,2025-05-17 01:44:33.267326,2025-05-17 10:02:52.594619507,Low,Operations,Access Control,Closed
TCK-7542,2025-05-17 02:45:02.430243,2025-05-17 10:34:28.722049911,Critical,DevOps,Access Control,Closed
TCK-7543,2025-05-17 02:45:02.430243,2025-05-17 22:37:47.176190342,Critical,HR,Email,Resolved
TCK-7544,2025-05-17 03:45:31.593159,2025-05-17 12:36:21.420433140,High,Finance,Software,Closed
TCK-7545,2025-05-17 04:15:46.174617,2025-05-17 09:33:51.457018486,Low,DevOps,Software,Closed
TCK-7546,2025-05-17 05:46:29.918991,2025-05-17 14:56:37.711059511,Low,Finance,Network,Closed
TCK-7547,2025-05-17 06:16:44.500450,2025-05-18 11:57:07.393878785,High,DevOps,Software,Closed
TCK-7548,2025-05-17 07:17:13.663366,2025-05-19 20:24:26.399552509,Critical,DevOps,Hardware,Closed
TCK-7549,2025-05-17 08:47:57.407740,2025-05-18 02:59:15.519727791,Medium,Finance,Software,Resolved
TCK-7550,2025-05-17 08:47:57.407740,2025-05-18 12:13:34.765780184,Medium,Finance,Network,Closed
TCK-7551,2025-05-17 09:48:26.570657,2025-05-17 23:30:22.679494685,Medium,IT Support,Hardware,Closed
TCK-7552,2025-05-17 10:18:41.152115,2025-05-18 03:57:28.333868257,High,IT Support,Network,Closed
TCK-7553,2025-05-17 10:18:41.152115,2025-05-20 18:03:11.387455502,High,Operations,Network,Resolved
TCK-7554,2025-05-17 11:49:24.896489,2025-05-17 22:12:34.432844264,Low,DevOps,Access Control,Closed
TCK-7555,2025-05-17 11:49:24.896489,2025-05-17 13:03:27.038403398,Medium,IT Support,Email,Resolved
TCK-7556,2025-05-17 12:19:39.477947,2025-05-19 20:58:06.678359661,Low,Operations,Network,Closed
TCK-7557,2025-05-17 13:20:08.640864,2025-05-18 17:41:30.329345853,High,IT Support,Software,Closed
TCK-7558,2025-05-17 13:20:08.640864,2025-05-17 22:28:47.917469060,High,HR,Access Control,Closed
TCK-7559,2025-05-17 15:21:06.966696,2025-05-20 16:03:51.450818621,High,IT Support,Hardware,Closed
TCK-7560,2025-05-17 15:21:06.966696,2025-05-17 22:58:58.169670352,Medium,Operations,Email,Closed
TCK-7561,2025-05-17 15:51:21.548154,2025-05-18 00:13:59.891022569,Low,Operations,Access Control,Closed
TCK-7562,2025-05-17 15:51:21.548154,2025-05-18 08:47:33.160202746,High,Finance,Network,Closed
TCK-7563,2025-05-17 16:51:50.711071,2025-05-17 22:38:11.025976518,Critical,HR,Access Control,Closed
TCK-7564,2025-05-17 16:51:50.711071,2025-05-18 14:27:00.321891474,Medium,Finance,Software,Closed
TCK-7565,2025-05-17 17:52:19.873987,2025-05-17 20:51:28.759520411,Low,DevOps,Software,Closed
TCK-7566,2025-05-17 17:52:19.873987,2025-05-17 19:55:47.650043470,Low,IT Support,Software,Closed
TCK-7567,2025-05-17 18:52:49.036903,2025-05-18 08:39:30.557092371,Low,HR,Email,Closed
TCK-7568,2025-05-17 19:23:03.618361,2025-05-18 09:58:42.875892798,Low,DevOps,Access Control,Resolved
TCK-7569,2025-05-17 20:23:32.781278,2025-05-17 22:25:21.088086172,Low,HR,Access Control,Closed
TCK-7570,2025-05-17 21:54:16.525652,2025-05-20 09:49:45.089798385,Low,IT Support,Network,Closed
TCK-7571,2025-05-17 21:54:16.525652,2025-05-18 13:14:02.980419526,Critical,Finance,Hardware,Resolved
TCK-7572,2025-05-17 21:54:16.525652,2025-05-18 00:51:06.703317527,Medium,DevOps,Software,Closed
TCK-7573,2025-05-17 22:24:31.107110,2025-05-18 05:07:31.647321880,Medium,Operations,Hardware,Resolved
TCK-7574,2025-05-17 22:54:45.688568,2025-05-19 03:54:13.195076289,Low,IT Support,Hardware,Closed
TCK-7575,2025-05-17 23:25:00.270027,2025-05-18 12:44:59.203973402,Unassigned,Finance,Software,Closed
TCK-7576,2025-05-17 23:55:14.851485,2025-05-18 03:40:21.611254614,Medium,HR,Software,Closed
TCK-7577,2025-05-17 23:55:14.851485,2025-05-18 01:52:27.664240538,Unassigned,IT Support,Network,Closed
TCK-7578,2025-05-17 23:55:14.851485,2025-05-18 10:03:48.255684718,High,Finance,Email,Closed
TCK-7579,2025-05-18 00:25:29.432943,2025-05-18 07:50:01.500952625,Low,IT Support,Software,Closed
TCK-7580,2025-05-18 00:25:29.432943,2025-05-18 19:37:42.829007191,High,IT Support,Hardware,Closed
TCK-7581,2025-05-18 00:55:44.014401,2025-05-19 23:36:47.075595740,Medium,DevOps,Network,Closed
TCK-7582,2025-05-18 01:56:13.177317,2025-05-18 07:03:39.168437767,Medium,HR,Access Control,Resolved
TCK-7583,2025-05-18 02:26:27.758775,2025-05-19 13:13:42.582744563,High,Operations,Network,Closed
TCK-7584,2025-05-18 02:26:27.758775,2025-05-20 00:00:30.262103885,High,HR,Software,Closed
TCK-7585,2025-05-18 03:26:56.921692,2025-05-19 21:15:35.290008145,High,HR,Software,Closed
TCK-7586,2025-05-18 03:26:56.921692,2025-05-20 10:08:10.117872607,High,IT Support,Email,Closed
TCK-7587,2025-05-18 03:57:11.503150,2025-05-19 13:10:42.451230809,Medium,IT Support,Network,Closed
TCK-7588,2025-05-18 04:57:40.666066,2025-05-18 21:09:49.538709992,Medium,Operations,Software,Resolved
TCK-7589,2025-05-18 04:57:40.666066,2025-05-18 14:27:14.366900223,High,DevOps,Hardware,Resolved
TCK-7590,2025-05-18 04:57:40.666066,2025-05-18 17:08:28.196855750,Medium,IT Support,Hardware,Resolved
TCK-7591,2025-05-18 05:27:55.247524,2025-05-19 18:33:16.885502008,Low,DevOps,Network,Closed
TCK-7592,2025-05-18 06:58:38.991899,2025-05-18 13:26:01.107533643,Medium,Operations,Email,Closed
TCK-7593,2025-05-18 07:28:53.573357,2025-05-18 10:36:14.742851235,Low,IT Support,Network,Closed
TCK-7594,2025-05-18 07:59:08.154815,2025-05-18 10:43:03.234622279,Low,IT Support,Email,Closed
TCK-7595,2025-05-18 07:59:08.154815,2025-05-19 15:33:55.382652159,Low,IT Support,Hardware,Resolved
TCK-7596,2025-05-18 07:59:08.154815,2025-05-19 09:47:07.676703352,Low,Operations,Software,Closed
TCK-7597,2025-05-18 08:29:22.736273,2025-05-18 20:52:54.226081562,Low,IT Support,Access Control,Closed
TCK-7598,2025-05-18 08:59:37.317731,2025-05-18 14:46:44.445924855,Low,IT Support,Software,Closed
TCK-7599,2025-05-18 09:29:51.899189,2025-05-19 05:52:25.702418155,Medium,Finance,Hardware,Closed
TCK-7600,2025-05-18 10:00:06.480648,2025-05-18 10:42:26.066190847,Low,Finance,Hardware,Closed
TCK-7601,2025-05-18 10:30:21.062106,2025-05-19 01:37:23.807429405,Low,DevOps,Software,Closed
TCK-7602,2025-05-18 11:30:50.225022,2025-05-18 20:39:41.866484507,High,HR,Software,Closed
TCK-7603,2025-05-18 11:30:50.225022,2025-05-21 08:06:01.087251281,Critical,Finance,Hardware,Closed
TCK-7604,2025-05-18 12:01:04.806480,2025-05-19 00:46:08.035187907,Medium,Operations,Software,Closed
TCK-7605,2025-05-18 12:31:19.387938,2025-05-19 02:59:10.068612843,Critical,IT Support,Access Control,Closed
TCK-7606,2025-05-18 12:31:19.387938,2025-05-19 10:57:03.741597903,Medium,IT Support,Access Control,Closed
TCK-7607,2025-05-18 13:01:33.969396,2025-05-19 00:57:16.451591244,Low,DevOps,Network,Closed
TCK-7608,2025-05-18 14:32:17.713771,2025-05-18 19:06:58.672586922,High,DevOps,Access Control,Resolved
TCK-7609,2025-05-18 15:02:32.295229,2025-05-19 04:54:49.022389605,Critical,HR,Hardware,Closed
TCK-7610,2025-05-18 15:02:32.295229,2025-05-20 19:00:43.919067214,Medium,IT Support,Hardware,Closed
TCK-7611,2025-05-18 15:02:32.295229,2025-05-19 00:32:13.121438603,Low,DevOps,Network,Closed
TCK-7612,2025-05-18 15:32:46.876687,2025-05-19 12:02:09.552383532,Low,DevOps,Email,Closed
TCK-7613,2025-05-18 15:32:46.876687,2025-05-21 12:16:30.647924661,Low,Operations,Network,Closed
TCK-7614,2025-05-18 16:03:01.458145,2025-05-19 23:56:14.655803549,Medium,DevOps,Email,Closed
TCK-7615,2025-05-18 17:33:45.202520,2025-05-19 12:55:48.246681522,Medium,IT Support,Email,Resolved
TCK-7616,2025-05-18 18:03:59.783978,2025-05-19 18:02:19.962222656,Medium,DevOps,Software,Closed
TCK-7617,2025-05-18 18:03:59.783978,2025-05-20 19:40:57.847471421,Medium,IT Support,Access Control,Resolved
TCK-7618,2025-05-18 20:04:58.109810,2025-05-21 05:54:40.911680053,Medium,Operations,Email,Resolved
TCK-7619,2025-05-18 20:04:58.109810,2025-05-21 10:35:31.697349791,Medium,DevOps,Software,Closed
TCK-7620,2025-05-18 20:35:12.691269,2025-05-19 14:16:21.395178517,Low,Finance,Network,Closed
TCK-7621,2025-05-18 20:35:12.691269,2025-05-19 05:19:43.735255395,Medium,Finance,Network,Closed
TCK-7622,2025-05-18 21:05:27.272727,2025-05-18 23:39:46.735052854,Unassigned,IT Support,Email,Closed
TCK-7623,2025-05-18 21:35:41.854185,2025-05-19 06:21:41.039678665,Medium,IT Support,Software,Resolved
TCK-7624,2025-05-18 21:35:41.854185,2025-05-21 01:08:44.052952761,Medium,IT Support,Hardware,Resolved
TCK-7625,2025-05-18 22:05:56.435643,2025-05-20 13:47:48.422161146,Low,DevOps,Access Control,Resolved
TCK-7626,2025-05-18 22:36:11.017101,2025-05-19 11:57:08.167061273,Low,HR,Email,Closed
TCK-7627,2025-05-18 23:36:40.180018,2025-05-19 13:28:19.028807673,Medium,IT Support,Hardware,Closed
TCK-7628,2025-05-18 23:36:40.180018,2025-05-19 06:15:43.792559603,Medium,DevOps,Access Control,Resolved
TCK-7629,2025-05-19 00:06:54.761476,2025-05-19 11:01:27.899041390,Low,IT Support,Hardware,Closed
TCK-7630,2025-05-19 00:06:54.761476,2025-05-19 22:40:30.730780695,Low,DevOps,Software,Closed
TCK-7631,2025-05-19 00:37:09.342934,2025-05-19 09:53:13.894922997,Medium,HR,Email,Resolved
TCK-7632,2025-05-19 01:07:23.924392,2025-05-19 04:52:17.557384346,Low,HR,Hardware,Closed
TCK-7633,2025-05-19 01:37:38.505850,2025-05-19 15:38:18.773182017,Unassigned,IT Support,Hardware,Resolved
TCK-7634,2025-05-19 01:37:38.505850,2025-05-19 06:13:23.699895672,Low,Operations,Hardware,Closed
TCK-7635,2025-05-19 02:07:53.087308,2025-05-21 20:01:31.644425107,Unassigned,IT Support,Email,Resolved
TCK-7636,2025-05-19 02:38:07.668766,2025-05-19 11:32:34.189382246,Medium,IT Support,Software,Closed
TCK-7637,2025-05-19 03:38:36.831683,2025-05-20 22:55:10.934547177,Medium,Finance,Software,Closed
TCK-7638,2025-05-19 04:08:51.413141,2025-05-19 08:44:54.768745260,Medium,Operations,Hardware,Resolved
TCK-7639,2025-05-19 04:08:51.413141,2025-05-19 07:55:22.887272028,Medium,IT Support,Software,Resolved
TCK-7640,2025-05-19 05:09:20.576057,2025-05-19 22:25:33.724957784,Medium,DevOps,Access Control,Closed
TCK-7641,2025-05-19 05:09:20.576057,2025-05-20 08:21:33.421074702,Low,DevOps,Software,Closed
TCK-7642,2025-05-19 05:39:35.157515,2025-05-19 20:42:58.670531630,Low,Finance,Hardware,Resolved
TCK-7643,2025-05-19 05:39:35.157515,2025-05-19 10:21:34.402093066,Medium,HR,Access Control,Closed
TCK-7644,2025-05-19 06:09:49.738973,2025-05-19 06:51:33.029357567,Low,IT Support,Email,Closed
TCK-7645,2025-05-19 07:10:18.901890,2025-05-20 00:30:27.200812960,Low,HR,Network,Closed
TCK-7646,2025-05-19 08:10:48.064806,2025-05-19 10:42:29.548264836,Critical,DevOps,Software,Closed
TCK-7647,2025-05-19 08:10:48.064806,2025-05-19 15:44:46.081899145,High,IT Support,Access Control,Closed
TCK-7648,2025-05-19 08:41:02.646264,2025-05-20 04:57:29.973546301,High,Finance,Network,Closed
TCK-7649,2025-05-19 08:41:02.646264,2025-05-19 10:32:27.851443659,Medium,IT Support,Email,Closed
TCK-7650,2025-05-19 08:41:02.646264,2025-05-19 11:08:02.433553395,Low,HR,Network,Resolved
TCK-7651,2025-05-19 09:11:17.227722,2025-05-19 10:20:01.717753847,Low,Finance,Email,Resolved
TCK-7652,2025-05-19 09:11:17.227722,2025-05-23 12:56:02.632529867,Critical,Operations,Hardware,Resolved
TCK-7653,2025-05-19 10:11:46.390639,2025-05-19 19:00:27.000556636,High,Finance,Hardware,Closed
TCK-7654,2025-05-19 10:42:00.972097,2025-05-21 05:13:16.962387653,Medium,IT Support,Email,Closed
TCK-7655,2025-05-19 11:12:15.553555,2025-05-19 17:27:37.007345920,High,IT Support,Network,Closed
TCK-7656,2025-05-19 11:42:30.135013,2025-05-20 12:53:37.477276202,High,Finance,Software,Closed
TCK-7657,2025-05-19 12:42:59.297929,2025-05-19 17:10:02.097725283,Medium,Finance,Network,Resolved
TCK-7658,2025-05-19 13:13:13.879387,2025-05-20 01:38:13.061982321,High,DevOps,Network,Resolved
TCK-7659,2025-05-19 13:43:28.460846,2025-05-20 21:03:30.741550492,Low,HR,Software,Closed
TCK-7660,2025-05-19 14:13:43.042304,2025-05-20 20:43:55.620999826,Medium,DevOps,Network,Resolved
TCK-7661,2025-05-19 14:43:57.623762,2025-05-20 19:11:42.153648647,Medium,Operations,Network,Closed
TCK-7662,2025-05-19 15:44:26.786678,2025-05-20 22:59:04.255292150,Medium,IT Support,Access Control,Closed
TCK-7663,2025-05-19 16:14:41.368136,2025-05-19 20:31:17.052359263,Unassigned,DevOps,Email,Closed
TCK-7664,2025-05-19 16:44:55.949594,2025-05-20 04:35:47.156568895,High,IT Support,Hardware,Resolved
TCK-7665,2025-05-19 16:44:55.949594,2025-05-20 04:41:20.306786629,Low,HR,Email,Closed
TCK-7666,2025-05-19 17:15:10.531053,2025-05-21 09:03:58.634320728,Low,HR,Network,Closed
TCK-7667,2025-05-19 17:45:25.112511,2025-05-20 00:05:50.557991603,Medium,DevOps,Software,Closed
TCK-7668,2025-05-19 19:16:08.856885,2025-05-21 19:31:28.687592097,Low,HR,Software,Resolved
TCK-7669,2025-05-19 19:16:08.856885,2025-05-20 06:03:22.514624271,Low,DevOps,Hardware,Closed
TCK-7670,2025-05-19 19:46:23.438343,2025-05-20 15:43:02.965073391,Medium,IT Support,Hardware,Closed
TCK-7671,2025-05-19 19:46:23.438343,2025-05-20 01:24:37.627464835,Medium,IT Support,Hardware,Closed
TCK-7672,2025-05-19 20:16:38.019801,2025-05-20 05:47:01.370987098,High,IT Support,Software,Closed
TCK-7673,2025-05-19 20:46:52.601260,2025-05-20 19:03:02.393402918,Medium,DevOps,Network,Resolved
TCK-7674,2025-05-19 21:47:21.764176,2025-05-20 10:43:51.154618750,Medium,IT Support,Hardware,Closed
TCK-7675,2025-05-19 21:47:21.764176,2025-05-21 21:50:20.568214454,Low,HR,Hardware,Closed
TCK-7676,2025-05-19 21:47:21.764176,2025-05-20 21:50:19.522362919,Medium,IT Support,Software,Closed
TCK-7677,2025-05-19 21:47:21.764176,2025-05-20 12:44:53.000914817,High,IT Support,Network,Closed
TCK-7678,2025-05-19 22:17:36.345634,2025-05-21 13:29:15.054765354,Low,IT Support,Hardware,Resolved
TCK-7679,2025-05-19 22:47:50.927092,2025-05-20 18:30:45.524042279,Low,IT Support,Network,Resolved
TCK-7680,2025-05-19 22:47:50.927092,2025-05-20 17:33:25.194916280,Low,HR,Access Control,Closed
TCK-7681,2025-05-19 23:18:05.508550,2025-05-20 04:23:34.546023416,High,Finance,Hardware,Closed
TCK-7682,2025-05-19 23:18:05.508550,2025-05-20 08:20:33.928302525,Low,IT Support,Hardware,Closed
TCK-7683,2025-05-19 23:18:05.508550,2025-05-20 19:59:53.317002121,Low,DevOps,Software,Closed
TCK-7684,2025-05-19 23:48:20.090009,2025-05-21 15:49:55.675815972,Low,IT Support,Access Control,Closed
TCK-7685,2025-05-20 00:18:34.671467,2025-05-20 07:08:02.683740446,High,HR,Access Control,Closed
TCK-7686,2025-05-20 00:48:49.252925,2025-05-20 05:10:55.589504101,Low,DevOps,Access Control,Closed
TCK-7687,2025-05-20 00:48:49.252925,2025-05-20 17:01:31.604841355,Low,Finance,Email,Closed
TCK-7688,2025-05-20 01:49:18.415841,2025-05-20 03:04:25.991478943,Low,Operations,Software,Closed
TCK-7689,2025-05-20 01:49:18.415841,2025-05-21 00:23:15.540112536,Medium,HR,Software,Closed
TCK-7690,2025-05-20 02:19:32.997299,2025-05-21 00:11:11.931461407,Medium,DevOps,Hardware,Closed
TCK-7691,2025-05-20 03:50:16.741674,2025-05-20 11:43:48.450612612,Medium,DevOps,Software,Resolved
TCK-7692,2025-05-20 04:50:45.904590,2025-05-21 21:01:14.216113040,Medium,Operations,Hardware,Closed
TCK-7693,2025-05-20 04:50:45.904590,2025-05-20 17:24:05.136188946,Critical,Operations,Hardware,Closed
TCK-7694,2025-05-20 05:21:00.486048,2025-05-21 00:01:49.576458018,High,IT Support,Email,Closed
TCK-7695,2025-05-20 05:21:00.486048,2025-05-20 09:35:00.727328568,Medium,IT Support,Software,Closed
TCK-7696,2025-05-20 07:21:58.811881,2025-05-20 17:05:20.663319502,Low,DevOps,Software,Closed
TCK-7697,2025-05-20 07:21:58.811881,2025-05-21 19:04:11.674756535,High,HR,Email,Resolved
TCK-7698,2025-05-20 08:22:27.974797,2025-05-20 12:41:04.349042168,Medium,DevOps,Email,Closed
TCK-7699,2025-05-20 08:52:42.556255,2025-05-20 17:47:34.002502151,Unassigned,IT Support,Software,Resolved
TCK-7700,2025-05-20 08:52:42.556255,2025-05-20 15:46:10.449755975,Critical,DevOps,Software,Closed
TCK-7701,2025-05-20 09:22:57.137713,2025-05-20 12:19:53.054933376,Medium,IT Support,Hardware,Closed
TCK-7702,2025-05-20 09:53:11.719171,2025-05-20 16:02:39.351366515,Low,IT Support,Network,Resolved
TCK-7703,2025-05-20 09:53:11.719171,2025-05-20 14:39:21.880752146,Low,Operations,Hardware,Closed
TCK-7704,2025-05-20 10:23:26.300630,2025-05-22 08:40:51.761785314,High,IT Support,Access Control,Closed
TCK-7705,2025-05-20 10:53:40.882088,2025-05-21 11:13:00.685116946,Medium,IT Support,Access Control,Resolved
TCK-7706,2025-05-20 11:54:10.045004,2025-05-20 18:44:30.538272094,Medium,IT Support,Network,Resolved
TCK-7707,2025-05-20 11:54:10.045004,2025-05-21 13:50:35.059475670,Medium,Operations,Email,Closed
TCK-7708,2025-05-20 12:24:24.626462,2025-05-20 12:48:35.415547089,Medium,DevOps,Access Control,Closed
TCK-7709,2025-05-20 12:24:24.626462,2025-05-21 01:51:52.706438731,Medium,DevOps,Email,Closed
TCK-7710,2025-05-20 12:54:39.207920,2025-05-20 18:05:49.918970803,Low,Finance,Email,Closed
TCK-7711,2025-05-20 12:54:39.207920,2025-05-20 15:05:46.051471753,Medium,HR,Hardware,Resolved
TCK-7712,2025-05-20 13:24:53.789378,2025-05-22 04:09:08.936209873,Low,IT Support,Email,Resolved
TCK-7713,2025-05-20 13:24:53.789378,2025-05-20 17:25:00.096782899,Medium,IT Support,Network,Resolved
TCK-7714,2025-05-20 13:55:08.370837,2025-05-21 21:01:33.870905420,Medium,Finance,Hardware,Resolved
TCK-7715,2025-05-20 13:55:08.370837,2025-05-20 23:30:53.891028108,Medium,DevOps,Network,Closed
TCK-7716,2025-05-20 16:26:21.278127,2025-05-20 16:41:54.000675684,Critical,IT Support,Email,Closed
TCK-7717,2025-05-20 16:26:21.278127,2025-05-21 16:10:36.825462568,Medium,IT Support,Access Control,Closed
TCK-7718,2025-05-20 16:56:35.859585,2025-05-21 09:16:24.447072368,Medium,IT Support,Email,Closed
TCK-7719,2025-05-20 16:56:35.859585,2025-05-21 00:32:12.163467371,Low,HR,Network,Closed
TCK-7720,2025-05-20 17:26:50.441044,2025-05-20 23:23:56.788220788,Low,IT Support,Software,Closed
TCK-7721,2025-05-20 17:57:05.022502,2025-05-20 19:19:45.312110404,Unassigned,IT Support,Software,Closed
TCK-7722,2025-05-20 18:27:19.603960,2025-05-22 21:31:46.846703462,Medium,IT Support,Access Control,Resolved
TCK-7723,2025-05-20 18:27:19.603960,2025-05-21 06:43:00.634181804,Medium,Operations,Network,Closed
TCK-7724,2025-05-20 18:57:34.185418,2025-05-20 20:34:07.604879919,Low,IT Support,Access Control,Closed
TCK-7725,2025-05-20 19:27:48.766876,2025-05-22 08:00:20.286072243,High,DevOps,Hardware,Closed
TCK-7726,2025-05-20 19:58:03.348334,2025-05-21 01:51:05.482428423,Medium,HR,Email,Closed
TCK-7727,2025-05-20 20:28:17.929792,2025-05-21 00:34:10.110961371,Medium,Finance,Hardware,Resolved
TCK-7728,2025-05-20 22:29:16.255625,2025-05-21 04:25:27.743587723,Low,IT Support,Software,Closed
TCK-7729,2025-05-20 23:29:45.418541,2025-05-21 14:27:41.731338640,Low,Finance,Email,Resolved
TCK-7730,2025-05-20 23:29:45.418541,2025-05-21 00:52:51.263029353,Low,IT Support,Hardware,Closed
TCK-7731,2025-05-21 00:00:00.000000,2025-05-21 11:49:53.743688834,Medium,IT Support,Software,Closed
TCK-7732,2025-05-21 00:30:14.581458,2025-05-22 17:12:00.936694586,Low,Operations,Hardware,Closed
TCK-7733,2025-05-21 01:00:29.162916,2025-05-21 04:45:37.778254396,Low,Finance,Email,Closed
TCK-7734,2025-05-21 01:00:29.162916,2025-05-21 08:14:55.185134814,Medium,IT Support,Hardware,Closed
TCK-7735,2025-05-21 02:31:12.907290,2025-05-21 11:35:56.927655459,Medium,HR,Email,Closed
TCK-7736,2025-05-21 02:31:12.907290,2025-05-21 18:24:13.889628142,Low,HR,Hardware,Closed
TCK-7737,2025-05-21 03:31:42.070207,2025-05-23 00:49:28.024169151,Medium,DevOps,Access Control,Closed
TCK-7738,2025-05-21 03:31:42.070207,2025-05-21 12:33:36.472765550,Low,Finance,Hardware,Resolved
TCK-7739,2025-05-21 04:01:56.651665,2025-05-21 05:19:20.231553980,High,IT Support,Hardware,Closed
TCK-7740,2025-05-21 04:32:11.233123,2025-05-21 12:14:02.004061679,High,IT Support,Access Control,Resolved
TCK-7741,2025-05-21 05:32:40.396039,2025-05-21 09:20:21.952236529,Unassigned,HR,Software,Closed
TCK-7742,2025-05-21 06:02:54.977497,2025-05-22 01:02:12.818887542,Medium,HR,Email,Closed
TCK-7743,2025-05-21 07:03:24.140414,2025-05-21 07:35:28.621648365,Medium,Finance,Network,Closed
TCK-7744,2025-05-21 07:33:38.721872,2025-05-21 13:46:28.477568439,Medium,DevOps,Software,Closed
TCK-7745,2025-05-21 07:33:38.721872,2025-05-21 21:44:30.706395301,High,DevOps,Email,Closed
TCK-7746,2025-05-21 07:33:38.721872,2025-05-21 13:24:26.307016553,High,HR,Hardware,Closed
TCK-7747,2025-05-21 08:34:07.884788,2025-05-21 22:58:54.663032945,Medium,Operations,Software,Closed
TCK-7748,2025-05-21 08:34:07.884788,2025-05-21 10:45:43.287025321,Medium,IT Support,Hardware,Closed
TCK-7749,2025-05-21 08:34:07.884788,2025-05-23 12:04:19.951711983,Low,Finance,Software,Closed
TCK-7750,2025-05-21 09:04:22.466246,2025-05-21 15:15:38.653296191,Medium,Operations,Software,Closed
TCK-7751,2025-05-21 10:04:51.629162,2025-05-23 08:13:56.286303416,High,Finance,Network,Closed
TCK-7752,2025-05-21 10:04:51.629162,2025-05-21 17:10:41.040737543,High,HR,Access Control,Closed
TCK-7753,2025-05-21 10:35:06.210621,2025-05-22 13:59:25.987225903,High,IT Support,Software,Closed
TCK-7754,2025-05-21 11:35:35.373537,2025-05-21 16:40:48.593977325,Medium,DevOps,Hardware,Resolved
TCK-7755,2025-05-21 12:36:04.536453,2025-05-22 08:32:40.511236873,Critical,HR,Network,Closed
TCK-7756,2025-05-21 12:36:04.536453,2025-05-21 19:38:30.569739815,Unassigned,DevOps,Software,Resolved
TCK-7757,2025-05-21 14:06:48.280828,2025-05-22 02:55:22.247995418,Unassigned,IT Support,Access Control,Closed
TCK-7758,2025-05-21 14:06:48.280828,2025-05-22 10:16:42.940314862,Medium,IT Support,Hardware,Closed
TCK-7759,2025-05-21 14:06:48.280828,2025-05-22 06:06:47.460526939,Medium,IT Support,Network,Resolved
TCK-7760,2025-05-21 15:07:17.443744,2025-05-22 06:34:40.155243288,Medium,IT Support,Email,Resolved
TCK-7761,2025-05-21 15:07:17.443744,2025-05-21 16:20:39.773099637,Low,Operations,Access Control,Closed
TCK-7762,2025-05-21 15:37:32.025202,2025-05-21 20:46:54.110845213,Medium,Operations,Email,Closed
TCK-7763,2025-05-21 15:37:32.025202,2025-05-22 06:53:39.056957275,Low,Finance,Email,Closed
TCK-7764,2025-05-21 17:38:30.351035,2025-05-21 17:58:28.311513091,Unassigned,IT Support,Network,Closed
TCK-7765,2025-05-21 17:38:30.351035,2025-05-21 22:50:07.836893320,Medium,IT Support,Network,Closed
TCK-7766,2025-05-21 19:09:14.095409,2025-05-21 23:50:22.001512235,Critical,Finance,Network,Resolved
TCK-7767,2025-05-21 19:09:14.095409,2025-05-22 00:19:43.462814185,Medium,IT Support,Email,Resolved
TCK-7768,2025-05-21 19:09:14.095409,2025-05-22 08:57:37.606032950,Low,DevOps,Hardware,Resolved
TCK-7769,2025-05-21 19:09:14.095409,2025-05-22 10:51:11.294875394,Low,IT Support,Network,Closed
TCK-7770,2025-05-21 19:09:14.095409,2025-05-23 14:17:51.513297611,Medium,DevOps,Access Control,Closed
TCK-7771,2025-05-21 20:39:57.839783,2025-05-22 05:26:47.987435303,Critical,DevOps,Network,Closed
TCK-7772,2025-05-21 21:10:12.421242,2025-05-23 20:10:40.482306018,Medium,HR,Network,Closed
TCK-7773,2025-05-21 21:40:27.002700,2025-05-22 16:40:18.323367450,Medium,DevOps,Network,Closed
TCK-7774,2025-05-21 21:40:27.002700,2025-05-23 17:33:26.244594333,Medium,DevOps,Email,Closed
TCK-7775,2025-05-21 22:10:41.584158,2025-05-23 06:26:41.573370617,Critical,DevOps,Hardware,Closed
TCK-7776,2025-05-21 22:40:56.165616,2025-05-22 19:37:25.435811876,Low,HR,Network,Resolved
TCK-7777,2025-05-21 23:41:25.328532,2025-05-22 07:36:51.649762686,Unassigned,IT Support,Email,Resolved
TCK-7778,2025-05-22 00:41:54.491449,2025-05-22 05:39:52.748563646,Medium,Operations,Access Control,Resolved
TCK-7779,2025-05-22 01:12:09.072907,2025-05-22 05:43:48.347277766,High,Finance,Hardware,Resolved
TCK-7780,2025-05-22 02:12:38.235823,2025-05-24 08:56:02.058950189,Medium,DevOps,Email,Resolved
TCK-7781,2025-05-22 02:42:52.817281,2025-05-24 12:01:25.830020395,Low,Finance,Software,Closed
TCK-7782,2025-05-22 02:42:52.817281,2025-05-23 01:56:28.869878078,Medium,IT Support,Access Control,Closed
TCK-7783,2025-05-22 03:13:07.398739,2025-05-23 17:57:43.429020734,Low,Operations,Access Control,Closed
TCK-7784,2025-05-22 03:13:07.398739,2025-05-24 00:27:26.566130215,High,IT Support,Software,Closed
TCK-7785,2025-05-22 03:43:21.980198,2025-05-22 16:37:13.179475697,Medium,Operations,Email,Resolved
TCK-7786,2025-05-22 04:13:36.561656,2025-05-22 22:04:39.636663884,Low,IT Support,Email,Closed
TCK-7787,2025-05-22 04:13:36.561656,2025-05-22 13:59:35.879174318,Low,HR,Access Control,Closed
TCK-7788,2025-05-22 06:14:34.887488,2025-05-22 16:00:04.809400723,Critical,HR,Email,Closed
TCK-7789,2025-05-22 06:14:34.887488,2025-05-22 06:56:54.191422918,High,Operations,Software,Closed
TCK-7790,2025-05-22 06:44:49.468946,2025-05-22 16:59:10.677413289,High,Operations,Email,Closed
TCK-7791,2025-05-22 07:15:04.050405,2025-05-23 03:23:54.309742983,Medium,DevOps,Access Control,Resolved
TCK-7792,2025-05-22 08:45:47.794779,2025-05-22 18:37:47.950827165,High,HR,Email,Closed
TCK-7793,2025-05-22 08:45:47.794779,2025-05-23 21:49:26.507284454,Low,IT Support,Hardware,Closed
TCK-7794,2025-05-22 08:45:47.794779,2025-05-22 16:02:27.095990255,Low,DevOps,Software,Closed
TCK-7795,2025-05-22 09:16:02.376237,2025-05-22 11:49:46.632981994,Medium,HR,Software,Closed
TCK-7796,2025-05-22 09:16:02.376237,2025-05-23 15:18:31.546521403,Critical,DevOps,Network,Closed
TCK-7797,2025-05-22 11:17:00.702070,2025-05-23 07:27:21.942231952,Medium,DevOps,Email,Closed
TCK-7798,2025-05-22 11:47:15.283528,2025-05-22 16:46:14.111935463,Low,HR,Software,Closed
TCK-7799,2025-05-22 11:47:15.283528,2025-05-23 01:37:36.357526726,Medium,DevOps,Email,Closed
TCK-7800,2025-05-22 12:17:29.864986,2025-05-22 21:32:31.727415451,High,DevOps,Hardware,Closed
TCK-7801,2025-05-22 12:17:29.864986,2025-05-24 14:35:38.992810206,Medium,Operations,Access Control,Closed
TCK-7802,2025-05-22 12:47:44.446444,2025-05-23 05:37:18.905797416,High,Finance,Access Control,Resolved
TCK-7803,2025-05-22 14:48:42.772277,2025-05-22 17:54:56.733752020,Medium,DevOps,Network,Closed
TCK-7804,2025-05-22 15:18:57.353735,2025-05-23 03:52:12.330430221,Low,HR,Network,Resolved
TCK-7805,2025-05-22 15:49:11.935193,2025-05-24 03:32:30.436597774,High,IT Support,Software,Resolved
TCK-7806,2025-05-22 16:49:41.098109,2025-05-23 12:51:56.996222544,Low,IT Support,Software,Closed
TCK-7807,2025-05-22 16:49:41.098109,2025-05-24 02:05:33.156228322,Critical,IT Support,Software,Resolved
TCK-7808,2025-05-22 17:19:55.679567,2025-05-22 22:31:11.987767538,Medium,IT Support,Hardware,Closed
TCK-7809,2025-05-22 17:19:55.679567,2025-05-24 08:47:43.111074947,High,IT Support,Network,Closed
TCK-7810,2025-05-22 17:19:55.679567,2025-05-23 18:41:38.582695669,Unassigned,Operations,Network,Closed
TCK-7811,2025-05-22 17:50:10.261026,2025-05-23 17:19:54.884475909,Medium,Finance,Access Control,Closed
TCK-7812,2025-05-22 18:50:39.423942,2025-05-23 02:30:10.242416584,Medium,HR,Network,Closed
TCK-7813,2025-05-22 19:20:54.005400,2025-05-24 10:42:00.287460947,High,HR,Network,Closed
TCK-7814,2025-05-22 20:21:23.168316,2025-05-23 14:38:43.474012328,Low,HR,Hardware,Closed
TCK-7815,2025-05-22 20:51:37.749774,2025-05-24 07:13:50.691496358,Low,IT Support,Software,Resolved
TCK-7816,2025-05-22 23:53:05.238523,2025-05-23 07:56:43.077417817,Medium,IT Support,Hardware,Closed
TCK-7817,2025-05-23 00:53:34.401440,2025-05-23 03:43:35.008825528,Low,Operations,Email,Closed
TCK-7818,2025-05-23 00:53:34.401440,2025-05-23 08:09:51.786631045,Low,DevOps,Access Control,Resolved
TCK-7819,2025-05-23 00:53:34.401440,2025-05-23 11:49:37.462309299,Unassigned,Finance,Access Control,Closed
TCK-7820,2025-05-23 00:53:34.401440,2025-05-23 14:36:51.358862829,Medium,HR,Access Control,Closed
TCK-7821,2025-05-23 01:23:48.982898,2025-05-23 14:16:01.158744307,High,IT Support,Software,Closed
TCK-7822,2025-05-23 02:24:18.145814,2025-05-23 16:37:15.781975702,Critical,HR,Software,Closed
TCK-7823,2025-05-23 02:24:18.145814,2025-05-24 11:35:03.968470932,Low,Finance,Software,Closed
TCK-7824,2025-05-23 02:24:18.145814,2025-05-23 05:45:40.207484636,Critical,DevOps,Access Control,Resolved
TCK-7825,2025-05-23 02:24:18.145814,2025-05-23 09:14:33.874554640,High,IT Support,Access Control,Closed
TCK-7826,2025-05-23 02:54:32.727272,2025-05-24 18:24:49.557497824,Low,DevOps,Access Control,Resolved
TCK-7827,2025-05-23 03:24:47.308730,2025-05-23 18:12:34.364699989,Unassigned,IT Support,Email,Resolved
TCK-7828,2025-05-23 04:25:16.471647,2025-05-23 20:10:55.639063994,Medium,Finance,Email,Closed
TCK-7829,2025-05-23 04:25:16.471647,2025-05-23 16:07:29.918654398,Unassigned,Finance,Access Control,Closed
TCK-7830,2025-05-23 04:55:31.053105,2025-05-23 19:15:26.867222561,High,HR,Software,Resolved
TCK-7831,2025-05-23 04:55:31.053105,2025-05-23 08:53:55.399783724,Medium,Finance,Software,Closed
TCK-7832,2025-05-23 05:25:45.634563,2025-05-23 19:40:39.330152864,Medium,IT Support,Email,Resolved
TCK-7833,2025-05-23 05:25:45.634563,2025-05-27 15:03:49.906763139,Low,HR,Email,Closed
TCK-7834,2025-05-23 05:56:00.216021,2025-05-23 20:57:36.575732783,Medium,IT Support,Access Control,Resolved
TCK-7835,2025-05-23 06:26:14.797479,2025-05-23 07:15:17.912630707,Low,IT Support,Access Control,Closed
TCK-7836,2025-05-23 07:26:43.960396,2025-05-24 12:05:50.855987579,Critical,IT Support,Software,Resolved
TCK-7837,2025-05-23 07:56:58.541854,2025-05-23 17:02:20.502251168,High,Finance,Network,Closed
TCK-7838,2025-05-23 07:56:58.541854,2025-05-23 10:57:10.628529499,High,IT Support,Software,Closed
TCK-7839,2025-05-23 07:56:58.541854,2025-05-24 19:39:59.588910336,Medium,IT Support,Software,Closed
TCK-7840,2025-05-23 09:27:42.286228,2025-05-23 13:25:58.029652902,Low,Finance,Access Control,Closed
TCK-7841,2025-05-23 09:27:42.286228,2025-05-25 07:05:54.088609016,Medium,Operations,Network,Closed
TCK-7842,2025-05-23 09:57:56.867686,2025-05-23 20:27:37.319942422,Medium,DevOps,Network,Closed
TCK-7843,2025-05-23 10:28:11.449144,2025-05-24 10:54:41.143428096,Low,Operations,Access Control,Resolved
TCK-7844,2025-05-23 10:28:11.449144,2025-05-24 00:43:23.587899500,Medium,Finance,Hardware,Closed
TCK-7845,2025-05-23 10:58:26.030603,2025-05-23 16:18:42.929232392,High,HR,Access Control,Closed
TCK-7846,2025-05-23 11:28:40.612061,2025-05-24 07:29:36.375136461,High,DevOps,Email,Closed
TCK-7847,2025-05-23 11:58:55.193519,2025-05-25 21:00:21.963115312,Low,IT Support,Network,Resolved
TCK-7848,2025-05-23 12:29:09.774977,2025-05-24 14:54:42.577811640,High,IT Support,Access Control,Closed
TCK-7849,2025-05-23 12:59:24.356435,2025-05-24 05:39:54.202584790,Medium,IT Support,Software,Closed
TCK-7850,2025-05-23 13:29:38.937893,2025-05-27 01:33:17.550010679,Low,IT Support,Software,Closed
TCK-7851,2025-05-23 13:59:53.519351,2025-05-23 19:32:53.259541574,Unassigned,DevOps,Software,Resolved
TCK-7852,2025-05-23 13:59:53.519351,2025-05-23 15:09:24.660091159,Low,Finance,Access Control,Closed
TCK-7853,2025-05-23 15:00:22.682268,2025-05-23 15:35:38.946141747,Low,IT Support,Hardware,Closed
TCK-7854,2025-05-23 15:30:37.263726,2025-05-24 13:50:05.410079708,Medium,Operations,Email,Resolved
TCK-7855,2025-05-23 15:30:37.263726,2025-05-24 23:25:48.699640020,Low,Finance,Software,Closed
TCK-7856,2025-05-23 16:00:51.845184,2025-05-24 10:09:38.890055105,Low,HR,Access Control,Resolved
TCK-7857,2025-05-23 16:31:06.426642,2025-05-25 10:53:35.890940465,Medium,Operations,Hardware,Closed
TCK-7858,2025-05-23 16:31:06.426642,2025-05-24 14:04:08.158686786,High,IT Support,Network,Closed
TCK-7859,2025-05-23 17:01:21.008100,2025-05-24 01:21:59.172555067,Medium,DevOps,Network,Closed
TCK-7860,2025-05-23 17:31:35.589558,2025-05-23 21:07:34.722486403,Low,HR,Email,Resolved
TCK-7861,2025-05-23 18:01:50.171017,2025-05-25 16:34:15.618380961,Critical,DevOps,Access Control,Closed
TCK-7862,2025-05-23 19:02:19.333933,2025-05-23 21:00:26.209110236,Critical,Operations,Access Control,Closed
TCK-7863,2025-05-23 19:02:19.333933,2025-05-24 09:08:00.748019173,Low,Finance,Software,Closed
TCK-7864,2025-05-23 19:02:19.333933,2025-05-24 01:49:21.754365148,Medium,IT Support,Hardware,Closed
TCK-7865,2025-05-23 19:32:33.915391,2025-05-24 01:14:32.899696476,Medium,IT Support,Email,Closed
TCK-7866,2025-05-23 20:02:48.496849,2025-05-24 14:43:50.375508779,Medium,IT Support,Hardware,Resolved
TCK-7867,2025-05-23 20:02:48.496849,2025-05-24 00:46:49.112775018,Unassigned,DevOps,Email,Closed
TCK-7868,2025-05-23 20:02:48.496849,2025-05-25 16:42:36.378019490,Unassigned,IT Support,Access Control,Closed
TCK-7869,2025-05-23 20:33:03.078307,2025-05-24 05:55:40.630750936,Medium,IT Support,Access Control,Closed
TCK-7870,2025-05-23 22:34:01.404140,2025-05-24 18:55:47.421218649,Low,DevOps,Email,Closed
TCK-7871,2025-05-23 22:34:01.404140,2025-05-24 21:59:09.801685548,Medium,IT Support,Hardware,Resolved
TCK-7872,2025-05-23 22:34:01.404140,2025-05-24 19:14:35.193791732,Medium,DevOps,Network,Closed
TCK-7873,2025-05-23 23:04:15.985598,2025-05-25 17:08:25.186838122,Medium,IT Support,Network,Resolved
TCK-7874,2025-05-24 00:04:45.148514,2025-05-24 04:48:36.823964804,Unassigned,IT Support,Software,Resolved
TCK-7875,2025-05-24 00:04:45.148514,2025-05-24 01:41:56.136740289,Low,IT Support,Software,Resolved
TCK-7876,2025-05-24 01:05:14.311431,2025-05-24 02:06:52.011605222,Medium,Operations,Hardware,Closed
TCK-7877,2025-05-24 01:05:14.311431,2025-05-25 14:55:53.563546675,Low,HR,Access Control,Resolved
TCK-7878,2025-05-24 01:05:14.311431,2025-05-26 18:17:39.232729120,Critical,IT Support,Hardware,Resolved
TCK-7879,2025-05-24 01:35:28.892889,2025-05-24 08:04:35.737890022,Unassigned,Finance,Email,Closed
TCK-7880,2025-05-24 02:05:43.474347,2025-05-24 23:22:54.849655297,High,DevOps,Network,Closed
TCK-7881,2025-05-24 03:06:12.637263,2025-05-24 03:15:52.774855517,Medium,IT Support,Software,Closed
TCK-7882,2025-05-24 03:36:27.218721,2025-05-24 07:22:12.554737700,Low,DevOps,Hardware,Resolved
TCK-7883,2025-05-24 04:36:56.381638,2025-05-25 01:39:17.538606190,Medium,IT Support,Hardware,Closed
TCK-7884,2025-05-24 05:07:10.963096,2025-05-24 06:20:47.602286717,High,IT Support,Email,Closed
TCK-7885,2025-05-24 05:07:10.963096,2025-05-24 16:29:49.163246501,Low,Finance,Access Control,Closed
TCK-7886,2025-05-24 06:07:40.126012,2025-05-25 01:41:01.211753950,Unassigned,IT Support,Access Control,Closed
TCK-7887,2025-05-24 07:08:09.288928,2025-05-25 09:16:35.440435250,Critical,Operations,Network,Closed
TCK-7888,2025-05-24 07:08:09.288928,2025-05-24 18:01:20.277458009,Low,IT Support,Software,Resolved
TCK-7889,2025-05-24 08:08:38.451845,2025-05-25 02:03:15.763557128,Medium,DevOps,Access Control,Closed
TCK-7890,2025-05-24 09:39:22.196219,2025-05-24 23:37:01.508457762,Medium,IT Support,Access Control,Resolved
TCK-7891,2025-05-24 09:39:22.196219,2025-05-24 10:37:23.470798953,Low,DevOps,Access Control,Closed
TCK-7892,2025-05-24 10:39:51.359135,2025-05-25 11:06:24.543445703,Low,IT Support,Hardware,Resolved
TCK-7893,2025-05-24 12:10:35.103510,2025-05-24 15:34:53.923227708,Medium,Operations,Access Control,Closed
TCK-7894,2025-05-24 12:10:35.103510,2025-05-24 12:45:29.589482929,Critical,IT Support,Email,Closed
TCK-7895,2025-05-24 14:11:33.429342,2025-05-25 00:59:31.015069323,Unassigned,DevOps,Network,Resolved
TCK-7896,2025-05-24 14:11:33.429342,2025-05-26 02:19:20.932653770,Low,Finance,Access Control,Resolved
TCK-7897,2025-05-24 14:11:33.429342,2025-05-24 17:08:07.919268965,High,HR,Software,Closed
TCK-7898,2025-05-24 14:41:48.010801,2025-05-24 14:55:46.581615530,Medium,IT Support,Hardware,Closed
TCK-7899,2025-05-24 15:12:02.592259,2025-05-24 17:17:52.471747098,Low,DevOps,Email,Closed
TCK-7900,2025-05-24 15:12:02.592259,2025-05-24 23:20:13.544989758,Medium,IT Support,Network,Resolved
TCK-7901,2025-05-24 16:12:31.755175,2025-05-25 07:49:52.314473703,Unassigned,DevOps,Hardware,Closed
TCK-7902,2025-05-24 16:12:31.755175,2025-05-24 20:04:07.897883966,Low,HR,Email,Closed
TCK-7903,2025-05-24 17:13:00.918091,2025-05-25 22:21:51.977476250,Low,Operations,Hardware,Closed
TCK-7904,2025-05-24 17:13:00.918091,2025-05-25 18:24:33.091911037,Medium,Finance,Network,Closed
TCK-7905,2025-05-24 18:13:30.081008,2025-05-25 15:39:00.163355371,Low,IT Support,Network,Closed
TCK-7906,2025-05-24 18:43:44.662466,2025-05-25 06:45:36.701175739,High,HR,Access Control,Closed
TCK-7907,2025-05-24 20:14:28.406840,2025-05-25 04:25:18.192446311,Medium,IT Support,Software,Closed
TCK-7908,2025-05-24 21:14:57.569756,2025-05-25 05:43:34.654353662,High,IT Support,Access Control,Closed
TCK-7909,2025-05-24 21:45:12.151215,2025-05-25 10:20:27.256763952,Low,IT Support,Hardware,Resolved
TCK-7910,2025-05-24 21:45:12.151215,2025-05-24 23:12:06.415524508,High,Operations,Access Control,Closed
TCK-7911,2025-05-24 21:45:12.151215,2025-05-25 18:23:36.038867145,Medium,DevOps,Network,Closed
TCK-7912,2025-05-24 21:45:12.151215,2025-05-25 05:32:57.349273285,Low,IT Support,Network,Closed
TCK-7913,2025-05-24 21:45:12.151215,2025-05-25 02:20:09.002852312,Critical,Finance,Network,Closed
TCK-7914,2025-05-24 22:15:26.732673,2025-05-25 04:07:43.407205506,High,IT Support,Access Control,Resolved
TCK-7915,2025-05-24 22:45:41.314131,2025-05-25 02:20:24.194849662,Low,IT Support,Email,Closed
TCK-7916,2025-05-24 22:45:41.314131,2025-05-26 16:29:32.998666019,Low,IT Support,Access Control,Closed
TCK-7917,2025-05-24 22:45:41.314131,2025-05-25 02:05:40.371032098,Low,DevOps,Access Control,Closed
TCK-7918,2025-05-24 23:15:55.895589,2025-05-26 13:52:28.660840121,Unassigned,Operations,Access Control,Resolved
TCK-7919,2025-05-24 23:46:10.477047,2025-05-25 15:03:18.697138026,Critical,IT Support,Access Control,Closed
TCK-7920,2025-05-25 00:16:25.058505,2025-05-26 12:38:53.064006476,Medium,IT Support,Network,Closed
TCK-7921,2025-05-25 00:46:39.639963,2025-05-25 12:20:38.575070680,Medium,IT Support,Software,Resolved
TCK-7922,2025-05-25 01:16:54.221422,2025-05-27 00:32:59.982196649,Low,Operations,Access Control,Closed
TCK-7923,2025-05-25 01:47:08.802880,2025-05-25 06:03:46.004324760,High,IT Support,Access Control,Closed
TCK-7924,2025-05-25 01:47:08.802880,2025-05-25 16:20:51.260685696,Low,Finance,Software,Resolved
TCK-7925,2025-05-25 02:17:23.384338,2025-05-25 04:42:38.359389102,Medium,Operations,Access Control,Closed
TCK-7926,2025-05-25 02:47:37.965796,2025-05-25 13:27:51.127322877,Medium,IT Support,Software,Closed
TCK-7927,2025-05-25 03:17:52.547254,2025-05-25 18:29:07.296742623,High,Finance,Network,Closed
TCK-7928,2025-05-25 03:48:07.128712,2025-05-25 20:33:08.738634287,Medium,IT Support,Email,Closed
TCK-7929,2025-05-25 04:18:21.710171,2025-05-25 12:29:43.337068918,Critical,DevOps,Access Control,Closed
TCK-7930,2025-05-25 05:49:05.454545,2025-05-25 07:14:50.997198417,Critical,IT Support,Email,Closed
TCK-7931,2025-05-25 06:19:20.036003,2025-05-26 01:29:42.173529774,High,Operations,Access Control,Closed
TCK-7932,2025-05-25 06:19:20.036003,2025-05-25 18:23:13.822781186,Low,Operations,Hardware,Closed
TCK-7933,2025-05-25 06:19:20.036003,2025-05-25 08:58:18.611207676,Medium,DevOps,Hardware,Closed
TCK-7934,2025-05-25 06:49:34.617461,2025-05-27 08:16:16.076290609,Low,HR,Network,Resolved
TCK-7935,2025-05-25 07:19:49.198919,2025-05-27 15:25:10.110614960,Medium,DevOps,Email,Resolved
TCK-7936,2025-05-25 08:20:18.361836,2025-05-26 19:17:50.403979120,High,IT Support,Email,Closed
TCK-7937,2025-05-25 09:20:47.524752,2025-05-26 18:46:24.714700567,High,IT Support,Software,Closed
TCK-7938,2025-05-25 10:51:31.269126,2025-05-25 12:43:43.032954009,Medium,IT Support,Software,Resolved
TCK-7939,2025-05-25 12:22:15.013501,2025-05-29 06:47:53.183261968,Medium,Finance,Access Control,Closed
TCK-7940,2025-05-25 12:22:15.013501,2025-05-25 21:34:37.640394382,Medium,DevOps,Software,Closed
TCK-7941,2025-05-25 12:22:15.013501,2025-05-25 15:34:34.333202098,Medium,Operations,Software,Closed
TCK-7942,2025-05-25 12:52:29.594959,2025-05-26 18:58:05.771104209,Medium,DevOps,Email,Resolved
TCK-7943,2025-05-25 13:22:44.176417,2025-05-25 17:59:02.324691059,Medium,DevOps,Hardware,Closed
TCK-7944,2025-05-25 13:52:58.757875,2025-05-26 03:19:39.037829861,High,Operations,Email,Closed
TCK-7945,2025-05-25 16:24:11.665166,2025-05-25 18:52:08.246421956,Unassigned,Operations,Software,Closed
TCK-7946,2025-05-25 16:54:26.246624,2025-05-26 04:29:36.868163587,Medium,HR,Access Control,Closed
TCK-7947,2025-05-25 17:24:40.828082,2025-05-26 08:06:47.236951591,Low,IT Support,Hardware,Closed
TCK-7948,2025-05-25 17:54:55.409540,2025-05-26 04:32:36.786312079,Medium,HR,Software,Closed
TCK-7949,2025-05-25 17:54:55.409540,2025-05-25 19:12:42.243570462,Medium,Finance,Software,Closed
TCK-7950,2025-05-25 18:25:09.990999,2025-05-26 06:21:42.846876377,High,Finance,Access Control,Closed
TCK-7951,2025-05-25 18:25:09.990999,2025-05-26 05:48:40.979438201,Low,Operations,Access Control,Resolved
TCK-7952,2025-05-25 18:55:24.572457,2025-05-26 00:22:58.221769398,Medium,Operations,Software,Closed
TCK-7953,2025-05-25 19:25:39.153915,2025-05-27 17:15:16.827679679,Medium,HR,Software,Closed
TCK-7954,2025-05-25 19:25:39.153915,2025-05-26 05:09:51.293383977,Medium,IT Support,Email,Resolved
TCK-7955,2025-05-25 20:26:08.316831,2025-05-27 08:21:46.019297021,Medium,IT Support,Network,Closed
TCK-7956,2025-05-25 20:56:22.898289,2025-05-25 23:01:49.817979354,Medium,IT Support,Access Control,Resolved
TCK-7957,2025-05-25 21:26:37.479747,2025-05-26 04:21:21.508517164,High,HR,Access Control,Closed
TCK-7958,2025-05-25 21:56:52.061206,2025-05-26 01:26:22.376768113,Low,Operations,Email,Closed
TCK-7959,2025-05-25 22:27:06.642664,2025-05-26 07:54:02.935025032,Low,HR,Hardware,Closed
TCK-7960,2025-05-25 22:27:06.642664,2025-05-26 00:34:57.309200922,Medium,Finance,Hardware,Closed
TCK-7961,2025-05-25 22:57:21.224122,2025-05-26 09:25:33.315203662,Medium,IT Support,Hardware,Closed
TCK-7962,2025-05-26 00:28:04.968496,2025-05-26 08:19:46.738353207,Medium,HR,Access Control,Closed
TCK-7963,2025-05-26 00:28:04.968496,2025-05-26 05:01:01.255411125,Low,Operations,Network,Closed
TCK-7964,2025-05-26 00:58:19.549954,2025-05-26 19:28:16.037218630,Medium,DevOps,Network,Resolved
TCK-7965,2025-05-26 00:58:19.549954,2025-05-28 07:13:35.189898400,Medium,IT Support,Email,Resolved
TCK-7966,2025-05-26 01:28:34.131413,2025-05-26 05:39:12.601884406,Unassigned,Operations,Hardware,Resolved
TCK-7967,2025-05-26 02:59:17.875787,2025-05-27 01:22:53.534810157,High,IT Support,Hardware,Closed
TCK-7968,2025-05-26 02:59:17.875787,2025-05-27 03:24:04.372656358,High,DevOps,Software,Closed
TCK-7969,2025-05-26 03:29:32.457245,2025-05-26 15:54:05.270136669,Medium,IT Support,Email,Closed
TCK-7970,2025-05-26 03:59:47.038703,2025-05-27 21:01:40.986510933,Medium,DevOps,Email,Resolved
TCK-7971,2025-05-26 05:30:30.783078,2025-05-28 18:34:52.880544463,Low,IT Support,Access Control,Closed
TCK-7972,2025-05-26 05:30:30.783078,2025-05-26 13:36:18.040725105,Low,Finance,Access Control,Closed
TCK-7973,2025-05-26 06:30:59.945994,2025-05-27 01:28:00.010360163,Critical,Finance,Email,Closed
TCK-7974,2025-05-26 07:31:29.108910,2025-05-27 03:03:39.052035113,Medium,IT Support,Network,Closed
TCK-7975,2025-05-26 07:31:29.108910,2025-05-26 16:49:44.440526944,Unassigned,Operations,Email,Closed
TCK-7976,2025-05-26 09:02:12.853285,2025-05-26 15:53:38.709571905,Medium,IT Support,Network,Closed
TCK-7977,2025-05-26 09:32:27.434743,2025-05-28 10:23:49.684156168,Medium,Operations,Access Control,Closed
TCK-7978,2025-05-26 10:02:42.016201,2025-05-27 14:08:06.297183700,Low,HR,Email,Closed
TCK-7979,2025-05-26 10:02:42.016201,2025-05-26 12:13:59.286076510,Critical,DevOps,Network,Closed
TCK-7980,2025-05-26 10:02:42.016201,2025-05-26 12:20:37.082690148,Medium,DevOps,Software,Resolved
TCK-7981,2025-05-26 12:03:40.342034,2025-05-28 10:06:20.643986381,Low,IT Support,Software,Closed
TCK-7982,2025-05-26 12:03:40.342034,2025-05-26 13:35:22.842942914,Low,IT Support,Email,Closed
TCK-7983,2025-05-26 16:05:36.993699,2025-05-27 13:05:00.498723833,Medium,Finance,Hardware,Resolved
TCK-7984,2025-05-26 16:35:51.575157,2025-05-26 21:13:35.772080843,Low,DevOps,Email,Resolved
TCK-7985,2025-05-26 16:35:51.575157,2025-05-26 17:14:32.663276747,Low,Operations,Access Control,Closed
TCK-7986,2025-05-26 17:06:06.156615,2025-05-26 18:12:30.701406779,Medium,IT Support,Access Control,Resolved
TCK-7987,2025-05-26 17:06:06.156615,2025-05-27 01:31:09.344378955,Low,HR,Software,Closed
TCK-7988,2025-05-26 17:06:06.156615,2025-05-26 18:33:19.650223496,Medium,DevOps,Network,Resolved
TCK-7989,2025-05-26 17:36:20.738073,2025-05-27 09:56:54.202389164,Medium,Finance,Software,Closed
TCK-7990,2025-05-26 18:06:35.319531,2025-05-27 12:51:57.468872028,Medium,Operations,Network,Closed
TCK-7991,2025-05-26 18:36:49.900990,2025-05-27 03:01:47.551917367,Medium,IT Support,Email,Closed
TCK-7992,2025-05-26 18:36:49.900990,2025-05-27 19:03:41.578058873,Low,HR,Hardware,Closed
TCK-7993,2025-05-26 18:36:49.900990,2025-05-27 06:44:08.030829440,Medium,DevOps,Access Control,Closed
TCK-7994,2025-05-26 19:07:04.482448,2025-05-27 05:14:35.770781526,Medium,IT Support,Email,Closed
TCK-7995,2025-05-26 19:37:19.063906,2025-05-27 05:01:39.707346109,High,DevOps,Software,Closed
TCK-7996,2025-05-26 19:37:19.063906,2025-05-27 05:46:30.282193198,Medium,IT Support,Email,Resolved
TCK-7997,2025-05-26 19:37:19.063906,2025-05-29 09:30:54.809052428,High,HR,Hardware,Closed
TCK-7998,2025-05-26 20:07:33.645364,2025-05-27 16:42:54.544841532,Medium,DevOps,Network,Resolved
TCK-7999,2025-05-26 20:07:33.645364,2025-05-27 02:56:29.700999040,Low,IT Support,Hardware,Resolved
TCK-8000,2025-05-26 21:38:17.389738,2025-05-27 21:27:55.243113297,Medium,IT Support,Software,Closed
TCK-8001,2025-05-26 21:38:17.389738,2025-05-27 04:51:14.202056013,High,Operations,Hardware,Closed
TCK-8002,2025-05-26 22:08:31.971197,2025-05-27 00:33:37.771107423,High,Operations,Access Control,Closed
TCK-8003,2025-05-26 22:38:46.552655,2025-05-27 10:15:25.380994929,Low,Operations,Hardware,Closed
TCK-8004,2025-05-26 22:38:46.552655,2025-05-27 23:40:24.356464804,Low,Operations,Email,Closed
TCK-8005,2025-05-26 22:38:46.552655,2025-05-27 07:10:59.155900501,High,IT Support,Network,Closed
TCK-8006,2025-05-27 00:09:30.297029,2025-05-28 12:46:06.250362557,Medium,IT Support,Access Control,Closed
TCK-8007,2025-05-27 00:39:44.878487,2025-05-27 09:28:12.373276101,Medium,IT Support,Access Control,Resolved
TCK-8008,2025-05-27 02:40:43.204320,2025-05-27 10:25:41.891350907,Medium,Operations,Access Control,Closed
TCK-8009,2025-05-27 02:40:43.204320,2025-05-31 20:52:57.673364150,Low,DevOps,Software,Closed
TCK-8010,2025-05-27 02:40:43.204320,2025-05-27 14:32:06.426055492,Medium,Finance,Software,Closed
TCK-8011,2025-05-27 04:11:26.948694,2025-05-28 09:38:12.670793101,High,Operations,Email,Resolved
TCK-8012,2025-05-27 04:11:26.948694,2025-05-28 09:36:55.150435497,High,Finance,Network,Closed
TCK-8013,2025-05-27 04:41:41.530153,2025-05-29 03:39:04.883501064,Low,IT Support,Hardware,Resolved
TCK-8014,2025-05-27 05:42:10.693069,2025-05-27 07:17:59.523933952,High,IT Support,Email,Closed
TCK-8015,2025-05-27 05:42:10.693069,2025-05-27 11:23:52.360398497,Low,IT Support,Software,Closed
TCK-8016,2025-05-27 05:42:10.693069,2025-05-28 07:58:54.330997628,Unassigned,IT Support,Email,Resolved
TCK-8017,2025-05-27 06:12:25.274527,2025-05-27 21:05:29.080287378,Medium,HR,Network,Closed
TCK-8018,2025-05-27 06:42:39.855985,2025-05-27 21:28:22.712068731,High,DevOps,Email,Closed
TCK-8019,2025-05-27 07:12:54.437443,2025-05-27 10:29:13.785698482,Medium,IT Support,Access Control,Closed
TCK-8020,2025-05-27 07:12:54.437443,2025-05-27 13:09:25.355431952,Unassigned,DevOps,Hardware,Closed
TCK-8021,2025-05-27 07:43:09.018901,2025-05-27 20:58:50.573764895,Unassigned,HR,Software,Closed
TCK-8022,2025-05-27 08:13:23.600360,2025-05-27 14:03:57.481972461,Low,Operations,Software,Closed
TCK-8023,2025-05-27 09:13:52.763276,2025-05-27 13:28:50.770801471,Medium,DevOps,Network,Closed
TCK-8024,2025-05-27 09:44:07.344734,2025-05-27 11:23:19.084893435,Medium,Operations,Network,Closed
TCK-8025,2025-05-27 09:44:07.344734,2025-05-27 12:46:56.572524573,Low,IT Support,Network,Closed
TCK-8026,2025-05-27 10:14:21.926192,2025-05-28 12:36:18.716044820,Critical,IT Support,Software,Closed
TCK-8027,2025-05-27 10:44:36.507650,2025-05-28 09:34:42.765095554,Medium,Finance,Access Control,Closed
TCK-8028,2025-05-27 11:14:51.089108,2025-05-27 12:05:31.329348640,Low,IT Support,Hardware,Closed
TCK-8029,2025-05-27 12:15:20.252025,2025-05-27 16:20:46.512563500,Low,HR,Network,Closed
TCK-8030,2025-05-27 13:46:03.996399,2025-05-28 04:33:50.631051836,Medium,IT Support,Software,Resolved
TCK-8031,2025-05-27 13:46:03.996399,2025-05-27 20:46:45.828371161,Critical,HR,Access Control,Closed
TCK-8032,2025-05-27 14:16:18.577857,2025-05-28 21:27:58.061720237,Medium,Operations,Network,Closed
TCK-8033,2025-05-27 14:16:18.577857,2025-05-28 17:56:20.553171603,Low,IT Support,Network,Closed
TCK-8034,2025-05-27 14:16:18.577857,2025-05-29 06:15:47.838629581,Low,Operations,Hardware,Closed
TCK-8035,2025-05-27 14:16:18.577857,2025-05-28 05:10:11.252444609,Unassigned,IT Support,Hardware,Closed
TCK-8036,2025-05-27 14:46:33.159315,2025-05-27 22:35:15.232701684,Low,IT Support,Email,Closed
TCK-8037,2025-05-27 14:46:33.159315,2025-05-28 07:32:38.803731999,Unassigned,Finance,Network,Resolved
TCK-8038,2025-05-27 14:46:33.159315,2025-05-27 16:27:23.044495800,Critical,DevOps,Email,Closed
TCK-8039,2025-05-27 14:46:33.159315,2025-05-27 14:56:57.329721667,Medium,DevOps,Software,Resolved
TCK-8040,2025-05-27 15:16:47.740774,2025-05-27 15:35:24.977067003,Critical,DevOps,Hardware,Closed
TCK-8041,2025-05-27 15:16:47.740774,2025-05-28 00:42:09.042448062,Low,IT Support,Access Control,Resolved
TCK-8042,2025-05-27 16:17:16.903690,2025-05-27 20:56:51.760333928,Critical,IT Support,Network,Closed
TCK-8043,2025-05-27 16:47:31.485148,2025-05-27 19:52:24.532428478,Low,IT Support,Network,Closed
TCK-8044,2025-05-27 16:47:31.485148,2025-05-28 09:59:18.754649164,Medium,IT Support,Email,Closed
TCK-8045,2025-05-27 16:47:31.485148,2025-05-31 16:30:26.060164092,Medium,Operations,Hardware,Closed
TCK-8046,2025-05-27 17:17:46.066606,2025-05-27 20:49:08.378523060,Medium,Operations,Email,Resolved
TCK-8047,2025-05-27 17:17:46.066606,2025-05-28 07:31:36.088601916,Low,IT Support,Network,Closed
TCK-8048,2025-05-27 18:18:15.229522,2025-05-27 20:35:58.770223486,High,DevOps,Hardware,Closed
TCK-8049,2025-05-27 18:48:29.810981,2025-05-29 19:47:55.284732762,High,Finance,Network,Closed
TCK-8050,2025-05-27 19:18:44.392439,2025-05-28 01:31:18.152818951,Unassigned,IT Support,Hardware,Resolved
TCK-8051,2025-05-27 20:19:13.555355,2025-05-29 10:14:16.280158233,Medium,HR,Network,Closed
TCK-8052,2025-05-27 20:49:28.136813,2025-05-28 02:48:52.673105649,Medium,HR,Access Control,Closed
TCK-8053,2025-05-27 21:49:57.299729,2025-05-29 03:21:20.164935600,Critical,DevOps,Email,Resolved
TCK-8054,2025-05-27 22:20:11.881188,2025-05-28 02:33:55.961940191,Critical,IT Support,Hardware,Resolved
TCK-8055,2025-05-27 22:20:11.881188,2025-05-28 04:34:20.339235481,Medium,Operations,Email,Closed
TCK-8056,2025-05-27 22:20:11.881188,2025-05-28 02:11:04.936456765,High,HR,Hardware,Resolved
TCK-8057,2025-05-27 22:50:26.462646,2025-05-28 04:21:52.177620671,Medium,IT Support,Hardware,Resolved
TCK-8058,2025-05-27 23:20:41.044104,2025-05-29 07:45:45.619367063,Medium,IT Support,Hardware,Closed
TCK-8059,2025-05-27 23:20:41.044104,2025-05-28 17:41:10.128099292,High,DevOps,Network,Resolved
TCK-8060,2025-05-27 23:50:55.625562,2025-05-28 09:13:15.262038846,High,Finance,Software,Closed
TCK-8061,2025-05-27 23:50:55.625562,2025-05-30 15:54:12.209374556,Low,DevOps,Network,Resolved
TCK-8062,2025-05-27 23:50:55.625562,2025-05-28 11:06:10.512570213,Low,IT Support,Software,Resolved
TCK-8063,2025-05-28 00:21:10.207020,2025-05-30 15:19:38.759784921,Medium,IT Support,Network,Closed
TCK-8064,2025-05-28 00:21:10.207020,2025-05-28 04:17:34.037964390,High,HR,Software,Closed
TCK-8065,2025-05-28 00:51:24.788478,2025-05-29 19:09:29.945367017,Low,IT Support,Hardware,Resolved
TCK-8066,2025-05-28 01:21:39.369936,2025-05-28 01:36:41.296528027,High,DevOps,Hardware,Closed
TCK-8067,2025-05-28 01:21:39.369936,2025-05-28 15:32:49.835007898,Medium,IT Support,Software,Closed
TCK-8068,2025-05-28 01:21:39.369936,2025-05-28 11:15:39.617553814,Medium,IT Support,Software,Resolved
TCK-8069,2025-05-28 01:21:39.369936,2025-05-28 14:45:51.097792635,Low,IT Support,Email,Closed
TCK-8070,2025-05-28 01:21:39.369936,2025-05-28 15:52:20.632896023,Critical,HR,Hardware,Closed
TCK-8071,2025-05-28 01:51:53.951395,2025-05-28 10:44:01.535879966,Low,DevOps,Network,Closed
TCK-8072,2025-05-28 02:22:08.532853,2025-06-01 20:06:25.033266869,Low,DevOps,Email,Closed
TCK-8073,2025-05-28 02:52:23.114311,2025-05-30 22:23:31.859003863,Medium,DevOps,Software,Closed
TCK-8074,2025-05-28 03:22:37.695769,2025-05-30 14:07:11.903208363,Low,Finance,Network,Closed
TCK-8075,2025-05-28 04:23:06.858685,2025-05-31 01:59:47.311550809,Low,IT Support,Access Control,Closed
TCK-8076,2025-05-28 04:53:21.440144,2025-05-29 09:14:27.685888591,Medium,DevOps,Access Control,Closed
TCK-8077,2025-05-28 04:53:21.440144,2025-05-31 13:24:31.740160231,Medium,IT Support,Access Control,Resolved
TCK-8078,2025-05-28 05:23:36.021602,2025-05-29 21:30:52.956581682,Medium,DevOps,Network,Closed
TCK-8079,2025-05-28 05:53:50.603060,2025-05-28 15:34:36.087360763,Low,DevOps,Software,Closed
TCK-8080,2025-05-28 05:53:50.603060,2025-05-29 09:32:48.657216934,High,DevOps,Network,Closed
TCK-8081,2025-05-28 05:53:50.603060,2025-05-30 01:39:31.697511430,Medium,IT Support,Email,Closed
TCK-8082,2025-05-28 06:24:05.184518,2025-05-29 04:50:44.397728354,Critical,Operations,Email,Closed
TCK-8083,2025-05-28 06:54:19.765976,2025-05-28 16:47:49.689545223,Medium,DevOps,Access Control,Resolved
TCK-8084,2025-05-28 07:24:34.347434,2025-05-28 08:38:04.265146418,High,DevOps,Software,Closed
TCK-8085,2025-05-28 08:25:03.510351,2025-05-29 14:16:55.614485918,Medium,IT Support,Email,Resolved
TCK-8086,2025-05-28 08:25:03.510351,2025-05-30 15:21:22.947192811,Medium,HR,Hardware,Resolved
TCK-8087,2025-05-28 11:26:30.999099,2025-05-28 19:32:40.289643368,Medium,IT Support,Hardware,Closed
TCK-8088,2025-05-28 11:26:30.999099,2025-05-28 14:24:27.697252838,Medium,HR,Access Control,Closed
TCK-8089,2025-05-28 11:56:45.580558,2025-05-28 19:03:39.269916072,Medium,Finance,Access Control,Closed
TCK-8090,2025-05-28 12:27:00.162016,2025-05-29 04:10:40.059568996,Medium,Operations,Access Control,Closed
TCK-8091,2025-05-28 12:27:00.162016,2025-05-28 19:18:39.101691342,High,IT Support,Email,Closed
TCK-8092,2025-05-28 12:57:14.743474,2025-05-29 05:55:53.862893995,Medium,Finance,Software,Closed
TCK-8093,2025-05-28 13:27:29.324932,2025-05-31 02:46:48.662601934,Low,IT Support,Access Control,Closed
TCK-8094,2025-05-28 13:57:43.906390,2025-05-29 09:57:29.632980914,Unassigned,HR,Network,Closed
TCK-8095,2025-05-28 13:57:43.906390,2025-05-28 22:04:13.132455656,Medium,Operations,Access Control,Closed
TCK-8096,2025-05-28 13:57:43.906390,2025-05-30 15:22:21.189744960,Medium,DevOps,Email,Closed
TCK-8097,2025-05-28 14:27:58.487848,2025-05-29 05:28:33.309410034,Unassigned,Finance,Software,Resolved
TCK-8098,2025-05-28 14:58:13.069306,2025-05-28 17:26:36.136278033,Unassigned,IT Support,Access Control,Closed
TCK-8099,2025-05-28 15:58:42.232223,2025-05-29 04:25:06.242184053,Low,HR,Hardware,Closed
TCK-8100,2025-05-28 15:58:42.232223,2025-05-29 11:03:47.489649373,Low,IT Support,Access Control,Closed
TCK-8101,2025-05-28 16:28:56.813681,2025-05-30 01:16:24.939525366,Low,HR,Access Control,Resolved
TCK-8102,2025-05-28 16:28:56.813681,2025-05-30 18:05:48.285660477,Medium,IT Support,Software,Closed
TCK-8103,2025-05-28 16:28:56.813681,2025-05-28 23:21:21.981805897,High,DevOps,Network,Closed
TCK-8104,2025-05-28 17:29:25.976597,2025-05-28 20:31:58.808491091,High,IT Support,Access Control,Closed
TCK-8105,2025-05-28 17:59:40.558055,2025-05-28 19:22:30.459491946,Medium,IT Support,Access Control,Closed
TCK-8106,2025-05-28 18:29:55.139513,2025-05-29 18:37:56.720416977,Low,DevOps,Email,Closed
TCK-8107,2025-05-28 18:29:55.139513,2025-05-29 23:02:16.677558285,Low,Operations,Software,Closed
TCK-8108,2025-05-28 18:29:55.139513,2025-05-29 03:58:36.927962159,Critical,Operations,Email,Closed
TCK-8109,2025-05-28 19:00:09.720972,2025-05-29 04:04:32.652843895,Critical,DevOps,Access Control,Resolved
TCK-8110,2025-05-28 21:01:08.046804,2025-05-31 04:32:09.395102000,Low,IT Support,Access Control,Closed
TCK-8111,2025-05-28 21:01:08.046804,2025-05-30 17:45:01.397095335,Low,IT Support,Hardware,Closed
TCK-8112,2025-05-28 21:01:08.046804,2025-05-29 01:47:59.912773550,Medium,Operations,Email,Resolved
TCK-8113,2025-05-28 21:31:22.628262,2025-05-30 00:50:36.432041844,Low,Operations,Software,Closed
TCK-8114,2025-05-28 22:01:37.209720,2025-05-29 15:34:18.787222073,Low,Finance,Access Control,Closed
TCK-8115,2025-05-28 22:31:51.791179,2025-05-29 01:32:45.741869627,Medium,IT Support,Hardware,Closed
TCK-8116,2025-05-28 23:02:06.372637,2025-05-29 06:58:39.667365058,Low,IT Support,Hardware,Resolved
TCK-8117,2025-05-29 02:33:48.442844,2025-05-29 06:04:48.671484771,High,Operations,Network,Closed
TCK-8118,2025-05-29 03:34:17.605760,2025-05-29 09:52:03.274094952,Critical,IT Support,Software,Closed
TCK-8119,2025-05-29 04:04:32.187218,2025-05-29 21:16:15.272474733,Critical,DevOps,Hardware,Closed
TCK-8120,2025-05-29 04:34:46.768676,2025-05-29 13:02:50.533736031,Medium,Operations,Software,Closed
TCK-8121,2025-05-29 05:05:01.350135,2025-05-29 14:06:04.433925623,High,DevOps,Access Control,Closed
TCK-8122,2025-05-29 06:05:30.513051,2025-05-29 20:03:19.911913535,Medium,IT Support,Network,Resolved
TCK-8123,2025-05-29 06:35:45.094509,2025-05-29 08:14:19.061688847,Low,IT Support,Software,Closed
TCK-8124,2025-05-29 06:35:45.094509,2025-05-30 06:45:36.405689100,Medium,IT Support,Network,Closed
TCK-8125,2025-05-29 07:36:14.257425,2025-05-29 16:51:00.650979763,Medium,DevOps,Software,Closed
TCK-8126,2025-05-29 07:36:14.257425,2025-05-29 19:23:18.194715128,Low,Finance,Software,Resolved
TCK-8127,2025-05-29 07:36:14.257425,2025-06-01 01:30:23.499565310,Medium,IT Support,Email,Resolved
TCK-8128,2025-05-29 08:36:43.420342,2025-05-29 16:12:38.994841857,Low,IT Support,Network,Closed
TCK-8129,2025-05-29 08:36:43.420342,2025-05-30 03:25:02.978903080,Critical,IT Support,Software,Closed
TCK-8130,2025-05-29 09:06:58.001800,2025-05-29 18:05:14.983437319,Critical,Operations,Email,Resolved
TCK-8131,2025-05-29 10:07:27.164716,2025-05-31 02:34:11.916190112,Low,DevOps,Email,Resolved
TCK-8132,2025-05-29 11:07:56.327632,2025-05-30 20:53:43.346442906,Low,HR,Network,Closed
TCK-8133,2025-05-29 11:07:56.327632,2025-05-29 16:06:38.473975379,Low,Operations,Access Control,Closed
TCK-8134,2025-05-29 11:07:56.327632,2025-05-30 08:18:54.926421274,Critical,DevOps,Network,Resolved
TCK-8135,2025-05-29 11:07:56.327632,2025-05-29 12:20:43.375852106,Low,DevOps,Software,Closed
TCK-8136,2025-05-29 12:08:25.490549,2025-05-31 23:34:26.050233348,Medium,DevOps,Access Control,Resolved
TCK-8137,2025-05-29 12:38:40.072007,2025-05-29 20:22:14.204637342,Low,DevOps,Network,Closed
TCK-8138,2025-05-29 16:10:22.142214,2025-05-31 00:15:51.201926936,Medium,IT Support,Network,Closed
TCK-8139,2025-05-29 16:40:36.723672,2025-05-29 23:34:38.342991501,High,Finance,Network,Closed
TCK-8140,2025-05-29 16:40:36.723672,2025-05-30 10:42:31.351150778,Medium,DevOps,Network,Closed
TCK-8141,2025-05-29 17:10:51.305130,2025-06-01 19:09:33.644029898,High,IT Support,Access Control,Resolved
TCK-8142,2025-05-29 17:10:51.305130,2025-05-31 06:51:52.655370682,Medium,IT Support,Software,Closed
TCK-8143,2025-05-29 17:41:05.886588,2025-05-29 20:49:52.219560301,Medium,IT Support,Email,Closed
TCK-8144,2025-05-29 17:41:05.886588,2025-05-30 07:57:28.525211622,High,IT Support,Network,Resolved
TCK-8145,2025-05-29 17:41:05.886588,2025-05-30 01:23:54.414583168,High,IT Support,Email,Resolved
TCK-8146,2025-05-29 18:11:20.468046,2025-05-30 04:26:40.919796748,High,Finance,Email,Closed
TCK-8147,2025-05-29 18:11:20.468046,2025-05-30 01:32:14.657119055,Medium,IT Support,Email,Closed
TCK-8148,2025-05-29 18:11:20.468046,2025-05-30 01:33:30.349976675,High,IT Support,Network,Closed
TCK-8149,2025-05-29 18:11:20.468046,2025-05-30 08:16:00.209846946,Low,Operations,Network,Closed
TCK-8150,2025-05-29 18:41:35.049504,2025-05-29 22:31:47.083857104,Unassigned,DevOps,Network,Closed
TCK-8151,2025-05-29 19:42:04.212421,2025-05-30 09:34:37.407492001,Low,IT Support,Network,Closed
TCK-8152,2025-05-29 19:42:04.212421,2025-05-30 01:35:18.232139635,Medium,HR,Hardware,Closed
TCK-8153,2025-05-29 20:42:33.375337,2025-05-30 02:50:53.985888105,Medium,DevOps,Software,Closed
TCK-8154,2025-05-29 20:42:33.375337,2025-05-30 20:52:12.466889796,Low,DevOps,Hardware,Closed
TCK-8155,2025-05-29 21:43:02.538253,2025-05-29 22:15:29.151625600,Medium,IT Support,Access Control,Closed
TCK-8156,2025-05-29 23:44:00.864086,2025-05-30 08:21:56.506909636,Low,Operations,Hardware,Closed
TCK-8157,2025-05-30 00:14:15.445544,2025-05-30 09:39:35.811217444,Critical,DevOps,Hardware,Closed
TCK-8158,2025-05-30 00:44:30.027002,2025-05-30 12:41:24.413755914,Critical,Operations,Hardware,Closed
TCK-8159,2025-05-30 01:14:44.608460,2025-05-30 21:08:52.038165185,Medium,IT Support,Software,Closed
TCK-8160,2025-05-30 01:44:59.189918,2025-05-30 10:03:26.879073022,Medium,IT Support,Email,Closed
TCK-8161,2025-05-30 02:15:13.771377,2025-05-30 06:34:06.412834375,Low,IT Support,Access Control,Closed
TCK-8162,2025-05-30 02:15:13.771377,2025-05-31 17:09:53.099533919,High,IT Support,Access Control,Resolved
TCK-8163,2025-05-30 02:15:13.771377,2025-06-02 01:37:48.539009463,Medium,IT Support,Software,Closed
TCK-8164,2025-05-30 02:15:13.771377,2025-05-30 02:37:03.878367036,Low,IT Support,Hardware,Closed
TCK-8165,2025-05-30 02:15:13.771377,2025-05-30 16:29:10.283545415,Unassigned,DevOps,Email,Resolved
TCK-8166,2025-05-30 03:15:42.934293,2025-05-30 10:47:15.693670040,Medium,IT Support,Network,Closed
TCK-8167,2025-05-30 03:45:57.515751,2025-05-30 09:36:14.205917748,Low,IT Support,Software,Closed
TCK-8168,2025-05-30 03:45:57.515751,2025-05-30 11:07:42.727454995,High,Operations,Email,Closed
TCK-8169,2025-05-30 03:45:57.515751,2025-05-30 22:05:58.826952628,High,IT Support,Software,Closed
TCK-8170,2025-05-30 04:46:26.678667,2025-05-30 08:34:58.707646636,Medium,Finance,Software,Closed
TCK-8171,2025-05-30 05:16:41.260126,2025-06-01 01:12:09.293276406,Low,Finance,Network,Closed
TCK-8172,2025-05-30 05:46:55.841584,2025-05-30 17:04:42.632196282,Medium,Operations,Email,Closed
TCK-8173,2025-05-30 06:47:25.004500,2025-05-30 13:52:49.563866587,High,Operations,Hardware,Closed
TCK-8174,2025-05-30 08:18:08.748874,2025-05-31 10:24:36.827364170,Low,HR,Email,Closed
TCK-8175,2025-05-30 08:48:23.330333,2025-05-30 09:06:11.347478474,Low,Operations,Email,Closed
TCK-8176,2025-05-30 09:48:52.493249,2025-05-30 19:59:28.783827873,Medium,HR,Hardware,Closed
TCK-8177,2025-05-30 09:48:52.493249,2025-05-30 17:42:58.123289292,Medium,DevOps,Network,Resolved
TCK-8178,2025-05-30 10:19:07.074707,2025-05-30 17:44:56.959099160,Critical,IT Support,Email,Resolved
TCK-8179,2025-05-30 10:49:21.656165,2025-05-30 18:13:20.154010754,High,Finance,Hardware,Closed
TCK-8180,2025-05-30 11:19:36.237623,2025-05-30 11:53:54.983253973,Critical,Finance,Software,Resolved
TCK-8181,2025-05-30 11:19:36.237623,2025-05-30 14:17:49.010059179,Medium,Finance,Software,Closed
TCK-8182,2025-05-30 11:19:36.237623,2025-05-30 14:04:51.761351918,High,DevOps,Hardware,Closed
TCK-8183,2025-05-30 11:49:50.819081,2025-06-02 20:22:54.954863097,Low,IT Support,Software,Closed
TCK-8184,2025-05-30 12:20:05.400540,2025-05-30 12:44:17.899529469,Low,IT Support,Email,Closed
TCK-8185,2025-05-30 12:20:05.400540,2025-05-30 15:37:31.492668824,Medium,DevOps,Hardware,Closed
TCK-8186,2025-05-30 13:20:34.563456,2025-06-02 07:09:28.845301515,High,IT Support,Email,Closed
TCK-8187,2025-05-30 13:50:49.144914,2025-05-31 07:39:32.077643775,Medium,IT Support,Access Control,Resolved
TCK-8188,2025-05-30 14:21:03.726372,2025-05-31 01:08:02.210664638,Medium,DevOps,Network,Closed
TCK-8189,2025-05-30 14:51:18.307830,2025-05-30 16:19:54.221395453,Low,Operations,Network,Closed
TCK-8190,2025-05-30 14:51:18.307830,2025-05-31 10:47:33.144500503,Low,IT Support,Network,Closed
TCK-8191,2025-05-30 14:51:18.307830,2025-05-30 17:31:26.299854441,High,Finance,Hardware,Closed
TCK-8192,2025-05-30 15:21:32.889288,2025-05-31 11:22:47.558200645,Low,IT Support,Access Control,Closed
TCK-8193,2025-05-30 15:51:47.470747,2025-06-02 13:33:11.880361254,Medium,HR,Network,Closed
TCK-8194,2025-05-30 15:51:47.470747,2025-05-31 05:31:45.481630198,Critical,IT Support,Email,Resolved
TCK-8195,2025-05-30 16:22:02.052205,2025-05-30 20:42:12.773659332,Low,Finance,Network,Closed
TCK-8196,2025-05-30 16:52:16.633663,2025-05-31 10:32:23.419970072,Low,DevOps,Access Control,Closed
TCK-8197,2025-05-30 17:22:31.215121,2025-05-31 06:19:24.886987877,Medium,IT Support,Email,Closed
TCK-8198,2025-05-30 17:22:31.215121,2025-05-31 07:05:11.086927788,Medium,DevOps,Email,Closed
TCK-8199,2025-05-30 17:52:45.796579,2025-05-31 05:35:04.756392486,Medium,HR,Hardware,Closed
TCK-8200,2025-05-30 17:52:45.796579,2025-05-31 14:02:25.842014169,Medium,IT Support,Hardware,Closed
TCK-8201,2025-05-30 18:23:00.378037,2025-05-31 09:39:23.465335598,Medium,Finance,Software,Closed
TCK-8202,2025-05-30 19:23:29.540954,2025-06-03 01:33:18.832316255,High,HR,Access Control,Resolved
TCK-8203,2025-05-30 20:23:58.703870,2025-06-01 03:51:43.618623274,Unassigned,IT Support,Email,Resolved
TCK-8204,2025-05-30 20:23:58.703870,2025-05-31 01:56:03.051047958,Critical,DevOps,Access Control,Closed
TCK-8205,2025-05-30 21:24:27.866786,2025-05-31 20:41:42.151457801,Medium,DevOps,Network,Resolved
TCK-8206,2025-05-30 21:54:42.448244,2025-05-31 02:15:10.956533505,Medium,DevOps,Network,Closed
TCK-8207,2025-05-30 22:55:11.611161,2025-06-01 02:22:01.924075071,Medium,HR,Software,Closed
TCK-8208,2025-05-30 22:55:11.611161,2025-05-31 01:47:36.910748155,Medium,IT Support,Email,Closed
TCK-8209,2025-05-30 23:25:26.192619,2025-05-31 10:58:22.274417151,Medium,DevOps,Email,Closed
TCK-8210,2025-05-30 23:25:26.192619,2025-06-01 03:34:03.492687197,Low,IT Support,Software,Resolved
TCK-8211,2025-05-31 00:25:55.355535,2025-05-31 06:20:52.563076324,Low,DevOps,Network,Closed
TCK-8212,2025-05-31 01:26:24.518451,2025-06-01 10:06:19.422551452,High,DevOps,Email,Resolved
TCK-8213,2025-05-31 01:56:39.099909,2025-05-31 20:32:33.568866995,Medium,DevOps,Access Control,Resolved
TCK-8214,2025-05-31 02:26:53.681368,2025-05-31 11:34:08.144312079,High,HR,Email,Closed
TCK-8215,2025-05-31 02:57:08.262826,2025-05-31 12:51:49.441490884,Medium,Operations,Network,Closed
TCK-8216,2025-05-31 04:27:52.007200,2025-06-02 03:19:43.718122007,High,DevOps,Email,Closed
TCK-8217,2025-05-31 04:27:52.007200,2025-05-31 08:53:09.045735566,Medium,Finance,Email,Closed
TCK-8218,2025-05-31 04:27:52.007200,2025-06-01 01:44:31.399440756,Low,DevOps,Hardware,Closed
TCK-8219,2025-05-31 05:58:35.751575,2025-06-01 04:05:28.207940123,Medium,IT Support,Email,Closed
TCK-8220,2025-05-31 06:28:50.333033,2025-06-02 04:30:12.815491341,High,HR,Software,Resolved
TCK-8221,2025-05-31 06:59:04.914491,2025-06-01 05:27:50.108858694,Medium,Operations,Software,Resolved
TCK-8222,2025-05-31 06:59:04.914491,2025-05-31 22:47:31.901990513,Low,IT Support,Access Control,Closed
TCK-8223,2025-05-31 07:59:34.077407,2025-06-02 01:53:57.166899078,Medium,HR,Email,Closed
TCK-8224,2025-05-31 09:00:03.240324,2025-06-01 16:48:16.035553476,Low,HR,Access Control,Closed
TCK-8225,2025-05-31 09:00:03.240324,2025-06-01 07:42:29.657326892,Medium,HR,Network,Resolved
TCK-8226,2025-05-31 09:30:17.821782,2025-05-31 10:06:04.054336365,Low,Finance,Network,Closed
TCK-8227,2025-05-31 10:00:32.403240,2025-05-31 18:25:35.416670090,Critical,Operations,Hardware,Resolved
TCK-8228,2025-05-31 10:00:32.403240,2025-06-01 03:59:51.746550105,Medium,IT Support,Hardware,Resolved
TCK-8229,2025-05-31 11:01:01.566156,2025-06-01 00:18:47.303969426,Critical,DevOps,Email,Closed
TCK-8230,2025-05-31 11:01:01.566156,2025-05-31 17:56:27.567975632,Low,DevOps,Email,Resolved
TCK-8231,2025-05-31 11:01:01.566156,2025-05-31 13:49:29.086609092,Medium,Finance,Access Control,Closed
TCK-8232,2025-05-31 11:31:16.147614,2025-06-01 02:00:52.397367545,Low,IT Support,Access Control,Closed
TCK-8233,2025-05-31 12:01:30.729072,2025-05-31 18:05:12.575112195,High,Finance,Email,Closed
TCK-8234,2025-05-31 12:31:45.310531,2025-05-31 17:18:14.749261973,Low,Operations,Email,Closed
TCK-8235,2025-05-31 13:32:14.473447,2025-05-31 22:42:03.559952231,High,IT Support,Hardware,Closed
TCK-8236,2025-05-31 13:32:14.473447,2025-06-01 17:14:47.956522473,Medium,Finance,Hardware,Resolved
TCK-8237,2025-05-31 14:02:29.054905,2025-06-01 02:05:09.622825779,Low,Operations,Hardware,Closed
TCK-8238,2025-05-31 14:02:29.054905,2025-05-31 18:25:58.587944863,Medium,DevOps,Email,Closed
TCK-8239,2025-05-31 14:32:43.636363,2025-05-31 16:46:59.597813316,High,DevOps,Access Control,Resolved
TCK-8240,2025-05-31 14:32:43.636363,2025-06-01 02:59:08.455791536,Low,Operations,Software,Resolved
TCK-8241,2025-05-31 15:33:12.799279,2025-06-01 20:01:24.323665760,Medium,IT Support,Software,Closed
TCK-8242,2025-05-31 16:03:27.380738,2025-06-01 11:05:59.703080491,Medium,DevOps,Access Control,Closed
TCK-8243,2025-05-31 16:33:41.962196,2025-05-31 21:18:59.492545893,Medium,HR,Access Control,Closed
TCK-8244,2025-05-31 16:33:41.962196,2025-06-01 02:53:34.221858070,High,HR,Access Control,Closed
TCK-8245,2025-05-31 17:34:11.125112,2025-06-02 04:21:24.351129877,Low,Finance,Hardware,Closed
TCK-8246,2025-05-31 18:04:25.706570,2025-05-31 21:35:40.351211905,Medium,IT Support,Network,Closed
TCK-8247,2025-05-31 18:34:40.288028,2025-06-01 08:14:53.241431699,Medium,IT Support,Email,Closed
TCK-8248,2025-05-31 18:34:40.288028,2025-06-01 02:30:19.251512879,Low,IT Support,Hardware,Resolved
TCK-8249,2025-05-31 20:35:38.613861,2025-05-31 22:58:50.731543408,Low,IT Support,Software,Resolved
TCK-8250,2025-05-31 20:35:38.613861,2025-05-31 21:30:55.866063457,Medium,IT Support,Email,Resolved
TCK-8251,2025-05-31 21:05:53.195319,2025-06-01 11:42:27.537580098,Medium,DevOps,Access Control,Resolved
TCK-8252,2025-05-31 21:36:07.776777,2025-05-31 21:58:46.448506027,Low,IT Support,Software,Closed
TCK-8253,2025-05-31 22:06:22.358235,2025-06-01 00:04:18.316296417,Low,Finance,Access Control,Closed
TCK-8254,2025-05-31 22:06:22.358235,2025-06-01 05:47:34.722591895,Low,DevOps,Access Control,Closed
TCK-8255,2025-05-31 22:06:22.358235,2025-05-31 22:54:25.672705208,Medium,IT Support,Access Control,Closed
TCK-8256,2025-05-31 22:36:36.939693,2025-06-01 07:49:06.542419063,Low,Operations,Email,Closed
TCK-8257,2025-05-31 23:06:51.521152,2025-06-01 01:37:42.896828074,High,Operations,Software,Closed
TCK-8258,2025-05-31 23:37:06.102610,2025-06-01 07:22:08.184926769,Low,IT Support,Software,Closed
TCK-8259,2025-06-01 00:07:20.684068,2025-06-02 04:18:49.496181191,High,Operations,Access Control,Resolved
TCK-8260,2025-06-01 00:07:20.684068,2025-06-01 17:50:34.608306629,Low,DevOps,Hardware,Closed
TCK-8261,2025-06-01 00:07:20.684068,2025-06-01 10:44:00.937845726,Medium,IT Support,Network,Closed
TCK-8262,2025-06-01 01:07:49.846984,2025-06-01 02:51:51.858329103,Medium,DevOps,Hardware,Resolved
TCK-8263,2025-06-01 01:07:49.846984,2025-06-01 18:30:24.448422068,Medium,DevOps,Email,Closed
TCK-8264,2025-06-01 01:07:49.846984,2025-06-01 04:20:54.753437770,Low,Finance,Network,Resolved
TCK-8265,2025-06-01 01:07:49.846984,2025-06-01 02:33:52.980090904,Critical,DevOps,Hardware,Resolved
TCK-8266,2025-06-01 01:07:49.846984,2025-06-01 20:45:42.817839617,Low,IT Support,Software,Closed
TCK-8267,2025-06-01 01:38:04.428442,2025-06-02 21:23:39.666536683,Low,Operations,Hardware,Closed
TCK-8268,2025-06-01 02:08:19.009900,2025-06-01 13:14:59.123305506,Low,Operations,Access Control,Resolved
TCK-8269,2025-06-01 02:38:33.591359,2025-06-01 03:23:46.115463397,Unassigned,DevOps,Email,Resolved
TCK-8270,2025-06-01 03:08:48.172817,2025-06-02 17:21:22.217129485,Low,IT Support,Hardware,Resolved
TCK-8271,2025-06-01 03:08:48.172817,2025-06-01 04:23:40.235874461,Medium,Finance,Hardware,Closed
TCK-8272,2025-06-01 07:10:44.824482,2025-06-02 19:33:43.287890747,Low,DevOps,Network,Resolved
TCK-8273,2025-06-01 07:40:59.405940,2025-06-01 16:38:03.367513881,High,Operations,Access Control,Closed
TCK-8274,2025-06-01 08:11:13.987398,2025-06-01 16:22:21.903639830,Medium,Operations,Network,Resolved
TCK-8275,2025-06-01 08:11:13.987398,2025-06-01 22:16:28.321673027,Medium,Operations,Email,Closed
TCK-8276,2025-06-01 08:11:13.987398,2025-06-03 16:51:38.706121390,High,HR,Email,Resolved
TCK-8277,2025-06-01 08:11:13.987398,2025-06-03 01:24:30.471265649,Medium,Operations,Access Control,Closed
TCK-8278,2025-06-01 08:11:13.987398,2025-06-01 19:37:34.469991024,Unassigned,IT Support,Network,Closed
TCK-8279,2025-06-01 09:11:43.150315,2025-06-02 06:37:04.628589795,Medium,HR,Access Control,Closed
TCK-8280,2025-06-01 09:41:57.731773,2025-06-02 01:19:58.029930983,Medium,IT Support,Network,Closed
TCK-8281,2025-06-01 09:41:57.731773,2025-06-02 06:58:58.040886103,Low,Operations,Software,Closed
TCK-8282,2025-06-01 10:12:12.313231,2025-06-02 18:01:39.265942873,High,Operations,Access Control,Closed
TCK-8283,2025-06-01 10:42:26.894689,2025-06-01 11:20:21.555188810,Medium,IT Support,Email,Closed
TCK-8284,2025-06-01 10:42:26.894689,2025-06-01 17:48:09.041464410,Medium,HR,Network,Closed
TCK-8285,2025-06-01 11:12:41.476147,2025-06-03 20:51:06.798728158,High,Operations,Software,Closed
TCK-8286,2025-06-01 11:42:56.057605,2025-06-03 17:24:05.023463077,Low,Finance,Email,Resolved
TCK-8287,2025-06-01 12:13:10.639063,2025-06-01 12:25:21.862940499,High,HR,Network,Closed
TCK-8288,2025-06-01 12:13:10.639063,2025-06-01 16:16:07.096832991,Medium,Finance,Software,Closed
TCK-8289,2025-06-01 12:43:25.220522,2025-06-05 08:08:04.616671887,Low,DevOps,Email,Closed
TCK-8290,2025-06-01 13:13:39.801980,2025-06-02 01:26:52.477718115,Medium,Operations,Email,Resolved
TCK-8291,2025-06-01 14:14:08.964896,2025-06-02 05:32:51.571345763,Medium,HR,Software,Closed
TCK-8292,2025-06-01 14:14:08.964896,2025-06-01 17:30:44.238236405,High,IT Support,Email,Closed
TCK-8293,2025-06-01 14:44:23.546354,2025-06-03 07:11:40.725208219,Medium,IT Support,Network,Resolved
TCK-8294,2025-06-01 15:44:52.709270,2025-06-01 20:28:55.631636018,High,IT Support,Network,Closed
TCK-8295,2025-06-01 17:45:51.035103,2025-06-01 21:32:57.574463624,Medium,Finance,Email,Closed
TCK-8296,2025-06-01 18:16:05.616561,2025-06-01 22:55:44.234880372,Medium,Operations,Hardware,Closed
TCK-8297,2025-06-01 18:16:05.616561,2025-06-03 15:38:47.134064291,Medium,DevOps,Software,Resolved
TCK-8298,2025-06-01 18:16:05.616561,2025-06-02 16:06:40.878966080,Low,Operations,Hardware,Closed
TCK-8299,2025-06-01 18:16:05.616561,2025-06-02 20:36:46.370583114,Medium,Operations,Network,Closed
TCK-8300,2025-06-01 18:16:05.616561,2025-06-02 02:47:13.326050011,Medium,HR,Email,Resolved
TCK-8301,2025-06-01 18:46:20.198019,2025-06-03 13:57:05.217023896,Unassigned,HR,Access Control,Closed
TCK-8302,2025-06-01 20:17:03.942394,2025-06-03 00:19:31.484531347,Medium,Finance,Access Control,Resolved
TCK-8303,2025-06-01 21:17:33.105310,2025-06-02 22:17:20.001554548,Medium,IT Support,Hardware,Resolved
TCK-8304,2025-06-01 21:17:33.105310,2025-06-04 12:59:01.579697107,Low,Finance,Hardware,Closed
TCK-8305,2025-06-01 21:47:47.686768,2025-06-02 06:00:17.577443482,Medium,HR,Hardware,Closed
TCK-8306,2025-06-01 22:18:02.268226,2025-06-02 15:17:40.479043775,High,Finance,Network,Closed
TCK-8307,2025-06-01 22:48:16.849684,2025-06-03 18:08:01.128146883,Low,Finance,Network,Closed
TCK-8308,2025-06-01 23:18:31.431143,2025-06-03 03:28:36.289912757,Low,IT Support,Email,Closed
TCK-8309,2025-06-01 23:18:31.431143,2025-06-02 14:13:30.519905724,Medium,Finance,Network,Resolved
TCK-8310,2025-06-01 23:48:46.012601,2025-06-02 01:14:22.999855611,Low,HR,Email,Closed
TCK-8311,2025-06-02 00:19:00.594059,2025-06-02 19:21:15.265096825,Medium,IT Support,Email,Closed
TCK-8312,2025-06-02 00:49:15.175517,2025-06-02 14:16:47.477239248,Medium,DevOps,Hardware,Resolved
TCK-8313,2025-06-02 00:49:15.175517,2025-06-02 04:29:05.999743209,Medium,IT Support,Access Control,Closed
TCK-8314,2025-06-02 01:19:29.756975,2025-06-03 15:49:51.088017267,Low,Operations,Hardware,Closed
TCK-8315,2025-06-02 01:19:29.756975,2025-06-02 08:53:34.898244053,High,IT Support,Network,Closed
TCK-8316,2025-06-02 01:19:29.756975,2025-06-02 10:08:53.000435409,Medium,Finance,Software,Closed
TCK-8317,2025-06-02 01:49:44.338433,2025-06-02 21:54:58.977658866,Low,Finance,Network,Resolved
TCK-8318,2025-06-02 01:49:44.338433,2025-06-02 13:54:24.614533174,Medium,IT Support,Access Control,Closed
TCK-8319,2025-06-02 02:19:58.919891,2025-06-02 04:00:59.078443133,Low,HR,Network,Resolved
TCK-8320,2025-06-02 02:50:13.501350,2025-06-02 11:39:32.695608135,Medium,DevOps,Access Control,Closed
TCK-8321,2025-06-02 03:20:28.082808,2025-06-02 05:07:38.224669952,High,IT Support,Software,Resolved
TCK-8322,2025-06-02 03:20:28.082808,2025-06-02 07:09:02.865711957,Low,IT Support,Software,Closed
TCK-8323,2025-06-02 03:50:42.664266,2025-06-02 03:58:29.243601998,Medium,Finance,Email,Closed
TCK-8324,2025-06-02 04:20:57.245724,2025-06-02 07:57:00.715186568,Low,IT Support,Network,Closed
TCK-8325,2025-06-02 04:20:57.245724,2025-06-02 11:34:11.472966537,Medium,DevOps,Email,Closed
TCK-8326,2025-06-02 05:51:40.990099,2025-06-02 19:46:09.571938484,High,DevOps,Hardware,Resolved
TCK-8327,2025-06-02 06:52:10.153015,2025-06-04 04:10:14.539171125,Low,IT Support,Hardware,Resolved
TCK-8328,2025-06-02 07:52:39.315931,2025-06-02 21:52:04.443504140,Low,HR,Hardware,Resolved
TCK-8329,2025-06-02 08:53:08.478847,2025-06-03 06:53:47.728146630,High,HR,Hardware,Closed
TCK-8330,2025-06-02 09:23:23.060306,2025-06-02 17:21:27.695845549,High,Finance,Hardware,Resolved
TCK-8331,2025-06-02 09:53:37.641764,2025-06-03 10:57:53.602760666,High,IT Support,Network,Resolved
TCK-8332,2025-06-02 09:53:37.641764,2025-06-03 03:19:57.069544235,Medium,HR,Email,Resolved
TCK-8333,2025-06-02 10:23:52.223222,2025-06-02 21:28:56.371362951,Medium,IT Support,Email,Closed
TCK-8334,2025-06-02 10:54:06.804680,2025-06-02 14:46:43.734706868,Medium,IT Support,Access Control,Resolved
TCK-8335,2025-06-02 11:24:21.386138,2025-06-02 17:55:02.541268625,Medium,Finance,Hardware,Closed
TCK-8336,2025-06-02 12:24:50.549054,2025-06-03 05:52:31.527919753,Medium,IT Support,Software,Resolved
TCK-8337,2025-06-02 12:24:50.549054,2025-06-02 22:24:29.065131906,High,IT Support,Access Control,Resolved
TCK-8338,2025-06-02 12:24:50.549054,2025-06-04 04:02:41.593502669,Low,IT Support,Access Control,Resolved
TCK-8339,2025-06-02 12:55:05.130513,2025-06-02 17:44:10.190030865,Medium,IT Support,Network,Resolved
TCK-8340,2025-06-02 12:55:05.130513,2025-06-02 14:17:02.160345511,Medium,IT Support,Access Control,Closed
TCK-8341,2025-06-02 13:25:19.711971,2025-06-03 05:26:32.395115907,Medium,IT Support,Software,Resolved
TCK-8342,2025-06-02 13:25:19.711971,2025-06-04 04:31:05.499673267,Medium,IT Support,Email,Closed
TCK-8343,2025-06-02 13:55:34.293429,2025-06-02 22:05:35.309723272,High,DevOps,Access Control,Closed
TCK-8344,2025-06-02 13:55:34.293429,2025-06-03 08:42:20.416479392,Critical,IT Support,Network,Closed
TCK-8345,2025-06-02 14:25:48.874887,2025-06-02 19:10:04.301195726,Low,DevOps,Hardware,Resolved
TCK-8346,2025-06-02 14:25:48.874887,2025-06-03 05:08:43.760274672,High,HR,Software,Resolved
TCK-8347,2025-06-02 14:25:48.874887,2025-06-03 18:14:56.467285507,Medium,DevOps,Hardware,Resolved
TCK-8348,2025-06-02 15:56:32.619261,2025-06-04 04:15:35.935153634,Medium,IT Support,Access Control,Closed
TCK-8349,2025-06-02 15:56:32.619261,2025-06-02 17:56:29.610236445,Low,Operations,Email,Closed
TCK-8350,2025-06-02 16:26:47.200720,2025-06-03 00:22:40.560556452,Low,DevOps,Network,Closed
TCK-8351,2025-06-02 16:57:01.782178,2025-06-03 11:19:20.814151118,Unassigned,IT Support,Software,Closed
TCK-8352,2025-06-02 17:27:16.363636,2025-06-02 18:05:26.397939623,Medium,IT Support,Email,Closed
TCK-8353,2025-06-02 18:27:45.526552,2025-06-03 15:34:46.908200270,Medium,Finance,Software,Resolved
TCK-8354,2025-06-02 20:58:58.433843,2025-06-03 10:29:53.389529035,High,Operations,Network,Resolved
TCK-8355,2025-06-02 21:29:13.015301,2025-06-03 03:36:55.666997052,Low,HR,Network,Closed
TCK-8356,2025-06-02 21:29:13.015301,2025-06-04 03:49:35.577126914,Medium,HR,Access Control,Resolved
TCK-8357,2025-06-02 21:29:13.015301,2025-06-03 03:39:11.015875863,Medium,IT Support,Software,Closed
TCK-8358,2025-06-02 21:59:27.596759,2025-06-06 11:37:49.418752705,Medium,HR,Access Control,Closed
TCK-8359,2025-06-02 22:29:42.178217,2025-06-04 05:00:07.385473242,Low,IT Support,Software,Closed
TCK-8360,2025-06-02 22:29:42.178217,2025-06-03 20:39:06.746962195,Unassigned,HR,Software,Resolved
TCK-8361,2025-06-02 22:29:42.178217,2025-06-02 23:38:04.666512919,Medium,IT Support,Hardware,Closed
TCK-8362,2025-06-03 00:00:25.922592,2025-06-04 18:14:48.542348916,Low,IT Support,Access Control,Closed
TCK-8363,2025-06-03 01:00:55.085508,2025-06-04 05:06:42.127613615,Medium,DevOps,Software,Resolved
TCK-8364,2025-06-03 01:00:55.085508,2025-06-03 05:41:49.528844950,Medium,DevOps,Software,Closed
TCK-8365,2025-06-03 01:31:09.666966,2025-06-03 10:28:59.332997217,High,IT Support,Network,Resolved
TCK-8366,2025-06-03 03:01:53.411341,2025-06-03 08:39:45.308094441,High,Operations,Hardware,Resolved
TCK-8367,2025-06-03 03:01:53.411341,2025-06-06 05:56:19.435948731,Medium,IT Support,Network,Closed
TCK-8368,2025-06-03 03:01:53.411341,2025-06-04 13:41:25.492243457,Low,HR,Access Control,Closed
TCK-8369,2025-06-03 03:32:07.992799,2025-06-05 03:27:36.945483838,Critical,DevOps,Access Control,Closed
TCK-8370,2025-06-03 04:32:37.155715,2025-06-04 08:31:49.993767972,Low,DevOps,Software,Resolved
TCK-8371,2025-06-03 04:32:37.155715,2025-06-03 15:30:49.281536564,Low,Operations,Email,Closed
TCK-8372,2025-06-03 05:02:51.737173,2025-06-03 09:11:13.115348519,Medium,IT Support,Network,Closed
TCK-8373,2025-06-03 05:02:51.737173,2025-06-03 09:14:49.259685981,Medium,IT Support,Access Control,Resolved
TCK-8374,2025-06-03 05:33:06.318631,2025-06-03 08:30:45.964868589,Low,Finance,Software,Closed
TCK-8375,2025-06-03 06:03:20.900090,2025-06-03 20:17:43.521265110,Medium,IT Support,Software,Closed
TCK-8376,2025-06-03 06:03:20.900090,2025-06-05 03:30:41.005432781,Medium,IT Support,Network,Closed
TCK-8377,2025-06-03 07:03:50.063006,2025-06-06 21:31:29.462336179,Medium,Finance,Software,Closed
TCK-8378,2025-06-03 07:03:50.063006,2025-06-03 13:09:37.461674911,Low,HR,Hardware,Closed
TCK-8379,2025-06-03 09:35:02.970297,2025-06-04 07:05:42.929541095,Low,HR,Email,Resolved
TCK-8380,2025-06-03 12:06:15.877587,2025-06-04 04:28:03.092694214,High,IT Support,Network,Resolved
TCK-8381,2025-06-03 12:36:30.459045,2025-06-04 00:41:28.151154012,Unassigned,IT Support,Network,Closed
TCK-8382,2025-06-03 13:06:45.040504,2025-06-04 08:50:20.775904624,Low,IT Support,Network,Closed
TCK-8383,2025-06-03 13:06:45.040504,2025-06-03 21:28:05.286401743,Medium,HR,Software,Resolved
TCK-8384,2025-06-03 13:06:45.040504,2025-06-05 17:09:08.189167928,Critical,IT Support,Software,Closed
TCK-8385,2025-06-03 13:36:59.621962,2025-06-04 11:37:04.834775452,Low,Operations,Network,Closed
TCK-8386,2025-06-03 13:36:59.621962,2025-06-04 14:52:29.672747372,High,IT Support,Network,Closed
TCK-8387,2025-06-03 14:07:14.203420,2025-06-03 19:07:04.556270268,Critical,Operations,Hardware,Closed
TCK-8388,2025-06-03 14:07:14.203420,2025-06-03 17:26:37.748313180,Low,HR,Access Control,Resolved
TCK-8389,2025-06-03 14:37:28.784878,2025-06-03 23:39:01.955350999,Low,IT Support,Hardware,Closed
TCK-8390,2025-06-03 14:37:28.784878,2025-06-04 16:49:13.013498712,Critical,IT Support,Network,Closed
TCK-8391,2025-06-03 14:37:28.784878,2025-06-05 16:54:30.258370060,Medium,IT Support,Software,Closed
TCK-8392,2025-06-03 16:38:27.110711,2025-06-04 02:40:29.568776434,Low,Finance,Software,Closed
TCK-8393,2025-06-03 17:38:56.273627,2025-06-04 20:25:53.119786990,Medium,HR,Network,Resolved
TCK-8394,2025-06-03 17:38:56.273627,2025-06-04 05:05:26.242103447,Low,Finance,Access Control,Resolved
TCK-8395,2025-06-03 18:09:10.855085,2025-06-04 00:27:03.162471297,Critical,HR,Email,Closed
TCK-8396,2025-06-03 18:39:25.436543,2025-06-04 18:51:12.920212953,Low,DevOps,Email,Closed
TCK-8397,2025-06-03 19:09:40.018001,2025-06-04 23:58:11.688732246,Medium,Finance,Hardware,Resolved
TCK-8398,2025-06-03 20:10:09.180918,2025-06-04 00:14:59.396882819,High,IT Support,Access Control,Resolved
TCK-8399,2025-06-03 20:10:09.180918,2025-06-04 02:43:22.041262659,High,DevOps,Email,Closed
TCK-8400,2025-06-03 20:40:23.762376,2025-06-04 08:57:46.289823468,Critical,DevOps,Access Control,Resolved
TCK-8401,2025-06-03 21:10:38.343834,2025-06-04 00:53:35.408755588,Medium,Operations,Software,Closed
TCK-8402,2025-06-03 21:40:52.925292,2025-06-05 21:15:02.755977401,Unassigned,IT Support,Software,Resolved
TCK-8403,2025-06-03 22:11:07.506750,2025-06-04 14:17:34.231829719,Medium,DevOps,Access Control,Closed
TCK-8404,2025-06-03 22:11:07.506750,2025-06-04 00:30:39.774826690,High,Operations,Network,Resolved
TCK-8405,2025-06-03 22:11:07.506750,2025-06-04 01:50:46.370276905,Medium,Finance,Email,Closed
TCK-8406,2025-06-03 22:41:22.088208,2025-06-06 06:15:11.184662180,Critical,Finance,Email,Closed
TCK-8407,2025-06-03 23:11:36.669666,2025-06-04 23:18:52.197325225,Medium,Operations,Software,Closed
TCK-8408,2025-06-03 23:11:36.669666,2025-06-04 23:03:27.408391987,Low,Operations,Hardware,Closed
TCK-8409,2025-06-03 23:41:51.251125,2025-06-04 01:03:08.161890550,Low,Finance,Email,Closed
TCK-8410,2025-06-04 00:42:20.414041,2025-06-05 17:19:31.013929717,Critical,HR,Software,Closed
TCK-8411,2025-06-04 02:43:18.739873,2025-06-04 13:16:44.661184254,High,DevOps,Software,Resolved
TCK-8412,2025-06-04 02:43:18.739873,2025-06-04 22:07:31.753334217,Medium,IT Support,Access Control,Resolved
TCK-8413,2025-06-04 03:13:33.321332,2025-06-06 13:01:34.955517566,Medium,IT Support,Access Control,Resolved
TCK-8414,2025-06-04 03:13:33.321332,2025-06-04 05:07:21.574138430,High,Operations,Access Control,Resolved
TCK-8415,2025-06-04 03:43:47.902790,2025-06-04 15:34:46.642522883,Low,DevOps,Hardware,Closed
TCK-8416,2025-06-04 03:43:47.902790,2025-06-04 04:38:45.298212806,Low,Operations,Email,Resolved
TCK-8417,2025-06-04 04:44:17.065706,2025-06-04 17:11:54.116633355,High,Finance,Hardware,Resolved
TCK-8418,2025-06-04 05:14:31.647164,2025-06-04 10:28:28.953161186,Low,HR,Hardware,Closed
TCK-8419,2025-06-04 06:15:00.810081,2025-06-06 01:48:27.444175172,Medium,Operations,Access Control,Closed
TCK-8420,2025-06-04 06:15:00.810081,2025-06-04 15:23:59.704072198,Low,IT Support,Software,Closed
TCK-8421,2025-06-04 06:15:00.810081,2025-06-05 00:20:10.132767027,High,DevOps,Network,Resolved
TCK-8422,2025-06-04 06:15:00.810081,2025-06-05 17:40:38.022344542,Low,Finance,Software,Closed
TCK-8423,2025-06-04 07:15:29.972997,2025-06-07 09:20:52.657631515,Low,IT Support,Software,Closed
TCK-8424,2025-06-04 07:15:29.972997,2025-06-04 19:52:22.800926608,Low,IT Support,Software,Closed
TCK-8425,2025-06-04 07:15:29.972997,2025-06-04 18:12:31.748439362,Medium,HR,Software,Closed
TCK-8426,2025-06-04 08:15:59.135913,2025-06-04 09:41:02.879678992,Low,Finance,Hardware,Resolved
TCK-8427,2025-06-04 08:46:13.717371,2025-06-04 09:00:04.503877561,Low,IT Support,Access Control,Resolved
TCK-8428,2025-06-04 09:16:28.298829,2025-06-05 02:10:05.800325338,Medium,HR,Access Control,Closed
TCK-8429,2025-06-04 09:46:42.880288,2025-06-04 10:59:50.197100750,Low,Finance,Software,Closed
TCK-8430,2025-06-04 09:46:42.880288,2025-06-04 18:23:39.217329523,Low,DevOps,Network,Closed
TCK-8431,2025-06-04 10:16:57.461746,2025-06-04 10:20:51.581228388,Medium,IT Support,Email,Closed
TCK-8432,2025-06-04 10:47:12.043204,2025-06-05 03:58:42.719272774,Unassigned,DevOps,Software,Closed
TCK-8433,2025-06-04 11:17:26.624662,2025-06-04 21:15:52.791771558,Medium,IT Support,Software,Resolved
TCK-8434,2025-06-04 12:17:55.787578,2025-06-04 14:44:38.447330834,High,IT Support,Network,Closed
TCK-8435,2025-06-04 12:17:55.787578,2025-06-04 18:37:32.937553027,Unassigned,IT Support,Hardware,Closed
TCK-8436,2025-06-04 12:48:10.369036,2025-06-05 03:58:48.517877990,Low,DevOps,Software,Closed
TCK-8437,2025-06-04 12:48:10.369036,2025-06-05 08:02:53.849867757,Medium,IT Support,Network,Closed
TCK-8438,2025-06-04 14:18:54.113411,2025-06-05 01:29:03.888818611,Medium,IT Support,Hardware,Closed
TCK-8439,2025-06-04 14:49:08.694869,2025-06-05 20:08:55.891717492,Medium,IT Support,Hardware,Resolved
TCK-8440,2025-06-04 15:49:37.857785,2025-06-04 17:58:27.177040689,Medium,Operations,Software,Closed
TCK-8441,2025-06-04 16:19:52.439243,2025-06-04 17:55:16.538099190,Medium,Operations,Hardware,Resolved
TCK-8442,2025-06-04 16:50:07.020702,2025-06-04 17:38:59.409276756,High,IT Support,Software,Resolved
TCK-8443,2025-06-04 17:20:21.602160,2025-06-05 07:09:15.586601733,High,IT Support,Software,Resolved
TCK-8444,2025-06-04 17:20:21.602160,2025-06-05 15:23:19.264953997,Low,Operations,Access Control,Closed
TCK-8445,2025-06-04 17:50:36.183618,2025-06-04 20:21:39.212490371,Low,IT Support,Email,Closed
TCK-8446,2025-06-04 17:50:36.183618,2025-06-05 12:10:49.673778880,Low,IT Support,Email,Closed
TCK-8447,2025-06-04 17:50:36.183618,2025-06-05 05:30:31.375348715,Low,IT Support,Access Control,Closed
TCK-8448,2025-06-04 18:51:05.346534,2025-06-08 01:30:19.534052498,Medium,Operations,Software,Closed
TCK-8449,2025-06-04 18:51:05.346534,2025-06-05 17:36:11.465296292,Medium,DevOps,Network,Closed
TCK-8450,2025-06-04 19:21:19.927992,2025-06-05 14:38:27.021943415,Unassigned,IT Support,Hardware,Closed
TCK-8451,2025-06-04 19:21:19.927992,2025-06-05 10:33:56.998013430,Low,IT Support,Access Control,Resolved
TCK-8452,2025-06-04 19:51:34.509450,2025-06-09 06:46:02.484557611,Low,Operations,Access Control,Closed
TCK-8453,2025-06-04 19:51:34.509450,2025-06-07 18:41:38.657612087,High,HR,Access Control,Closed
TCK-8454,2025-06-04 20:21:49.090909,2025-06-05 10:16:03.177529128,Medium,Finance,Access Control,Closed
TCK-8455,2025-06-04 20:21:49.090909,2025-06-05 07:17:42.516990440,Medium,IT Support,Email,Closed
TCK-8456,2025-06-04 20:52:03.672367,2025-06-05 08:01:46.823216013,Medium,DevOps,Software,Closed
TCK-8457,2025-06-04 20:52:03.672367,2025-06-05 06:56:00.807691691,Low,IT Support,Access Control,Closed
TCK-8458,2025-06-04 21:52:32.835283,2025-06-05 11:31:11.373956144,High,DevOps,Access Control,Closed
TCK-8459,2025-06-04 22:22:47.416741,2025-06-05 04:07:59.621804190,Medium,IT Support,Access Control,Resolved
TCK-8460,2025-06-04 22:53:01.998199,2025-06-06 21:56:35.548057097,Low,IT Support,Network,Resolved
TCK-8461,2025-06-04 22:53:01.998199,2025-06-05 11:00:43.965726633,Low,HR,Network,Resolved
TCK-8462,2025-06-04 22:53:01.998199,2025-06-06 08:05:51.586058769,High,DevOps,Hardware,Resolved
TCK-8463,2025-06-04 22:53:01.998199,2025-06-05 10:29:33.825836046,Medium,HR,Software,Resolved
TCK-8464,2025-06-04 22:53:01.998199,2025-06-05 21:41:15.697671908,High,IT Support,Access Control,Closed
TCK-8465,2025-06-04 23:23:16.579657,2025-06-05 06:46:56.566894166,Medium,Finance,Hardware,Closed
TCK-8466,2025-06-04 23:53:31.161116,2025-06-05 17:32:15.530319343,Medium,DevOps,Hardware,Closed
TCK-8467,2025-06-05 00:23:45.742574,2025-06-05 12:48:50.962183991,Low,DevOps,Software,Resolved
TCK-8468,2025-06-05 00:54:00.324032,2025-06-05 09:08:04.080214268,High,HR,Network,Resolved
TCK-8469,2025-06-05 00:54:00.324032,2025-06-06 15:17:59.279116515,Medium,IT Support,Software,Closed
TCK-8470,2025-06-05 00:54:00.324032,2025-06-05 03:03:09.451592229,Medium,Finance,Hardware,Resolved
TCK-8471,2025-06-05 00:54:00.324032,2025-06-05 12:54:43.284489298,Medium,IT Support,Software,Closed
TCK-8472,2025-06-05 01:54:29.486948,2025-06-05 05:47:54.681698909,Medium,Operations,Network,Closed
TCK-8473,2025-06-05 02:24:44.068406,2025-06-06 13:56:18.387520307,Low,Finance,Hardware,Closed
TCK-8474,2025-06-05 02:24:44.068406,2025-06-05 07:40:26.313523695,Medium,HR,Software,Closed
TCK-8475,2025-06-05 02:24:44.068406,2025-06-05 20:28:35.191071979,Medium,IT Support,Access Control,Closed
TCK-8476,2025-06-05 03:55:27.812781,2025-06-05 07:10:56.525321939,Low,IT Support,Access Control,Closed
TCK-8477,2025-06-05 04:25:42.394239,2025-06-05 13:46:16.755872161,High,Finance,Software,Closed
TCK-8478,2025-06-05 04:25:42.394239,2025-06-06 21:45:34.704095932,High,IT Support,Software,Closed
TCK-8479,2025-06-05 04:55:56.975697,2025-06-05 08:12:04.600686604,Low,Operations,Network,Resolved
TCK-8480,2025-06-05 05:56:26.138613,2025-06-06 01:31:44.971999549,Low,HR,Hardware,Closed
TCK-8481,2025-06-05 05:56:26.138613,2025-06-05 10:03:32.214527390,Medium,IT Support,Software,Closed
TCK-8482,2025-06-05 05:56:26.138613,2025-06-05 15:36:51.258128571,Low,IT Support,Hardware,Resolved
TCK-8483,2025-06-05 06:26:40.720072,2025-06-05 20:26:46.744186230,High,DevOps,Access Control,Closed
TCK-8484,2025-06-05 06:56:55.301530,2025-06-05 22:26:55.084074653,Medium,IT Support,Hardware,Closed
TCK-8485,2025-06-05 06:56:55.301530,2025-06-05 23:33:19.060140164,Critical,HR,Email,Closed
TCK-8486,2025-06-05 06:56:55.301530,2025-06-06 01:20:41.961458990,Medium,Finance,Network,Closed
TCK-8487,2025-06-05 07:27:09.882988,2025-06-05 13:09:40.331964100,Low,IT Support,Network,Resolved
TCK-8488,2025-06-05 07:57:24.464446,2025-06-05 17:11:33.821881196,Medium,DevOps,Hardware,Closed
TCK-8489,2025-06-05 07:57:24.464446,2025-06-05 08:38:28.991770712,Medium,DevOps,Network,Closed
TCK-8490,2025-06-05 07:57:24.464446,2025-06-06 10:18:50.201900520,High,Operations,Hardware,Closed
TCK-8491,2025-06-05 08:27:39.045904,2025-06-06 17:07:26.143587527,High,Finance,Hardware,Resolved
TCK-8492,2025-06-05 08:27:39.045904,2025-06-05 12:27:36.955343326,Medium,Finance,Access Control,Closed
TCK-8493,2025-06-05 08:57:53.627362,2025-06-05 13:00:50.396304190,Low,IT Support,Hardware,Resolved
TCK-8494,2025-06-05 08:57:53.627362,2025-06-05 09:44:16.495751911,Medium,HR,Network,Closed
TCK-8495,2025-06-05 09:28:08.208820,2025-06-08 00:49:07.566990158,Low,IT Support,Email,Closed
TCK-8496,2025-06-05 09:28:08.208820,2025-06-06 15:05:51.097440030,Low,DevOps,Software,Resolved
TCK-8497,2025-06-05 09:58:22.790279,2025-06-05 18:01:33.432967506,Medium,IT Support,Network,Closed
TCK-8498,2025-06-05 09:58:22.790279,2025-06-05 21:48:35.462754132,Low,Finance,Email,Closed
TCK-8499,2025-06-05 09:58:22.790279,2025-06-05 16:11:15.931215815,Critical,IT Support,Network,Closed
TCK-8500,2025-06-05 11:59:21.116111,2025-06-06 04:21:31.809507099,Low,Finance,Email,Resolved
TCK-8501,2025-06-05 11:59:21.116111,2025-06-06 10:43:49.356525589,Medium,HR,Network,Closed
TCK-8502,2025-06-05 12:59:50.279027,2025-06-05 23:40:20.814889324,Medium,HR,Software,Closed
TCK-8503,2025-06-05 13:30:04.860486,2025-06-07 02:43:47.969760604,High,Operations,Access Control,Closed
TCK-8504,2025-06-05 14:00:19.441944,2025-06-06 03:06:20.374672079,High,DevOps,Access Control,Resolved
TCK-8505,2025-06-05 14:30:34.023402,2025-06-05 17:18:48.620648870,High,IT Support,Software,Closed
TCK-8506,2025-06-05 14:30:34.023402,2025-06-06 08:02:05.391009061,Medium,Finance,Network,Closed
TCK-8507,2025-06-05 15:31:03.186318,2025-06-06 02:41:00.318612724,High,HR,Email,Closed
TCK-8508,2025-06-05 16:01:17.767776,2025-06-07 17:24:33.296239360,Low,DevOps,Hardware,Resolved
TCK-8509,2025-06-05 16:31:32.349234,2025-06-06 01:28:44.254151805,Medium,DevOps,Network,Resolved
TCK-8510,2025-06-05 17:32:01.512151,2025-06-06 02:48:53.253882666,Unassigned,IT Support,Software,Closed
TCK-8511,2025-06-05 17:32:01.512151,2025-06-06 12:28:13.331845547,Critical,DevOps,Access Control,Closed
TCK-8512,2025-06-05 18:02:16.093609,2025-06-06 07:30:47.366480128,Low,IT Support,Access Control,Resolved
TCK-8513,2025-06-05 19:02:45.256525,2025-06-06 03:29:24.480090323,Medium,DevOps,Network,Resolved
TCK-8514,2025-06-05 19:02:45.256525,2025-06-09 05:32:14.742149998,Medium,IT Support,Email,Resolved
TCK-8515,2025-06-05 19:32:59.837983,2025-06-06 02:01:35.006622791,High,IT Support,Software,Closed
TCK-8516,2025-06-05 19:32:59.837983,2025-06-06 01:24:04.873609656,High,Operations,Software,Closed
TCK-8517,2025-06-05 20:03:14.419441,2025-06-07 08:01:20.998342037,Low,HR,Email,Closed
TCK-8518,2025-06-05 20:03:14.419441,2025-06-05 20:06:53.355620679,High,Operations,Email,Closed
TCK-8519,2025-06-05 20:33:29.000900,2025-06-06 00:36:10.288643700,Low,IT Support,Network,Resolved
TCK-8520,2025-06-05 20:33:29.000900,2025-06-06 12:37:35.196050580,Unassigned,HR,Network,Closed
TCK-8521,2025-06-05 21:03:43.582358,2025-06-06 00:15:10.998845665,Critical,DevOps,Access Control,Resolved
TCK-8522,2025-06-05 21:03:43.582358,2025-06-09 01:38:53.948481965,Low,IT Support,Access Control,Closed
TCK-8523,2025-06-05 21:33:58.163816,2025-06-06 08:47:52.466448273,Medium,IT Support,Email,Closed
TCK-8524,2025-06-05 21:33:58.163816,2025-06-06 13:56:28.184224656,Low,IT Support,Hardware,Closed
TCK-8525,2025-06-05 22:04:12.745274,2025-06-06 01:12:59.661332656,Low,Operations,Hardware,Closed
TCK-8526,2025-06-05 23:04:41.908190,2025-06-06 05:13:38.545808995,High,DevOps,Hardware,Resolved
TCK-8527,2025-06-05 23:34:56.489648,2025-06-06 16:44:45.740957881,Low,HR,Software,Closed
TCK-8528,2025-06-05 23:34:56.489648,2025-06-06 13:56:15.506011118,Medium,IT Support,Network,Resolved
TCK-8529,2025-06-06 00:35:25.652565,2025-06-07 04:12:19.429544443,Critical,IT Support,Email,Closed
TCK-8530,2025-06-06 01:05:40.234023,2025-06-06 06:44:25.457482527,Low,Finance,Access Control,Closed
TCK-8531,2025-06-06 01:35:54.815481,2025-06-06 20:40:42.433372706,Medium,Operations,Hardware,Closed
TCK-8532,2025-06-06 02:06:09.396939,2025-06-06 08:17:31.862251700,Medium,DevOps,Access Control,Resolved
TCK-8533,2025-06-06 02:06:09.396939,2025-06-06 18:00:33.732471517,High,HR,Network,Resolved
TCK-8534,2025-06-06 02:36:23.978397,2025-06-06 19:19:39.803376962,High,Finance,Email,Resolved
TCK-8535,2025-06-06 02:36:23.978397,2025-06-06 04:56:43.148053579,Medium,Operations,Hardware,Closed
TCK-8536,2025-06-06 03:36:53.141314,2025-06-06 17:55:59.906305569,High,Finance,Hardware,Closed
TCK-8537,2025-06-06 04:07:07.722772,2025-06-06 04:20:05.979438680,Critical,Operations,Email,Closed
TCK-8538,2025-06-06 04:37:22.304230,2025-06-06 17:08:35.345198787,Critical,IT Support,Access Control,Resolved
TCK-8539,2025-06-06 04:37:22.304230,2025-06-07 02:08:46.668563042,Medium,DevOps,Network,Closed
TCK-8540,2025-06-06 06:08:06.048604,2025-06-06 07:29:46.307957389,Medium,Finance,Network,Resolved
TCK-8541,2025-06-06 06:38:20.630063,2025-06-08 08:53:52.073321131,Medium,DevOps,Network,Closed
TCK-8542,2025-06-06 08:39:18.955895,2025-06-06 19:42:18.653382324,High,Finance,Access Control,Closed
TCK-8543,2025-06-06 09:09:33.537353,2025-06-08 11:19:54.313593333,Medium,IT Support,Access Control,Resolved
TCK-8544,2025-06-06 09:09:33.537353,2025-06-06 11:12:15.786813746,Low,IT Support,Hardware,Closed
TCK-8545,2025-06-06 09:09:33.537353,2025-06-08 15:02:50.873850050,Medium,Operations,Access Control,Closed
TCK-8546,2025-06-06 09:09:33.537353,2025-06-06 11:14:26.496620307,High,IT Support,Software,Resolved
TCK-8547,2025-06-06 09:39:48.118811,2025-06-06 20:48:16.725521308,Medium,Operations,Email,Closed
TCK-8548,2025-06-06 10:10:02.700270,2025-06-08 12:12:58.643177566,High,DevOps,Access Control,Closed
TCK-8549,2025-06-06 10:40:17.281728,2025-06-06 15:26:22.031073676,Medium,HR,Network,Resolved
TCK-8550,2025-06-06 11:10:31.863186,2025-06-06 11:48:46.067314584,Low,Operations,Access Control,Resolved
TCK-8551,2025-06-06 11:10:31.863186,2025-06-07 15:32:08.882821515,Low,DevOps,Hardware,Resolved
TCK-8552,2025-06-06 11:40:46.444644,2025-06-07 03:59:18.641260456,Medium,HR,Email,Closed
TCK-8553,2025-06-06 12:11:01.026102,2025-06-07 01:10:06.742589985,Low,IT Support,Email,Resolved
TCK-8554,2025-06-06 13:11:30.189018,2025-06-06 13:49:14.753212431,Unassigned,Operations,Network,Closed
TCK-8555,2025-06-06 13:41:44.770477,2025-06-07 08:45:34.269162948,Low,DevOps,Email,Resolved
TCK-8556,2025-06-06 14:11:59.351935,2025-06-06 17:35:20.371502149,Medium,DevOps,Software,Closed
TCK-8557,2025-06-06 16:12:57.677767,2025-06-08 16:23:35.090464461,Low,DevOps,Email,Closed
TCK-8558,2025-06-06 16:43:12.259225,2025-06-07 13:33:17.811352039,Low,IT Support,Network,Resolved
TCK-8559,2025-06-06 17:13:26.840684,2025-06-07 15:19:21.692822625,Low,Operations,Email,Resolved
TCK-8560,2025-06-06 18:13:56.003600,2025-06-06 22:59:49.949977351,High,IT Support,Access Control,Closed
TCK-8561,2025-06-06 18:44:10.585058,2025-06-08 09:00:52.018746147,Medium,IT Support,Hardware,Closed
TCK-8562,2025-06-06 18:44:10.585058,2025-06-07 08:37:31.023493495,Low,IT Support,Access Control,Resolved
TCK-8563,2025-06-06 19:44:39.747974,2025-06-08 06:45:48.114154348,Medium,IT Support,Software,Closed
TCK-8564,2025-06-06 20:14:54.329432,2025-06-07 01:56:11.744940275,Medium,Finance,Software,Closed
TCK-8565,2025-06-06 20:14:54.329432,2025-06-07 21:35:57.573083351,Medium,IT Support,Hardware,Closed
TCK-8566,2025-06-06 20:45:08.910891,2025-06-07 12:08:10.073992396,Low,IT Support,Hardware,Closed
TCK-8567,2025-06-06 21:15:23.492349,2025-06-06 22:08:59.567443553,Critical,IT Support,Hardware,Closed
TCK-8568,2025-06-06 21:15:23.492349,2025-06-07 06:36:44.547724416,Low,DevOps,Hardware,Resolved
TCK-8569,2025-06-06 22:46:07.236723,2025-06-07 02:25:36.618866867,Critical,HR,Email,Closed
TCK-8570,2025-06-07 01:17:20.144014,2025-06-07 09:17:55.928013550,Low,HR,Access Control,Closed
TCK-8571,2025-06-07 01:17:20.144014,2025-06-07 09:59:28.114016890,Medium,DevOps,Software,Closed
TCK-8572,2025-06-07 01:47:34.725472,2025-06-07 13:23:20.217454120,Medium,HR,Email,Closed
TCK-8573,2025-06-07 02:17:49.306930,2025-06-07 18:48:12.015168017,Medium,IT Support,Hardware,Closed
TCK-8574,2025-06-07 02:17:49.306930,2025-06-07 17:31:46.065182718,Medium,Operations,Network,Resolved
TCK-8575,2025-06-07 02:48:03.888388,2025-06-07 03:31:01.109188674,Low,IT Support,Network,Closed
TCK-8576,2025-06-07 03:18:18.469846,2025-06-08 04:18:29.236583842,Medium,IT Support,Access Control,Resolved
TCK-8577,2025-06-07 03:48:33.051305,2025-06-09 09:26:27.356051685,Low,Finance,Software,Closed
TCK-8578,2025-06-07 03:48:33.051305,2025-06-07 11:31:36.452100964,Medium,DevOps,Software,Closed
TCK-8579,2025-06-07 04:49:02.214221,2025-06-07 08:23:01.837168972,High,DevOps,Access Control,Closed
TCK-8580,2025-06-07 04:49:02.214221,2025-06-07 18:47:41.499976293,Medium,IT Support,Hardware,Closed
TCK-8581,2025-06-07 05:19:16.795679,2025-06-08 03:17:24.211217868,Medium,DevOps,Hardware,Closed
TCK-8582,2025-06-07 06:50:00.540054,2025-06-08 03:16:54.501335057,Low,DevOps,Software,Closed
TCK-8583,2025-06-07 06:50:00.540054,2025-06-07 23:52:48.239281438,Medium,IT Support,Software,Closed
TCK-8584,2025-06-07 07:20:15.121512,2025-06-07 10:10:59.747507431,Low,IT Support,Software,Closed
TCK-8585,2025-06-07 07:20:15.121512,2025-06-08 15:58:13.075410432,Low,DevOps,Hardware,Resolved
TCK-8586,2025-06-07 07:50:29.702970,2025-06-07 17:49:19.151673679,Low,IT Support,Network,Closed
TCK-8587,2025-06-07 08:20:44.284428,2025-06-07 12:51:06.700870254,High,IT Support,Access Control,Closed
TCK-8588,2025-06-07 08:50:58.865886,2025-06-07 10:28:24.858325757,Unassigned,IT Support,Access Control,Closed
TCK-8589,2025-06-07 09:21:13.447344,2025-06-07 19:03:26.247110994,High,IT Support,Email,Resolved
TCK-8590,2025-06-07 11:22:11.773177,2025-06-08 04:41:26.487820791,Unassigned,IT Support,Email,Closed
TCK-8591,2025-06-07 11:22:11.773177,2025-06-08 07:04:31.759364027,High,IT Support,Network,Closed
TCK-8592,2025-06-07 12:22:40.936093,2025-06-09 23:35:36.867247389,Low,IT Support,Software,Closed
TCK-8593,2025-06-07 13:53:24.680468,2025-06-07 16:52:56.347710089,Medium,Operations,Network,Closed
TCK-8594,2025-06-07 14:23:39.261926,2025-06-10 18:56:31.660278448,High,IT Support,Email,Closed
TCK-8595,2025-06-07 14:23:39.261926,2025-06-08 09:31:59.276275454,Medium,HR,Email,Closed
TCK-8596,2025-06-07 14:53:53.843384,2025-06-08 01:47:53.866408405,Medium,Operations,Access Control,Closed
TCK-8597,2025-06-07 15:54:23.006300,2025-06-09 07:20:39.292594150,Medium,Operations,Network,Closed
TCK-8598,2025-06-07 16:54:52.169216,2025-06-08 14:15:28.068822010,Medium,IT Support,Hardware,Resolved
TCK-8599,2025-06-07 16:54:52.169216,2025-06-08 00:37:59.144392181,Low,IT Support,Email,Resolved
TCK-8600,2025-06-07 17:55:21.332133,2025-06-09 08:42:39.119399709,Medium,Finance,Access Control,Closed
TCK-8601,2025-06-07 18:25:35.913591,2025-06-08 14:11:56.035467038,Low,Operations,Software,Closed
TCK-8602,2025-06-07 18:55:50.495049,2025-06-08 16:31:57.286994197,Low,IT Support,Network,Closed
TCK-8603,2025-06-07 21:57:17.983798,2025-06-09 14:45:47.382385505,Critical,HR,Email,Resolved
TCK-8604,2025-06-07 21:57:17.983798,2025-06-08 08:39:51.490102834,Medium,DevOps,Hardware,Closed
TCK-8605,2025-06-07 22:27:32.565256,2025-06-08 17:42:52.060464567,High,HR,Email,Closed
TCK-8606,2025-06-07 22:57:47.146714,2025-06-08 23:32:16.834123399,High,DevOps,Hardware,Closed
TCK-8607,2025-06-07 23:28:01.728172,2025-06-08 10:21:27.447032160,Medium,DevOps,Network,Closed
TCK-8608,2025-06-07 23:28:01.728172,2025-06-08 01:02:08.462781164,High,IT Support,Hardware,Closed
TCK-8609,2025-06-07 23:58:16.309630,2025-06-09 02:32:18.226729674,Low,HR,Hardware,Closed
TCK-8610,2025-06-08 00:58:45.472547,2025-06-08 01:51:40.501216623,High,Finance,Access Control,Closed
TCK-8611,2025-06-08 01:29:00.054005,2025-06-09 00:15:47.351479501,Medium,DevOps,Network,Closed
TCK-8612,2025-06-08 01:29:00.054005,2025-06-09 21:00:08.163552907,Critical,DevOps,Email,Resolved
TCK-8613,2025-06-08 01:59:14.635463,2025-06-08 09:39:27.903211805,Critical,DevOps,Software,Closed
TCK-8614,2025-06-08 02:59:43.798379,2025-06-08 04:55:59.778622006,Medium,IT Support,Network,Closed
TCK-8615,2025-06-08 04:00:12.961296,2025-06-08 08:46:30.868840736,High,DevOps,Network,Closed
TCK-8616,2025-06-08 04:00:12.961296,2025-06-08 18:52:29.387438877,Medium,HR,Software,Closed
TCK-8617,2025-06-08 04:00:12.961296,2025-06-10 07:27:40.112821086,Low,Finance,Email,Closed
TCK-8618,2025-06-08 04:30:27.542754,2025-06-08 17:25:55.200233393,High,HR,Access Control,Closed
TCK-8619,2025-06-08 05:00:42.124212,2025-06-08 07:09:53.121803566,Critical,DevOps,Email,Resolved
TCK-8620,2025-06-08 07:01:40.450045,2025-06-09 00:49:00.911629487,Low,DevOps,Software,Closed
TCK-8621,2025-06-08 07:31:55.031503,2025-06-09 07:17:26.238121579,Critical,Finance,Email,Resolved
TCK-8622,2025-06-08 09:32:53.357335,2025-06-08 18:32:33.523887590,Medium,Operations,Network,Closed
TCK-8623,2025-06-08 10:03:07.938793,2025-06-09 09:03:47.463128871,Low,IT Support,Access Control,Resolved
TCK-8624,2025-06-08 10:03:07.938793,2025-06-08 17:07:20.090987970,Medium,IT Support,Hardware,Closed
TCK-8625,2025-06-08 10:33:22.520252,2025-06-09 14:34:12.347564150,High,HR,Email,Resolved
TCK-8626,2025-06-08 10:33:22.520252,2025-06-08 18:03:53.273191341,Medium,Operations,Hardware,Closed
TCK-8627,2025-06-08 10:33:22.520252,2025-06-08 15:52:54.131277169,High,IT Support,Access Control,Resolved
TCK-8628,2025-06-08 11:03:37.101710,2025-06-10 01:06:09.638932102,High,IT Support,Hardware,Closed
TCK-8629,2025-06-08 11:33:51.683168,2025-06-09 01:52:35.526561889,High,Operations,Email,Closed
TCK-8630,2025-06-08 12:04:06.264626,2025-06-08 18:06:39.063836053,Low,Operations,Software,Resolved
TCK-8631,2025-06-08 12:34:20.846084,2025-06-10 13:47:49.773315534,Medium,Operations,Network,Closed
TCK-8632,2025-06-08 12:34:20.846084,2025-06-09 09:42:11.671127311,Low,IT Support,Network,Closed
TCK-8633,2025-06-08 12:34:20.846084,2025-06-08 17:03:39.355354980,Medium,DevOps,Hardware,Resolved
TCK-8634,2025-06-08 13:04:35.427542,2025-06-09 06:14:27.633598049,Unassigned,Finance,Network,Closed
TCK-8635,2025-06-08 14:35:19.171917,2025-06-10 03:21:44.592510376,Low,Finance,Network,Closed
TCK-8636,2025-06-08 15:35:48.334833,2025-06-09 13:02:20.133626343,Medium,IT Support,Software,Resolved
TCK-8637,2025-06-08 16:06:02.916291,2025-06-08 21:09:13.479950278,Unassigned,DevOps,Hardware,Resolved
TCK-8638,2025-06-08 17:06:32.079207,2025-06-09 11:56:47.679196067,High,IT Support,Software,Closed
TCK-8639,2025-06-08 17:06:32.079207,2025-06-09 10:29:08.333359097,Low,IT Support,Software,Resolved
TCK-8640,2025-06-08 18:37:15.823582,2025-06-10 01:34:19.194610814,Medium,Finance,Access Control,Closed
TCK-8641,2025-06-08 18:37:15.823582,2025-06-08 22:09:08.041805502,Unassigned,IT Support,Hardware,Resolved
TCK-8642,2025-06-08 19:07:30.405040,2025-06-09 16:46:28.978842193,Medium,IT Support,Software,Closed
TCK-8643,2025-06-08 19:07:30.405040,2025-06-08 19:37:28.750706614,Medium,HR,Email,Closed
TCK-8644,2025-06-08 20:38:14.149414,2025-06-09 18:04:50.673933227,High,DevOps,Network,Closed
TCK-8645,2025-06-08 21:38:43.312331,2025-06-11 07:46:58.799124115,Medium,IT Support,Hardware,Resolved
TCK-8646,2025-06-08 22:39:12.475247,2025-06-09 02:06:10.142790291,Medium,DevOps,Access Control,Closed
TCK-8647,2025-06-08 23:09:27.056705,2025-06-09 05:52:14.163994232,Low,DevOps,Software,Resolved
TCK-8648,2025-06-08 23:39:41.638163,2025-06-09 15:24:00.238988660,High,DevOps,Email,Closed
TCK-8649,2025-06-08 23:39:41.638163,2025-06-09 23:23:23.812923398,Critical,HR,Network,Resolved
TCK-8650,2025-06-09 00:40:10.801080,2025-06-09 08:16:06.820548525,Critical,DevOps,Network,Closed
TCK-8651,2025-06-09 01:10:25.382538,2025-06-09 20:49:09.086299799,Medium,IT Support,Email,Resolved
TCK-8652,2025-06-09 01:40:39.963996,2025-06-10 18:59:41.812780614,Medium,IT Support,Hardware,Resolved
TCK-8653,2025-06-09 01:40:39.963996,2025-06-10 01:01:04.090855248,Medium,DevOps,Network,Closed
TCK-8654,2025-06-09 01:40:39.963996,2025-06-10 00:01:23.150658362,Low,Operations,Network,Closed
TCK-8655,2025-06-09 02:10:54.545454,2025-06-09 10:50:37.558968608,Critical,IT Support,Network,Resolved
TCK-8656,2025-06-09 02:41:09.126912,2025-06-10 22:19:01.363972536,Low,Finance,Software,Resolved
TCK-8657,2025-06-09 03:11:23.708370,2025-06-09 09:02:10.283494083,Low,Operations,Software,Closed
TCK-8658,2025-06-09 04:11:52.871287,2025-06-09 08:20:01.700075094,High,Operations,Network,Closed
TCK-8659,2025-06-09 05:12:22.034203,2025-06-09 13:21:30.529283364,High,IT Support,Access Control,Closed
TCK-8660,2025-06-09 07:43:34.941494,2025-06-10 02:37:52.344772157,Medium,Finance,Network,Resolved
TCK-8661,2025-06-09 08:13:49.522952,2025-06-10 19:50:14.995890446,High,IT Support,Hardware,Closed
TCK-8662,2025-06-09 08:13:49.522952,2025-06-09 10:46:48.723634103,Medium,DevOps,Access Control,Closed
TCK-8663,2025-06-09 11:15:17.011701,2025-06-10 17:30:42.287056248,Low,IT Support,Hardware,Resolved
TCK-8664,2025-06-09 11:45:31.593159,2025-06-10 17:55:17.127747737,Unassigned,DevOps,Email,Closed
TCK-8665,2025-06-09 12:15:46.174617,2025-06-10 04:10:36.660896741,Critical,Operations,Email,Closed
TCK-8666,2025-06-09 12:15:46.174617,2025-06-10 13:59:58.494726399,Medium,Operations,Software,Resolved
TCK-8667,2025-06-09 13:16:15.337533,2025-06-09 16:53:03.750081724,Medium,Operations,Software,Resolved
TCK-8668,2025-06-09 13:46:29.918991,2025-06-09 17:07:11.761852472,Medium,IT Support,Software,Resolved
TCK-8669,2025-06-09 14:46:59.081908,2025-06-11 02:32:12.346554244,Medium,IT Support,Email,Closed
TCK-8670,2025-06-09 15:17:13.663366,2025-06-10 03:41:50.081343735,High,Finance,Hardware,Closed
TCK-8671,2025-06-09 15:47:28.244824,2025-06-09 20:52:19.965769408,Low,Finance,Access Control,Closed
TCK-8672,2025-06-09 16:47:57.407740,2025-06-10 13:48:25.210726630,Medium,IT Support,Software,Resolved
TCK-8673,2025-06-09 16:47:57.407740,2025-06-11 08:50:22.989714527,Medium,HR,Email,Closed
TCK-8674,2025-06-09 17:18:11.989198,2025-06-10 11:18:47.595545494,Unassigned,Operations,Software,Closed
TCK-8675,2025-06-09 17:18:11.989198,2025-06-10 00:59:02.582444023,Medium,Operations,Network,Resolved
TCK-8676,2025-06-09 17:18:11.989198,2025-06-10 05:11:11.161005793,High,IT Support,Access Control,Closed
TCK-8677,2025-06-09 18:18:41.152115,2025-06-10 19:25:43.957256776,Medium,HR,Hardware,Resolved
TCK-8678,2025-06-09 18:18:41.152115,2025-06-09 19:34:09.858569834,Low,Finance,Software,Closed
TCK-8679,2025-06-09 18:18:41.152115,2025-06-09 22:43:06.312037009,High,Operations,Network,Closed
TCK-8680,2025-06-09 19:19:10.315031,2025-06-10 06:29:49.903064756,Medium,Finance,Network,Closed
TCK-8681,2025-06-09 19:49:24.896489,2025-06-10 12:30:31.240167868,Medium,Operations,Access Control,Closed
TCK-8682,2025-06-09 19:49:24.896489,2025-06-10 03:16:48.425211858,Medium,DevOps,Email,Closed
TCK-8683,2025-06-09 20:19:39.477947,2025-06-10 02:42:23.230590914,High,Operations,Email,Resolved
TCK-8684,2025-06-09 20:49:54.059405,2025-06-09 21:35:32.825283758,High,DevOps,Software,Closed
TCK-8685,2025-06-09 22:50:52.385238,2025-06-09 23:26:40.184501456,High,Operations,Software,Resolved
TCK-8686,2025-06-09 22:50:52.385238,2025-06-10 04:43:42.091999390,Low,DevOps,Email,Resolved
TCK-8687,2025-06-09 22:50:52.385238,2025-06-10 12:27:27.663498392,High,IT Support,Hardware,Closed
TCK-8688,2025-06-09 23:21:06.966696,2025-06-10 13:58:54.318223603,Medium,IT Support,Hardware,Closed
TCK-8689,2025-06-09 23:51:21.548154,2025-06-10 12:07:08.034983506,Low,Operations,Network,Resolved
TCK-8690,2025-06-10 00:21:36.129612,2025-06-10 09:51:13.628087189,Low,IT Support,Access Control,Closed
TCK-8691,2025-06-10 00:21:36.129612,2025-06-10 05:35:36.224316175,High,HR,Hardware,Closed
TCK-8692,2025-06-10 00:21:36.129612,2025-06-10 09:34:32.672078745,Low,DevOps,Software,Closed
TCK-8693,2025-06-10 00:21:36.129612,2025-06-10 03:02:56.084997933,Medium,DevOps,Hardware,Resolved
TCK-8694,2025-06-10 00:51:50.711071,2025-06-10 03:04:06.157370110,Medium,IT Support,Access Control,Closed
TCK-8695,2025-06-10 01:52:19.873987,2025-06-10 08:17:27.157769309,High,HR,Software,Closed
TCK-8696,2025-06-10 02:52:49.036903,2025-06-14 03:33:05.812952187,Medium,HR,Access Control,Closed
TCK-8697,2025-06-10 05:24:01.944194,2025-06-10 12:30:54.970450528,High,IT Support,Email,Closed
TCK-8698,2025-06-10 05:24:01.944194,2025-06-12 07:00:32.613203425,Critical,Operations,Access Control,Closed
TCK-8699,2025-06-10 05:54:16.525652,2025-06-10 14:52:07.680623492,High,DevOps,Access Control,Closed
TCK-8700,2025-06-10 05:54:16.525652,2025-06-10 16:18:34.307126146,Low,Operations,Access Control,Resolved
TCK-8701,2025-06-10 05:54:16.525652,2025-06-11 10:36:43.396459386,Critical,IT Support,Software,Closed
TCK-8702,2025-06-10 05:54:16.525652,2025-06-10 07:40:27.457889647,Low,HR,Access Control,Closed
TCK-8703,2025-06-10 06:24:31.107110,2025-06-10 10:01:53.795275357,Medium,DevOps,Access Control,Resolved
TCK-8704,2025-06-10 06:54:45.688568,2025-06-13 00:29:46.684087023,High,HR,Network,Closed
TCK-8705,2025-06-10 07:25:00.270027,2025-06-10 20:06:27.668642962,Medium,IT Support,Software,Closed
TCK-8706,2025-06-10 07:55:14.851485,2025-06-10 08:44:11.675209542,High,Operations,Access Control,Closed
TCK-8707,2025-06-10 09:25:58.595859,2025-06-10 10:18:23.985602706,Critical,Operations,Hardware,Resolved
TCK-8708,2025-06-10 09:25:58.595859,2025-06-12 04:13:56.610407245,Unassigned,Finance,Access Control,Closed
TCK-8709,2025-06-10 09:56:13.177317,2025-06-11 23:07:58.946377617,Medium,Finance,Hardware,Resolved
TCK-8710,2025-06-10 11:26:56.921692,2025-06-10 22:29:13.960560580,Unassigned,IT Support,Email,Resolved
TCK-8711,2025-06-10 11:26:56.921692,2025-06-10 14:39:24.060034335,Low,Operations,Email,Closed
TCK-8712,2025-06-10 11:57:11.503150,2025-06-11 19:52:42.882667988,Medium,DevOps,Software,Closed
TCK-8713,2025-06-10 12:27:26.084608,2025-06-10 19:31:16.865983535,High,IT Support,Software,Resolved
TCK-8714,2025-06-10 12:27:26.084608,2025-06-10 22:13:59.291279845,Unassigned,IT Support,Email,Closed
TCK-8715,2025-06-10 12:57:40.666066,2025-06-11 09:36:39.424789561,Low,DevOps,Software,Closed
TCK-8716,2025-06-10 13:27:55.247524,2025-06-10 21:18:49.658915624,Critical,IT Support,Hardware,Resolved
TCK-8717,2025-06-10 14:28:24.410441,2025-06-11 08:18:19.432875664,Unassigned,Operations,Hardware,Closed
TCK-8718,2025-06-10 14:28:24.410441,2025-06-12 05:26:54.847920297,Critical,Operations,Network,Closed
TCK-8719,2025-06-10 14:58:38.991899,2025-06-11 19:42:45.048021381,Low,Operations,Software,Closed
TCK-8720,2025-06-10 15:59:08.154815,2025-06-11 00:38:13.477072417,High,DevOps,Software,Closed
TCK-8721,2025-06-10 16:29:22.736273,2025-06-10 22:36:08.055713969,Medium,HR,Network,Closed
TCK-8722,2025-06-10 16:29:22.736273,2025-06-10 22:32:27.647753765,Low,IT Support,Access Control,Closed
TCK-8723,2025-06-10 17:29:51.899189,2025-06-11 01:12:46.332673595,Unassigned,DevOps,Hardware,Closed
TCK-8724,2025-06-10 19:30:50.225022,2025-06-11 07:45:31.364189027,Low,HR,Access Control,Closed
TCK-8725,2025-06-10 19:30:50.225022,2025-06-11 05:12:49.513152015,Medium,Finance,Network,Closed
TCK-8726,2025-06-10 19:30:50.225022,2025-06-10 22:04:58.541935925,Low,IT Support,Software,Closed
TCK-8727,2025-06-10 20:01:04.806480,2025-06-10 23:13:50.050662599,Medium,IT Support,Access Control,Closed
TCK-8728,2025-06-10 20:31:19.387938,2025-06-11 04:04:53.063355428,Medium,IT Support,Software,Closed
TCK-8729,2025-06-10 21:31:48.550855,2025-06-11 12:23:32.791531022,Critical,DevOps,Network,Closed
TCK-8730,2025-06-11 00:33:16.039603,2025-06-11 16:43:14.005578050,Unassigned,HR,Email,Closed
TCK-8731,2025-06-11 01:03:30.621062,2025-06-11 13:02:43.205477670,Medium,IT Support,Software,Closed
TCK-8732,2025-06-11 01:33:45.202520,2025-06-12 01:43:31.202793696,Medium,HR,Access Control,Closed
TCK-8733,2025-06-11 01:33:45.202520,2025-06-12 01:37:13.490846917,Low,IT Support,Access Control,Closed
TCK-8734,2025-06-11 02:03:59.783978,2025-06-11 12:06:35.930643208,Medium,Operations,Network,Resolved
TCK-8735,2025-06-11 03:34:43.528352,2025-06-11 05:58:14.963863713,Critical,Finance,Access Control,Closed
TCK-8736,2025-06-11 04:04:58.109810,2025-06-11 17:40:47.673669196,Low,IT Support,Hardware,Resolved
TCK-8737,2025-06-11 04:04:58.109810,2025-06-11 12:43:48.552785236,Low,IT Support,Software,Closed
TCK-8738,2025-06-11 04:04:58.109810,2025-06-11 06:45:15.121439043,Critical,Operations,Hardware,Closed
TCK-8739,2025-06-11 04:35:12.691269,2025-06-14 04:43:04.418079318,Medium,Finance,Network,Closed
TCK-8740,2025-06-11 06:05:56.435643,2025-06-11 14:24:31.178348273,Medium,IT Support,Hardware,Closed
TCK-8741,2025-06-11 06:05:56.435643,2025-06-11 23:47:32.184793735,High,HR,Hardware,Closed
TCK-8742,2025-06-11 06:05:56.435643,2025-06-11 18:13:25.537733140,Low,IT Support,Software,Resolved
TCK-8743,2025-06-11 06:36:11.017101,2025-06-11 09:22:37.799099333,High,IT Support,Software,Resolved
TCK-8744,2025-06-11 06:36:11.017101,2025-06-11 07:37:54.063634868,Medium,DevOps,Email,Closed
TCK-8745,2025-06-11 07:06:25.598559,2025-06-12 00:47:56.425663880,High,IT Support,Hardware,Resolved
TCK-8746,2025-06-11 08:37:09.342934,2025-06-11 13:43:34.340347719,Medium,DevOps,Software,Closed
TCK-8747,2025-06-11 09:07:23.924392,2025-06-11 14:08:59.734902207,Low,HR,Hardware,Closed
TCK-8748,2025-06-11 10:07:53.087308,2025-06-13 18:45:33.990266903,Medium,IT Support,Hardware,Resolved
TCK-8749,2025-06-11 10:07:53.087308,2025-06-11 21:16:55.095827747,Low,DevOps,Network,Closed
TCK-8750,2025-06-11 10:38:07.668766,2025-06-11 11:10:23.095624962,Low,HR,Network,Closed
TCK-8751,2025-06-11 11:08:22.250225,2025-06-11 18:36:52.210320914,Medium,DevOps,Hardware,Closed
TCK-8752,2025-06-11 11:38:36.831683,2025-06-12 03:27:07.581325866,Medium,DevOps,Network,Closed
TCK-8753,2025-06-11 11:38:36.831683,2025-06-11 18:48:49.371765241,High,Operations,Software,Closed
TCK-8754,2025-06-11 12:08:51.413141,2025-06-11 12:38:15.207855953,Medium,IT Support,Hardware,Closed
TCK-8755,2025-06-11 12:08:51.413141,2025-06-11 22:43:24.456892321,Medium,IT Support,Network,Closed
TCK-8756,2025-06-11 13:09:20.576057,2025-06-11 15:10:14.595203628,Medium,Finance,Software,Closed
TCK-8757,2025-06-11 13:39:35.157515,2025-06-12 07:02:11.522595153,Critical,IT Support,Hardware,Closed
TCK-8758,2025-06-11 13:39:35.157515,2025-06-12 07:03:24.230364397,Low,HR,Hardware,Closed
TCK-8759,2025-06-11 13:39:35.157515,2025-06-11 14:21:09.340944107,Medium,IT Support,Network,Closed
TCK-8760,2025-06-11 14:09:49.738973,2025-06-11 20:20:43.947642571,Medium,Finance,Software,Closed
TCK-8761,2025-06-11 14:09:49.738973,2025-06-11 23:46:26.474950231,Medium,IT Support,Hardware,Closed
TCK-8762,2025-06-11 15:40:33.483348,2025-06-12 06:03:34.823318630,Medium,DevOps,Hardware,Closed
TCK-8763,2025-06-11 15:40:33.483348,2025-06-11 21:59:42.626626357,High,DevOps,Email,Resolved
TCK-8764,2025-06-11 15:40:33.483348,2025-06-11 21:47:01.510666322,High,IT Support,Hardware,Closed
TCK-8765,2025-06-11 17:41:31.809180,2025-06-14 19:02:59.924391499,Medium,DevOps,Email,Resolved
TCK-8766,2025-06-11 17:41:31.809180,2025-06-11 18:27:42.935286578,Medium,IT Support,Email,Resolved
TCK-8767,2025-06-11 18:42:00.972097,2025-06-15 03:57:07.984561440,Medium,HR,Software,Resolved
TCK-8768,2025-06-11 19:42:30.135013,2025-06-11 20:35:20.780353068,Medium,IT Support,Access Control,Resolved
TCK-8769,2025-06-11 19:42:30.135013,2025-06-12 01:49:52.309649967,Low,DevOps,Email,Resolved
TCK-8770,2025-06-11 19:42:30.135013,2025-06-12 07:57:33.522895653,Medium,HR,Software,Closed
TCK-8771,2025-06-11 20:12:44.716471,2025-06-11 22:59:47.043843035,Medium,IT Support,Network,Resolved
TCK-8772,2025-06-11 20:42:59.297929,2025-06-11 23:19:25.459489941,Medium,Operations,Email,Closed
TCK-8773,2025-06-11 21:43:28.460846,2025-06-12 03:03:17.985908634,Medium,IT Support,Access Control,Closed
TCK-8774,2025-06-11 22:13:43.042304,2025-06-14 15:35:04.173935906,Critical,Operations,Network,Closed
TCK-8775,2025-06-11 22:13:43.042304,2025-06-12 06:50:11.976993489,Medium,IT Support,Email,Closed
TCK-8776,2025-06-11 22:13:43.042304,2025-06-12 13:15:11.527885314,Medium,DevOps,Email,Closed
TCK-8777,2025-06-12 00:14:41.368136,2025-06-12 22:10:32.442490139,Medium,DevOps,Access Control,Resolved
TCK-8778,2025-06-12 00:14:41.368136,2025-06-13 00:38:47.869907631,Medium,Operations,Hardware,Closed
TCK-8779,2025-06-12 00:14:41.368136,2025-06-12 21:12:45.812597427,Low,Operations,Access Control,Closed
TCK-8780,2025-06-12 00:44:55.949594,2025-06-12 08:08:40.454466043,Low,Operations,Software,Closed
TCK-8781,2025-06-12 00:44:55.949594,2025-06-12 02:52:53.264522281,Medium,HR,Software,Closed
TCK-8782,2025-06-12 02:15:39.693969,2025-06-12 08:13:01.424724938,High,DevOps,Access Control,Closed
TCK-8783,2025-06-12 02:15:39.693969,2025-06-12 06:30:38.721776318,High,DevOps,Access Control,Closed
TCK-8784,2025-06-12 03:46:23.438343,2025-06-12 06:24:36.866206039,Medium,IT Support,Access Control,Closed
TCK-8785,2025-06-12 04:46:52.601260,2025-06-12 05:13:39.755864831,Low,Operations,Access Control,Closed
TCK-8786,2025-06-12 05:47:21.764176,2025-06-14 07:11:31.697448996,High,HR,Access Control,Closed
TCK-8787,2025-06-12 06:47:50.927092,2025-06-14 04:29:41.460143173,Critical,IT Support,Email,Resolved
TCK-8788,2025-06-12 06:47:50.927092,2025-06-12 07:43:43.182986483,Low,HR,Network,Closed
TCK-8789,2025-06-12 06:47:50.927092,2025-06-12 10:13:06.352017153,High,Finance,Software,Closed
TCK-8790,2025-06-12 06:47:50.927092,2025-06-12 09:30:06.622379360,Low,Finance,Software,Closed
TCK-8791,2025-06-12 08:18:34.671467,2025-06-12 14:15:11.892683740,Critical,Finance,Network,Closed
TCK-8792,2025-06-12 08:18:34.671467,2025-06-12 12:25:04.793086366,Medium,IT Support,Access Control,Closed
TCK-8793,2025-06-12 10:19:32.997299,2025-06-14 14:48:53.855954711,Low,Finance,Network,Closed
TCK-8794,2025-06-12 10:19:32.997299,2025-06-12 11:54:30.537152177,Low,Operations,Access Control,Closed
TCK-8795,2025-06-12 10:19:32.997299,2025-06-12 14:36:24.999758124,Medium,HR,Software,Closed
TCK-8796,2025-06-12 11:20:02.160216,2025-06-12 12:50:56.254313621,Medium,Finance,Hardware,Closed
TCK-8797,2025-06-12 11:20:02.160216,2025-06-15 10:06:01.965321946,Medium,IT Support,Software,Closed
TCK-8798,2025-06-12 11:50:16.741674,2025-06-14 08:56:51.476276816,Medium,IT Support,Software,Resolved
TCK-8799,2025-06-12 11:50:16.741674,2025-06-13 10:32:10.022814039,Medium,Finance,Hardware,Closed
TCK-8800,2025-06-12 11:50:16.741674,2025-06-12 21:49:45.854495796,High,IT Support,Network,Resolved
TCK-8801,2025-06-12 12:50:45.904590,2025-06-12 16:38:34.879828428,Unassigned,DevOps,Email,Closed
TCK-8802,2025-06-12 13:21:00.486048,2025-06-12 17:51:24.662238688,Medium,DevOps,Access Control,Closed
TCK-8803,2025-06-12 13:51:15.067506,2025-06-13 00:23:20.036700208,Medium,HR,Access Control,Closed
TCK-8804,2025-06-12 14:21:29.648964,2025-06-13 16:40:25.833631745,Low,HR,Software,Closed
TCK-8805,2025-06-12 14:21:29.648964,2025-06-12 19:53:36.738564480,Medium,Operations,Hardware,Closed
TCK-8806,2025-06-12 14:51:44.230423,2025-06-12 21:33:43.570603830,High,IT Support,Software,Resolved
TCK-8807,2025-06-12 14:51:44.230423,2025-06-13 07:21:10.845684359,Medium,Finance,Software,Resolved
TCK-8808,2025-06-12 16:22:27.974797,2025-06-12 21:15:38.169291270,Medium,Operations,Network,Resolved
TCK-8809,2025-06-12 18:23:26.300630,2025-06-13 10:11:14.501265214,High,Operations,Access Control,Closed
TCK-8810,2025-06-12 18:53:40.882088,2025-06-13 03:42:27.214473553,Low,Finance,Email,Closed
TCK-8811,2025-06-12 20:24:24.626462,2025-06-12 21:02:10.856317873,High,HR,Hardware,Closed
TCK-8812,2025-06-12 20:24:24.626462,2025-06-13 05:40:58.524498139,Low,IT Support,Email,Closed
TCK-8813,2025-06-12 20:54:39.207920,2025-06-14 18:16:03.036870983,Low,IT Support,Hardware,Closed
TCK-8814,2025-06-12 21:24:53.789378,2025-06-13 03:39:31.799385899,Medium,DevOps,Access Control,Resolved
TCK-8815,2025-06-12 21:24:53.789378,2025-06-13 04:25:55.191877909,Critical,IT Support,Network,Closed
TCK-8816,2025-06-12 22:25:22.952295,2025-06-12 23:39:03.320177365,Critical,Operations,Email,Closed
TCK-8817,2025-06-12 22:25:22.952295,2025-06-13 15:36:23.312952159,Medium,Finance,Hardware,Closed
TCK-8818,2025-06-12 22:25:22.952295,2025-06-14 08:28:49.852496754,Medium,IT Support,Software,Closed
TCK-8819,2025-06-12 22:55:37.533753,2025-06-13 06:45:44.313799227,Medium,IT Support,Access Control,Closed
TCK-8820,2025-06-12 22:55:37.533753,2025-06-13 03:52:21.981747196,Medium,Finance,Network,Closed
TCK-8821,2025-06-12 23:56:06.696669,2025-06-15 08:24:41.168685524,Unassigned,IT Support,Software,Closed
TCK-8822,2025-06-13 00:56:35.859585,2025-06-14 01:32:42.979213723,Unassigned,DevOps,Network,Resolved
TCK-8823,2025-06-13 01:26:50.441044,2025-06-13 16:31:13.660203829,High,Operations,Hardware,Closed
TCK-8824,2025-06-13 02:27:19.603960,2025-06-13 09:01:06.201954433,Medium,Operations,Software,Closed
TCK-8825,2025-06-13 02:27:19.603960,2025-06-13 06:56:46.230857898,Medium,DevOps,Network,Closed
TCK-8826,2025-06-13 03:27:48.766876,2025-06-14 02:06:19.402254670,Low,Operations,Access Control,Resolved
TCK-8827,2025-06-13 03:27:48.766876,2025-06-13 16:44:31.910837098,Medium,Finance,Email,Resolved
TCK-8828,2025-06-13 03:58:03.348334,2025-06-13 17:12:05.576783878,Medium,HR,Email,Closed
TCK-8829,2025-06-13 03:58:03.348334,2025-06-13 05:20:44.936762497,Low,DevOps,Software,Resolved
TCK-8830,2025-06-13 04:28:17.929792,2025-06-13 17:23:33.862680943,Medium,IT Support,Access Control,Closed
TCK-8831,2025-06-13 05:59:01.674167,2025-06-14 13:07:36.070598666,Medium,IT Support,Access Control,Resolved
TCK-8832,2025-06-13 06:29:16.255625,2025-06-15 11:17:38.933948342,Medium,DevOps,Network,Resolved
TCK-8833,2025-06-13 07:29:45.418541,2025-06-13 09:31:35.707642728,Low,Operations,Software,Resolved
TCK-8834,2025-06-13 07:29:45.418541,2025-06-14 01:26:57.357192566,Medium,Finance,Access Control,Closed
TCK-8835,2025-06-13 07:29:45.418541,2025-06-13 22:37:06.091066355,Medium,HR,Network,Closed
TCK-8836,2025-06-13 08:00:00.000000,2025-06-14 23:46:55.761925303,Unassigned,Finance,Access Control,Closed
TCK-8837,2025-06-13 08:00:00.000000,2025-06-14 09:02:35.132177555,Low,HR,Software,Closed
TCK-8838,2025-06-13 08:00:00.000000,2025-06-15 20:28:42.642597134,Medium,HR,Access Control,Closed
TCK-8839,2025-06-13 08:30:14.581458,2025-06-15 18:27:30.467242484,Low,Operations,Access Control,Closed
TCK-8840,2025-06-13 08:30:14.581458,2025-06-13 13:06:28.907211133,Low,HR,Access Control,Closed
TCK-8841,2025-06-13 11:01:27.488748,2025-06-14 10:17:05.994665327,Low,IT Support,Email,Resolved
TCK-8842,2025-06-13 12:01:56.651665,2025-06-14 01:38:34.275120009,Medium,DevOps,Hardware,Resolved
TCK-8843,2025-06-13 12:32:11.233123,2025-06-13 16:53:04.624207020,High,HR,Software,Resolved
TCK-8844,2025-06-13 13:02:25.814581,2025-06-13 16:56:31.239464244,High,DevOps,Email,Closed
TCK-8845,2025-06-13 13:32:40.396039,2025-06-13 15:03:59.944684215,Medium,Finance,Hardware,Closed
TCK-8846,2025-06-13 13:32:40.396039,2025-06-14 18:07:04.481651787,Medium,DevOps,Access Control,Closed
TCK-8847,2025-06-13 14:02:54.977497,2025-06-13 21:06:36.613576946,Low,IT Support,Access Control,Closed
TCK-8848,2025-06-13 14:02:54.977497,2025-06-15 01:03:11.066900224,Medium,IT Support,Email,Resolved
TCK-8849,2025-06-13 14:33:09.558955,2025-06-14 07:25:26.486730529,Low,HR,Network,Closed
TCK-8850,2025-06-13 17:04:22.466246,2025-06-14 13:13:41.219802642,Low,DevOps,Software,Closed
TCK-8851,2025-06-13 17:04:22.466246,2025-06-13 23:16:48.777725283,Low,IT Support,Hardware,Resolved
TCK-8852,2025-06-13 18:04:51.629162,2025-06-14 05:04:56.615253116,High,HR,Access Control,Closed
TCK-8853,2025-06-13 18:35:06.210621,2025-06-14 04:09:11.854330910,Low,Operations,Software,Closed
TCK-8854,2025-06-13 19:05:20.792079,2025-06-13 23:55:37.740282727,Medium,IT Support,Access Control,Closed
TCK-8855,2025-06-13 21:36:33.699369,2025-06-15 05:46:21.228041359,Low,DevOps,Access Control,Closed
TCK-8856,2025-06-13 21:36:33.699369,2025-06-14 15:07:29.585900167,High,DevOps,Access Control,Resolved
TCK-8857,2025-06-13 21:36:33.699369,2025-06-13 22:17:45.854525680,Low,Operations,Software,Resolved
TCK-8858,2025-06-13 21:36:33.699369,2025-06-15 04:28:02.771369352,Low,Operations,Email,Closed
TCK-8859,2025-06-13 22:06:48.280828,2025-06-14 00:07:51.825411171,Medium,Finance,Software,Closed
TCK-8860,2025-06-13 22:37:02.862286,2025-06-14 07:55:24.812327549,Unassigned,DevOps,Software,Closed
TCK-8861,2025-06-13 23:07:17.443744,2025-06-14 14:21:56.393820815,High,Finance,Network,Resolved
TCK-8862,2025-06-14 01:38:30.351035,2025-06-14 01:46:48.058231240,Medium,IT Support,Network,Closed
TCK-8863,2025-06-14 02:08:44.932493,2025-06-14 21:11:34.070389711,Low,IT Support,Email,Resolved
TCK-8864,2025-06-14 02:08:44.932493,2025-06-14 21:32:55.207043518,Low,IT Support,Network,Closed
TCK-8865,2025-06-14 03:09:14.095409,2025-06-14 22:10:51.994863143,High,IT Support,Email,Resolved
TCK-8866,2025-06-14 04:09:43.258325,2025-06-14 07:22:29.438232162,High,DevOps,Access Control,Resolved
TCK-8867,2025-06-14 04:39:57.839783,2025-06-14 09:58:56.813522103,Medium,Operations,Access Control,Resolved
TCK-8868,2025-06-14 05:10:12.421242,2025-06-14 10:17:07.886073904,Medium,Operations,Software,Resolved
TCK-8869,2025-06-14 07:11:10.747074,2025-06-16 17:09:22.504234643,High,IT Support,Access Control,Closed
TCK-8870,2025-06-14 07:11:10.747074,2025-06-14 08:26:41.326910989,Medium,IT Support,Network,Resolved
TCK-8871,2025-06-14 07:41:25.328532,2025-06-14 17:46:09.990149594,Medium,DevOps,Hardware,Closed
TCK-8872,2025-06-14 08:11:39.909991,2025-06-15 21:05:34.277339515,Low,HR,Software,Resolved
TCK-8873,2025-06-14 08:11:39.909991,2025-06-15 10:36:24.636975946,Low,DevOps,Email,Closed
TCK-8874,2025-06-14 09:12:09.072907,2025-06-15 16:18:53.194392275,Medium,DevOps,Access Control,Closed
TCK-8875,2025-06-14 10:12:38.235823,2025-06-17 02:45:36.950279461,High,Finance,Software,Resolved
TCK-8876,2025-06-14 10:12:38.235823,2025-06-14 19:01:38.412041450,High,IT Support,Software,Closed
TCK-8877,2025-06-14 10:42:52.817281,2025-06-14 17:23:05.377687458,Medium,IT Support,Software,Resolved
TCK-8878,2025-06-14 10:42:52.817281,2025-06-14 11:16:30.645571151,Critical,IT Support,Access Control,Closed
TCK-8879,2025-06-14 11:43:21.980198,2025-06-14 14:38:54.682898012,Medium,Finance,Email,Closed
TCK-8880,2025-06-14 11:43:21.980198,2025-06-15 02:34:58.904989297,Low,Operations,Software,Closed
TCK-8881,2025-06-14 12:13:36.561656,2025-06-14 15:18:54.443598520,Low,IT Support,Software,Resolved
TCK-8882,2025-06-14 12:13:36.561656,2025-06-15 12:13:12.512692078,Unassigned,IT Support,Software,Closed
TCK-8883,2025-06-14 12:13:36.561656,2025-06-14 12:54:35.296459703,Medium,Finance,Access Control,Resolved
TCK-8884,2025-06-14 12:13:36.561656,2025-06-14 17:38:03.354610477,High,IT Support,Network,Closed
TCK-8885,2025-06-14 12:13:36.561656,2025-06-15 09:37:39.242342107,Medium,Operations,Email,Closed
TCK-8886,2025-06-14 12:13:36.561656,2025-06-14 17:32:15.556733781,Medium,IT Support,Software,Closed
TCK-8887,2025-06-14 13:14:05.724572,2025-06-15 12:43:13.715904215,Low,Operations,Software,Closed
TCK-8888,2025-06-14 14:14:34.887488,2025-06-18 17:01:37.029838489,High,Operations,Software,Closed
TCK-8889,2025-06-14 14:14:34.887488,2025-06-15 18:57:08.487239391,Low,Operations,Access Control,Closed
TCK-8890,2025-06-14 14:44:49.468946,2025-06-14 22:16:35.329438613,Critical,IT Support,Network,Closed
TCK-8891,2025-06-14 16:45:47.794779,2025-06-16 10:19:00.000033489,Low,IT Support,Software,Resolved
TCK-8892,2025-06-14 16:45:47.794779,2025-06-14 17:42:32.120652712,Low,DevOps,Software,Resolved
TCK-8893,2025-06-14 17:16:02.376237,2025-06-15 16:30:19.759294150,Low,DevOps,Access Control,Closed
TCK-8894,2025-06-14 17:46:16.957695,2025-06-14 18:11:46.147045695,Critical,DevOps,Email,Closed
TCK-8895,2025-06-14 18:16:31.539153,2025-06-14 21:43:42.333379612,Low,HR,Email,Closed
TCK-8896,2025-06-14 18:16:31.539153,2025-06-18 01:16:32.880653084,Medium,IT Support,Network,Closed
TCK-8897,2025-06-14 18:46:46.120612,2025-06-15 02:50:15.184251596,Low,Operations,Email,Closed
TCK-8898,2025-06-14 18:46:46.120612,2025-06-16 01:41:45.084732233,Low,IT Support,Software,Closed
TCK-8899,2025-06-14 19:17:00.702070,2025-06-15 03:46:29.705697893,Medium,IT Support,Access Control,Closed
TCK-8900,2025-06-14 19:47:15.283528,2025-06-16 04:46:38.085976584,Unassigned,IT Support,Software,Resolved
TCK-8901,2025-06-14 19:47:15.283528,2025-06-17 08:21:30.238881949,High,DevOps,Software,Closed
TCK-8902,2025-06-14 19:47:15.283528,2025-06-15 06:04:53.049332174,Low,IT Support,Network,Closed
TCK-8903,2025-06-14 20:17:29.864986,2025-06-15 11:02:33.629282447,Critical,Finance,Email,Closed
TCK-8904,2025-06-14 20:17:29.864986,2025-06-15 14:07:19.576190239,Medium,HR,Email,Closed
TCK-8905,2025-06-14 20:47:44.446444,2025-06-16 21:57:02.212834748,Low,IT Support,Email,Closed
TCK-8906,2025-06-14 21:17:59.027902,2025-06-15 02:38:26.150967365,Medium,DevOps,Software,Closed
TCK-8907,2025-06-14 22:18:28.190819,2025-06-15 15:18:52.345521595,Low,IT Support,Access Control,Closed
TCK-8908,2025-06-14 23:18:57.353735,2025-06-15 06:22:59.660918413,High,IT Support,Access Control,Closed
TCK-8909,2025-06-14 23:49:11.935193,2025-06-15 04:13:17.948890843,Medium,Finance,Software,Closed
TCK-8910,2025-06-15 00:19:26.516651,2025-06-15 01:55:17.137980497,Low,HR,Hardware,Closed
TCK-8911,2025-06-15 00:19:26.516651,2025-06-15 17:46:27.296051957,Medium,IT Support,Software,Resolved
TCK-8912,2025-06-15 00:49:41.098109,2025-06-16 15:18:30.234471466,Medium,Operations,Email,Closed
TCK-8913,2025-06-15 01:50:10.261026,2025-06-15 09:37:44.003287235,Medium,Operations,Software,Resolved
TCK-8914,2025-06-15 01:50:10.261026,2025-06-15 16:18:58.972850880,Medium,HR,Hardware,Closed
TCK-8915,2025-06-15 03:20:54.005400,2025-06-15 21:50:42.232181537,Medium,HR,Software,Closed
TCK-8916,2025-06-15 03:20:54.005400,2025-06-15 12:59:17.361822123,Medium,IT Support,Email,Closed
TCK-8917,2025-06-15 04:21:23.168316,2025-06-16 22:24:57.235039184,High,Operations,Network,Closed
TCK-8918,2025-06-15 04:51:37.749774,2025-06-15 12:58:16.716277898,Critical,Finance,Access Control,Resolved
TCK-8919,2025-06-15 04:51:37.749774,2025-06-15 07:15:51.385325962,Low,IT Support,Hardware,Closed
TCK-8920,2025-06-15 05:21:52.331233,2025-06-15 08:09:49.294078923,Medium,Operations,Network,Closed
TCK-8921,2025-06-15 05:21:52.331233,2025-06-16 21:14:10.938259533,High,Finance,Access Control,Resolved
TCK-8922,2025-06-15 05:21:52.331233,2025-06-18 12:59:16.368344935,Low,HR,Network,Closed
TCK-8923,2025-06-15 05:52:06.912691,2025-06-15 12:00:23.417313646,Critical,IT Support,Software,Closed
TCK-8924,2025-06-15 06:22:21.494149,2025-06-15 09:09:46.848790440,Low,IT Support,Software,Resolved
TCK-8925,2025-06-15 06:22:21.494149,2025-06-15 18:13:12.201681560,High,Operations,Access Control,Closed
TCK-8926,2025-06-15 06:22:21.494149,2025-06-16 04:37:30.384750475,Medium,DevOps,Access Control,Resolved
TCK-8927,2025-06-15 06:52:36.075607,2025-06-15 23:56:12.796446187,Medium,IT Support,Software,Closed
TCK-8928,2025-06-15 07:22:50.657065,2025-06-17 13:42:26.467272668,High,Finance,Software,Closed
TCK-8929,2025-06-15 07:53:05.238523,2025-06-16 14:31:49.112426987,Unassigned,Finance,Access Control,Resolved
TCK-8930,2025-06-15 09:23:48.982898,2025-06-16 21:58:44.971163493,Unassigned,IT Support,Access Control,Resolved
TCK-8931,2025-06-15 09:23:48.982898,2025-06-15 23:26:23.327012892,Medium,HR,Access Control,Resolved
TCK-8932,2025-06-15 09:54:03.564356,2025-06-15 17:02:11.511561593,Medium,Finance,Email,Closed
TCK-8933,2025-06-15 09:54:03.564356,2025-06-16 07:40:37.069483186,High,IT Support,Email,Closed
TCK-8934,2025-06-15 09:54:03.564356,2025-06-15 20:18:26.318585648,Medium,IT Support,Software,Resolved
TCK-8935,2025-06-15 10:54:32.727272,2025-06-15 17:01:01.457679649,Medium,IT Support,Email,Closed
TCK-8936,2025-06-15 11:55:01.890189,2025-06-15 14:53:26.454840906,Critical,HR,Hardware,Resolved
TCK-8937,2025-06-15 11:55:01.890189,2025-06-16 01:25:34.926537646,High,Finance,Software,Resolved
TCK-8938,2025-06-15 15:56:58.541854,2025-06-16 08:11:09.882657162,Medium,IT Support,Hardware,Resolved
TCK-8939,2025-06-15 16:57:27.704770,2025-06-16 08:05:54.228427726,Medium,Finance,Network,Closed
TCK-8940,2025-06-15 17:27:42.286228,2025-06-15 19:41:32.219896303,Unassigned,HR,Hardware,Closed
TCK-8941,2025-06-15 17:27:42.286228,2025-06-16 08:39:09.635895238,Medium,DevOps,Network,Resolved
TCK-8942,2025-06-15 17:57:56.867686,2025-06-15 21:17:07.328177181,Low,IT Support,Hardware,Resolved
TCK-8943,2025-06-15 17:57:56.867686,2025-06-16 13:34:55.504798242,Medium,Finance,Network,Resolved
TCK-8944,2025-06-15 18:28:11.449144,2025-06-16 04:34:06.763001245,Critical,Finance,Network,Resolved
TCK-8945,2025-06-15 19:58:55.193519,2025-06-17 05:59:07.340361975,Medium,DevOps,Software,Closed
TCK-8946,2025-06-15 20:59:24.356435,2025-06-17 00:06:11.019382201,High,DevOps,Access Control,Closed
TCK-8947,2025-06-15 22:30:08.100810,2025-06-16 21:41:58.427981369,Low,IT Support,Access Control,Resolved
TCK-8948,2025-06-15 22:30:08.100810,2025-06-16 20:13:04.947901057,Medium,Operations,Software,Closed
TCK-8949,2025-06-15 23:00:22.682268,2025-06-16 13:48:14.136837708,Low,DevOps,Network,Closed
TCK-8950,2025-06-15 23:00:22.682268,2025-06-16 00:08:29.019608840,Medium,Finance,Access Control,Resolved
TCK-8951,2025-06-15 23:00:22.682268,2025-06-16 18:11:15.575514147,Medium,Operations,Access Control,Resolved
TCK-8952,2025-06-15 23:30:37.263726,2025-06-16 10:50:02.156869399,Critical,HR,Hardware,Closed
TCK-8953,2025-06-16 00:00:51.845184,2025-06-16 11:25:37.537579815,Low,IT Support,Email,Closed
TCK-8954,2025-06-16 00:31:06.426642,2025-06-16 09:05:41.030700797,Low,DevOps,Software,Resolved
TCK-8955,2025-06-16 01:01:21.008100,2025-06-18 00:39:06.648767696,Low,Operations,Email,Resolved
TCK-8956,2025-06-16 01:01:21.008100,2025-06-16 06:11:15.413194928,Low,IT Support,Network,Closed
TCK-8957,2025-06-16 02:32:04.752475,2025-06-16 09:23:11.962616053,Low,Finance,Hardware,Resolved
TCK-8958,2025-06-16 03:02:19.333933,2025-06-18 14:24:05.859563341,High,DevOps,Access Control,Closed
TCK-8959,2025-06-16 03:02:19.333933,2025-06-17 08:56:47.169179335,Medium,Operations,Hardware,Closed
TCK-8960,2025-06-16 04:33:03.078307,2025-06-16 04:48:22.367870013,High,IT Support,Software,Resolved
TCK-8961,2025-06-16 05:33:32.241224,2025-06-18 00:08:23.499120725,Low,IT Support,Network,Closed
TCK-8962,2025-06-16 06:03:46.822682,2025-06-16 10:41:21.722485182,High,IT Support,Hardware,Closed
TCK-8963,2025-06-16 09:05:14.311431,2025-06-17 07:07:06.017372635,Low,Finance,Hardware,Closed
TCK-8964,2025-06-16 09:35:28.892889,2025-06-17 00:05:16.237017823,Critical,Operations,Hardware,Closed
TCK-8965,2025-06-16 10:35:58.055805,2025-06-17 00:27:09.561955727,High,Finance,Access Control,Closed
TCK-8966,2025-06-16 11:06:12.637263,2025-06-17 09:53:01.524785771,Medium,Operations,Network,Closed
TCK-8967,2025-06-16 11:36:27.218721,2025-06-16 15:47:11.246711109,Medium,DevOps,Access Control,Resolved
TCK-8968,2025-06-16 11:36:27.218721,2025-06-16 14:43:30.157615668,Critical,Finance,Hardware,Closed
TCK-8969,2025-06-16 11:36:27.218721,2025-06-17 06:36:10.768923626,Medium,IT Support,Access Control,Resolved
TCK-8970,2025-06-16 12:06:41.800180,2025-06-16 18:17:28.058610701,Low,IT Support,Access Control,Closed
TCK-8971,2025-06-16 12:06:41.800180,2025-06-19 05:46:15.707434444,Medium,IT Support,Software,Closed
TCK-8972,2025-06-16 12:06:41.800180,2025-06-16 22:55:20.005220401,High,IT Support,Email,Resolved
TCK-8973,2025-06-16 12:36:56.381638,2025-06-16 14:44:44.154792452,Unassigned,IT Support,Email,Closed
TCK-8974,2025-06-16 14:37:54.707470,2025-06-17 11:28:18.451232274,Medium,IT Support,Software,Closed
TCK-8975,2025-06-16 14:37:54.707470,2025-06-16 21:12:39.941631982,Low,HR,Software,Resolved
TCK-8976,2025-06-16 14:37:54.707470,2025-06-16 17:31:38.335612235,High,Finance,Access Control,Resolved
TCK-8977,2025-06-16 15:38:23.870387,2025-06-17 01:31:58.399395846,Unassigned,IT Support,Access Control,Closed
TCK-8978,2025-06-16 16:38:53.033303,2025-06-19 04:35:44.889022909,Medium,DevOps,Network,Closed
TCK-8979,2025-06-16 17:09:07.614761,2025-06-17 02:41:35.528174436,Medium,Finance,Email,Resolved
TCK-8980,2025-06-16 17:09:07.614761,2025-06-17 00:49:57.088339090,Medium,DevOps,Access Control,Closed
TCK-8981,2025-06-16 17:09:07.614761,2025-06-17 03:44:03.716419419,Low,DevOps,Network,Closed
TCK-8982,2025-06-16 17:39:22.196219,2025-06-16 17:52:32.088715697,Unassigned,DevOps,Email,Closed
TCK-8983,2025-06-16 17:39:22.196219,2025-06-16 20:13:37.802090141,High,Operations,Network,Closed
TCK-8984,2025-06-16 17:39:22.196219,2025-06-18 03:45:55.158511274,Low,IT Support,Network,Resolved
TCK-8985,2025-06-16 17:39:22.196219,2025-06-19 14:23:06.625934762,Critical,IT Support,Software,Closed
TCK-8986,2025-06-16 18:09:36.777677,2025-06-16 21:15:16.271742905,Critical,IT Support,Hardware,Closed
TCK-8987,2025-06-16 18:39:51.359135,2025-06-17 08:28:02.078037153,Medium,Finance,Hardware,Closed
TCK-8988,2025-06-16 19:10:05.940594,2025-06-19 08:12:38.942871038,Medium,HR,Hardware,Closed
TCK-8989,2025-06-16 19:10:05.940594,2025-06-16 22:14:00.852867778,Low,HR,Network,Closed
TCK-8990,2025-06-16 19:40:20.522052,2025-06-16 23:23:00.684785072,Low,IT Support,Access Control,Resolved
TCK-8991,2025-06-16 19:40:20.522052,2025-06-18 18:44:18.479716907,Medium,Finance,Hardware,Resolved
TCK-8992,2025-06-16 23:12:02.592259,2025-06-17 21:13:00.356687432,Low,Finance,Access Control,Resolved
TCK-8993,2025-06-16 23:12:02.592259,2025-06-17 02:10:03.923559628,High,IT Support,Email,Closed
TCK-8994,2025-06-16 23:42:17.173717,2025-06-17 08:42:19.666364186,Critical,HR,Hardware,Closed
TCK-8995,2025-06-16 23:42:17.173717,2025-06-17 00:44:50.072947704,Low,Operations,Network,Closed
TCK-8996,2025-06-16 23:42:17.173717,2025-06-17 09:54:26.904801716,Low,DevOps,Software,Resolved
TCK-8997,2025-06-17 00:12:31.755175,2025-06-18 03:17:32.056324402,Low,IT Support,Network,Closed
TCK-8998,2025-06-17 00:12:31.755175,2025-06-17 14:44:29.569058803,Critical,Operations,Access Control,Resolved
TCK-8999,2025-06-17 00:42:46.336633,2025-06-17 19:28:42.959528270,High,IT Support,Email,Resolved
TCK-9000,2025-06-17 01:13:00.918091,2025-06-17 08:20:25.046498743,Medium,HR,Network,Resolved
TCK-9001,2025-06-17 01:13:00.918091,2025-06-17 04:23:06.792236306,High,IT Support,Software,Closed
TCK-9002,2025-06-17 02:13:30.081008,2025-06-17 02:27:45.665155915,Low,Operations,Software,Closed
TCK-9003,2025-06-17 02:13:30.081008,2025-06-18 09:13:23.193771646,Low,IT Support,Email,Resolved
TCK-9004,2025-06-17 02:43:44.662466,2025-06-17 20:57:08.264767232,Medium,IT Support,Hardware,Closed
TCK-9005,2025-06-17 02:43:44.662466,2025-06-17 07:25:04.002831155,Medium,Operations,Network,Resolved
TCK-9006,2025-06-17 03:44:13.825382,2025-06-17 13:29:37.417674007,Medium,Finance,Network,Resolved
TCK-9007,2025-06-17 03:44:13.825382,2025-06-18 08:50:14.716586953,Low,DevOps,Software,Closed
TCK-9008,2025-06-17 04:14:28.406840,2025-06-17 18:10:04.626390251,Medium,IT Support,Access Control,Closed
TCK-9009,2025-06-17 04:44:42.988298,2025-06-17 11:10:10.326346607,Medium,HR,Network,Resolved
TCK-9010,2025-06-17 04:44:42.988298,2025-06-17 10:20:26.802969963,Medium,Operations,Software,Resolved
TCK-9011,2025-06-17 04:44:42.988298,2025-06-17 09:09:45.367427462,Low,Finance,Access Control,Closed
TCK-9012,2025-06-17 05:14:57.569756,2025-06-18 12:29:33.371973252,Low,DevOps,Hardware,Resolved
TCK-9013,2025-06-17 06:15:26.732673,2025-06-17 21:57:08.432554209,Low,Operations,Hardware,Closed
TCK-9014,2025-06-17 06:45:41.314131,2025-06-18 04:59:27.515673877,Medium,DevOps,Software,Closed
TCK-9015,2025-06-17 07:15:55.895589,2025-06-18 18:40:15.779836331,Low,IT Support,Software,Closed
TCK-9016,2025-06-17 07:46:10.477047,2025-06-20 13:44:58.582062384,Critical,IT Support,Hardware,Closed
TCK-9017,2025-06-17 07:46:10.477047,2025-06-17 12:56:07.672572020,Low,IT Support,Software,Resolved
TCK-9018,2025-06-17 08:16:25.058505,2025-06-17 11:51:56.037130573,Medium,HR,Email,Resolved
TCK-9019,2025-06-17 09:16:54.221422,2025-06-17 20:26:23.329197866,Critical,Operations,Network,Closed
TCK-9020,2025-06-17 09:16:54.221422,2025-06-17 09:55:27.649145508,Low,HR,Email,Resolved
TCK-9021,2025-06-17 09:16:54.221422,2025-06-18 13:31:16.464742691,Medium,Operations,Access Control,Closed
TCK-9022,2025-06-17 09:16:54.221422,2025-06-19 00:01:10.188002069,Medium,DevOps,Software,Closed
TCK-9023,2025-06-17 10:17:23.384338,2025-06-18 07:08:33.454054996,Medium,Operations,Software,Resolved
TCK-9024,2025-06-17 10:17:23.384338,2025-06-17 15:54:18.908664378,Medium,Operations,Access Control,Closed
TCK-9025,2025-06-17 10:17:23.384338,2025-06-17 12:39:19.762030505,Low,DevOps,Network,Closed
TCK-9026,2025-06-17 10:47:37.965796,2025-06-17 19:27:39.176328110,Low,Operations,Hardware,Resolved
TCK-9027,2025-06-17 10:47:37.965796,2025-06-18 19:02:44.868660522,Unassigned,DevOps,Email,Closed
TCK-9028,2025-06-17 12:48:36.291629,2025-06-17 20:30:14.834374198,High,DevOps,Network,Closed
TCK-9029,2025-06-17 13:18:50.873087,2025-06-17 13:56:29.477947267,Low,DevOps,Hardware,Closed
TCK-9030,2025-06-17 13:49:05.454545,2025-06-17 19:35:19.785811905,Medium,DevOps,Hardware,Resolved
TCK-9031,2025-06-17 13:49:05.454545,2025-06-21 00:36:48.990903887,Low,HR,Software,Resolved
TCK-9032,2025-06-17 13:49:05.454545,2025-06-18 10:08:29.706158341,Low,HR,Access Control,Closed
TCK-9033,2025-06-17 14:19:20.036003,2025-06-19 07:55:23.861012908,Low,IT Support,Software,Resolved
TCK-9034,2025-06-17 14:19:20.036003,2025-06-18 17:09:40.480671700,High,IT Support,Access Control,Resolved
TCK-9035,2025-06-17 15:19:49.198919,2025-06-18 05:17:46.793823644,Medium,HR,Software,Closed
TCK-9036,2025-06-17 15:19:49.198919,2025-06-17 18:13:40.548362507,High,Operations,Email,Closed
TCK-9037,2025-06-17 15:19:49.198919,2025-06-17 23:02:48.937511911,Medium,DevOps,Software,Closed
TCK-9038,2025-06-17 15:19:49.198919,2025-06-18 07:06:22.883851975,High,IT Support,Email,Closed
TCK-9039,2025-06-17 16:20:18.361836,2025-06-19 05:09:00.642146308,Low,DevOps,Network,Closed
TCK-9040,2025-06-17 16:20:18.361836,2025-06-17 21:58:14.112339135,Medium,Operations,Network,Closed
TCK-9041,2025-06-17 16:20:18.361836,2025-06-17 18:39:52.369541483,Medium,DevOps,Software,Resolved
TCK-9042,2025-06-17 17:20:47.524752,2025-06-18 08:04:35.324531012,Low,DevOps,Network,Closed
TCK-9043,2025-06-17 17:20:47.524752,2025-06-17 20:50:31.245013029,High,IT Support,Hardware,Resolved
TCK-9044,2025-06-17 17:51:02.106210,2025-06-18 10:48:58.476853468,Low,IT Support,Email,Closed
TCK-9045,2025-06-17 17:51:02.106210,2025-06-17 23:21:22.816418212,Critical,Finance,Access Control,Closed
TCK-9046,2025-06-17 18:51:31.269126,2025-06-17 23:35:08.799002111,High,IT Support,Email,Resolved
TCK-9047,2025-06-17 18:51:31.269126,2025-06-18 04:01:44.352513050,Medium,IT Support,Software,Closed
TCK-9048,2025-06-17 19:21:45.850585,2025-06-18 11:33:07.835882470,Unassigned,Operations,Network,Resolved
TCK-9049,2025-06-17 20:22:15.013501,2025-06-18 10:33:27.540845473,Low,DevOps,Network,Resolved
TCK-9050,2025-06-17 20:22:15.013501,2025-06-18 01:25:23.460195451,Medium,IT Support,Hardware,Resolved
TCK-9051,2025-06-17 20:52:29.594959,2025-06-19 12:47:22.193845477,Critical,IT Support,Network,Closed
TCK-9052,2025-06-17 21:22:44.176417,2025-06-17 23:28:26.974615950,Unassigned,HR,Software,Resolved
TCK-9053,2025-06-17 21:52:58.757875,2025-06-17 22:36:28.093590159,Low,IT Support,Software,Closed
TCK-9054,2025-06-17 22:23:13.339333,2025-06-18 15:00:08.884214328,High,DevOps,Access Control,Resolved
TCK-9055,2025-06-17 22:23:13.339333,2025-06-18 00:45:28.320229329,Medium,IT Support,Email,Closed
TCK-9056,2025-06-17 22:53:27.920792,2025-06-18 11:32:40.828028277,High,DevOps,Email,Closed
TCK-9057,2025-06-17 23:53:57.083708,2025-06-20 06:28:20.454776159,Low,DevOps,Email,Resolved
TCK-9058,2025-06-17 23:53:57.083708,2025-06-18 21:29:08.583407394,Medium,Finance,Access Control,Closed
TCK-9059,2025-06-18 00:24:11.665166,2025-06-18 17:41:58.835138395,Low,DevOps,Access Control,Resolved
TCK-9060,2025-06-18 00:54:26.246624,2025-06-18 16:18:03.719880459,Medium,IT Support,Access Control,Closed
TCK-9061,2025-06-18 00:54:26.246624,2025-06-18 04:28:09.467364742,High,Finance,Hardware,Closed
TCK-9062,2025-06-18 01:24:40.828082,2025-06-18 11:36:47.851159001,Medium,DevOps,Access Control,Closed
TCK-9063,2025-06-18 01:24:40.828082,2025-06-18 08:57:34.466262554,Medium,DevOps,Network,Closed
TCK-9064,2025-06-18 01:24:40.828082,2025-06-20 08:28:36.356460717,Medium,IT Support,Hardware,Closed
TCK-9065,2025-06-18 01:54:55.409540,2025-06-18 06:54:37.049992772,Low,IT Support,Network,Closed
TCK-9066,2025-06-18 02:25:09.990999,2025-06-18 13:53:55.766639947,Medium,IT Support,Email,Closed
TCK-9067,2025-06-18 02:25:09.990999,2025-06-20 04:29:37.225484221,Low,Finance,Software,Closed
TCK-9068,2025-06-18 02:55:24.572457,2025-06-19 06:56:42.211240426,Medium,DevOps,Email,Closed
TCK-9069,2025-06-18 03:25:39.153915,2025-06-20 15:31:23.800293369,Medium,Finance,Access Control,Closed
TCK-9070,2025-06-18 03:55:53.735373,2025-06-18 20:48:13.126440359,Low,DevOps,Software,Resolved
TCK-9071,2025-06-18 03:55:53.735373,2025-06-18 11:14:31.971660711,Medium,IT Support,Email,Resolved
TCK-9072,2025-06-18 03:55:53.735373,2025-06-19 11:28:31.932363178,High,Operations,Hardware,Resolved
TCK-9073,2025-06-18 03:55:53.735373,2025-06-18 10:08:00.154286182,Medium,Finance,Access Control,Closed
TCK-9074,2025-06-18 03:55:53.735373,2025-06-18 07:10:21.072418990,Medium,IT Support,Email,Closed
TCK-9075,2025-06-18 04:56:22.898289,2025-06-19 02:59:33.159702903,Medium,Finance,Software,Closed
TCK-9076,2025-06-18 05:26:37.479747,2025-06-18 23:46:52.772156753,High,Finance,Network,Resolved
TCK-9077,2025-06-18 05:56:52.061206,2025-06-19 19:57:20.017145190,Medium,IT Support,Email,Closed
TCK-9078,2025-06-18 06:27:06.642664,2025-06-20 17:16:45.420728464,Medium,DevOps,Hardware,Closed
TCK-9079,2025-06-18 07:27:35.805580,2025-06-19 18:29:35.613560525,High,Operations,Software,Resolved
TCK-9080,2025-06-18 07:57:50.387038,2025-06-18 09:04:41.415858609,Low,IT Support,Email,Resolved
TCK-9081,2025-06-18 07:57:50.387038,2025-06-19 03:37:23.220899958,Low,HR,Network,Resolved
TCK-9082,2025-06-18 08:28:04.968496,2025-06-19 12:06:49.566979426,Medium,IT Support,Access Control,Closed
TCK-9083,2025-06-18 08:28:04.968496,2025-06-21 08:42:35.335007706,High,Operations,Access Control,Closed
TCK-9084,2025-06-18 08:58:19.549954,2025-06-18 17:25:20.678174328,Low,IT Support,Access Control,Closed
TCK-9085,2025-06-18 08:58:19.549954,2025-06-18 12:19:24.462527394,Low,IT Support,Software,Closed
TCK-9086,2025-06-18 08:58:19.549954,2025-06-19 19:28:32.559672373,Low,HR,Network,Closed
TCK-9087,2025-06-18 10:59:17.875787,2025-06-18 17:51:47.848660903,Medium,IT Support,Network,Closed
TCK-9088,2025-06-18 10:59:17.875787,2025-06-19 03:24:02.875094248,High,IT Support,Email,Closed
TCK-9089,2025-06-18 11:29:32.457245,2025-06-18 20:23:11.680716889,Unassigned,IT Support,Access Control,Resolved
TCK-9090,2025-06-18 11:29:32.457245,2025-06-18 20:45:25.681689836,Low,IT Support,Software,Closed
TCK-9091,2025-06-18 11:59:47.038703,2025-06-19 11:43:46.028783429,Low,IT Support,Access Control,Resolved
TCK-9092,2025-06-18 12:30:01.620162,2025-06-18 20:34:30.553242519,High,Operations,Access Control,Resolved
TCK-9093,2025-06-18 13:30:30.783078,2025-06-19 10:46:09.447516374,Low,Operations,Email,Resolved
TCK-9094,2025-06-18 13:30:30.783078,2025-06-18 13:46:05.983092939,Medium,HR,Email,Closed
TCK-9095,2025-06-18 14:00:45.364536,2025-06-18 21:04:40.682524312,Low,Finance,Email,Closed
TCK-9096,2025-06-18 16:31:58.271827,2025-06-18 23:26:58.166369581,Low,DevOps,Hardware,Closed
TCK-9097,2025-06-18 16:31:58.271827,2025-06-19 17:24:08.953595560,Medium,HR,Hardware,Closed
TCK-9098,2025-06-18 16:31:58.271827,2025-06-18 23:19:52.590546287,Medium,HR,Software,Closed
TCK-9099,2025-06-18 17:02:12.853285,2025-06-19 11:05:45.734068432,Medium,DevOps,Software,Closed
TCK-9100,2025-06-18 17:02:12.853285,2025-06-19 14:01:57.794709876,Medium,HR,Email,Resolved
TCK-9101,2025-06-18 17:02:12.853285,2025-06-19 12:22:20.339232700,Medium,Finance,Network,Closed
TCK-9102,2025-06-18 18:32:56.597659,2025-06-19 11:11:28.022336300,High,Finance,Software,Resolved
TCK-9103,2025-06-18 19:33:25.760576,2025-06-19 05:09:54.825257260,High,Finance,Hardware,Resolved
TCK-9104,2025-06-18 19:33:25.760576,2025-06-19 03:58:06.493713852,Low,DevOps,Hardware,Resolved
TCK-9105,2025-06-18 20:03:40.342034,2025-06-19 11:01:38.529942599,Medium,DevOps,Access Control,Closed
TCK-9106,2025-06-18 21:04:09.504950,2025-06-18 22:15:14.812968128,High,Operations,Email,Closed
TCK-9107,2025-06-18 21:34:24.086408,2025-06-20 11:07:18.304304221,High,DevOps,Network,Closed
TCK-9108,2025-06-18 22:04:38.667866,2025-06-20 05:28:59.876993558,Low,IT Support,Email,Closed
TCK-9109,2025-06-18 22:34:53.249324,2025-06-19 06:14:08.564996046,Medium,DevOps,Hardware,Closed
TCK-9110,2025-06-18 22:34:53.249324,2025-06-19 13:38:24.923446803,Medium,DevOps,Network,Resolved
TCK-9111,2025-06-18 22:34:53.249324,2025-06-20 23:01:49.039179468,Medium,Finance,Software,Resolved
TCK-9112,2025-06-18 22:34:53.249324,2025-06-19 04:17:11.962519204,Medium,HR,Access Control,Closed
TCK-9113,2025-06-19 00:05:36.993699,2025-06-20 00:30:42.201985660,Low,IT Support,Hardware,Resolved
TCK-9114,2025-06-19 00:05:36.993699,2025-06-19 01:38:52.822452997,High,Operations,Access Control,Closed
TCK-9115,2025-06-19 01:36:20.738073,2025-06-19 14:56:38.787156020,Medium,Operations,Email,Closed
TCK-9116,2025-06-19 01:36:20.738073,2025-06-20 16:22:33.393132159,Low,HR,Network,Resolved
TCK-9117,2025-06-19 02:06:35.319531,2025-06-19 16:33:05.223814876,Critical,IT Support,Email,Closed
TCK-9118,2025-06-19 02:36:49.900990,2025-06-19 19:51:13.484240518,Low,DevOps,Access Control,Resolved
TCK-9119,2025-06-19 02:36:49.900990,2025-06-20 21:29:26.977059489,Low,HR,Hardware,Resolved
TCK-9120,2025-06-19 03:07:04.482448,2025-06-20 01:44:07.775727519,High,HR,Access Control,Closed
TCK-9121,2025-06-19 04:07:33.645364,2025-06-20 01:33:05.019654312,Medium,DevOps,Hardware,Resolved
TCK-9122,2025-06-19 04:07:33.645364,2025-06-19 20:01:00.208038946,Medium,DevOps,Access Control,Closed
TCK-9123,2025-06-19 04:07:33.645364,2025-06-19 22:10:06.729364164,Medium,IT Support,Email,Closed
TCK-9124,2025-06-19 04:37:48.226822,2025-06-20 09:56:11.621667419,Low,DevOps,Access Control,Closed
TCK-9125,2025-06-19 05:38:17.389738,2025-06-22 03:22:38.127526100,Low,DevOps,Software,Resolved
TCK-9126,2025-06-19 05:38:17.389738,2025-06-20 10:11:31.810473939,Low,Finance,Email,Resolved
TCK-9127,2025-06-19 06:38:46.552655,2025-06-20 04:46:32.744468456,Low,IT Support,Access Control,Resolved
TCK-9128,2025-06-19 07:09:01.134113,2025-06-19 09:46:19.636030305,High,IT Support,Access Control,Closed
TCK-9129,2025-06-19 10:10:28.622862,2025-06-20 16:45:04.933551074,Critical,IT Support,Network,Closed
TCK-9130,2025-06-19 10:40:43.204320,2025-06-20 10:39:02.861981318,Medium,IT Support,Email,Closed
TCK-9131,2025-06-19 11:10:57.785778,2025-06-20 13:40:14.669544080,Low,IT Support,Network,Closed
TCK-9132,2025-06-19 11:41:12.367236,2025-06-19 16:25:01.144766243,Low,HR,Email,Closed
TCK-9133,2025-06-19 11:41:12.367236,2025-06-21 05:45:50.725479990,Medium,IT Support,Hardware,Closed
TCK-9134,2025-06-19 12:11:26.948694,2025-06-19 14:01:58.863673912,High,IT Support,Email,Closed
TCK-9135,2025-06-19 12:11:26.948694,2025-06-19 17:27:21.582526383,High,HR,Email,Closed
TCK-9136,2025-06-19 13:11:56.111611,2025-06-20 08:46:41.786794019,Low,IT Support,Access Control,Closed
TCK-9137,2025-06-19 13:11:56.111611,2025-06-20 09:21:30.971335353,Low,DevOps,Software,Closed
TCK-9138,2025-06-19 13:11:56.111611,2025-06-19 19:57:54.012900943,Low,HR,Email,Resolved
TCK-9139,2025-06-19 13:42:10.693069,2025-06-20 11:27:57.236964485,High,IT Support,Network,Resolved
TCK-9140,2025-06-19 14:12:25.274527,2025-06-19 23:02:36.210279058,Medium,IT Support,Software,Resolved
TCK-9141,2025-06-19 15:12:54.437443,2025-06-19 15:13:05.811868818,Medium,DevOps,Email,Resolved
TCK-9142,2025-06-19 15:43:09.018901,2025-06-19 18:54:48.475399425,Unassigned,IT Support,Software,Closed
TCK-9143,2025-06-19 16:43:38.181818,2025-06-21 07:17:20.780255343,Critical,Operations,Hardware,Closed
TCK-9144,2025-06-19 16:43:38.181818,2025-06-19 21:15:42.675502714,Medium,DevOps,Software,Closed
TCK-9145,2025-06-19 16:43:38.181818,2025-06-19 18:53:01.819157021,Low,IT Support,Hardware,Closed
TCK-9146,2025-06-19 17:13:52.763276,2025-06-20 13:51:55.266839194,Low,Finance,Software,Resolved
TCK-9147,2025-06-19 17:44:07.344734,2025-06-20 04:11:41.380309772,Low,DevOps,Software,Resolved
TCK-9148,2025-06-19 17:44:07.344734,2025-06-20 22:24:03.692818823,Medium,IT Support,Network,Closed
TCK-9149,2025-06-19 18:44:36.507650,2025-06-21 06:19:12.894280913,Medium,IT Support,Network,Closed
TCK-9150,2025-06-19 20:15:20.252025,2025-06-21 05:55:43.585471309,Medium,Finance,Access Control,Closed
TCK-9151,2025-06-19 20:45:34.833483,2025-06-20 03:31:02.983014506,Low,Operations,Software,Closed
TCK-9152,2025-06-19 21:15:49.414941,2025-06-20 09:56:28.121688039,High,IT Support,Hardware,Resolved
TCK-9153,2025-06-19 21:15:49.414941,2025-06-20 16:10:04.135080703,Medium,HR,Software,Resolved
TCK-9154,2025-06-19 21:15:49.414941,2025-06-20 04:15:29.596344103,Low,IT Support,Email,Closed
TCK-9155,2025-06-19 21:46:03.996399,2025-06-19 22:31:23.507948829,High,Finance,Hardware,Resolved
TCK-9156,2025-06-19 21:46:03.996399,2025-06-20 10:05:20.459819354,Unassigned,DevOps,Email,Closed
TCK-9157,2025-06-19 22:46:33.159315,2025-06-19 23:00:29.156892271,Medium,HR,Access Control,Closed
TCK-9158,2025-06-19 22:46:33.159315,2025-06-22 04:55:58.789378006,Low,DevOps,Email,Resolved
TCK-9159,2025-06-20 00:17:16.903690,2025-06-21 04:57:42.793017194,Low,IT Support,Access Control,Resolved
TCK-9160,2025-06-20 00:17:16.903690,2025-06-20 04:07:32.608438451,Low,DevOps,Access Control,Resolved
TCK-9161,2025-06-20 00:47:31.485148,2025-06-20 06:53:43.614620671,High,IT Support,Access Control,Closed
TCK-9162,2025-06-20 00:47:31.485148,2025-06-23 01:57:49.289559403,Medium,DevOps,Email,Closed
TCK-9163,2025-06-20 01:48:00.648064,2025-06-20 10:13:06.571800150,Medium,DevOps,Access Control,Closed
TCK-9164,2025-06-20 02:48:29.810981,2025-06-21 06:22:11.072956972,High,DevOps,Access Control,Resolved
TCK-9165,2025-06-20 02:48:29.810981,2025-06-20 13:27:55.534936902,Unassigned,IT Support,Network,Resolved
TCK-9166,2025-06-20 03:18:44.392439,2025-06-21 15:14:12.619060000,Medium,DevOps,Software,Resolved
TCK-9167,2025-06-20 03:48:58.973897,2025-06-21 01:42:52.284063689,High,Finance,Access Control,Closed
TCK-9168,2025-06-20 03:48:58.973897,2025-06-20 04:14:00.815875783,Medium,Operations,Hardware,Resolved
TCK-9169,2025-06-20 04:19:13.555355,2025-06-20 10:35:48.825493305,Medium,HR,Hardware,Resolved
TCK-9170,2025-06-20 04:49:28.136813,2025-06-20 19:31:12.671856898,High,DevOps,Network,Closed
TCK-9171,2025-06-20 05:19:42.718271,2025-06-22 04:14:14.427974902,Medium,HR,Email,Closed
TCK-9172,2025-06-20 05:19:42.718271,2025-06-20 07:15:56.397166950,Low,HR,Email,Closed
TCK-9173,2025-06-20 05:49:57.299729,2025-06-20 22:22:41.544472584,Medium,IT Support,Email,Closed
TCK-9174,2025-06-20 05:49:57.299729,2025-06-20 12:18:31.653182446,High,IT Support,Access Control,Resolved
TCK-9175,2025-06-20 06:20:11.881188,2025-06-21 21:57:28.503139096,Critical,IT Support,Email,Closed
TCK-9176,2025-06-20 06:20:11.881188,2025-06-21 08:25:00.067796372,Medium,IT Support,Email,Closed
TCK-9177,2025-06-20 07:50:55.625562,2025-06-20 16:09:24.953391049,Medium,IT Support,Software,Closed
TCK-9178,2025-06-20 08:21:10.207020,2025-06-20 11:38:38.594818247,Low,DevOps,Access Control,Closed
TCK-9179,2025-06-20 08:21:10.207020,2025-06-20 08:33:39.592139804,Medium,HR,Access Control,Closed
TCK-9180,2025-06-20 08:51:24.788478,2025-06-21 02:19:37.976417295,Medium,DevOps,Hardware,Closed
TCK-9181,2025-06-20 08:51:24.788478,2025-06-20 18:14:11.058356143,Low,Finance,Hardware,Resolved
TCK-9182,2025-06-20 09:21:39.369936,2025-06-20 16:09:52.539968165,Low,DevOps,Software,Closed
TCK-9183,2025-06-20 11:52:52.277227,2025-06-23 16:05:20.228877568,Medium,Finance,Network,Resolved
TCK-9184,2025-06-20 11:52:52.277227,2025-06-20 23:10:42.419146969,Medium,IT Support,Access Control,Closed
TCK-9185,2025-06-20 11:52:52.277227,2025-06-21 12:49:22.507532867,Medium,Finance,Hardware,Closed
TCK-9186,2025-06-20 12:23:06.858685,2025-06-20 15:54:02.319319034,Critical,DevOps,Email,Closed
TCK-9187,2025-06-20 12:53:21.440144,2025-06-20 13:07:59.259824221,Medium,Finance,Access Control,Closed
TCK-9188,2025-06-20 12:53:21.440144,2025-06-20 22:37:08.017457648,Low,DevOps,Access Control,Closed
TCK-9189,2025-06-20 12:53:21.440144,2025-06-21 08:36:37.052446694,High,DevOps,Access Control,Closed
TCK-9190,2025-06-20 14:24:05.184518,2025-06-21 03:07:02.006135971,Medium,HR,Hardware,Closed
TCK-9191,2025-06-20 14:24:05.184518,2025-06-22 06:12:31.850789393,Low,DevOps,Software,Closed
TCK-9192,2025-06-20 14:24:05.184518,2025-06-21 00:38:44.466337901,Medium,DevOps,Hardware,Closed
TCK-9193,2025-06-20 14:24:05.184518,2025-06-20 21:06:24.356810108,Low,IT Support,Email,Closed
TCK-9194,2025-06-20 15:24:34.347434,2025-06-22 12:00:17.522048300,Medium,Finance,Email,Closed
TCK-9195,2025-06-20 15:24:34.347434,2025-06-21 00:48:34.690080960,Medium,DevOps,Network,Resolved
TCK-9196,2025-06-20 15:24:34.347434,2025-06-20 21:03:56.352927150,Unassigned,Finance,Hardware,Closed
TCK-9197,2025-06-20 16:25:03.510351,2025-06-20 18:16:02.687740040,Medium,Operations,Hardware,Closed
TCK-9198,2025-06-20 16:55:18.091809,2025-06-21 21:17:57.501199996,Low,IT Support,Network,Closed
TCK-9199,2025-06-20 17:55:47.254725,2025-06-22 01:18:45.541172652,Low,DevOps,Network,Resolved
TCK-9200,2025-06-20 17:55:47.254725,2025-06-20 18:32:21.692257081,Medium,DevOps,Access Control,Closed
TCK-9201,2025-06-20 19:26:30.999099,2025-06-21 03:26:13.415087280,Low,DevOps,Access Control,Closed
TCK-9202,2025-06-20 19:56:45.580558,2025-06-21 20:53:25.440100335,Medium,HR,Email,Resolved
TCK-9203,2025-06-20 19:56:45.580558,2025-06-23 00:36:41.801165798,Medium,HR,Software,Resolved
TCK-9204,2025-06-20 20:27:00.162016,2025-06-21 04:59:29.257648639,Medium,Finance,Email,Closed
TCK-9205,2025-06-20 20:27:00.162016,2025-06-22 09:27:38.198275192,High,HR,Hardware,Closed
TCK-9206,2025-06-21 00:28:56.813681,2025-06-21 09:29:23.642433238,Medium,Operations,Software,Resolved
TCK-9207,2025-06-21 01:59:40.558055,2025-06-21 05:33:20.254411936,Medium,IT Support,Access Control,Closed
TCK-9208,2025-06-21 01:59:40.558055,2025-06-21 02:03:24.253837420,Medium,Finance,Network,Closed
TCK-9209,2025-06-21 03:00:09.720972,2025-06-21 10:12:58.177564002,High,IT Support,Network,Resolved
TCK-9210,2025-06-21 03:00:09.720972,2025-06-21 11:33:47.254764734,Critical,Finance,Email,Resolved
TCK-9211,2025-06-21 04:00:38.883888,2025-06-23 08:15:24.854120178,Unassigned,DevOps,Hardware,Closed
TCK-9212,2025-06-21 04:30:53.465346,2025-06-21 08:40:06.732835810,Unassigned,IT Support,Hardware,Closed
TCK-9213,2025-06-21 05:01:08.046804,2025-06-21 13:41:18.332098862,Unassigned,DevOps,Network,Closed
TCK-9214,2025-06-21 06:01:37.209720,2025-06-21 06:29:08.048192306,High,IT Support,Email,Closed
TCK-9215,2025-06-21 06:01:37.209720,2025-06-22 07:58:57.196085778,Medium,Finance,Email,Closed
TCK-9216,2025-06-21 06:31:51.791179,2025-06-23 02:55:58.293264029,Low,Finance,Access Control,Resolved
TCK-9217,2025-06-21 06:31:51.791179,2025-06-21 11:25:09.746200581,High,IT Support,Access Control,Closed
TCK-9218,2025-06-21 08:32:50.117011,2025-06-21 18:38:01.283436151,High,IT Support,Access Control,Closed
TCK-9219,2025-06-21 09:03:04.698469,2025-06-21 11:23:44.053731202,High,DevOps,Software,Closed
TCK-9220,2025-06-21 09:03:04.698469,2025-06-21 20:02:14.920335327,Medium,HR,Email,Closed
TCK-9221,2025-06-21 09:03:04.698469,2025-06-21 11:37:38.315806823,Critical,IT Support,Email,Closed
TCK-9222,2025-06-21 10:03:33.861386,2025-06-21 23:23:48.694795156,High,DevOps,Access Control,Closed
TCK-9223,2025-06-21 10:33:48.442844,2025-06-22 10:26:32.136233128,Low,IT Support,Network,Closed
TCK-9224,2025-06-21 11:04:03.024302,2025-06-22 01:34:29.479356688,Low,DevOps,Access Control,Closed
TCK-9225,2025-06-21 12:34:46.768676,2025-06-21 17:38:36.849276855,High,Finance,Software,Resolved
TCK-9226,2025-06-21 12:34:46.768676,2025-06-21 20:26:21.041524231,Medium,IT Support,Network,Closed
TCK-9227,2025-06-21 13:05:01.350135,2025-06-22 07:24:07.951689451,Low,IT Support,Email,Resolved
TCK-9228,2025-06-21 13:05:01.350135,2025-06-22 05:07:18.263869819,Medium,Finance,Software,Closed
TCK-9229,2025-06-21 13:35:15.931593,2025-06-21 16:14:06.693431767,Low,IT Support,Software,Closed
TCK-9230,2025-06-21 15:05:59.675967,2025-06-23 00:39:07.150601644,Critical,IT Support,Network,Closed
TCK-9231,2025-06-21 15:36:14.257425,2025-06-22 03:12:31.913452028,Low,DevOps,Access Control,Closed
TCK-9232,2025-06-21 15:36:14.257425,2025-06-21 18:47:35.383896966,Medium,Finance,Access Control,Closed
TCK-9233,2025-06-21 15:36:14.257425,2025-06-21 17:57:46.331198067,Medium,IT Support,Hardware,Closed
TCK-9234,2025-06-21 16:06:28.838883,2025-06-24 04:44:14.536095946,High,Finance,Network,Closed
TCK-9235,2025-06-21 16:36:43.420342,2025-06-21 22:33:48.791382488,High,Finance,Access Control,Closed
TCK-9236,2025-06-21 16:36:43.420342,2025-06-23 11:40:33.509590391,Low,Finance,Software,Resolved
TCK-9237,2025-06-21 17:37:12.583258,2025-06-22 03:08:07.500513161,High,Finance,Access Control,Closed
TCK-9238,2025-06-21 18:37:41.746174,2025-06-22 03:24:20.325408253,Medium,Operations,Access Control,Resolved
TCK-9239,2025-06-21 19:38:10.909090,2025-06-22 17:21:49.315571899,Low,HR,Software,Resolved
TCK-9240,2025-06-21 19:38:10.909090,2025-06-21 19:48:54.531957970,Medium,IT Support,Network,Closed
TCK-9241,2025-06-21 20:08:25.490549,2025-06-22 03:34:03.588037243,High,IT Support,Hardware,Closed
TCK-9242,2025-06-21 20:38:40.072007,2025-06-22 03:07:57.989744424,Medium,IT Support,Access Control,Closed
TCK-9243,2025-06-21 21:08:54.653465,2025-06-23 09:36:39.804237177,Unassigned,IT Support,Access Control,Resolved
TCK-9244,2025-06-21 21:39:09.234923,2025-06-22 11:12:33.971189442,Medium,IT Support,Access Control,Closed
TCK-9245,2025-06-21 22:09:23.816381,2025-06-22 06:19:07.609099692,Medium,Finance,Network,Closed
TCK-9246,2025-06-21 22:09:23.816381,2025-06-22 03:43:29.975564356,Low,IT Support,Software,Closed
TCK-9247,2025-06-21 22:09:23.816381,2025-06-22 14:13:39.999307678,High,DevOps,Software,Resolved
TCK-9248,2025-06-21 23:40:07.560756,2025-06-22 02:37:46.465450936,Medium,HR,Software,Closed
TCK-9249,2025-06-22 00:10:22.142214,2025-06-22 05:15:36.859377577,Medium,Operations,Software,Closed
TCK-9250,2025-06-22 00:10:22.142214,2025-06-22 06:25:46.029362267,High,Finance,Software,Resolved
TCK-9251,2025-06-22 02:11:20.468046,2025-06-22 19:02:30.193135370,Medium,DevOps,Software,Resolved
TCK-9252,2025-06-22 02:41:35.049504,2025-06-22 11:06:10.610939207,High,Operations,Access Control,Resolved
TCK-9253,2025-06-22 04:42:33.375337,2025-06-22 17:23:43.196724686,Medium,Operations,Access Control,Closed
TCK-9254,2025-06-22 05:43:02.538253,2025-06-23 00:38:12.204170802,Medium,Finance,Software,Resolved
TCK-9255,2025-06-22 06:13:17.119711,2025-06-24 14:33:25.407062196,Low,HR,Software,Resolved
TCK-9256,2025-06-22 07:44:00.864086,2025-06-23 09:47:17.443468272,Medium,Finance,Network,Closed
TCK-9257,2025-06-22 08:44:30.027002,2025-06-22 18:05:41.761383181,Medium,HR,Network,Closed
TCK-9258,2025-06-22 09:14:44.608460,2025-06-23 10:04:30.994944120,Medium,IT Support,Email,Closed
TCK-9259,2025-06-22 09:44:59.189918,2025-06-24 15:33:47.506883784,Medium,IT Support,Access Control,Closed
TCK-9260,2025-06-22 10:15:13.771377,2025-06-22 22:42:29.477083612,Low,IT Support,Software,Resolved
TCK-9261,2025-06-22 10:15:13.771377,2025-06-22 19:45:58.974479012,Low,IT Support,Access Control,Resolved
TCK-9262,2025-06-22 10:15:13.771377,2025-06-22 11:42:57.497184990,High,IT Support,Email,Resolved
TCK-9263,2025-06-22 10:15:13.771377,2025-06-24 02:22:36.814241358,Medium,HR,Network,Closed
TCK-9264,2025-06-22 10:15:13.771377,2025-06-22 15:20:48.221566258,Low,IT Support,Email,Resolved
TCK-9265,2025-06-22 11:15:42.934293,2025-06-22 12:27:05.878725252,Medium,HR,Hardware,Resolved
TCK-9266,2025-06-22 11:15:42.934293,2025-06-23 01:07:49.248859197,Medium,DevOps,Network,Closed
TCK-9267,2025-06-22 11:45:57.515751,2025-06-23 21:25:43.316051122,Low,HR,Access Control,Resolved
TCK-9268,2025-06-22 12:46:26.678667,2025-06-22 22:10:08.756705578,Medium,Operations,Network,Resolved
TCK-9269,2025-06-22 12:46:26.678667,2025-06-23 16:16:52.023139454,Low,IT Support,Email,Resolved
TCK-9270,2025-06-22 13:16:41.260126,2025-06-23 21:51:49.118070237,Low,Operations,Software,Closed
TCK-9271,2025-06-22 13:16:41.260126,2025-06-23 00:11:02.005177411,Medium,IT Support,Email,Closed
TCK-9272,2025-06-22 14:47:25.004500,2025-06-23 06:52:51.685720446,Medium,Operations,Email,Resolved
TCK-9273,2025-06-22 14:47:25.004500,2025-06-23 04:31:52.123237844,High,IT Support,Software,Closed
TCK-9274,2025-06-22 15:17:39.585958,2025-06-24 17:41:45.899234360,Medium,DevOps,Access Control,Closed
TCK-9275,2025-06-22 15:17:39.585958,2025-06-23 14:33:54.628394855,Medium,IT Support,Access Control,Closed
TCK-9276,2025-06-22 15:47:54.167416,2025-06-24 14:30:20.347222782,Medium,Finance,Network,Closed
TCK-9277,2025-06-22 16:18:08.748874,2025-06-22 20:46:29.873908531,Medium,IT Support,Email,Closed
TCK-9278,2025-06-22 17:18:37.911791,2025-06-22 23:59:45.085640146,Critical,DevOps,Network,Resolved
TCK-9279,2025-06-22 18:19:07.074707,2025-06-22 19:38:33.335335703,Unassigned,Finance,Software,Closed
TCK-9280,2025-06-22 18:19:07.074707,2025-06-23 06:47:31.084292893,High,Operations,Hardware,Closed
TCK-9281,2025-06-22 18:19:07.074707,2025-06-24 07:35:39.310495677,Medium,Finance,Access Control,Resolved
TCK-9282,2025-06-22 18:49:21.656165,2025-06-23 01:56:48.341751805,Critical,HR,Software,Resolved
TCK-9283,2025-06-22 19:19:36.237623,2025-06-22 21:47:52.592334478,Low,IT Support,Access Control,Resolved
TCK-9284,2025-06-22 20:20:05.400540,2025-06-22 21:36:39.810823654,Medium,DevOps,Network,Closed
TCK-9285,2025-06-22 21:20:34.563456,2025-06-23 08:01:20.555013210,Medium,IT Support,Hardware,Resolved
TCK-9286,2025-06-22 21:20:34.563456,2025-06-23 00:34:03.656896906,Low,DevOps,Email,Closed
TCK-9287,2025-06-22 22:21:03.726372,2025-06-23 05:59:51.220344649,Low,IT Support,Access Control,Closed
TCK-9288,2025-06-22 22:21:03.726372,2025-06-24 05:12:55.395829717,Medium,Finance,Email,Resolved
TCK-9289,2025-06-22 22:21:03.726372,2025-06-23 07:04:24.849824728,Low,Finance,Network,Closed
TCK-9290,2025-06-22 22:21:03.726372,2025-06-23 15:17:38.515875191,Low,HR,Access Control,Closed
TCK-9291,2025-06-22 22:51:18.307830,2025-06-23 11:24:34.794805158,Medium,DevOps,Network,Resolved
TCK-9292,2025-06-22 22:51:18.307830,2025-06-23 21:40:27.931646065,High,IT Support,Email,Closed
TCK-9293,2025-06-22 23:21:32.889288,2025-06-23 02:24:55.816051700,Low,IT Support,Network,Closed
TCK-9294,2025-06-22 23:21:32.889288,2025-06-24 20:55:18.333348066,High,Operations,Network,Closed
TCK-9295,2025-06-23 00:22:02.052205,2025-06-23 18:56:22.278273691,High,IT Support,Network,Closed
TCK-9296,2025-06-23 01:22:31.215121,2025-06-23 07:03:49.186746955,Medium,DevOps,Software,Closed
TCK-9297,2025-06-23 02:53:14.959495,2025-06-23 05:15:18.597231085,Low,Finance,Software,Closed
TCK-9298,2025-06-23 02:53:14.959495,2025-06-23 05:48:25.267805146,Low,DevOps,Access Control,Closed
TCK-9299,2025-06-23 03:23:29.540954,2025-06-24 06:51:54.156686328,Medium,IT Support,Network,Closed
TCK-9300,2025-06-23 03:53:44.122412,2025-06-23 19:51:41.663120458,High,Finance,Network,Closed
TCK-9301,2025-06-23 05:54:42.448244,2025-06-23 14:32:18.470260751,Low,HR,Network,Resolved
TCK-9302,2025-06-23 07:25:26.192619,2025-06-23 14:42:38.307503469,High,HR,Software,Closed
TCK-9303,2025-06-23 07:25:26.192619,2025-06-24 18:16:36.026265292,Medium,Operations,Email,Closed
TCK-9304,2025-06-23 07:25:26.192619,2025-06-24 20:49:11.013640840,Critical,IT Support,Network,Closed
TCK-9305,2025-06-23 09:56:39.099909,2025-06-24 01:36:48.144326861,Medium,DevOps,Hardware,Closed
TCK-9306,2025-06-23 10:26:53.681368,2025-06-23 23:49:51.254934843,High,IT Support,Access Control,Resolved
TCK-9307,2025-06-23 10:26:53.681368,2025-06-24 16:57:46.367505393,High,IT Support,Software,Resolved
TCK-9308,2025-06-23 10:57:08.262826,2025-06-24 11:51:28.044749366,Low,IT Support,Email,Closed
TCK-9309,2025-06-23 11:57:37.425742,2025-06-23 21:09:54.055481855,Low,IT Support,Hardware,Closed
TCK-9310,2025-06-23 12:58:06.588658,2025-06-23 14:31:22.903266765,Low,HR,Network,Closed
TCK-9311,2025-06-23 12:58:06.588658,2025-06-24 15:18:20.384983848,High,IT Support,Software,Closed
TCK-9312,2025-06-23 13:28:21.170117,2025-06-23 16:47:53.992414387,Medium,DevOps,Network,Closed
TCK-9313,2025-06-23 13:28:21.170117,2025-06-23 13:46:11.179491397,Low,IT Support,Access Control,Closed
TCK-9314,2025-06-23 13:28:21.170117,2025-06-24 22:50:04.030400358,Medium,IT Support,Software,Closed
TCK-9315,2025-06-23 13:58:35.751575,2025-06-24 05:31:00.940126103,Low,IT Support,Hardware,Closed
TCK-9316,2025-06-23 14:28:50.333033,2025-06-25 06:29:10.702089488,Low,DevOps,Email,Resolved
TCK-9317,2025-06-23 14:28:50.333033,2025-06-24 02:24:39.051132973,Low,IT Support,Email,Closed
TCK-9318,2025-06-23 15:59:34.077407,2025-06-25 14:58:35.865073956,Low,Operations,Access Control,Closed
TCK-9319,2025-06-23 18:00:32.403240,2025-06-24 01:52:24.303586028,Low,IT Support,Email,Closed
TCK-9320,2025-06-23 18:30:46.984698,2025-06-24 17:43:10.223790578,Medium,HR,Email,Closed
TCK-9321,2025-06-23 19:01:01.566156,2025-06-24 01:27:45.489505817,Medium,IT Support,Access Control,Closed
TCK-9322,2025-06-23 19:31:16.147614,2025-06-23 19:32:31.596969833,Low,IT Support,Hardware,Closed
TCK-9323,2025-06-23 20:01:30.729072,2025-06-24 04:37:20.754212352,Low,DevOps,Software,Resolved
TCK-9324,2025-06-23 20:31:45.310531,2025-06-24 20:37:21.159471373,High,HR,Software,Resolved
TCK-9325,2025-06-23 22:02:29.054905,2025-06-24 00:58:02.124889890,Low,IT Support,Access Control,Closed
TCK-9326,2025-06-23 22:02:29.054905,2025-06-24 10:41:30.343496620,Low,IT Support,Network,Closed
TCK-9327,2025-06-23 22:32:43.636363,2025-06-24 02:50:29.144437797,Low,IT Support,Access Control,Closed
TCK-9328,2025-06-23 23:02:58.217821,2025-06-24 00:26:43.799238400,Medium,Operations,Access Control,Closed
TCK-9329,2025-06-23 23:02:58.217821,2025-06-24 16:20:44.608854385,Low,DevOps,Access Control,Closed
TCK-9330,2025-06-24 00:33:41.962196,2025-06-26 07:12:26.983612112,Unassigned,HR,Access Control,Closed
TCK-9331,2025-06-24 02:34:40.288028,2025-06-24 09:16:31.383677261,Low,HR,Email,Resolved
TCK-9332,2025-06-24 05:36:07.776777,2025-06-24 21:14:41.528015210,Low,Operations,Email,Closed
TCK-9333,2025-06-24 06:06:22.358235,2025-06-26 13:22:32.598763664,High,Finance,Hardware,Closed
TCK-9334,2025-06-24 06:36:36.939693,2025-06-25 01:31:54.964008494,Low,Operations,Access Control,Closed
TCK-9335,2025-06-24 08:07:20.684068,2025-06-25 04:14:56.263530441,Medium,HR,Software,Resolved
TCK-9336,2025-06-24 08:07:20.684068,2025-06-24 11:40:15.686449889,Medium,IT Support,Network,Closed
TCK-9337,2025-06-24 08:37:35.265526,2025-06-24 20:50:20.426564792,Low,DevOps,Email,Closed
TCK-9338,2025-06-24 10:08:19.009900,2025-06-24 18:22:19.539968677,High,Finance,Software,Closed
TCK-9339,2025-06-24 10:38:33.591359,2025-06-24 22:06:10.797889974,Medium,DevOps,Email,Resolved
TCK-9340,2025-06-24 10:38:33.591359,2025-06-25 15:41:13.533796617,Medium,IT Support,Hardware,Resolved
TCK-9341,2025-06-24 11:08:48.172817,2025-06-24 22:15:40.967515184,Medium,Finance,Network,Closed
TCK-9342,2025-06-24 11:08:48.172817,2025-06-24 12:18:54.512402386,Low,HR,Email,Closed
TCK-9343,2025-06-24 11:08:48.172817,2025-06-26 05:37:10.019564767,High,IT Support,Network,Closed
TCK-9344,2025-06-24 11:39:02.754275,2025-06-25 01:49:03.808044651,Medium,DevOps,Network,Resolved
TCK-9345,2025-06-24 13:09:46.498649,2025-06-26 11:40:00.402832449,Critical,Finance,Software,Resolved
TCK-9346,2025-06-24 13:40:01.080108,2025-06-25 04:57:26.135137220,Medium,Finance,Email,Closed
TCK-9347,2025-06-24 14:10:15.661566,2025-06-24 15:28:12.906850903,High,Operations,Network,Resolved
TCK-9348,2025-06-24 14:40:30.243024,2025-06-25 05:09:48.057380594,Low,DevOps,Access Control,Resolved
TCK-9349,2025-06-24 15:10:44.824482,2025-06-25 06:36:44.751942979,Low,Finance,Network,Closed
TCK-9350,2025-06-24 15:40:59.405940,2025-06-24 20:01:31.174515713,Critical,Finance,Network,Closed
TCK-9351,2025-06-24 17:11:43.150315,2025-06-25 04:39:29.204771902,Low,HR,Email,Closed
TCK-9352,2025-06-24 17:11:43.150315,2025-06-25 04:16:05.028207178,High,DevOps,Access Control,Closed
TCK-9353,2025-06-24 17:41:57.731773,2025-06-25 11:15:09.501286668,Low,HR,Network,Closed
TCK-9354,2025-06-24 17:41:57.731773,2025-06-24 23:06:35.558153070,Low,DevOps,Email,Closed
TCK-9355,2025-06-24 17:41:57.731773,2025-06-25 09:23:22.087518847,High,IT Support,Email,Closed
TCK-9356,2025-06-24 18:12:12.313231,2025-06-24 23:09:57.045879586,High,IT Support,Network,Closed
TCK-9357,2025-06-24 18:12:12.313231,2025-06-25 04:50:54.686929927,High,IT Support,Hardware,Resolved
TCK-9358,2025-06-24 18:42:26.894689,2025-06-24 21:03:50.041946591,High,Finance,Hardware,Closed
TCK-9359,2025-06-24 19:42:56.057605,2025-06-24 20:23:59.365536388,Medium,IT Support,Software,Resolved
TCK-9360,2025-06-24 20:13:10.639063,2025-06-25 03:10:37.558808666,Medium,IT Support,Hardware,Resolved
TCK-9361,2025-06-24 20:13:10.639063,2025-06-25 01:59:50.992575216,High,Finance,Hardware,Closed
TCK-9362,2025-06-24 20:43:25.220522,2025-06-25 06:07:40.162718726,Medium,IT Support,Email,Closed
TCK-9363,2025-06-24 20:43:25.220522,2025-06-27 07:34:42.548752223,Unassigned,IT Support,Email,Closed
TCK-9364,2025-06-24 21:43:54.383438,2025-06-25 11:01:37.241820454,Medium,IT Support,Network,Closed
TCK-9365,2025-06-24 21:43:54.383438,2025-06-25 12:13:56.750109806,Low,DevOps,Network,Closed
TCK-9366,2025-06-24 22:14:08.964896,2025-06-27 01:21:50.589950125,Medium,Finance,Email,Closed
TCK-9367,2025-06-24 22:44:23.546354,2025-06-26 20:27:46.670199958,Medium,Operations,Network,Resolved
TCK-9368,2025-06-25 00:15:07.290729,2025-06-26 15:02:39.758387026,Medium,IT Support,Email,Closed
TCK-9369,2025-06-25 00:15:07.290729,2025-06-25 02:06:30.434173634,Medium,IT Support,Hardware,Resolved
TCK-9370,2025-06-25 00:45:21.872187,2025-06-25 18:51:46.451955248,Critical,IT Support,Network,Closed
TCK-9371,2025-06-25 01:15:36.453645,2025-06-26 06:58:26.710145928,Low,Operations,Hardware,Closed
TCK-9372,2025-06-25 02:46:20.198019,2025-06-26 11:16:03.563619943,Medium,Finance,Software,Closed
TCK-9373,2025-06-25 02:46:20.198019,2025-06-25 18:17:52.138629117,Critical,Finance,Network,Closed
TCK-9374,2025-06-25 03:16:34.779477,2025-06-25 03:35:38.525619153,Critical,Operations,Email,Closed
TCK-9375,2025-06-25 03:46:49.360936,2025-06-27 21:16:35.631629869,Low,IT Support,Email,Closed
TCK-9376,2025-06-25 03:46:49.360936,2025-06-25 15:16:58.609120779,High,IT Support,Software,Closed
TCK-9377,2025-06-25 04:47:18.523852,2025-06-25 13:47:32.046035349,Medium,DevOps,Email,Closed
TCK-9378,2025-06-25 05:17:33.105310,2025-06-25 14:20:11.350393826,Critical,DevOps,Hardware,Closed
TCK-9379,2025-06-25 06:18:02.268226,2025-06-25 16:14:06.010121016,High,DevOps,Email,Resolved
TCK-9380,2025-06-25 06:18:02.268226,2025-06-25 11:17:31.978014413,Medium,DevOps,Software,Closed
TCK-9381,2025-06-25 06:48:16.849684,2025-06-25 13:56:30.425617903,High,Finance,Access Control,Resolved
TCK-9382,2025-06-25 07:18:31.431143,2025-06-28 11:20:15.907846074,Unassigned,Operations,Access Control,Closed
TCK-9383,2025-06-25 07:18:31.431143,2025-06-25 15:34:23.168112893,Medium,Finance,Hardware,Closed
TCK-9384,2025-06-25 08:49:15.175517,2025-06-25 22:17:10.675205346,Medium,IT Support,Access Control,Closed
TCK-9385,2025-06-25 09:49:44.338433,2025-06-26 19:46:24.994582036,Medium,Finance,Email,Closed
TCK-9386,2025-06-25 10:19:58.919891,2025-06-25 23:49:30.716533150,Medium,DevOps,Software,Resolved
TCK-9387,2025-06-25 10:19:58.919891,2025-06-25 17:23:35.629308682,High,DevOps,Hardware,Closed
TCK-9388,2025-06-25 11:50:42.664266,2025-06-26 01:11:52.237633266,Medium,IT Support,Access Control,Closed
TCK-9389,2025-06-25 12:20:57.245724,2025-06-25 14:31:46.842257111,Medium,IT Support,Email,Closed
TCK-9390,2025-06-25 14:52:10.153015,2025-06-25 17:22:34.853025205,High,IT Support,Email,Closed
TCK-9391,2025-06-25 14:52:10.153015,2025-06-26 12:11:27.156019766,Unassigned,Operations,Network,Closed
TCK-9392,2025-06-25 15:22:24.734473,2025-06-27 12:16:27.052574347,High,IT Support,Network,Closed
TCK-9393,2025-06-25 15:22:24.734473,2025-06-26 14:39:20.499675896,Medium,HR,Software,Closed
TCK-9394,2025-06-25 16:22:53.897389,2025-06-25 17:46:38.716879023,Medium,Finance,Hardware,Closed
TCK-9395,2025-06-25 17:23:23.060306,2025-06-26 02:40:18.043764741,Medium,Operations,Access Control,Closed
TCK-9396,2025-06-25 17:53:37.641764,2025-06-25 17:56:23.325918475,Low,DevOps,Access Control,Closed
TCK-9397,2025-06-25 18:54:06.804680,2025-06-26 07:47:11.659894749,Medium,Operations,Email,Closed
TCK-9398,2025-06-25 19:24:21.386138,2025-06-25 23:16:12.976196670,High,Finance,Access Control,Resolved
TCK-9399,2025-06-25 21:55:34.293429,2025-06-27 10:23:43.302137373,Low,Operations,Software,Closed
TCK-9400,2025-06-25 22:56:03.456345,2025-06-26 00:55:03.695696135,Medium,IT Support,Network,Closed
TCK-9401,2025-06-25 22:56:03.456345,2025-06-25 22:57:36.407211076,Low,HR,Email,Resolved
TCK-9402,2025-06-25 22:56:03.456345,2025-06-26 09:43:58.459582134,High,DevOps,Hardware,Resolved
TCK-9403,2025-06-25 22:56:03.456345,2025-06-26 01:58:30.222006833,Medium,IT Support,Email,Closed
TCK-9404,2025-06-26 00:26:47.200720,2025-06-27 00:33:17.650993874,Medium,Operations,Access Control,Closed
TCK-9405,2025-06-26 00:26:47.200720,2025-06-27 21:53:41.571168330,Medium,HR,Software,Resolved
TCK-9406,2025-06-26 01:27:16.363636,2025-06-26 02:13:32.577067654,Medium,HR,Hardware,Closed
TCK-9407,2025-06-26 01:57:30.945094,2025-06-26 11:01:17.061621757,High,IT Support,Email,Closed
TCK-9408,2025-06-26 02:27:45.526552,2025-06-30 09:56:59.873457751,Medium,Finance,Access Control,Closed
TCK-9409,2025-06-26 02:58:00.108010,2025-06-27 02:42:49.374113158,Medium,IT Support,Email,Closed
TCK-9410,2025-06-26 02:58:00.108010,2025-06-28 10:04:32.312081709,High,IT Support,Hardware,Resolved
TCK-9411,2025-06-26 03:58:29.270927,2025-06-26 07:12:03.134799226,Medium,Operations,Access Control,Closed
TCK-9412,2025-06-26 04:28:43.852385,2025-06-26 08:58:57.944039176,Low,Operations,Network,Resolved
TCK-9413,2025-06-26 04:28:43.852385,2025-06-26 07:30:22.907349520,Medium,IT Support,Hardware,Closed
TCK-9414,2025-06-26 05:29:13.015301,2025-06-26 11:58:05.228449029,Medium,Finance,Network,Closed
TCK-9415,2025-06-26 05:59:27.596759,2025-06-27 05:11:18.398100950,High,Finance,Network,Closed
TCK-9416,2025-06-26 05:59:27.596759,2025-06-26 09:14:08.423818229,Low,HR,Access Control,Resolved
TCK-9417,2025-06-26 06:29:42.178217,2025-06-26 19:51:57.511795374,Medium,Finance,Email,Resolved
TCK-9418,2025-06-26 08:30:40.504050,2025-06-26 14:09:23.665033546,Low,HR,Email,Resolved
TCK-9419,2025-06-26 09:31:09.666966,2025-06-27 17:19:46.643074167,Critical,HR,Software,Closed
TCK-9420,2025-06-26 09:31:09.666966,2025-06-26 09:38:18.269149008,High,DevOps,Hardware,Closed
TCK-9421,2025-06-26 09:31:09.666966,2025-06-26 14:03:49.262325327,Unassigned,Finance,Hardware,Resolved
TCK-9422,2025-06-26 10:01:24.248424,2025-06-27 02:45:14.501410229,Medium,IT Support,Access Control,Resolved
TCK-9423,2025-06-26 10:31:38.829882,2025-06-26 12:21:29.779218850,High,Finance,Access Control,Resolved
TCK-9424,2025-06-26 12:32:37.155715,2025-06-26 23:50:47.945387317,Medium,Finance,Software,Closed
TCK-9425,2025-06-26 13:33:06.318631,2025-06-26 23:52:01.166632637,Medium,DevOps,Software,Resolved
TCK-9426,2025-06-26 15:34:04.644464,2025-06-28 02:01:17.228943587,High,Finance,Network,Closed
TCK-9427,2025-06-26 15:34:04.644464,2025-06-27 09:14:31.051412531,High,DevOps,Software,Closed
TCK-9428,2025-06-26 15:34:04.644464,2025-06-27 09:56:34.038672213,High,IT Support,Email,Resolved
TCK-9429,2025-06-26 16:04:19.225922,2025-06-28 22:39:28.724074302,Critical,HR,Network,Closed
TCK-9430,2025-06-26 17:04:48.388838,2025-06-29 17:45:25.355192142,Critical,DevOps,Software,Resolved
TCK-9431,2025-06-26 17:04:48.388838,2025-06-27 12:09:08.440804086,Medium,DevOps,Email,Closed
TCK-9432,2025-06-26 17:35:02.970297,2025-06-27 06:52:14.933499545,Low,HR,Email,Closed
TCK-9433,2025-06-26 17:35:02.970297,2025-06-27 10:26:14.531678710,Medium,HR,Network,Closed
TCK-9434,2025-06-26 18:35:32.133213,2025-06-27 03:16:04.764370779,Low,DevOps,Network,Closed
TCK-9435,2025-06-26 18:35:32.133213,2025-06-30 01:24:22.950830060,Critical,IT Support,Email,Resolved
TCK-9436,2025-06-26 18:35:32.133213,2025-06-27 16:34:03.342251200,Unassigned,IT Support,Access Control,Closed
TCK-9437,2025-06-26 19:05:46.714671,2025-06-27 01:17:12.039614075,Medium,HR,Network,Resolved
TCK-9438,2025-06-26 19:05:46.714671,2025-06-26 20:10:02.440701289,High,IT Support,Hardware,Closed
TCK-9439,2025-06-26 19:36:01.296129,2025-06-26 20:25:26.078036944,Medium,HR,Access Control,Resolved
TCK-9440,2025-06-26 19:36:01.296129,2025-06-26 23:43:40.176657577,High,IT Support,Hardware,Closed
TCK-9441,2025-06-26 20:06:15.877587,2025-06-27 00:52:37.929740762,Critical,DevOps,Software,Closed
TCK-9442,2025-06-26 22:07:14.203420,2025-06-27 07:46:21.337323654,Low,IT Support,Network,Resolved
TCK-9443,2025-06-26 23:37:57.947794,2025-06-27 03:59:11.474810194,Low,Finance,Network,Resolved
TCK-9444,2025-06-26 23:37:57.947794,2025-06-27 17:34:25.140032398,Low,DevOps,Email,Closed
TCK-9445,2025-06-27 00:08:12.529252,2025-06-27 04:24:30.337974581,High,HR,Network,Resolved
TCK-9446,2025-06-27 00:08:12.529252,2025-06-27 03:52:57.597479102,Low,IT Support,Hardware,Closed
TCK-9447,2025-06-27 00:38:27.110711,2025-06-27 12:06:38.639407462,Low,DevOps,Access Control,Resolved
TCK-9448,2025-06-27 00:38:27.110711,2025-06-28 16:09:18.917635508,Medium,IT Support,Software,Closed
TCK-9449,2025-06-27 01:08:41.692169,2025-06-27 12:30:54.956566022,Medium,IT Support,Access Control,Closed
TCK-9450,2025-06-27 01:38:56.273627,2025-06-27 11:15:50.969642494,Unassigned,IT Support,Hardware,Resolved
TCK-9451,2025-06-27 02:09:10.855085,2025-06-27 17:41:11.627920281,High,IT Support,Software,Resolved
TCK-9452,2025-06-27 02:39:25.436543,2025-06-27 08:00:33.513381638,Medium,DevOps,Email,Closed
TCK-9453,2025-06-27 02:39:25.436543,2025-06-27 10:30:23.676417437,Low,DevOps,Network,Closed
TCK-9454,2025-06-27 02:39:25.436543,2025-06-27 06:59:15.597919276,Medium,HR,Network,Resolved
TCK-9455,2025-06-27 02:39:25.436543,2025-06-27 17:55:28.034759323,Low,Operations,Email,Closed
TCK-9456,2025-06-27 03:09:40.018001,2025-06-28 00:40:35.611789655,Medium,IT Support,Hardware,Resolved
TCK-9457,2025-06-27 03:09:40.018001,2025-06-27 23:19:11.735400343,Low,Finance,Email,Closed
TCK-9458,2025-06-27 03:39:54.599459,2025-06-27 08:57:33.999954268,Medium,DevOps,Hardware,Resolved
TCK-9459,2025-06-27 03:39:54.599459,2025-06-28 06:53:26.539894390,Low,DevOps,Software,Resolved
TCK-9460,2025-06-27 04:10:09.180918,2025-06-27 09:29:27.428457253,Medium,IT Support,Access Control,Closed
TCK-9461,2025-06-27 04:10:09.180918,2025-06-27 07:06:04.163105825,Low,DevOps,Access Control,Resolved
TCK-9462,2025-06-27 05:10:38.343834,2025-06-27 12:55:34.013316481,Medium,IT Support,Email,Resolved
TCK-9463,2025-06-27 07:11:36.669666,2025-06-27 23:35:07.878228298,High,HR,Network,Closed
TCK-9464,2025-06-27 07:11:36.669666,2025-06-27 09:57:01.003461616,Medium,HR,Email,Closed
TCK-9465,2025-06-27 08:12:05.832583,2025-06-28 03:00:01.113014194,High,DevOps,Network,Resolved
TCK-9466,2025-06-27 08:12:05.832583,2025-06-28 19:59:25.780382903,Unassigned,IT Support,Email,Closed
TCK-9467,2025-06-27 08:42:20.414041,2025-06-27 14:57:01.048699666,Medium,IT Support,Email,Closed
TCK-9468,2025-06-27 08:42:20.414041,2025-06-27 19:28:24.599398567,Medium,IT Support,Access Control,Resolved
TCK-9469,2025-06-27 08:42:20.414041,2025-06-27 13:22:14.818969005,Medium,IT Support,Network,Closed
TCK-9470,2025-06-27 08:42:20.414041,2025-06-27 16:46:27.694451992,Medium,IT Support,Access Control,Resolved
TCK-9471,2025-06-27 09:12:34.995499,2025-06-27 09:36:34.561078105,Low,Operations,Network,Closed
TCK-9472,2025-06-27 09:12:34.995499,2025-06-29 16:32:37.536079398,Low,IT Support,Software,Closed
TCK-9473,2025-06-27 09:42:49.576957,2025-06-27 19:23:30.354671006,High,IT Support,Software,Closed
TCK-9474,2025-06-27 10:13:04.158415,2025-06-28 14:12:46.415272406,Low,Finance,Software,Closed
TCK-9475,2025-06-27 10:13:04.158415,2025-06-27 12:59:16.968345672,Medium,DevOps,Hardware,Closed
TCK-9476,2025-06-27 10:43:18.739873,2025-06-28 16:50:22.335364422,High,DevOps,Access Control,Resolved
TCK-9477,2025-06-27 11:13:33.321332,2025-06-28 22:38:05.654253506,Unassigned,DevOps,Access Control,Resolved
TCK-9478,2025-06-27 12:44:17.065706,2025-06-28 11:21:46.883808936,Medium,IT Support,Software,Resolved
TCK-9479,2025-06-27 14:15:00.810081,2025-06-29 08:17:01.400091964,Low,DevOps,Email,Closed
TCK-9480,2025-06-27 14:15:00.810081,2025-06-27 17:32:36.508882832,Medium,Finance,Access Control,Closed
TCK-9481,2025-06-27 14:45:15.391539,2025-06-28 02:24:12.884818796,Medium,Finance,Network,Closed
TCK-9482,2025-06-27 14:45:15.391539,2025-06-28 08:10:33.517224358,Critical,Operations,Access Control,Closed
TCK-9483,2025-06-27 15:15:29.972997,2025-06-28 07:34:51.790113203,Medium,DevOps,Access Control,Closed
TCK-9484,2025-06-27 15:15:29.972997,2025-06-29 02:46:57.690164724,Medium,DevOps,Network,Resolved
TCK-9485,2025-06-27 15:45:44.554455,2025-06-27 20:08:07.887652239,Medium,IT Support,Software,Resolved
TCK-9486,2025-06-27 16:46:13.717371,2025-06-27 20:14:50.005876782,Medium,HR,Software,Closed
TCK-9487,2025-06-27 16:46:13.717371,2025-06-27 22:01:48.085741319,Medium,Operations,Network,Closed
TCK-9488,2025-06-27 17:16:28.298829,2025-06-29 09:15:39.327856469,High,Finance,Access Control,Closed
TCK-9489,2025-06-27 17:16:28.298829,2025-06-29 20:13:36.166391464,Low,IT Support,Access Control,Resolved
TCK-9490,2025-06-27 17:46:42.880288,2025-06-28 08:57:16.422378504,Medium,DevOps,Software,Resolved
TCK-9491,2025-06-27 18:16:57.461746,2025-06-28 06:48:31.446147457,Low,IT Support,Hardware,Closed
TCK-9492,2025-06-27 18:16:57.461746,2025-06-28 11:01:11.496394648,High,DevOps,Software,Resolved
TCK-9493,2025-06-27 18:47:12.043204,2025-06-28 12:01:44.884593875,Critical,Operations,Network,Closed
TCK-9494,2025-06-27 18:47:12.043204,2025-06-27 22:08:49.993250978,High,HR,Hardware,Resolved
TCK-9495,2025-06-27 18:47:12.043204,2025-06-28 15:39:38.768726449,High,HR,Hardware,Closed
TCK-9496,2025-06-27 19:47:41.206120,2025-06-28 06:37:58.640121489,Critical,IT Support,Network,Resolved
TCK-9497,2025-06-27 19:47:41.206120,2025-06-28 08:54:29.933482551,Low,Operations,Email,Closed
TCK-9498,2025-06-27 20:17:55.787578,2025-06-27 20:51:10.698150651,Low,Finance,Software,Resolved
TCK-9499,2025-06-27 20:48:10.369036,2025-06-28 22:50:09.628759994,Medium,Finance,Access Control,Closed
TCK-9500,2025-06-27 20:48:10.369036,2025-06-29 05:16:55.934809122,Low,DevOps,Software,Closed
TCK-9501,2025-06-27 22:18:54.113411,2025-06-28 15:42:14.993036652,Unassigned,IT Support,Network,Closed
TCK-9502,2025-06-27 22:18:54.113411,2025-06-28 23:10:35.995945947,Low,HR,Access Control,Closed
TCK-9503,2025-06-27 23:19:23.276327,2025-06-28 12:38:10.822906880,Medium,DevOps,Email,Closed
TCK-9504,2025-06-27 23:49:37.857785,2025-06-28 17:09:57.117084979,Medium,Operations,Network,Resolved
TCK-9505,2025-06-27 23:49:37.857785,2025-06-28 08:51:35.737732720,Low,IT Support,Software,Closed
TCK-9506,2025-06-28 00:19:52.439243,2025-06-29 04:35:03.354322057,Low,IT Support,Hardware,Resolved
TCK-9507,2025-06-28 00:19:52.439243,2025-06-28 11:42:01.492146061,Low,HR,Network,Resolved
TCK-9508,2025-06-28 00:50:07.020702,2025-06-28 21:21:25.489745949,Low,DevOps,Network,Closed
TCK-9509,2025-06-28 01:50:36.183618,2025-06-28 19:19:39.834771772,Critical,HR,Software,Closed
TCK-9510,2025-06-28 02:20:50.765076,2025-06-29 00:09:30.077262814,Low,Operations,Email,Closed
TCK-9511,2025-06-28 02:20:50.765076,2025-06-29 06:02:01.059376218,Low,IT Support,Software,Closed
TCK-9512,2025-06-28 06:22:47.416741,2025-06-28 19:19:12.330843906,High,IT Support,Software,Closed
TCK-9513,2025-06-28 06:22:47.416741,2025-06-29 12:33:56.977481698,Medium,IT Support,Email,Resolved
TCK-9514,2025-06-28 07:23:16.579657,2025-06-28 19:45:58.026304948,High,Operations,Email,Closed
TCK-9515,2025-06-28 07:23:16.579657,2025-06-30 15:52:24.617267471,High,IT Support,Network,Closed
TCK-9516,2025-06-28 07:23:16.579657,2025-06-29 08:32:04.698540181,Unassigned,HR,Hardware,Resolved
TCK-9517,2025-06-28 07:53:31.161116,2025-06-28 11:16:14.510347337,High,HR,Software,Closed
TCK-9518,2025-06-28 08:54:00.324032,2025-06-29 16:45:04.930910130,Low,DevOps,Hardware,Closed
TCK-9519,2025-06-28 08:54:00.324032,2025-06-28 23:20:12.650160891,Medium,IT Support,Email,Resolved
TCK-9520,2025-06-28 09:24:14.905490,2025-07-01 12:21:47.998379150,Medium,DevOps,Email,Resolved
TCK-9521,2025-06-28 09:24:14.905490,2025-06-29 08:14:30.348995310,Medium,HR,Software,Resolved
TCK-9522,2025-06-28 10:54:58.649864,2025-06-28 12:30:11.779742445,Low,Operations,Network,Closed
TCK-9523,2025-06-28 10:54:58.649864,2025-06-28 19:57:38.149502983,Low,DevOps,Software,Closed
TCK-9524,2025-06-28 11:25:13.231323,2025-06-29 00:31:47.653215393,High,HR,Network,Resolved
TCK-9525,2025-06-28 11:25:13.231323,2025-06-29 20:17:46.245841951,Low,Operations,Access Control,Closed
TCK-9526,2025-06-28 12:55:56.975697,2025-06-29 12:27:24.893130831,Low,IT Support,Network,Closed
TCK-9527,2025-06-28 12:55:56.975697,2025-06-28 21:13:51.085577076,Medium,DevOps,Software,Resolved
TCK-9528,2025-06-28 13:26:11.557155,2025-06-29 08:30:38.705497194,High,HR,Software,Closed
TCK-9529,2025-06-28 13:26:11.557155,2025-06-29 04:55:10.735316188,High,HR,Network,Resolved
TCK-9530,2025-06-28 13:56:26.138613,2025-06-28 16:21:56.972992409,Medium,IT Support,Hardware,Closed
TCK-9531,2025-06-28 14:26:40.720072,2025-06-28 19:15:47.339689187,High,Finance,Network,Closed
TCK-9532,2025-06-28 14:56:55.301530,2025-06-28 22:27:30.986796123,Low,IT Support,Access Control,Closed
TCK-9533,2025-06-28 14:56:55.301530,2025-06-28 18:51:50.188430633,Medium,Finance,Access Control,Resolved
TCK-9534,2025-06-28 16:27:39.045904,2025-06-28 19:23:20.477115130,Low,IT Support,Hardware,Closed
TCK-9535,2025-06-28 17:58:22.790279,2025-06-28 19:03:08.196562285,Medium,DevOps,Access Control,Resolved
TCK-9536,2025-06-28 18:28:37.371737,2025-06-30 07:38:08.944444585,Critical,Finance,Software,Closed
TCK-9537,2025-06-28 19:29:06.534653,2025-06-29 01:37:23.546641265,Low,DevOps,Hardware,Closed
TCK-9538,2025-06-28 19:59:21.116111,2025-06-29 02:09:43.755492531,Medium,DevOps,Hardware,Resolved
TCK-9539,2025-06-28 20:29:35.697569,2025-06-29 00:39:01.852806213,High,IT Support,Hardware,Resolved
TCK-9540,2025-06-28 21:30:04.860486,2025-06-29 09:06:48.260760784,High,IT Support,Network,Closed
TCK-9541,2025-06-28 22:00:19.441944,2025-06-29 11:00:07.935616947,Low,HR,Network,Closed
TCK-9542,2025-06-28 22:00:19.441944,2025-06-29 02:12:33.430173560,Low,Operations,Hardware,Closed
TCK-9543,2025-06-28 22:30:34.023402,2025-06-29 15:23:33.147255231,Low,Finance,Access Control,Closed
TCK-9544,2025-06-28 23:00:48.604860,2025-06-29 22:07:14.803084666,Low,DevOps,Software,Closed
TCK-9545,2025-06-29 00:31:32.349234,2025-06-29 08:57:08.435977050,High,Operations,Software,Closed
TCK-9546,2025-06-29 00:31:32.349234,2025-06-29 16:22:33.011627654,Medium,Operations,Network,Closed
TCK-9547,2025-06-29 01:32:01.512151,2025-06-29 14:05:36.465195840,High,Finance,Email,Closed
TCK-9548,2025-06-29 02:02:16.093609,2025-06-29 05:57:16.215518175,Medium,Finance,Hardware,Closed
TCK-9549,2025-06-29 03:02:45.256525,2025-06-30 02:36:52.693019516,Low,Operations,Email,Closed
TCK-9550,2025-06-29 03:02:45.256525,2025-06-30 08:08:49.332738862,High,DevOps,Software,Closed
TCK-9551,2025-06-29 03:02:45.256525,2025-06-29 21:52:50.668528645,Medium,DevOps,Network,Closed
TCK-9552,2025-06-29 04:03:14.419441,2025-06-29 11:05:57.684389142,Low,Finance,Network,Closed
TCK-9553,2025-06-29 04:33:29.000900,2025-07-01 03:37:05.835746572,Critical,Finance,Network,Resolved
TCK-9554,2025-06-29 05:03:43.582358,2025-06-29 15:59:57.830962503,Medium,HR,Network,Resolved
TCK-9555,2025-06-29 05:03:43.582358,2025-06-29 10:37:32.012548946,Medium,DevOps,Network,Closed
TCK-9556,2025-06-29 05:03:43.582358,2025-06-29 14:30:20.581054279,Low,Finance,Hardware,Resolved
TCK-9557,2025-06-29 05:03:43.582358,2025-06-30 02:15:51.458982862,Medium,IT Support,Email,Closed
TCK-9558,2025-06-29 05:33:58.163816,2025-06-30 15:13:57.480435655,Unassigned,IT Support,Software,Resolved
TCK-9559,2025-06-29 05:33:58.163816,2025-06-29 13:30:11.761713120,Critical,Operations,Software,Resolved
TCK-9560,2025-06-29 06:04:12.745274,2025-06-29 10:50:10.421707381,Low,Finance,Network,Closed
TCK-9561,2025-06-29 06:34:27.326732,2025-06-30 00:18:03.590539458,High,HR,Network,Closed
TCK-9562,2025-06-29 06:34:27.326732,2025-07-01 04:18:46.325149445,Low,IT Support,Network,Resolved
TCK-9563,2025-06-29 08:05:11.071107,2025-06-29 11:43:51.472019827,High,Finance,Access Control,Closed
TCK-9564,2025-06-29 08:35:25.652565,2025-06-30 13:50:02.968831932,High,IT Support,Software,Resolved
TCK-9565,2025-06-29 10:06:09.396939,2025-06-29 21:45:22.407975329,Medium,HR,Network,Closed
TCK-9566,2025-06-29 12:07:07.722772,2025-06-30 17:02:41.542967644,Critical,DevOps,Email,Resolved
TCK-9567,2025-06-29 12:07:07.722772,2025-06-30 00:47:45.802011755,Medium,Finance,Access Control,Closed
TCK-9568,2025-06-29 12:37:22.304230,2025-06-29 21:09:00.333598650,Medium,Operations,Hardware,Resolved
TCK-9569,2025-06-29 13:07:36.885688,2025-06-30 10:36:14.175574667,Low,IT Support,Access Control,Resolved
TCK-9570,2025-06-29 13:07:36.885688,2025-07-01 06:41:12.166903619,Critical,IT Support,Access Control,Resolved
TCK-9571,2025-06-29 14:08:06.048604,2025-06-29 21:05:00.970225381,High,IT Support,Access Control,Closed
TCK-9572,2025-06-29 14:08:06.048604,2025-06-30 01:15:04.748885039,Medium,IT Support,Email,Closed
TCK-9573,2025-06-29 15:08:35.211521,2025-06-29 19:50:01.227092129,Low,IT Support,Software,Closed
TCK-9574,2025-06-29 15:08:35.211521,2025-06-29 18:47:24.824821985,Low,DevOps,Network,Closed
TCK-9575,2025-06-29 15:38:49.792979,2025-06-30 18:43:46.782098246,Low,HR,Email,Resolved
TCK-9576,2025-06-29 16:09:04.374437,2025-06-29 20:10:57.892354495,Low,Operations,Email,Closed
TCK-9577,2025-06-29 16:39:18.955895,2025-06-30 21:02:00.998255884,Medium,IT Support,Network,Closed
TCK-9578,2025-06-29 17:09:33.537353,2025-06-30 03:15:09.895480978,Low,DevOps,Access Control,Closed
TCK-9579,2025-06-29 17:39:48.118811,2025-07-03 17:12:33.636327669,Low,Operations,Hardware,Closed
TCK-9580,2025-06-29 17:39:48.118811,2025-06-29 21:37:12.832839277,Medium,IT Support,Access Control,Closed
TCK-9581,2025-06-29 18:40:17.281728,2025-06-29 20:25:41.020747657,Low,HR,Access Control,Closed
TCK-9582,2025-06-29 18:40:17.281728,2025-06-29 20:04:59.535000806,High,DevOps,Software,Closed
TCK-9583,2025-06-29 19:10:31.863186,2025-07-01 03:39:13.508703168,Low,Finance,Access Control,Closed
TCK-9584,2025-06-29 19:40:46.444644,2025-06-30 06:02:41.880088247,Medium,Finance,Hardware,Closed
TCK-9585,2025-06-29 20:11:01.026102,2025-06-29 20:14:23.800894032,Medium,IT Support,Email,Closed
TCK-9586,2025-06-29 20:41:15.607560,2025-07-01 10:05:05.002048241,Low,DevOps,Access Control,Resolved
TCK-9587,2025-06-29 20:41:15.607560,2025-07-01 10:23:47.000895824,Critical,DevOps,Email,Closed
TCK-9588,2025-06-29 21:41:44.770477,2025-07-01 03:15:09.431238829,Medium,IT Support,Software,Closed
TCK-9589,2025-06-29 21:41:44.770477,2025-06-30 02:50:01.448326162,Medium,Operations,Hardware,Closed
TCK-9590,2025-06-29 21:41:44.770477,2025-06-30 06:05:28.425556623,Critical,Finance,Network,Resolved
TCK-9591,2025-06-29 22:11:59.351935,2025-06-30 22:47:29.271518462,High,Finance,Network,Closed
TCK-9592,2025-06-29 22:11:59.351935,2025-06-30 10:17:49.939942627,High,DevOps,Software,Resolved
TCK-9593,2025-06-29 23:12:28.514851,2025-06-30 02:12:52.120302873,Low,Finance,Hardware,Closed
TCK-9594,2025-06-29 23:12:28.514851,2025-06-30 04:12:51.051637267,Medium,IT Support,Email,Closed
TCK-9595,2025-06-30 00:12:57.677767,2025-07-02 16:57:32.292099940,Medium,Finance,Software,Closed
TCK-9596,2025-06-30 00:43:12.259225,2025-06-30 03:40:00.767226584,Low,DevOps,Access Control,Resolved
TCK-9597,2025-06-30 00:43:12.259225,2025-07-01 00:01:43.201483804,Medium,DevOps,Email,Closed
TCK-9598,2025-06-30 00:43:12.259225,2025-06-30 12:25:20.214198937,High,Operations,Access Control,Closed
TCK-9599,2025-06-30 02:13:56.003600,2025-07-01 03:05:06.438248997,Medium,IT Support,Access Control,Closed
TCK-9600,2025-06-30 02:13:56.003600,2025-06-30 21:42:35.388430833,High,IT Support,Email,Closed
TCK-9601,2025-06-30 03:14:25.166516,2025-06-30 13:39:01.108644550,Critical,Finance,Access Control,Resolved
TCK-9602,2025-06-30 03:44:39.747974,2025-06-30 11:36:25.537684126,Unassigned,Finance,Network,Resolved
TCK-9603,2025-06-30 03:44:39.747974,2025-07-01 05:00:51.508545891,Medium,IT Support,Email,Closed
TCK-9604,2025-06-30 04:14:54.329432,2025-06-30 11:16:25.290189321,Low,DevOps,Software,Closed
TCK-9605,2025-06-30 04:45:08.910891,2025-07-01 08:39:14.850507123,High,IT Support,Network,Closed
TCK-9606,2025-06-30 06:46:07.236723,2025-07-01 03:16:10.806995889,Low,IT Support,Software,Resolved
TCK-9607,2025-06-30 06:46:07.236723,2025-06-30 22:17:02.653953552,Low,Operations,Hardware,Closed
TCK-9608,2025-06-30 07:46:36.399639,2025-06-30 16:03:33.077096937,Medium,HR,Software,Closed
TCK-9609,2025-06-30 08:16:50.981098,2025-06-30 12:24:43.585911270,High,Operations,Email,Closed
TCK-9610,2025-06-30 08:47:05.562556,2025-07-01 07:05:33.692648719,Medium,IT Support,Software,Closed
TCK-9611,2025-06-30 09:47:34.725472,2025-06-30 11:31:02.205633087,Medium,IT Support,Hardware,Closed
TCK-9612,2025-06-30 10:17:49.306930,2025-07-03 01:44:36.246786712,Critical,DevOps,Access Control,Resolved
TCK-9613,2025-06-30 10:48:03.888388,2025-07-03 08:07:28.144761984,High,DevOps,Email,Resolved
TCK-9614,2025-06-30 10:48:03.888388,2025-06-30 13:18:44.653523631,Medium,HR,Network,Resolved
TCK-9615,2025-06-30 11:18:18.469846,2025-06-30 13:16:49.795797042,Medium,IT Support,Network,Closed
TCK-9616,2025-06-30 11:18:18.469846,2025-06-30 20:53:08.140128434,Medium,DevOps,Software,Closed
TCK-9617,2025-06-30 11:48:33.051305,2025-07-02 23:29:15.949538173,Low,IT Support,Network,Closed
TCK-9618,2025-06-30 12:18:47.632763,2025-06-30 21:31:02.719002252,High,DevOps,Hardware,Closed
TCK-9619,2025-06-30 13:19:16.795679,2025-06-30 21:27:42.311451658,High,IT Support,Network,Closed
TCK-9620,2025-06-30 13:19:16.795679,2025-07-01 11:12:33.270291916,High,DevOps,Software,Closed
TCK-9621,2025-06-30 13:49:31.377137,2025-06-30 17:22:10.812199245,Medium,HR,Network,Closed
TCK-9622,2025-06-30 14:19:45.958595,2025-06-30 22:27:22.742313493,High,Finance,Access Control,Closed
TCK-9623,2025-06-30 15:20:15.121512,2025-06-30 21:32:07.931026999,High,DevOps,Access Control,Closed
TCK-9624,2025-06-30 17:21:13.447344,2025-07-01 09:54:58.173759889,High,IT Support,Network,Resolved
TCK-9625,2025-06-30 17:21:13.447344,2025-06-30 20:33:04.261088049,Unassigned,DevOps,Email,Closed
TCK-9626,2025-06-30 17:51:28.028802,2025-07-01 08:10:44.577683988,High,IT Support,Network,Closed
TCK-9627,2025-06-30 19:22:11.773177,2025-07-02 06:26:50.143298803,Low,HR,Access Control,Closed
TCK-9628,2025-06-30 19:22:11.773177,2025-07-01 08:21:50.739978111,High,HR,Access Control,Closed
TCK-9629,2025-06-30 20:22:40.936093,2025-07-01 17:05:08.239506992,Medium,Operations,Hardware,Resolved
TCK-9630,2025-06-30 20:22:40.936093,2025-06-30 21:47:10.220953777,Medium,IT Support,Software,Closed
TCK-9631,2025-06-30 21:23:10.099009,2025-07-01 08:06:52.881601009,High,Finance,Hardware,Closed
TCK-9632,2025-06-30 21:23:10.099009,2025-06-30 23:10:50.807739061,Medium,Finance,Email,Closed
TCK-9633,2025-06-30 22:23:39.261926,2025-07-01 14:51:47.751459360,Low,IT Support,Software,Closed
TCK-9634,2025-06-30 22:53:53.843384,2025-07-01 04:50:15.869878499,High,IT Support,Network,Closed
TCK-9635,2025-06-30 22:53:53.843384,2025-07-01 04:59:38.153599082,Critical,HR,Network,Closed
TCK-9636,2025-06-30 23:24:08.424842,2025-07-01 00:50:24.218176129,Critical,IT Support,Email,Closed
TCK-9637,2025-07-01 00:24:37.587758,2025-07-01 07:05:44.856455139,High,HR,Access Control,Resolved
TCK-9638,2025-07-01 00:54:52.169216,2025-07-01 13:37:59.298809067,Critical,DevOps,Network,Closed
TCK-9639,2025-07-01 01:55:21.332133,2025-07-01 17:44:18.374775486,High,DevOps,Hardware,Closed
TCK-9640,2025-07-01 02:25:35.913591,2025-07-01 03:40:06.574223407,Low,HR,Access Control,Closed
TCK-9641,2025-07-01 02:25:35.913591,2025-07-01 21:23:55.109798986,Medium,Finance,Network,Closed
TCK-9642,2025-07-01 02:55:50.495049,2025-07-01 15:00:40.534796030,Medium,IT Support,Access Control,Resolved
TCK-9643,2025-07-01 02:55:50.495049,2025-07-01 16:47:15.450382857,Low,Finance,Software,Closed
TCK-9644,2025-07-01 03:26:05.076507,2025-07-02 11:37:42.772081789,High,Operations,Network,Closed
TCK-9645,2025-07-01 03:26:05.076507,2025-07-01 10:58:29.443261976,Medium,IT Support,Network,Closed
TCK-9646,2025-07-01 03:26:05.076507,2025-07-01 06:52:36.287090095,High,Finance,Access Control,Closed
TCK-9647,2025-07-01 04:26:34.239423,2025-07-01 18:53:18.729127720,Medium,DevOps,Software,Closed
TCK-9648,2025-07-01 04:26:34.239423,2025-07-03 08:39:27.419086072,Medium,Finance,Hardware,Resolved
TCK-9649,2025-07-01 05:57:17.983798,2025-07-01 19:05:12.221280196,Medium,HR,Software,Closed
TCK-9650,2025-07-01 06:57:47.146714,2025-07-02 15:03:42.956081516,High,IT Support,Hardware,Closed
TCK-9651,2025-07-01 07:28:01.728172,2025-07-02 08:56:02.437141679,Medium,HR,Email,Closed
TCK-9652,2025-07-01 07:28:01.728172,2025-07-01 20:36:57.977877012,Medium,IT Support,Software,Closed
TCK-9653,2025-07-01 07:28:01.728172,2025-07-02 02:14:19.060474955,Unassigned,DevOps,Hardware,Closed
TCK-9654,2025-07-01 07:58:16.309630,2025-07-01 17:22:03.316231224,Medium,HR,Access Control,Closed
TCK-9655,2025-07-01 07:58:16.309630,2025-07-01 21:35:08.509952578,Medium,DevOps,Hardware,Resolved
TCK-9656,2025-07-01 08:28:30.891089,2025-07-01 21:12:58.009300338,Medium,IT Support,Email,Closed
TCK-9657,2025-07-01 08:28:30.891089,2025-07-02 06:42:06.665784667,Low,HR,Hardware,Resolved
TCK-9658,2025-07-01 08:58:45.472547,2025-07-01 18:28:34.022561819,High,Finance,Software,Closed
TCK-9659,2025-07-01 08:58:45.472547,2025-07-01 10:52:16.068959322,Medium,IT Support,Hardware,Closed
TCK-9660,2025-07-01 08:58:45.472547,2025-07-02 12:57:38.460764947,High,Finance,Software,Closed
TCK-9661,2025-07-01 09:59:14.635463,2025-07-02 06:46:20.238283287,Medium,IT Support,Email,Closed
TCK-9662,2025-07-01 10:59:43.798379,2025-07-03 16:57:47.445830390,High,IT Support,Hardware,Resolved
TCK-9663,2025-07-01 11:29:58.379837,2025-07-01 21:34:37.899315653,Medium,IT Support,Hardware,Closed
TCK-9664,2025-07-01 12:30:27.542754,2025-07-01 13:58:24.409935965,Low,IT Support,Email,Resolved
TCK-9665,2025-07-01 12:30:27.542754,2025-07-01 14:50:30.471295592,Low,Operations,Hardware,Closed
TCK-9666,2025-07-01 13:00:42.124212,2025-07-02 15:43:39.187039344,Low,IT Support,Software,Closed
TCK-9667,2025-07-01 14:01:11.287128,2025-07-01 15:16:57.789393492,High,Operations,Network,Closed
TCK-9668,2025-07-01 14:01:11.287128,2025-07-03 08:55:59.590529450,Low,HR,Network,Closed
TCK-9669,2025-07-01 14:31:25.868586,2025-07-01 20:28:41.612582021,Medium,Finance,Software,Closed
TCK-9670,2025-07-01 15:01:40.450045,2025-07-03 08:16:25.623417504,Medium,Finance,Hardware,Closed
TCK-9671,2025-07-01 15:01:40.450045,2025-07-02 17:45:31.079113709,High,Operations,Software,Closed
TCK-9672,2025-07-01 16:02:09.612961,2025-07-03 04:55:37.375679449,High,DevOps,Email,Resolved
TCK-9673,2025-07-01 17:02:38.775877,2025-07-01 21:22:45.790186848,High,Operations,Software,Resolved
TCK-9674,2025-07-01 17:02:38.775877,2025-07-02 09:20:40.490445088,Low,DevOps,Network,Resolved
TCK-9675,2025-07-01 17:02:38.775877,2025-07-01 18:48:46.191004550,Medium,IT Support,Access Control,Closed
TCK-9676,2025-07-01 17:02:38.775877,2025-07-01 21:06:43.484020665,Low,Operations,Email,Closed
TCK-9677,2025-07-01 18:33:22.520252,2025-07-02 01:13:58.265328289,High,Operations,Hardware,Closed
TCK-9678,2025-07-01 18:33:22.520252,2025-07-02 18:51:35.732585827,High,IT Support,Software,Closed
TCK-9679,2025-07-01 19:03:37.101710,2025-07-01 19:30:38.715662029,Low,Operations,Email,Closed
TCK-9680,2025-07-01 19:03:37.101710,2025-07-03 13:04:36.769580670,Medium,DevOps,Network,Closed
TCK-9681,2025-07-01 20:34:20.846084,2025-07-01 21:53:39.437941661,Low,Operations,Hardware,Closed
TCK-9682,2025-07-01 20:34:20.846084,2025-07-02 05:04:31.769198021,High,Operations,Software,Closed
TCK-9683,2025-07-01 21:34:50.009000,2025-07-01 23:06:09.930478804,High,Operations,Software,Closed
TCK-9684,2025-07-01 22:05:04.590459,2025-07-03 00:27:29.444887104,Medium,Operations,Hardware,Closed
TCK-9685,2025-07-01 22:05:04.590459,2025-07-02 00:49:37.071257861,High,IT Support,Access Control,Closed
TCK-9686,2025-07-01 22:05:04.590459,2025-07-03 12:58:38.699404201,High,IT Support,Access Control,Closed
TCK-9687,2025-07-01 22:35:19.171917,2025-07-02 12:11:15.248419154,Low,IT Support,Email,Closed
TCK-9688,2025-07-01 23:05:33.753375,2025-07-04 04:28:27.603351645,Medium,IT Support,Software,Resolved
TCK-9689,2025-07-02 00:06:02.916291,2025-07-02 06:16:29.236333506,Low,HR,Email,Closed
TCK-9690,2025-07-02 00:06:02.916291,2025-07-02 11:00:13.280929835,Medium,DevOps,Hardware,Resolved
TCK-9691,2025-07-02 00:36:17.497749,2025-07-02 21:56:04.044240918,Medium,HR,Email,Resolved
TCK-9692,2025-07-02 01:36:46.660666,2025-07-03 09:42:42.908922553,Medium,DevOps,Software,Resolved
TCK-9693,2025-07-02 01:36:46.660666,2025-07-02 11:27:36.778750365,Low,DevOps,Access Control,Resolved
TCK-9694,2025-07-02 02:37:15.823582,2025-07-03 18:45:16.306223237,Low,DevOps,Access Control,Closed
TCK-9695,2025-07-02 02:37:15.823582,2025-07-02 04:52:51.380641042,Medium,HR,Hardware,Closed
TCK-9696,2025-07-02 03:07:30.405040,2025-07-03 01:19:31.430465025,Medium,IT Support,Network,Resolved
TCK-9697,2025-07-02 05:08:28.730873,2025-07-02 12:50:44.164502913,Low,IT Support,Email,Closed
TCK-9698,2025-07-02 05:08:28.730873,2025-07-02 07:03:52.318556541,Medium,HR,Hardware,Closed
TCK-9699,2025-07-02 05:38:43.312331,2025-07-02 14:26:40.356684254,Medium,DevOps,Access Control,Resolved
TCK-9700,2025-07-02 07:09:27.056705,2025-07-03 21:21:16.675809774,Medium,Finance,Software,Resolved
TCK-9701,2025-07-02 07:09:27.056705,2025-07-05 06:03:39.396180163,Low,DevOps,Software,Resolved
TCK-9702,2025-07-02 07:09:27.056705,2025-07-02 16:08:15.570482822,Unassigned,IT Support,Network,Closed
TCK-9703,2025-07-02 07:39:41.638163,2025-07-03 22:48:55.637682029,Medium,IT Support,Network,Resolved
TCK-9704,2025-07-02 08:09:56.219621,2025-07-02 20:59:35.606775140,Medium,DevOps,Access Control,Closed
TCK-9705,2025-07-02 08:40:10.801080,2025-07-03 07:23:31.827535331,Critical,IT Support,Network,Closed
TCK-9706,2025-07-02 09:10:25.382538,2025-07-02 10:00:34.236920324,Low,Finance,Network,Resolved
TCK-9707,2025-07-02 09:10:25.382538,2025-07-02 23:50:30.253418124,Medium,DevOps,Software,Resolved
TCK-9708,2025-07-02 09:10:25.382538,2025-07-02 10:28:59.247713445,Medium,IT Support,Email,Closed
TCK-9709,2025-07-02 09:10:25.382538,2025-07-02 14:48:16.074813648,Low,Finance,Software,Closed
TCK-9710,2025-07-02 09:40:39.963996,2025-07-03 00:44:10.920456982,Medium,DevOps,Software,Closed
TCK-9711,2025-07-02 12:11:52.871287,2025-07-03 17:49:28.097253562,Low,DevOps,Access Control,Closed
TCK-9712,2025-07-02 12:11:52.871287,2025-07-03 03:00:44.154252450,High,IT Support,Access Control,Resolved
TCK-9713,2025-07-02 12:42:07.452745,2025-07-04 14:14:08.597188620,Medium,DevOps,Email,Closed
TCK-9714,2025-07-02 12:42:07.452745,2025-07-03 18:37:36.336876245,High,IT Support,Hardware,Resolved
TCK-9715,2025-07-02 13:42:36.615661,2025-07-02 16:46:05.316470632,Critical,Finance,Network,Closed
TCK-9716,2025-07-02 14:43:05.778577,2025-07-02 23:35:05.635016724,High,HR,Network,Resolved
TCK-9717,2025-07-02 15:43:34.941494,2025-07-03 11:35:59.552972037,Medium,IT Support,Software,Closed
TCK-9718,2025-07-02 15:43:34.941494,2025-07-04 17:53:44.939611382,Low,IT Support,Software,Closed
TCK-9719,2025-07-02 16:44:04.104410,2025-07-05 23:55:28.269452487,Unassigned,IT Support,Email,Resolved
TCK-9720,2025-07-02 17:44:33.267326,2025-07-03 19:40:16.507762124,Medium,HR,Network,Closed
TCK-9721,2025-07-02 18:14:47.848784,2025-07-03 09:35:47.639176355,Medium,IT Support,Software,Resolved
TCK-9722,2025-07-02 18:14:47.848784,2025-07-03 19:40:56.010097268,Medium,Operations,Software,Closed
TCK-9723,2025-07-02 19:45:31.593159,2025-07-03 01:30:12.775796616,Low,IT Support,Access Control,Closed
TCK-9724,2025-07-02 19:45:31.593159,2025-07-03 01:45:43.743232011,Medium,Operations,Hardware,Closed
TCK-9725,2025-07-02 19:45:31.593159,2025-07-03 14:52:50.362345373,Low,Operations,Email,Closed
TCK-9726,2025-07-02 20:15:46.174617,2025-07-04 09:14:33.969562772,Medium,HR,Hardware,Closed
TCK-9727,2025-07-02 20:15:46.174617,2025-07-05 11:16:00.924076355,Medium,HR,Hardware,Closed
TCK-9728,2025-07-02 20:46:00.756075,2025-07-03 04:16:57.323041670,Critical,IT Support,Email,Resolved
TCK-9729,2025-07-02 20:46:00.756075,2025-07-04 01:25:45.218357802,Medium,Operations,Network,Resolved
TCK-9730,2025-07-02 21:16:15.337533,2025-07-04 07:36:13.418018631,Medium,DevOps,Software,Resolved
TCK-9731,2025-07-02 21:16:15.337533,2025-07-03 14:50:18.175890416,Low,Operations,Email,Resolved
TCK-9732,2025-07-02 21:16:15.337533,2025-07-03 04:57:30.443289529,High,HR,Software,Closed
TCK-9733,2025-07-02 22:46:59.081908,2025-07-03 16:09:23.289299034,Medium,Operations,Access Control,Closed
TCK-9734,2025-07-02 22:46:59.081908,2025-07-03 14:35:23.182355753,Low,HR,Hardware,Resolved
TCK-9735,2025-07-02 22:46:59.081908,2025-07-03 15:34:20.571117162,Medium,Operations,Access Control,Closed
TCK-9736,2025-07-02 23:17:13.663366,2025-07-03 16:40:07.077889077,Medium,IT Support,Hardware,Closed
TCK-9737,2025-07-02 23:17:13.663366,2025-07-04 09:05:08.478371411,Medium,Finance,Network,Closed
TCK-9738,2025-07-02 23:17:13.663366,2025-07-03 02:38:34.184272703,High,DevOps,Email,Closed
TCK-9739,2025-07-02 23:47:28.244824,2025-07-03 08:01:50.401855896,Low,DevOps,Network,Closed
TCK-9740,2025-07-03 00:17:42.826282,2025-07-03 16:10:09.523624663,Medium,HR,Hardware,Closed
TCK-9741,2025-07-03 00:17:42.826282,2025-07-03 06:17:30.080552093,Medium,DevOps,Access Control,Closed
TCK-9742,2025-07-03 01:18:11.989198,2025-07-05 22:07:47.571308473,Low,IT Support,Hardware,Closed
TCK-9743,2025-07-03 01:48:26.570657,2025-07-03 07:18:14.630095851,High,Finance,Network,Resolved
TCK-9744,2025-07-03 02:18:41.152115,2025-07-03 13:43:35.905454495,High,Finance,Network,Closed
TCK-9745,2025-07-03 02:48:55.733573,2025-07-04 16:35:21.332138514,Medium,IT Support,Access Control,Closed
TCK-9746,2025-07-03 02:48:55.733573,2025-07-03 04:19:03.346053036,Critical,DevOps,Access Control,Resolved
TCK-9747,2025-07-03 02:48:55.733573,2025-07-04 09:45:02.827023799,Low,IT Support,Network,Closed
TCK-9748,2025-07-03 03:19:10.315031,2025-07-03 18:33:11.712899682,Low,IT Support,Hardware,Closed
TCK-9749,2025-07-03 03:19:10.315031,2025-07-03 03:54:04.567395457,Low,HR,Hardware,Closed
TCK-9750,2025-07-03 03:49:24.896489,2025-07-04 21:48:08.001514818,Medium,Operations,Email,Closed
TCK-9751,2025-07-03 05:20:08.640864,2025-07-03 06:03:19.715167891,Medium,Finance,Network,Closed
TCK-9752,2025-07-03 07:21:06.966696,2025-07-03 20:23:05.766555101,High,DevOps,Email,Closed
TCK-9753,2025-07-03 07:21:06.966696,2025-07-03 08:15:24.726645980,Medium,Finance,Network,Closed
TCK-9754,2025-07-03 09:52:19.873987,2025-07-03 11:12:06.128646494,Low,DevOps,Email,Resolved
TCK-9755,2025-07-03 09:52:19.873987,2025-07-05 01:09:04.955744564,High,IT Support,Software,Closed
TCK-9756,2025-07-03 09:52:19.873987,2025-07-04 12:00:09.315717181,Medium,DevOps,Hardware,Closed
TCK-9757,2025-07-03 10:22:34.455445,2025-07-03 14:19:26.865067875,Unassigned,HR,Hardware,Resolved
TCK-9758,2025-07-03 11:23:03.618361,2025-07-04 04:49:22.914189517,Medium,Finance,Software,Resolved
TCK-9759,2025-07-03 11:53:18.199819,2025-07-04 16:23:08.486689510,Low,IT Support,Access Control,Closed
TCK-9760,2025-07-03 11:53:18.199819,2025-07-05 03:33:08.912346076,High,Operations,Software,Resolved
TCK-9761,2025-07-03 11:53:18.199819,2025-07-03 23:15:31.639649782,High,DevOps,Hardware,Resolved
TCK-9762,2025-07-03 11:53:18.199819,2025-07-05 04:53:25.555042843,Medium,Operations,Network,Closed
TCK-9763,2025-07-03 12:23:32.781278,2025-07-04 01:09:14.159015284,Low,IT Support,Email,Resolved
TCK-9764,2025-07-03 12:23:32.781278,2025-07-04 09:22:16.096709331,Low,IT Support,Hardware,Closed
TCK-9765,2025-07-03 13:24:01.944194,2025-07-06 10:57:50.090493061,Medium,IT Support,Software,Closed
TCK-9766,2025-07-03 13:54:16.525652,2025-07-03 18:44:55.786037039,High,Finance,Network,Resolved
TCK-9767,2025-07-03 13:54:16.525652,2025-07-03 17:13:35.337675779,Medium,DevOps,Hardware,Resolved
TCK-9768,2025-07-03 14:24:31.107110,2025-07-03 21:56:35.023553079,Low,HR,Software,Closed
TCK-9769,2025-07-03 15:25:00.270027,2025-07-03 18:38:58.614394538,High,IT Support,Hardware,Resolved
TCK-9770,2025-07-03 15:55:14.851485,2025-07-03 21:56:17.654790469,Unassigned,HR,Software,Resolved
TCK-9771,2025-07-03 16:55:44.014401,2025-07-04 17:23:02.725717015,Medium,DevOps,Software,Closed
TCK-9772,2025-07-03 17:56:13.177317,2025-07-04 05:37:19.801425100,Low,IT Support,Hardware,Resolved
TCK-9773,2025-07-03 18:26:27.758775,2025-07-04 02:54:08.275504800,Low,Operations,Network,Resolved
TCK-9774,2025-07-03 18:56:42.340234,2025-07-04 03:13:31.125576259,High,IT Support,Hardware,Closed
TCK-9775,2025-07-03 18:56:42.340234,2025-07-03 22:50:20.478215934,Medium,DevOps,Hardware,Closed
TCK-9776,2025-07-03 19:26:56.921692,2025-07-04 06:07:32.497028374,Medium,Finance,Network,Closed
TCK-9777,2025-07-03 20:27:26.084608,2025-07-04 14:05:40.875325809,Medium,IT Support,Hardware,Closed
TCK-9778,2025-07-03 20:27:26.084608,2025-07-03 23:09:15.756897890,Low,DevOps,Email,Closed
TCK-9779,2025-07-03 20:57:40.666066,2025-07-06 13:51:05.396081920,Medium,HR,Email,Closed
TCK-9780,2025-07-03 22:28:24.410441,2025-07-04 09:00:57.444599821,Medium,DevOps,Email,Closed
TCK-9781,2025-07-03 22:28:24.410441,2025-07-06 03:40:37.674108118,Medium,DevOps,Software,Resolved
TCK-9782,2025-07-03 22:58:38.991899,2025-07-04 01:34:51.116033606,Low,IT Support,Access Control,Resolved
TCK-9783,2025-07-03 23:59:08.154815,2025-07-05 02:13:23.492031486,Critical,DevOps,Hardware,Closed
TCK-9784,2025-07-04 02:30:21.062106,2025-07-04 19:48:38.979060029,Medium,DevOps,Access Control,Resolved
TCK-9785,2025-07-04 02:30:21.062106,2025-07-05 09:22:43.087394262,Medium,DevOps,Email,Closed
TCK-9786,2025-07-04 03:00:35.643564,2025-07-04 19:32:01.199678329,Medium,HR,Network,Resolved
TCK-9787,2025-07-04 03:30:50.225022,2025-07-06 14:46:39.803555599,Low,IT Support,Email,Closed
TCK-9788,2025-07-04 04:31:19.387938,2025-07-04 22:16:11.806728380,Low,IT Support,Hardware,Closed
TCK-9789,2025-07-04 05:31:48.550855,2025-07-05 09:09:54.543641626,Medium,Operations,Access Control,Closed
TCK-9790,2025-07-04 07:02:32.295229,2025-07-05 20:50:52.513009139,Low,Operations,Access Control,Closed
TCK-9791,2025-07-04 08:03:01.458145,2025-07-05 06:37:08.064987330,Medium,HR,Software,Closed
TCK-9792,2025-07-04 09:03:30.621062,2025-07-04 22:25:46.311309275,Medium,IT Support,Network,Resolved
TCK-9793,2025-07-04 09:33:45.202520,2025-07-04 15:17:49.006508381,High,DevOps,Email,Closed
TCK-9794,2025-07-04 09:33:45.202520,2025-07-05 20:15:29.044564918,Medium,DevOps,Network,Resolved
TCK-9795,2025-07-04 10:34:14.365436,2025-07-04 22:21:40.899800667,Medium,DevOps,Hardware,Closed
TCK-9796,2025-07-04 11:04:28.946894,2025-07-05 04:31:29.275707352,High,IT Support,Software,Closed
TCK-9797,2025-07-04 12:04:58.109810,2025-07-04 13:34:06.782320840,High,IT Support,Email,Closed
TCK-9798,2025-07-04 13:05:27.272727,2025-07-05 01:28:20.847513696,Medium,HR,Hardware,Closed
TCK-9799,2025-07-04 13:05:27.272727,2025-07-05 10:39:07.978514966,Medium,IT Support,Network,Resolved
TCK-9800,2025-07-04 13:05:27.272727,2025-07-05 04:52:52.612263427,Low,DevOps,Software,Resolved
TCK-9801,2025-07-04 13:05:27.272727,2025-07-04 23:48:17.069439313,Medium,Finance,Email,Resolved
TCK-9802,2025-07-04 13:35:41.854185,2025-07-04 18:08:47.508589287,Medium,DevOps,Network,Closed
TCK-9803,2025-07-04 14:05:56.435643,2025-07-04 20:46:10.397083475,Medium,IT Support,Email,Closed
TCK-9804,2025-07-04 14:05:56.435643,2025-07-05 11:48:28.875257714,Low,Finance,Software,Closed
TCK-9805,2025-07-04 14:36:11.017101,2025-07-04 19:10:20.402164234,Medium,Finance,Software,Resolved
TCK-9806,2025-07-04 15:06:25.598559,2025-07-05 08:36:20.147753339,High,IT Support,Network,Closed
TCK-9807,2025-07-04 15:36:40.180018,2025-07-05 07:38:54.281396192,Medium,Finance,Email,Closed
TCK-9808,2025-07-04 15:36:40.180018,2025-07-07 06:58:53.220469385,Low,Finance,Access Control,Resolved
TCK-9809,2025-07-04 15:36:40.180018,2025-07-04 16:44:23.625832408,Critical,Operations,Hardware,Closed
TCK-9810,2025-07-04 16:06:54.761476,2025-07-04 18:10:29.605672790,Low,IT Support,Software,Resolved
TCK-9811,2025-07-04 17:07:23.924392,2025-07-05 05:49:13.114411345,Critical,DevOps,Email,Closed
TCK-9812,2025-07-04 17:07:23.924392,2025-07-05 06:36:12.132884033,High,Operations,Network,Closed
TCK-9813,2025-07-04 17:07:23.924392,2025-07-04 17:51:24.306790233,Low,DevOps,Network,Closed
TCK-9814,2025-07-04 19:08:22.250225,2025-07-06 02:36:04.188005000,Low,DevOps,Software,Resolved
TCK-9815,2025-07-04 19:38:36.831683,2025-07-05 07:55:52.517406178,Medium,IT Support,Software,Closed
TCK-9816,2025-07-04 19:38:36.831683,2025-07-05 03:18:17.832870070,Critical,Finance,Access Control,Closed
TCK-9817,2025-07-04 20:08:51.413141,2025-07-05 03:03:33.204936267,Unassigned,DevOps,Network,Closed
TCK-9818,2025-07-04 20:08:51.413141,2025-07-06 07:43:10.145694003,Low,Finance,Email,Resolved
TCK-9819,2025-07-04 20:39:05.994599,2025-07-05 00:35:41.597817531,Medium,HR,Hardware,Resolved
TCK-9820,2025-07-04 20:39:05.994599,2025-07-04 23:47:56.325090891,Low,Operations,Hardware,Closed
TCK-9821,2025-07-04 20:39:05.994599,2025-07-05 00:58:02.047584974,Low,Finance,Access Control,Closed
TCK-9822,2025-07-04 21:39:35.157515,2025-07-05 15:18:56.789461558,Unassigned,Operations,Email,Closed
TCK-9823,2025-07-04 21:39:35.157515,2025-07-06 03:38:28.790710889,Unassigned,Finance,Hardware,Resolved
TCK-9824,2025-07-04 22:40:04.320432,2025-07-05 05:54:09.991705898,Medium,DevOps,Hardware,Resolved
TCK-9825,2025-07-04 23:40:33.483348,2025-07-05 03:06:18.491397870,Low,DevOps,Email,Closed
TCK-9826,2025-07-04 23:40:33.483348,2025-07-05 03:54:02.225593653,Medium,DevOps,Email,Resolved
TCK-9827,2025-07-04 23:40:33.483348,2025-07-05 17:03:13.890277534,Medium,IT Support,Software,Resolved
TCK-9828,2025-07-05 00:10:48.064806,2025-07-05 05:15:48.208906630,Critical,IT Support,Hardware,Closed
TCK-9829,2025-07-05 01:11:17.227722,2025-07-06 14:56:58.026083210,High,Finance,Hardware,Closed
TCK-9830,2025-07-05 01:41:31.809180,2025-07-05 03:39:59.955569643,Medium,Operations,Access Control,Resolved
TCK-9831,2025-07-05 03:12:15.553555,2025-07-05 03:47:47.731533164,Low,Finance,Software,Resolved
TCK-9832,2025-07-05 04:12:44.716471,2025-07-05 05:52:40.668137864,Unassigned,IT Support,Software,Closed
TCK-9833,2025-07-05 05:43:28.460846,2025-07-06 15:21:26.480492651,Medium,IT Support,Hardware,Closed
TCK-9834,2025-07-05 09:45:25.112511,2025-07-06 04:43:01.623735336,Medium,Finance,Network,Resolved
TCK-9835,2025-07-05 09:45:25.112511,2025-07-07 18:42:33.861648022,Low,Finance,Network,Resolved
TCK-9836,2025-07-05 11:16:08.856885,2025-07-05 18:38:51.661710774,Low,Operations,Email,Resolved
TCK-9837,2025-07-05 11:16:08.856885,2025-07-05 15:34:23.711590167,Low,Finance,Software,Resolved
TCK-9838,2025-07-05 11:46:23.438343,2025-07-06 02:37:54.531907373,Low,HR,Hardware,Closed
TCK-9839,2025-07-05 12:46:52.601260,2025-07-06 02:40:26.457345934,Medium,Finance,Hardware,Closed
TCK-9840,2025-07-05 12:46:52.601260,2025-07-06 04:52:30.201912637,Medium,DevOps,Hardware,Resolved
TCK-9841,2025-07-05 13:17:07.182718,2025-07-05 20:58:16.525975827,High,Finance,Access Control,Resolved
TCK-9842,2025-07-05 14:17:36.345634,2025-07-05 14:23:59.598471771,Low,IT Support,Network,Resolved
TCK-9843,2025-07-05 14:17:36.345634,2025-07-05 14:56:07.112283298,Low,IT Support,Access Control,Resolved
TCK-9844,2025-07-05 14:17:36.345634,2025-07-06 09:54:56.625032103,Medium,DevOps,Hardware,Closed
TCK-9845,2025-07-05 14:47:50.927092,2025-07-06 04:07:53.465644594,Medium,IT Support,Hardware,Resolved
TCK-9846,2025-07-05 16:18:34.671467,2025-07-06 23:16:38.689574334,High,IT Support,Software,Closed
TCK-9847,2025-07-05 16:18:34.671467,2025-07-05 22:44:25.160159502,Medium,IT Support,Software,Resolved
TCK-9848,2025-07-05 17:19:03.834383,2025-07-06 23:44:12.941134934,Medium,Operations,Network,Closed
TCK-9849,2025-07-05 17:49:18.415841,2025-07-06 03:47:53.183113105,Medium,IT Support,Email,Resolved
TCK-9850,2025-07-05 19:20:02.160216,2025-07-05 21:09:52.240352845,High,DevOps,Hardware,Closed
TCK-9851,2025-07-05 19:50:16.741674,2025-07-08 16:27:59.766572580,Low,Finance,Software,Closed
TCK-9852,2025-07-05 19:50:16.741674,2025-07-06 08:44:58.338242012,Critical,Finance,Network,Closed
TCK-9853,2025-07-05 19:50:16.741674,2025-07-06 13:42:33.022760210,High,DevOps,Access Control,Resolved
TCK-9854,2025-07-05 20:20:31.323132,2025-07-06 16:20:29.389020262,Critical,HR,Hardware,Closed
TCK-9855,2025-07-05 20:50:45.904590,2025-07-06 04:56:50.010827061,Unassigned,HR,Email,Resolved
TCK-9856,2025-07-05 21:21:00.486048,2025-07-06 22:07:34.847446852,Low,IT Support,Network,Closed
TCK-9857,2025-07-05 22:21:29.648964,2025-07-07 11:07:08.917693232,Medium,Finance,Email,Resolved
TCK-9858,2025-07-05 22:21:29.648964,2025-07-06 07:10:21.911414921,Medium,Operations,Hardware,Closed
TCK-9859,2025-07-05 22:21:29.648964,2025-07-06 17:37:07.425569475,Medium,Operations,Network,Closed
TCK-9860,2025-07-05 23:21:58.811881,2025-07-07 00:50:24.000573516,Low,DevOps,Software,Closed
TCK-9861,2025-07-05 23:52:13.393339,2025-07-06 03:39:58.188766189,Critical,Operations,Email,Resolved
TCK-9862,2025-07-06 00:22:27.974797,2025-07-06 07:39:10.492800282,Unassigned,Operations,Access Control,Resolved
TCK-9863,2025-07-06 00:52:42.556255,2025-07-06 02:57:06.333597741,Medium,DevOps,Access Control,Closed
TCK-9864,2025-07-06 01:22:57.137713,2025-07-06 17:58:31.539653266,Low,HR,Email,Closed
TCK-9865,2025-07-06 01:22:57.137713,2025-07-07 06:26:13.242330166,High,HR,Hardware,Closed
TCK-9866,2025-07-06 02:23:26.300630,2025-07-06 19:22:42.030070094,High,Operations,Hardware,Closed
TCK-9867,2025-07-06 03:54:10.045004,2025-07-06 07:28:12.585459347,Medium,DevOps,Hardware,Closed
TCK-9868,2025-07-06 03:54:10.045004,2025-07-06 18:07:52.505199996,Low,DevOps,Access Control,Closed
TCK-9869,2025-07-06 03:54:10.045004,2025-07-07 12:19:41.463862978,Low,IT Support,Access Control,Closed
TCK-9870,2025-07-06 04:24:24.626462,2025-07-06 10:53:49.893299490,Medium,IT Support,Software,Resolved
TCK-9871,2025-07-06 05:24:53.789378,2025-07-07 13:35:35.247837351,Low,IT Support,Hardware,Resolved
TCK-9872,2025-07-06 05:24:53.789378,2025-07-07 09:03:05.546068833,High,IT Support,Access Control,Closed
TCK-9873,2025-07-06 06:25:22.952295,2025-07-06 06:49:07.296561573,Low,Operations,Access Control,Closed
TCK-9874,2025-07-06 07:56:06.696669,2025-07-06 12:51:43.736662538,Critical,IT Support,Hardware,Closed
TCK-9875,2025-07-06 07:56:06.696669,2025-07-06 22:01:41.589001442,Critical,Finance,Hardware,Closed
TCK-9876,2025-07-06 08:56:35.859585,2025-07-07 07:42:14.959576637,Low,IT Support,Access Control,Resolved
TCK-9877,2025-07-06 09:57:05.022502,2025-07-08 00:11:45.218652313,Low,IT Support,Email,Resolved
TCK-9878,2025-07-06 11:27:48.766876,2025-07-07 05:54:19.657136538,Medium,IT Support,Access Control,Closed
TCK-9879,2025-07-06 11:58:03.348334,2025-07-06 20:34:56.049669672,Medium,Operations,Software,Closed
TCK-9880,2025-07-06 11:58:03.348334,2025-07-06 15:38:29.666955975,Low,DevOps,Network,Closed
TCK-9881,2025-07-06 12:28:17.929792,2025-07-07 14:09:44.751335567,Medium,DevOps,Hardware,Closed
TCK-9882,2025-07-06 13:59:01.674167,2025-07-06 18:09:13.024059920,Unassigned,Operations,Software,Closed
TCK-9883,2025-07-06 17:00:29.162916,2025-07-07 14:24:27.034654130,Low,Operations,Email,Closed
TCK-9884,2025-07-06 17:30:43.744374,2025-07-06 21:06:39.183334299,Low,HR,Network,Closed
TCK-9885,2025-07-06 18:31:12.907290,2025-07-06 20:14:19.326212997,Medium,IT Support,Access Control,Closed
TCK-9886,2025-07-06 19:01:27.488748,2025-07-07 00:13:44.416163734,High,IT Support,Hardware,Closed
TCK-9887,2025-07-06 19:01:27.488748,2025-07-07 01:03:39.760690645,Low,IT Support,Access Control,Closed
TCK-9888,2025-07-06 19:31:42.070207,2025-07-07 14:16:55.884267339,High,IT Support,Software,Closed
TCK-9889,2025-07-06 19:31:42.070207,2025-07-06 22:41:08.351062525,Low,HR,Hardware,Resolved
TCK-9890,2025-07-06 19:31:42.070207,2025-07-08 19:28:26.859007500,High,IT Support,Access Control,Closed
TCK-9891,2025-07-06 20:01:56.651665,2025-07-07 10:34:51.096915413,Medium,Operations,Hardware,Closed
TCK-9892,2025-07-06 20:32:11.233123,2025-07-07 08:41:22.453067571,Medium,DevOps,Software,Closed
TCK-9893,2025-07-06 21:32:40.396039,2025-07-07 07:48:41.603972006,High,IT Support,Access Control,Resolved
TCK-9894,2025-07-06 22:33:09.558955,2025-07-07 13:36:08.663849405,High,DevOps,Network,Closed
TCK-9895,2025-07-06 22:33:09.558955,2025-07-06 22:57:40.696186327,High,DevOps,Email,Closed
TCK-9896,2025-07-06 22:33:09.558955,2025-07-10 09:36:06.725513396,Low,IT Support,Access Control,Resolved
TCK-9897,2025-07-06 23:33:38.721872,2025-07-07 14:14:14.691618553,Medium,DevOps,Hardware,Resolved
TCK-9898,2025-07-07 00:03:53.303330,2025-07-07 00:42:35.040208714,Low,IT Support,Access Control,Closed
TCK-9899,2025-07-07 00:34:07.884788,2025-07-07 16:36:59.903464338,High,IT Support,Hardware,Closed
TCK-9900,2025-07-07 00:34:07.884788,2025-07-07 10:54:42.972493980,Medium,Finance,Software,Resolved
TCK-9901,2025-07-07 00:34:07.884788,2025-07-07 01:00:24.554126267,High,HR,Email,Closed
TCK-9902,2025-07-07 01:04:22.466246,2025-07-08 23:33:40.090567648,Low,IT Support,Hardware,Closed
TCK-9903,2025-07-07 01:04:22.466246,2025-07-07 01:15:50.842990226,Low,HR,Access Control,Resolved
TCK-9904,2025-07-07 01:34:37.047704,2025-07-07 17:06:03.543834651,Medium,Operations,Software,Closed
TCK-9905,2025-07-07 01:34:37.047704,2025-07-09 12:20:28.155144596,Low,DevOps,Network,Resolved
TCK-9906,2025-07-07 03:35:35.373537,2025-07-07 08:28:34.954204501,Low,DevOps,Access Control,Closed
TCK-9907,2025-07-07 03:35:35.373537,2025-07-07 08:52:19.253563602,Critical,DevOps,Email,Closed
TCK-9908,2025-07-07 04:05:49.954995,2025-07-07 04:06:17.379528158,Low,DevOps,Software,Resolved
TCK-9909,2025-07-07 05:06:19.117911,2025-07-07 06:20:27.955339848,Medium,IT Support,Access Control,Resolved
TCK-9910,2025-07-07 05:36:33.699369,2025-07-07 06:26:09.775371971,Critical,Operations,Hardware,Closed
TCK-9911,2025-07-07 05:36:33.699369,2025-07-08 12:44:36.025673695,Low,DevOps,Hardware,Closed
TCK-9912,2025-07-07 07:37:32.025202,2025-07-08 16:14:55.310139908,Medium,IT Support,Hardware,Closed
TCK-9913,2025-07-07 08:07:46.606660,2025-07-08 07:28:44.226676246,High,Finance,Access Control,Closed
TCK-9914,2025-07-07 08:38:01.188118,2025-07-07 16:27:50.157184420,Critical,Finance,Email,Closed
TCK-9915,2025-07-07 08:38:01.188118,2025-07-08 15:37:33.309212620,High,IT Support,Hardware,Closed
TCK-9916,2025-07-07 09:38:30.351035,2025-07-07 23:36:37.661141387,Critical,IT Support,Access Control,Closed
TCK-9917,2025-07-07 09:38:30.351035,2025-07-07 16:10:23.129374572,Low,IT Support,Access Control,Closed
TCK-9918,2025-07-07 10:08:44.932493,2025-07-07 20:29:42.817986178,Low,Operations,Email,Closed
TCK-9919,2025-07-07 10:08:44.932493,2025-07-07 11:22:13.291476388,High,IT Support,Software,Closed
TCK-9920,2025-07-07 11:09:14.095409,2025-07-09 15:19:53.952681598,High,IT Support,Software,Closed
TCK-9921,2025-07-07 11:39:28.676867,2025-07-08 05:01:57.622579017,Medium,IT Support,Access Control,Closed
TCK-9922,2025-07-07 13:10:12.421242,2025-07-08 12:49:14.094169627,High,DevOps,Software,Closed
TCK-9923,2025-07-07 13:40:27.002700,2025-07-08 09:59:34.144202287,High,Operations,Network,Closed
TCK-9924,2025-07-07 14:10:41.584158,2025-07-08 10:00:42.600413060,Medium,Finance,Email,Resolved
TCK-9925,2025-07-07 14:40:56.165616,2025-07-07 14:59:44.443326674,Critical,IT Support,Access Control,Closed
TCK-9926,2025-07-07 15:11:10.747074,2025-07-08 04:36:01.160035211,Medium,Finance,Software,Closed
TCK-9927,2025-07-07 17:12:09.072907,2025-07-09 00:14:26.636894261,Medium,DevOps,Software,Closed
TCK-9928,2025-07-07 18:12:38.235823,2025-07-07 19:01:49.243690247,Medium,DevOps,Email,Closed
TCK-9929,2025-07-07 18:42:52.817281,2025-07-10 03:00:24.338828354,High,DevOps,Hardware,Closed
TCK-9930,2025-07-07 19:13:07.398739,2025-07-08 05:09:12.131232686,Medium,IT Support,Software,Closed
TCK-9931,2025-07-07 19:43:21.980198,2025-07-08 01:53:05.814729424,High,IT Support,Email,Closed
TCK-9932,2025-07-07 20:43:51.143114,2025-07-08 10:23:28.209794153,High,IT Support,Hardware,Closed
TCK-9933,2025-07-07 20:43:51.143114,2025-07-09 01:48:37.315700253,Medium,Operations,Access Control,Closed
TCK-9934,2025-07-07 21:14:05.724572,2025-07-08 08:49:29.833908369,Critical,Finance,Hardware,Resolved
TCK-9935,2025-07-07 21:44:20.306030,2025-07-08 16:23:08.907919712,High,DevOps,Software,Resolved
TCK-9936,2025-07-07 22:44:49.468946,2025-07-08 11:13:14.311863616,Low,Operations,Access Control,Closed
TCK-9937,2025-07-07 22:44:49.468946,2025-07-08 16:42:20.217059242,Medium,Operations,Access Control,Closed
TCK-9938,2025-07-08 00:45:47.794779,2025-07-08 03:26:12.919379133,Low,IT Support,Hardware,Closed
TCK-9939,2025-07-08 00:45:47.794779,2025-07-08 01:28:22.901340620,Medium,IT Support,Access Control,Closed
TCK-9940,2025-07-08 01:16:02.376237,2025-07-08 03:55:02.643614547,High,Operations,Hardware,Resolved
TCK-9941,2025-07-08 01:16:02.376237,2025-07-08 07:19:37.014628296,High,Operations,Hardware,Closed
TCK-9942,2025-07-08 03:17:00.702070,2025-07-08 08:32:33.114859999,Medium,Finance,Hardware,Closed
TCK-9943,2025-07-08 03:47:15.283528,2025-07-08 20:58:37.177664656,High,Operations,Email,Closed
TCK-9944,2025-07-08 03:47:15.283528,2025-07-08 14:44:32.744211297,Medium,IT Support,Software,Closed
TCK-9945,2025-07-08 04:17:29.864986,2025-07-08 05:00:14.988528473,Medium,IT Support,Access Control,Resolved
TCK-9946,2025-07-08 04:47:44.446444,2025-07-08 05:26:04.083755282,High,HR,Network,Closed
TCK-9947,2025-07-08 05:48:13.609360,2025-07-08 07:30:46.825843384,Medium,DevOps,Software,Closed
TCK-9948,2025-07-08 06:18:28.190819,2025-07-08 14:08:50.821806952,Medium,DevOps,Network,Closed
TCK-9949,2025-07-08 07:18:57.353735,2025-07-08 07:25:39.252702573,High,Finance,Hardware,Closed
TCK-9950,2025-07-08 07:49:11.935193,2025-07-08 20:04:53.270291445,Low,IT Support,Access Control,Closed
TCK-9951,2025-07-08 07:49:11.935193,2025-07-08 15:52:19.178452521,Unassigned,IT Support,Software,Resolved
TCK-9952,2025-07-08 07:49:11.935193,2025-07-08 22:24:43.557240469,Medium,Operations,Network,Closed
TCK-9953,2025-07-08 09:19:55.679567,2025-07-09 08:17:55.118704423,Medium,IT Support,Network,Closed
TCK-9954,2025-07-08 09:50:10.261026,2025-07-08 15:02:16.165136427,Medium,DevOps,Network,Resolved
TCK-9955,2025-07-08 11:20:54.005400,2025-07-08 14:25:27.518771873,Low,DevOps,Software,Closed
TCK-9956,2025-07-08 11:20:54.005400,2025-07-08 17:12:46.125340872,High,DevOps,Email,Resolved
TCK-9957,2025-07-08 11:51:08.586858,2025-07-08 11:53:02.941892501,Medium,Operations,Hardware,Closed
TCK-9958,2025-07-08 11:51:08.586858,2025-07-08 14:09:13.143336670,Medium,HR,Access Control,Closed
TCK-9959,2025-07-08 12:21:23.168316,2025-07-09 13:22:10.631416318,High,DevOps,Network,Closed
TCK-9960,2025-07-08 13:21:52.331233,2025-07-08 17:54:06.231712828,Medium,IT Support,Software,Closed
TCK-9961,2025-07-08 13:52:06.912691,2025-07-12 10:52:43.083703223,High,HR,Network,Closed
TCK-9962,2025-07-08 14:22:21.494149,2025-07-08 17:40:46.573496527,Unassigned,HR,Software,Closed
TCK-9963,2025-07-08 15:22:50.657065,2025-07-09 19:22:02.721786602,Low,IT Support,Email,Closed
TCK-9964,2025-07-08 15:53:05.238523,2025-07-09 13:51:41.546973045,High,Operations,Network,Closed
TCK-9965,2025-07-08 16:23:19.819981,2025-07-08 23:23:14.248610326,High,DevOps,Network,Closed
TCK-9966,2025-07-08 16:23:19.819981,2025-07-08 23:37:02.293075922,High,IT Support,Access Control,Closed
TCK-9967,2025-07-08 16:23:19.819981,2025-07-09 07:18:44.533174074,Medium,IT Support,Software,Closed
TCK-9968,2025-07-08 17:54:03.564356,2025-07-10 04:20:10.752486448,High,IT Support,Software,Closed
TCK-9969,2025-07-08 18:24:18.145814,2025-07-09 03:11:24.749159643,Medium,Finance,Email,Resolved
TCK-9970,2025-07-08 18:24:18.145814,2025-07-08 19:32:29.059535973,Low,DevOps,Network,Resolved
TCK-9971,2025-07-08 18:24:18.145814,2025-07-09 02:50:54.189214642,Low,Finance,Access Control,Closed
TCK-9972,2025-07-08 18:54:32.727272,2025-07-08 23:05:27.479722525,Medium,IT Support,Hardware,Closed
TCK-9973,2025-07-08 18:54:32.727272,2025-07-10 21:18:50.930170281,High,IT Support,Access Control,Closed
TCK-9974,2025-07-08 18:54:32.727272,2025-07-09 16:25:04.082227165,Medium,IT Support,Access Control,Resolved
TCK-9975,2025-07-08 18:54:32.727272,2025-07-08 19:50:53.354117831,High,Finance,Access Control,Resolved
TCK-9976,2025-07-08 19:24:47.308730,2025-07-09 01:39:14.013050643,Medium,IT Support,Access Control,Resolved
TCK-9977,2025-07-08 20:25:16.471647,2025-07-08 21:20:55.009878900,Low,IT Support,Network,Resolved
TCK-9978,2025-07-08 21:56:00.216021,2025-07-10 05:49:49.374044387,Unassigned,IT Support,Access Control,Resolved
TCK-9979,2025-07-08 21:56:00.216021,2025-07-10 16:33:01.907154902,Medium,Finance,Software,Closed
TCK-9980,2025-07-08 22:26:14.797479,2025-07-09 00:34:52.377493428,Medium,HR,Software,Closed
TCK-9981,2025-07-08 22:26:14.797479,2025-07-09 08:53:00.607132773,Low,DevOps,Access Control,Closed
TCK-9982,2025-07-08 22:26:14.797479,2025-07-10 22:47:42.110064614,Low,DevOps,Software,Closed
TCK-9983,2025-07-08 22:56:29.378937,2025-07-09 01:45:56.591439053,Medium,DevOps,Network,Resolved
TCK-9984,2025-07-08 23:26:43.960396,2025-07-09 05:39:31.301897384,High,IT Support,Hardware,Closed
TCK-9985,2025-07-09 00:57:27.704770,2025-07-09 07:29:17.164783135,Low,IT Support,Access Control,Closed
TCK-9986,2025-07-09 00:57:27.704770,2025-07-09 01:30:25.357027660,High,Finance,Software,Closed
TCK-9987,2025-07-09 02:58:26.030603,2025-07-09 03:38:20.226206887,Medium,IT Support,Software,Closed
TCK-9988,2025-07-09 02:58:26.030603,2025-07-11 09:55:54.001625160,Medium,HR,Network,Closed
TCK-9989,2025-07-09 03:58:55.193519,2025-07-09 19:13:09.317250815,High,IT Support,Network,Closed
TCK-9990,2025-07-09 03:58:55.193519,2025-07-09 10:34:26.115760587,Low,IT Support,Hardware,Resolved
TCK-9991,2025-07-09 04:29:09.774977,2025-07-09 13:03:08.123387364,Unassigned,IT Support,Email,Closed
TCK-9992,2025-07-09 04:59:24.356435,2025-07-10 03:34:29.896448722,High,DevOps,Email,Closed
TCK-9993,2025-07-09 04:59:24.356435,2025-07-09 13:12:27.010284596,Medium,IT Support,Email,Closed
TCK-9994,2025-07-09 05:29:38.937893,2025-07-09 10:08:47.173006694,Medium,IT Support,Hardware,Resolved
TCK-9995,2025-07-09 05:59:53.519351,2025-07-09 07:55:53.304577839,Low,IT Support,Access Control,Resolved
TCK-9996,2025-07-09 05:59:53.519351,2025-07-10 05:29:42.745953177,Medium,DevOps,Email,Closed
TCK-9997,2025-07-09 05:59:53.519351,2025-07-09 09:34:57.805668569,Medium,DevOps,Email,Closed
TCK-9998,2025-07-09 06:30:08.100810,2025-07-09 07:48:06.178695133,Critical,IT Support,Software,Resolved
TCK-9999,2025-07-09 07:00:22.682268,2025-07-09 17:01:42.678394214,Medium,DevOps,Software,Closed
TCK-10000,2025-07-09 07:30:37.263726,2025-07-09 08:14:13.575362594,Medium,HR,Access Control,Closed
TCK-10001,2025-07-09 09:01:21.008100,2025-07-11 21:21:53.401053782,High,DevOps,Network,Resolved
TCK-10002,2025-07-09 09:01:21.008100,2025-07-10 02:47:16.184827027,Medium,DevOps,Hardware,Closed
TCK-10003,2025-07-09 09:01:21.008100,2025-07-09 12:00:18.153703469,Low,DevOps,Email,Resolved
TCK-10004,2025-07-09 09:31:35.589558,2025-07-09 12:56:01.626180297,Low,DevOps,Hardware,Closed
TCK-10005,2025-07-09 09:31:35.589558,2025-07-10 00:42:39.007642805,Low,IT Support,Software,Closed
TCK-10006,2025-07-09 09:31:35.589558,2025-07-09 17:27:48.206340379,Low,Finance,Hardware,Resolved
TCK-10007,2025-07-09 10:01:50.171017,2025-07-10 12:49:18.572717489,Medium,IT Support,Software,Closed
TCK-10008,2025-07-09 10:01:50.171017,2025-07-10 00:14:12.399991993,High,Operations,Hardware,Closed
TCK-10009,2025-07-09 11:02:19.333933,2025-07-09 21:15:44.761571099,Low,IT Support,Software,Resolved
TCK-10010,2025-07-09 12:02:48.496849,2025-07-11 23:22:48.974840216,High,HR,Hardware,Closed
TCK-10011,2025-07-09 12:33:03.078307,2025-07-09 21:28:10.973561603,Low,IT Support,Email,Closed
TCK-10012,2025-07-09 13:33:32.241224,2025-07-09 22:46:19.755027477,Medium,IT Support,Email,Closed
TCK-10013,2025-07-09 14:03:46.822682,2025-07-10 09:47:23.290410987,Medium,Finance,Access Control,Closed
TCK-10014,2025-07-09 14:34:01.404140,2025-07-10 20:24:39.199648518,Low,HR,Hardware,Resolved
TCK-10015,2025-07-09 15:34:30.567056,2025-07-10 09:17:18.593925075,Low,HR,Network,Closed
TCK-10016,2025-07-09 15:34:30.567056,2025-07-10 13:09:48.505933830,Low,IT Support,Access Control,Resolved
TCK-10017,2025-07-09 16:04:45.148514,2025-07-10 00:28:47.282805415,Medium,DevOps,Hardware,Closed
TCK-10018,2025-07-09 16:34:59.729972,2025-07-10 04:20:11.493460492,High,IT Support,Network,Closed
TCK-10019,2025-07-09 16:34:59.729972,2025-07-09 20:31:59.718034358,Unassigned,HR,Email,Closed
TCK-10020,2025-07-09 17:05:14.311431,2025-07-10 13:36:39.586582039,Low,Finance,Email,Resolved
TCK-10021,2025-07-09 17:35:28.892889,2025-07-09 22:05:49.924121532,Critical,HR,Email,Closed
TCK-10022,2025-07-09 18:05:43.474347,2025-07-09 18:07:04.965908361,Medium,IT Support,Network,Resolved
TCK-10023,2025-07-09 18:05:43.474347,2025-07-11 18:57:23.253929230,Medium,DevOps,Software,Closed
TCK-10024,2025-07-09 18:35:58.055805,2025-07-10 01:10:29.837956824,Low,IT Support,Hardware,Closed
TCK-10025,2025-07-09 19:06:12.637263,2025-07-09 23:02:40.107467639,Low,IT Support,Access Control,Closed
TCK-10026,2025-07-09 20:36:56.381638,2025-07-10 02:14:05.337011999,Medium,Finance,Access Control,Closed
TCK-10027,2025-07-09 21:07:10.963096,2025-07-10 04:20:25.223594474,Critical,IT Support,Email,Closed
TCK-10028,2025-07-09 21:07:10.963096,2025-07-10 08:42:09.337992295,Low,IT Support,Software,Closed
TCK-10029,2025-07-09 21:37:25.544554,2025-07-09 22:55:02.967298056,Medium,DevOps,Hardware,Closed
TCK-10030,2025-07-09 22:07:40.126012,2025-07-09 23:06:06.525897173,Low,Operations,Hardware,Closed
TCK-10031,2025-07-09 22:37:54.707470,2025-07-10 04:52:14.284140166,Low,Finance,Access Control,Resolved
TCK-10032,2025-07-09 23:08:09.288928,2025-07-10 05:26:51.070541504,High,IT Support,Access Control,Resolved
TCK-10033,2025-07-09 23:38:23.870387,2025-07-10 01:53:34.381021125,Low,IT Support,Access Control,Closed
TCK-10034,2025-07-09 23:38:23.870387,2025-07-10 08:58:44.940405022,Low,Finance,Hardware,Closed
TCK-10035,2025-07-10 00:08:38.451845,2025-07-10 06:09:29.113708366,Critical,HR,Access Control,Closed
TCK-10036,2025-07-10 03:10:05.940594,2025-07-10 03:38:36.726216317,Medium,IT Support,Hardware,Closed
TCK-10037,2025-07-10 05:11:04.266426,2025-07-11 20:13:42.628813354,Low,DevOps,Email,Closed
TCK-10038,2025-07-10 05:11:04.266426,2025-07-11 20:16:31.960206246,High,IT Support,Software,Closed
TCK-10039,2025-07-10 07:12:02.592259,2025-07-10 11:25:30.358199606,Medium,IT Support,Access Control,Resolved
TCK-10040,2025-07-10 07:42:17.173717,2025-07-10 10:54:17.224769195,High,IT Support,Hardware,Closed
TCK-10041,2025-07-10 07:42:17.173717,2025-07-10 21:58:11.798475767,Medium,DevOps,Email,Resolved
TCK-10042,2025-07-10 07:42:17.173717,2025-07-11 01:38:16.820431717,Medium,IT Support,Network,Closed
TCK-10043,2025-07-10 08:12:31.755175,2025-07-12 17:04:31.353231997,Low,IT Support,Email,Closed
TCK-10044,2025-07-10 08:12:31.755175,2025-07-10 16:44:11.936940496,High,IT Support,Software,Closed
TCK-10045,2025-07-10 08:42:46.336633,2025-07-11 02:02:39.617051154,Low,Operations,Email,Resolved
TCK-10046,2025-07-10 09:13:00.918091,2025-07-11 23:06:39.129926123,Unassigned,Finance,Access Control,Closed
TCK-10047,2025-07-10 09:13:00.918091,2025-07-10 19:58:35.311093432,Low,IT Support,Access Control,Closed
TCK-10048,2025-07-10 09:13:00.918091,2025-07-10 11:33:57.483780264,High,DevOps,Network,Closed
TCK-10049,2025-07-10 09:13:00.918091,2025-07-10 17:44:51.385930442,High,IT Support,Hardware,Closed
TCK-10050,2025-07-10 10:13:30.081008,2025-07-10 12:52:05.241126300,Medium,HR,Email,Closed
TCK-10051,2025-07-10 10:13:30.081008,2025-07-10 10:31:37.389703376,Medium,Finance,Network,Resolved
TCK-10052,2025-07-10 11:13:59.243924,2025-07-11 12:17:54.926305399,High,Finance,Access Control,Resolved
TCK-10053,2025-07-10 13:14:57.569756,2025-07-10 18:09:06.816269843,Medium,IT Support,Hardware,Closed
TCK-10054,2025-07-10 13:45:12.151215,2025-07-10 13:47:22.338475010,Medium,DevOps,Hardware,Closed
TCK-10055,2025-07-10 13:45:12.151215,2025-07-12 02:49:02.383695158,Medium,HR,Software,Closed
TCK-10056,2025-07-10 14:45:41.314131,2025-07-11 01:19:13.465223467,Medium,Operations,Access Control,Closed
TCK-10057,2025-07-10 14:45:41.314131,2025-07-10 19:40:27.684312176,Low,DevOps,Hardware,Closed
TCK-10058,2025-07-10 15:15:55.895589,2025-07-10 20:45:12.278409886,Low,Operations,Software,Closed
TCK-10059,2025-07-10 15:15:55.895589,2025-07-10 20:13:05.281909620,Medium,HR,Software,Closed
TCK-10060,2025-07-10 15:46:10.477047,2025-07-10 19:39:50.721748083,Medium,IT Support,Access Control,Closed
TCK-10061,2025-07-10 15:46:10.477047,2025-07-12 00:53:40.289657343,Critical,DevOps,Hardware,Closed
TCK-10062,2025-07-10 15:46:10.477047,2025-07-10 19:07:50.530342193,Medium,DevOps,Hardware,Resolved
TCK-10063,2025-07-10 16:16:25.058505,2025-07-11 07:07:38.319932891,Medium,Operations,Email,Closed
TCK-10064,2025-07-10 16:16:25.058505,2025-07-10 17:43:19.713138101,Medium,IT Support,Hardware,Closed
TCK-10065,2025-07-10 16:46:39.639963,2025-07-12 22:31:45.744892036,Low,Finance,Software,Closed
TCK-10066,2025-07-10 16:46:39.639963,2025-07-11 09:25:14.368115651,High,Operations,Network,Closed
TCK-10067,2025-07-10 16:46:39.639963,2025-07-12 10:48:02.874585261,Medium,Operations,Access Control,Closed
TCK-10068,2025-07-10 16:46:39.639963,2025-07-11 01:54:32.344956904,Critical,IT Support,Network,Closed
TCK-10069,2025-07-10 17:16:54.221422,2025-07-11 23:14:19.216678113,Low,DevOps,Hardware,Resolved
TCK-10070,2025-07-10 17:47:08.802880,2025-07-12 04:22:40.462721518,Medium,Finance,Software,Closed
TCK-10071,2025-07-10 18:17:23.384338,2025-07-11 16:08:21.021023178,High,IT Support,Network,Resolved
TCK-10072,2025-07-10 18:17:23.384338,2025-07-10 20:02:44.942533676,Medium,Operations,Access Control,Closed
TCK-10073,2025-07-10 19:48:07.128712,2025-07-10 20:05:37.586858517,Medium,HR,Email,Closed
TCK-10074,2025-07-10 19:48:07.128712,2025-07-10 23:07:28.933135314,Low,DevOps,Network,Closed
TCK-10075,2025-07-10 20:18:21.710171,2025-07-10 22:34:05.316084850,Medium,Operations,Email,Closed
TCK-10076,2025-07-10 20:18:21.710171,2025-07-11 19:33:09.931933770,Medium,IT Support,Hardware,Resolved
TCK-10077,2025-07-10 20:48:36.291629,2025-07-11 11:27:56.510314826,Low,Operations,Hardware,Resolved
TCK-10078,2025-07-10 21:18:50.873087,2025-07-11 10:45:00.463815343,Low,DevOps,Access Control,Closed
TCK-10079,2025-07-10 21:18:50.873087,2025-07-11 02:33:40.880893932,High,DevOps,Email,Closed
TCK-10080,2025-07-10 21:18:50.873087,2025-07-11 00:20:14.312108315,High,HR,Email,Closed
TCK-10081,2025-07-10 21:18:50.873087,2025-07-11 01:28:43.143273622,Critical,IT Support,Access Control,Resolved
TCK-10082,2025-07-10 22:19:20.036003,2025-07-11 07:31:31.460131906,Medium,DevOps,Network,Closed
TCK-10083,2025-07-10 22:49:34.617461,2025-07-11 23:05:00.691213401,Medium,HR,Access Control,Resolved
TCK-10084,2025-07-10 23:19:49.198919,2025-07-11 04:37:02.412651428,Low,HR,Hardware,Resolved
TCK-10085,2025-07-10 23:50:03.780378,2025-07-11 21:25:22.316798553,High,HR,Email,Closed
TCK-10086,2025-07-10 23:50:03.780378,2025-07-11 12:00:28.882826965,Medium,HR,Software,Closed
TCK-10087,2025-07-11 00:20:18.361836,2025-07-12 15:20:18.187901391,Medium,DevOps,Software,Closed
TCK-10088,2025-07-11 00:20:18.361836,2025-07-11 05:06:40.541263606,Medium,DevOps,Hardware,Closed
TCK-10089,2025-07-11 00:20:18.361836,2025-07-11 11:07:39.210961782,Medium,DevOps,Email,Closed
TCK-10090,2025-07-11 00:50:32.943294,2025-07-11 02:40:20.611799453,High,DevOps,Email,Closed
TCK-10091,2025-07-11 00:50:32.943294,2025-07-11 08:11:24.209625900,High,DevOps,Access Control,Closed
TCK-10092,2025-07-11 01:51:02.106210,2025-07-11 14:34:35.941259393,Unassigned,IT Support,Network,Closed
TCK-10093,2025-07-11 02:21:16.687668,2025-07-12 02:06:22.498229563,Medium,DevOps,Access Control,Closed
TCK-10094,2025-07-11 03:21:45.850585,2025-07-11 07:20:09.986319786,Medium,HR,Software,Resolved
TCK-10095,2025-07-11 03:21:45.850585,2025-07-11 07:47:27.840095180,Low,Finance,Email,Closed
TCK-10096,2025-07-11 04:22:15.013501,2025-07-11 22:20:39.487013852,Medium,HR,Network,Resolved
TCK-10097,2025-07-11 04:22:15.013501,2025-07-11 13:02:49.121917996,Critical,HR,Access Control,Resolved
TCK-10098,2025-07-11 04:52:29.594959,2025-07-11 16:43:05.609986593,Medium,IT Support,Network,Closed
TCK-10099,2025-07-11 04:52:29.594959,2025-07-12 13:25:54.104052975,High,IT Support,Software,Resolved
TCK-10100,2025-07-11 04:52:29.594959,2025-07-11 17:19:06.836851982,Unassigned,IT Support,Network,Closed
TCK-10101,2025-07-11 05:22:44.176417,2025-07-12 00:24:17.052702037,Low,HR,Email,Closed
TCK-10102,2025-07-11 05:52:58.757875,2025-07-12 01:07:53.881489157,Medium,IT Support,Network,Closed
TCK-10103,2025-07-11 06:23:13.339333,2025-07-12 11:41:05.881920989,Medium,IT Support,Network,Closed
TCK-10104,2025-07-11 06:23:13.339333,2025-07-12 00:41:02.310507176,Low,IT Support,Access Control,Closed
TCK-10105,2025-07-11 06:23:13.339333,2025-07-11 07:35:35.287655861,Low,IT Support,Network,Resolved
TCK-10106,2025-07-11 06:23:13.339333,2025-07-11 13:55:32.439477846,Medium,Operations,Network,Resolved
TCK-10107,2025-07-11 06:53:27.920792,2025-07-14 16:35:36.751157359,Medium,DevOps,Software,Closed
TCK-10108,2025-07-11 06:53:27.920792,2025-07-11 10:49:45.571039076,Medium,Operations,Network,Closed
TCK-10109,2025-07-11 07:23:42.502250,2025-07-11 23:18:03.146446768,High,Finance,Access Control,Closed
TCK-10110,2025-07-11 07:53:57.083708,2025-07-12 17:13:10.402000947,Low,DevOps,Access Control,Closed
TCK-10111,2025-07-11 07:53:57.083708,2025-07-11 23:47:50.996612185,Low,Finance,Email,Closed
TCK-10112,2025-07-11 07:53:57.083708,2025-07-11 16:16:50.915508406,Low,HR,Software,Resolved
TCK-10113,2025-07-11 08:24:11.665166,2025-07-11 09:54:30.894190686,Medium,Finance,Hardware,Closed
TCK-10114,2025-07-11 08:24:11.665166,2025-07-11 16:28:59.860440761,Critical,IT Support,Email,Closed
TCK-10115,2025-07-11 08:54:26.246624,2025-07-11 12:31:29.457616044,Unassigned,DevOps,Network,Closed
TCK-10116,2025-07-11 08:54:26.246624,2025-07-13 19:14:22.457957482,Low,Operations,Software,Resolved
TCK-10117,2025-07-11 09:54:55.409540,2025-07-12 08:30:43.892905926,Low,DevOps,Email,Closed
TCK-10118,2025-07-11 09:54:55.409540,2025-07-12 10:49:27.594677228,Medium,HR,Access Control,Resolved
TCK-10119,2025-07-11 10:55:24.572457,2025-07-11 21:13:52.067993793,Medium,Operations,Software,Closed
TCK-10120,2025-07-11 10:55:24.572457,2025-07-11 13:01:13.402972821,High,Operations,Software,Resolved
TCK-10121,2025-07-11 10:55:24.572457,2025-07-11 16:30:27.014192869,High,HR,Network,Closed
TCK-10122,2025-07-11 11:25:39.153915,2025-07-11 16:50:25.470950073,Critical,Operations,Software,Closed
TCK-10123,2025-07-11 11:55:53.735373,2025-07-11 23:56:18.537198534,High,IT Support,Software,Closed
TCK-10124,2025-07-11 11:55:53.735373,2025-07-11 23:03:20.278404727,Medium,IT Support,Hardware,Resolved
TCK-10125,2025-07-11 12:56:22.898289,2025-07-11 23:09:56.827701772,Low,IT Support,Network,Closed
TCK-10126,2025-07-11 12:56:22.898289,2025-07-12 01:16:19.601121275,Low,DevOps,Software,Closed
TCK-10127,2025-07-11 13:26:37.479747,2025-07-14 19:38:46.460524597,Medium,IT Support,Software,Closed
TCK-10128,2025-07-11 13:56:52.061206,2025-07-11 20:19:32.369757298,Medium,IT Support,Hardware,Closed
TCK-10129,2025-07-11 15:57:50.387038,2025-07-12 09:09:28.079729442,Low,IT Support,Hardware,Closed
TCK-10130,2025-07-11 15:57:50.387038,2025-07-11 20:53:31.936928505,Low,IT Support,Access Control,Closed
TCK-10131,2025-07-11 16:28:04.968496,2025-07-12 03:46:51.471352128,Low,HR,Network,Closed
TCK-10132,2025-07-11 16:28:04.968496,2025-07-11 20:29:08.658628732,Low,IT Support,Hardware,Resolved
TCK-10133,2025-07-11 16:28:04.968496,2025-07-12 07:10:18.819258587,High,HR,Software,Closed
TCK-10134,2025-07-11 17:58:48.712871,2025-07-11 23:31:20.685743269,High,IT Support,Hardware,Closed
TCK-10135,2025-07-11 17:58:48.712871,2025-07-11 18:39:17.591686171,Medium,IT Support,Email,Closed
TCK-10136,2025-07-11 17:58:48.712871,2025-07-13 00:22:47.222407264,Low,DevOps,Access Control,Closed
TCK-10137,2025-07-11 18:29:03.294329,2025-07-11 20:57:17.642384605,High,Operations,Access Control,Resolved
TCK-10138,2025-07-11 18:29:03.294329,2025-07-12 02:44:41.781925745,Medium,HR,Network,Closed
TCK-10139,2025-07-11 18:29:03.294329,2025-07-12 06:09:26.967143800,Medium,IT Support,Access Control,Closed
TCK-10140,2025-07-11 19:29:32.457245,2025-07-12 05:41:20.315152778,Low,Operations,Network,Closed
TCK-10141,2025-07-11 19:29:32.457245,2025-07-12 18:46:25.300534007,High,Finance,Email,Resolved
TCK-10142,2025-07-11 19:59:47.038703,2025-07-12 12:20:42.579476099,High,DevOps,Software,Resolved
TCK-10143,2025-07-11 20:30:01.620162,2025-07-12 02:48:07.070821395,Critical,HR,Email,Closed
TCK-10144,2025-07-11 20:30:01.620162,2025-07-11 21:27:21.692396646,Medium,IT Support,Network,Closed
TCK-10145,2025-07-11 20:30:01.620162,2025-07-12 22:46:02.591460245,Medium,DevOps,Network,Resolved
TCK-10146,2025-07-11 20:30:01.620162,2025-07-12 04:19:28.779235901,Low,DevOps,Network,Closed
TCK-10147,2025-07-11 21:00:16.201620,2025-07-13 12:41:25.665963925,Low,HR,Software,Closed
TCK-10148,2025-07-11 21:30:30.783078,2025-07-12 06:33:20.602236169,Low,IT Support,Network,Resolved
TCK-10149,2025-07-11 21:30:30.783078,2025-07-12 20:16:19.346454821,Low,DevOps,Email,Closed
TCK-10150,2025-07-11 22:00:45.364536,2025-07-14 00:31:25.955621444,Low,IT Support,Software,Closed
TCK-10151,2025-07-11 22:30:59.945994,2025-07-12 17:28:22.139718033,Critical,DevOps,Email,Closed
TCK-10152,2025-07-11 22:30:59.945994,2025-07-12 08:07:14.874277532,Medium,HR,Software,Closed
TCK-10153,2025-07-11 23:31:29.108910,2025-07-12 14:36:27.625782122,High,HR,Network,Resolved
TCK-10154,2025-07-11 23:31:29.108910,2025-07-12 13:38:15.323227365,Low,IT Support,Software,Closed
TCK-10155,2025-07-12 00:01:43.690369,2025-07-12 15:51:05.690126260,Low,Finance,Hardware,Closed
TCK-10156,2025-07-12 01:32:27.434743,2025-07-12 04:23:56.684404133,Medium,IT Support,Email,Resolved
TCK-10157,2025-07-12 01:32:27.434743,2025-07-12 23:07:23.803787004,High,HR,Hardware,Closed
TCK-10158,2025-07-12 02:02:42.016201,2025-07-12 04:51:56.462711965,Low,IT Support,Hardware,Resolved
TCK-10159,2025-07-12 02:02:42.016201,2025-07-12 02:18:36.180875807,Low,Operations,Network,Resolved
TCK-10160,2025-07-12 02:02:42.016201,2025-07-12 19:41:21.764331167,Low,Operations,Network,Closed
TCK-10161,2025-07-12 03:03:11.179117,2025-07-12 05:17:27.905898113,Medium,DevOps,Hardware,Closed
TCK-10162,2025-07-12 04:33:54.923492,2025-07-13 07:03:06.004425826,Medium,Operations,Software,Resolved
TCK-10163,2025-07-12 05:34:24.086408,2025-07-13 17:44:50.147263262,Low,IT Support,Network,Closed
TCK-10164,2025-07-12 06:04:38.667866,2025-07-14 10:11:56.650313615,Medium,Operations,Email,Closed
TCK-10165,2025-07-12 06:04:38.667866,2025-07-13 01:44:04.457832000,High,IT Support,Hardware,Resolved
TCK-10166,2025-07-12 06:34:53.249324,2025-07-12 18:25:19.258779486,Low,HR,Email,Closed
TCK-10167,2025-07-12 07:05:07.830783,2025-07-12 14:54:10.369905928,Medium,IT Support,Email,Closed
TCK-10168,2025-07-12 07:35:22.412241,2025-07-12 19:44:32.787379844,Low,Operations,Email,Resolved
TCK-10169,2025-07-12 08:05:36.993699,2025-07-12 11:53:39.900925513,Unassigned,Finance,Hardware,Closed
TCK-10170,2025-07-12 09:06:06.156615,2025-07-12 16:48:43.830186535,High,Finance,Access Control,Closed
TCK-10171,2025-07-12 10:36:49.900990,2025-07-13 09:23:40.902331368,Medium,Operations,Network,Resolved
TCK-10172,2025-07-12 11:07:04.482448,2025-07-12 15:31:51.039791499,Low,Finance,Email,Closed
TCK-10173,2025-07-12 11:07:04.482448,2025-07-12 16:38:13.223960237,Medium,Finance,Hardware,Closed
TCK-10174,2025-07-12 11:37:19.063906,2025-07-13 12:31:37.055890875,High,IT Support,Access Control,Closed
TCK-10175,2025-07-12 12:07:33.645364,2025-07-12 15:39:02.477606911,High,Operations,Hardware,Resolved
TCK-10176,2025-07-12 12:07:33.645364,2025-07-12 17:12:21.101711883,High,Operations,Network,Closed
TCK-10177,2025-07-12 12:37:48.226822,2025-07-12 12:56:55.403669246,Medium,Operations,Hardware,Closed
TCK-10178,2025-07-12 13:08:02.808280,2025-07-13 12:03:02.926779830,Medium,IT Support,Software,Closed
TCK-10179,2025-07-12 13:08:02.808280,2025-07-13 06:27:05.738473566,Medium,IT Support,Software,Closed
TCK-10180,2025-07-12 13:08:02.808280,2025-07-13 10:28:18.712442042,Low,HR,Email,Closed
TCK-10181,2025-07-12 13:08:02.808280,2025-07-12 17:28:33.577440349,Low,IT Support,Hardware,Closed
TCK-10182,2025-07-12 13:38:17.389738,2025-07-13 10:34:03.935662692,Medium,IT Support,Hardware,Resolved
TCK-10183,2025-07-12 14:08:31.971197,2025-07-13 06:28:23.265343941,Low,Finance,Email,Closed
TCK-10184,2025-07-12 14:38:46.552655,2025-07-12 22:51:08.893189892,High,DevOps,Email,Resolved
TCK-10185,2025-07-12 14:38:46.552655,2025-07-13 01:00:47.693619323,High,Operations,Access Control,Closed
TCK-10186,2025-07-12 15:09:01.134113,2025-07-13 06:15:17.774660876,Medium,IT Support,Hardware,Closed
TCK-10187,2025-07-12 15:39:15.715571,2025-07-13 03:53:28.098596546,High,IT Support,Network,Resolved
TCK-10188,2025-07-12 15:39:15.715571,2025-07-13 10:08:08.606580947,Medium,IT Support,Network,Closed
TCK-10189,2025-07-12 16:09:30.297029,2025-07-12 19:45:07.374655741,Medium,HR,Network,Closed
TCK-10190,2025-07-12 16:09:30.297029,2025-07-13 06:09:49.450885937,Low,HR,Email,Closed
TCK-10191,2025-07-12 16:39:44.878487,2025-07-13 03:25:57.652667982,Critical,HR,Email,Resolved
TCK-10192,2025-07-12 16:39:44.878487,2025-07-13 03:47:16.315461335,Medium,Operations,Email,Closed
TCK-10193,2025-07-12 17:09:59.459945,2025-07-13 04:34:24.062949054,Medium,HR,Network,Closed
TCK-10194,2025-07-12 17:40:14.041404,2025-07-14 08:03:26.894274458,Medium,Finance,Access Control,Closed
TCK-10195,2025-07-12 18:40:43.204320,2025-07-14 01:24:29.895664817,Low,DevOps,Software,Resolved
TCK-10196,2025-07-12 18:40:43.204320,2025-07-13 12:33:15.480458307,Critical,DevOps,Hardware,Resolved
TCK-10197,2025-07-12 19:10:57.785778,2025-07-13 17:52:17.996195541,Unassigned,Finance,Software,Closed
TCK-10198,2025-07-12 19:41:12.367236,2025-07-12 20:28:27.087098362,High,Operations,Hardware,Closed
TCK-10199,2025-07-12 20:11:26.948694,2025-07-13 20:42:59.896371644,Critical,Finance,Email,Resolved
TCK-10200,2025-07-12 20:11:26.948694,2025-07-13 08:10:34.188777192,Low,Operations,Network,Resolved
TCK-10201,2025-07-12 20:41:41.530153,2025-07-13 03:34:38.169771279,Low,IT Support,Software,Closed
TCK-10202,2025-07-12 20:41:41.530153,2025-07-12 23:24:18.050229372,High,IT Support,Email,Closed
TCK-10203,2025-07-12 21:11:56.111611,2025-07-12 22:36:22.647759844,Low,DevOps,Hardware,Resolved
TCK-10204,2025-07-12 22:12:25.274527,2025-07-12 23:02:01.165578016,Low,HR,Software,Closed
TCK-10205,2025-07-12 22:12:25.274527,2025-07-13 01:23:02.084432334,High,DevOps,Software,Closed
TCK-10206,2025-07-12 22:42:39.855985,2025-07-12 23:15:43.219427549,Medium,DevOps,Software,Closed
TCK-10207,2025-07-13 00:13:23.600360,2025-07-13 23:58:05.660938662,Medium,IT Support,Software,Resolved
TCK-10208,2025-07-13 00:13:23.600360,2025-07-13 05:22:05.769032623,Medium,Finance,Software,Closed
TCK-10209,2025-07-13 00:13:23.600360,2025-07-13 08:30:14.071394686,High,Operations,Email,Closed
TCK-10210,2025-07-13 00:13:23.600360,2025-07-14 07:21:47.828363062,High,Operations,Hardware,Closed
TCK-10211,2025-07-13 01:44:07.344734,2025-07-13 03:55:38.734046460,Medium,DevOps,Hardware,Closed
TCK-10212,2025-07-13 03:14:51.089108,2025-07-14 11:44:42.077309272,Unassigned,DevOps,Access Control,Closed
TCK-10213,2025-07-13 03:14:51.089108,2025-07-13 21:36:51.405821611,Medium,Operations,Network,Closed
TCK-10214,2025-07-13 03:14:51.089108,2025-07-13 10:46:56.058306789,Low,DevOps,Software,Closed
TCK-10215,2025-07-13 03:45:05.670567,2025-07-13 06:00:28.005025664,Medium,IT Support,Hardware,Closed
TCK-10216,2025-07-13 04:15:20.252025,2025-07-13 05:58:57.964501241,Low,IT Support,Network,Closed
TCK-10217,2025-07-13 05:15:49.414941,2025-07-13 12:37:15.895915423,Low,HR,Network,Closed
TCK-10218,2025-07-13 06:46:33.159315,2025-07-13 09:29:52.254940900,Low,IT Support,Email,Resolved
TCK-10219,2025-07-13 06:46:33.159315,2025-07-13 12:23:03.483276149,Medium,IT Support,Software,Resolved
TCK-10220,2025-07-13 07:16:47.740774,2025-07-13 08:15:33.477258867,Medium,Operations,Access Control,Closed
TCK-10221,2025-07-13 07:47:02.322232,2025-07-14 00:03:14.329847020,Low,DevOps,Network,Resolved
TCK-10222,2025-07-13 08:17:16.903690,2025-07-13 11:06:49.000719355,Medium,Operations,Email,Resolved
TCK-10223,2025-07-13 08:17:16.903690,2025-07-14 09:43:57.720361789,Low,Finance,Software,Resolved
TCK-10224,2025-07-13 08:47:31.485148,2025-07-13 13:13:20.340974153,Medium,HR,Hardware,Closed
TCK-10225,2025-07-13 09:17:46.066606,2025-07-14 14:05:05.349165163,Low,IT Support,Access Control,Resolved
TCK-10226,2025-07-13 09:17:46.066606,2025-07-13 13:05:11.349021022,Medium,Operations,Software,Closed
TCK-10227,2025-07-13 09:17:46.066606,2025-07-14 08:17:51.278575641,Medium,IT Support,Email,Closed
TCK-10228,2025-07-13 09:17:46.066606,2025-07-13 16:35:15.069346854,Low,Finance,Email,Closed
TCK-10229,2025-07-13 10:48:29.810981,2025-07-14 02:33:27.015257645,Medium,IT Support,Email,Closed
TCK-10230,2025-07-13 10:48:29.810981,2025-07-13 11:31:04.811589921,High,IT Support,Email,Closed
TCK-10231,2025-07-13 11:18:44.392439,2025-07-13 23:37:06.920935128,Low,IT Support,Email,Closed
TCK-10232,2025-07-13 12:49:28.136813,2025-07-13 15:43:19.411836636,Low,Finance,Access Control,Resolved
TCK-10233,2025-07-13 12:49:28.136813,2025-07-14 00:48:54.994932310,Medium,Operations,Network,Closed
TCK-10234,2025-07-13 13:19:42.718271,2025-07-13 16:04:18.531465805,High,Finance,Network,Closed
TCK-10235,2025-07-13 13:49:57.299729,2025-07-14 00:10:33.580237791,Unassigned,DevOps,Hardware,Closed
TCK-10236,2025-07-13 14:20:11.881188,2025-07-13 16:26:48.489547137,Low,Operations,Network,Closed
TCK-10237,2025-07-13 14:50:26.462646,2025-07-13 19:18:42.731096255,Low,DevOps,Email,Resolved
TCK-10238,2025-07-13 15:20:41.044104,2025-07-14 07:37:04.335145093,Low,Operations,Network,Closed
TCK-10239,2025-07-13 15:50:55.625562,2025-07-16 11:29:09.009761900,Medium,HR,Network,Closed
TCK-10240,2025-07-13 15:50:55.625562,2025-07-14 02:34:59.485218761,Medium,Operations,Email,Closed
TCK-10241,2025-07-13 15:50:55.625562,2025-07-14 12:46:00.170238693,Unassigned,Finance,Access Control,Closed
TCK-10242,2025-07-13 16:51:24.788478,2025-07-14 06:48:42.858338420,Critical,IT Support,Email,Closed
TCK-10243,2025-07-13 16:51:24.788478,2025-07-14 05:16:28.262750447,Medium,IT Support,Network,Closed
TCK-10244,2025-07-13 17:51:53.951395,2025-07-13 19:04:08.581034655,Medium,IT Support,Network,Closed
TCK-10245,2025-07-13 18:52:23.114311,2025-07-13 21:40:41.053557132,Medium,HR,Hardware,Resolved
TCK-10246,2025-07-13 18:52:23.114311,2025-07-15 09:30:08.766418128,Medium,DevOps,Email,Resolved
TCK-10247,2025-07-13 19:22:37.695769,2025-07-14 04:52:46.346774013,High,DevOps,Hardware,Closed
TCK-10248,2025-07-13 19:52:52.277227,2025-07-14 13:01:52.396537218,Medium,Operations,Hardware,Resolved
TCK-10249,2025-07-13 20:23:06.858685,2025-07-14 09:54:29.190495457,Medium,Finance,Software,Resolved
TCK-10250,2025-07-13 20:23:06.858685,2025-07-14 04:57:26.874377799,Medium,DevOps,Hardware,Closed
TCK-10251,2025-07-13 20:23:06.858685,2025-07-14 05:13:05.726867114,Medium,IT Support,Network,Resolved
TCK-10252,2025-07-13 21:23:36.021602,2025-07-14 11:59:11.098819000,Medium,DevOps,Network,Resolved
TCK-10253,2025-07-13 22:54:19.765976,2025-07-14 01:38:39.179807178,High,DevOps,Software,Resolved
TCK-10254,2025-07-13 22:54:19.765976,2025-07-14 07:43:19.649040845,Low,DevOps,Software,Closed
TCK-10255,2025-07-14 01:55:47.254725,2025-07-14 12:35:31.735614098,Medium,Finance,Email,Closed
TCK-10256,2025-07-14 01:55:47.254725,2025-07-17 05:40:35.737272928,Critical,Finance,Software,Resolved
TCK-10257,2025-07-14 02:26:01.836183,2025-07-14 10:13:41.760991132,High,IT Support,Access Control,Closed
TCK-10258,2025-07-14 03:26:30.999099,2025-07-14 22:03:43.487643421,Medium,DevOps,Network,Closed
TCK-10259,2025-07-14 03:26:30.999099,2025-07-14 06:06:09.875304154,Medium,DevOps,Network,Closed
TCK-10260,2025-07-14 04:57:14.743474,2025-07-14 06:10:23.241122910,Medium,Finance,Software,Closed
TCK-10261,2025-07-14 06:27:58.487848,2025-07-15 19:24:18.027216544,Low,IT Support,Software,Closed
TCK-10262,2025-07-14 08:59:11.395139,2025-07-15 08:36:12.811324009,Medium,IT Support,Network,Closed
TCK-10263,2025-07-14 09:29:25.976597,2025-07-14 16:21:59.039282274,High,HR,Software,Closed
TCK-10264,2025-07-14 09:29:25.976597,2025-07-14 22:07:57.955938100,Medium,DevOps,Email,Closed
TCK-10265,2025-07-14 09:29:25.976597,2025-07-14 12:06:59.419930214,Medium,IT Support,Software,Closed
TCK-10266,2025-07-14 09:59:40.558055,2025-07-15 08:06:03.375451883,Low,DevOps,Software,Closed
TCK-10267,2025-07-14 09:59:40.558055,2025-07-14 11:18:26.177849332,Medium,HR,Email,Closed
TCK-10268,2025-07-14 10:29:55.139513,2025-07-15 11:57:56.115846544,Critical,IT Support,Email,Closed
TCK-10269,2025-07-14 11:00:09.720972,2025-07-15 01:14:59.070927506,Medium,DevOps,Email,Closed
TCK-10270,2025-07-14 11:00:09.720972,2025-07-14 16:53:13.414711877,Low,Finance,Network,Closed
TCK-10271,2025-07-14 12:00:38.883888,2025-07-15 23:44:05.646656617,Low,DevOps,Software,Closed
TCK-10272,2025-07-14 12:00:38.883888,2025-07-17 16:56:24.024800766,Low,IT Support,Email,Resolved
TCK-10273,2025-07-14 12:30:53.465346,2025-07-14 17:47:52.119700200,Medium,IT Support,Email,Resolved
TCK-10274,2025-07-14 14:01:37.209720,2025-07-15 19:34:04.814332115,Medium,IT Support,Network,Closed
TCK-10275,2025-07-14 14:31:51.791179,2025-07-15 15:29:46.789330243,Medium,IT Support,Access Control,Closed
TCK-10276,2025-07-14 14:31:51.791179,2025-07-15 15:16:59.407743017,Medium,DevOps,Software,Resolved
TCK-10277,2025-07-14 15:02:06.372637,2025-07-16 23:46:19.184562689,Medium,IT Support,Access Control,Closed
TCK-10278,2025-07-14 15:32:20.954095,2025-07-15 03:32:25.272159714,Low,Operations,Access Control,Closed
TCK-10279,2025-07-14 15:32:20.954095,2025-07-15 11:43:25.956398747,High,DevOps,Email,Closed
TCK-10280,2025-07-14 15:32:20.954095,2025-07-15 22:47:50.996535110,Medium,Finance,Network,Closed
TCK-10281,2025-07-14 15:32:20.954095,2025-07-15 03:17:37.648836245,Low,Operations,Software,Closed
TCK-10282,2025-07-14 16:02:35.535553,2025-07-15 03:51:48.566418479,Low,IT Support,Software,Closed
TCK-10283,2025-07-14 16:02:35.535553,2025-07-14 22:56:58.396921758,Medium,IT Support,Software,Closed
TCK-10284,2025-07-14 17:03:04.698469,2025-07-15 20:22:23.843061333,Low,DevOps,Access Control,Closed
TCK-10285,2025-07-14 18:03:33.861386,2025-07-15 14:55:16.153519564,Critical,IT Support,Hardware,Closed
TCK-10286,2025-07-14 18:33:48.442844,2025-07-15 05:21:42.720744511,Medium,Operations,Network,Closed
TCK-10287,2025-07-14 18:33:48.442844,2025-07-15 04:20:52.694780431,Unassigned,Operations,Hardware,Closed
TCK-10288,2025-07-14 18:33:48.442844,2025-07-14 19:55:11.715082861,High,Operations,Access Control,Closed
TCK-10289,2025-07-14 19:04:03.024302,2025-07-14 19:11:05.673963698,High,Operations,Email,Closed
TCK-10290,2025-07-14 19:04:03.024302,2025-07-15 08:36:56.175485565,Medium,Finance,Hardware,Closed
TCK-10291,2025-07-14 20:04:32.187218,2025-07-15 05:48:11.002946879,Low,DevOps,Hardware,Closed
TCK-10292,2025-07-14 20:04:32.187218,2025-07-16 00:41:32.231421784,Medium,IT Support,Network,Resolved
TCK-10293,2025-07-14 20:34:46.768676,2025-07-15 10:39:40.792733471,Medium,DevOps,Access Control,Closed
TCK-10294,2025-07-14 21:35:15.931593,2025-07-16 23:16:01.691227791,Critical,IT Support,Network,Resolved
TCK-10295,2025-07-14 21:35:15.931593,2025-07-15 01:31:03.789989907,Low,DevOps,Email,Closed
TCK-10296,2025-07-14 21:35:15.931593,2025-07-18 08:45:12.562698134,Medium,Operations,Software,Closed
TCK-10297,2025-07-14 22:05:30.513051,2025-07-15 04:27:30.711990856,High,IT Support,Access Control,Closed
TCK-10298,2025-07-14 22:05:30.513051,2025-07-15 16:36:11.304673427,Medium,IT Support,Email,Closed
TCK-10299,2025-07-14 23:05:59.675967,2025-07-15 11:38:36.300994319,Unassigned,HR,Email,Closed
TCK-10300,2025-07-14 23:05:59.675967,2025-07-15 07:07:16.205031208,Low,DevOps,Hardware,Resolved
TCK-10301,2025-07-14 23:05:59.675967,2025-07-15 01:48:00.967879076,Medium,DevOps,Network,Closed
TCK-10302,2025-07-14 23:36:14.257425,2025-07-15 02:12:39.504383619,High,DevOps,Hardware,Closed
TCK-10303,2025-07-15 00:06:28.838883,2025-07-15 22:29:00.448292540,Low,DevOps,Hardware,Closed
TCK-10304,2025-07-15 01:06:58.001800,2025-07-15 09:39:08.675890072,Low,IT Support,Software,Closed
TCK-10305,2025-07-15 01:37:12.583258,2025-07-17 12:09:13.327193018,Low,DevOps,Network,Closed
TCK-10306,2025-07-15 02:37:41.746174,2025-07-15 09:43:13.190511971,Medium,Finance,Software,Closed
TCK-10307,2025-07-15 02:37:41.746174,2025-07-18 04:31:59.764375860,Low,IT Support,Email,Closed
TCK-10308,2025-07-15 02:37:41.746174,2025-07-15 06:46:02.227814914,Low,HR,Software,Resolved
TCK-10309,2025-07-15 03:07:56.327632,2025-07-15 05:05:06.642348117,Medium,Operations,Email,Closed
TCK-10310,2025-07-15 03:07:56.327632,2025-07-15 09:52:43.036190671,Low,Operations,Hardware,Closed
TCK-10311,2025-07-15 03:38:10.909090,2025-07-16 18:39:32.206046873,Unassigned,DevOps,Software,Closed
TCK-10312,2025-07-15 04:38:40.072007,2025-07-15 17:55:31.770604549,Medium,Operations,Network,Closed
TCK-10313,2025-07-15 05:39:09.234923,2025-07-15 08:16:35.624840018,Low,IT Support,Software,Closed
TCK-10314,2025-07-15 06:09:23.816381,2025-07-15 10:13:46.258349793,Medium,Operations,Email,Resolved
TCK-10315,2025-07-15 06:39:38.397839,2025-07-15 13:22:21.825298721,High,IT Support,Access Control,Closed
TCK-10316,2025-07-15 07:09:52.979297,2025-07-15 23:13:14.895494529,Low,Finance,Network,Closed
TCK-10317,2025-07-15 08:10:22.142214,2025-07-15 15:26:43.580514402,High,IT Support,Email,Closed
TCK-10318,2025-07-15 08:40:36.723672,2025-07-16 09:25:09.480216508,Medium,DevOps,Access Control,Resolved
TCK-10319,2025-07-15 09:41:05.886588,2025-07-16 02:55:36.347809270,High,IT Support,Network,Closed
TCK-10320,2025-07-15 09:41:05.886588,2025-07-16 22:56:46.775080521,High,IT Support,Access Control,Closed
TCK-10321,2025-07-15 10:11:20.468046,2025-07-15 22:42:01.178090685,High,HR,Hardware,Closed
TCK-10322,2025-07-15 10:41:35.049504,2025-07-15 17:55:59.874382990,Low,IT Support,Hardware,Closed
TCK-10323,2025-07-15 11:11:49.630963,2025-07-19 15:50:56.162128748,Medium,IT Support,Software,Closed
TCK-10324,2025-07-15 11:42:04.212421,2025-07-15 19:36:42.991977527,Medium,Finance,Software,Closed
TCK-10325,2025-07-15 12:12:18.793879,2025-07-15 22:16:45.436384987,Low,IT Support,Software,Closed
TCK-10326,2025-07-15 12:42:33.375337,2025-07-16 18:31:11.777027157,Medium,IT Support,Software,Closed
TCK-10327,2025-07-15 13:12:47.956795,2025-07-15 14:53:02.249384414,Medium,IT Support,Access Control,Closed
TCK-10328,2025-07-15 13:43:02.538253,2025-07-15 22:30:41.154190036,Low,IT Support,Network,Closed
TCK-10329,2025-07-15 14:43:31.701170,2025-07-15 16:20:18.271926211,Low,Finance,Network,Resolved
TCK-10330,2025-07-15 15:44:00.864086,2025-07-15 18:26:01.906297733,Low,DevOps,Software,Closed
TCK-10331,2025-07-15 15:44:00.864086,2025-07-15 15:49:02.289552014,Medium,HR,Hardware,Resolved
TCK-10332,2025-07-15 16:44:30.027002,2025-07-15 16:54:51.467506419,Medium,IT Support,Email,Resolved
TCK-10333,2025-07-15 17:14:44.608460,2025-07-16 01:51:31.424445450,Medium,Finance,Software,Closed
TCK-10334,2025-07-15 18:15:13.771377,2025-07-17 00:04:04.592777498,Low,Finance,Software,Closed
TCK-10335,2025-07-15 18:15:13.771377,2025-07-16 10:10:17.593614783,High,HR,Hardware,Closed
TCK-10336,2025-07-15 18:45:28.352835,2025-07-16 12:53:42.288088196,High,IT Support,Email,Resolved
TCK-10337,2025-07-15 19:15:42.934293,2025-07-16 08:26:42.863092070,Medium,IT Support,Access Control,Resolved
TCK-10338,2025-07-15 19:15:42.934293,2025-07-17 02:06:27.447091338,Low,IT Support,Access Control,Closed
TCK-10339,2025-07-15 19:45:57.515751,2025-07-17 09:59:15.427901656,High,IT Support,Email,Closed
TCK-10340,2025-07-15 19:45:57.515751,2025-07-17 05:52:58.982018535,Critical,IT Support,Email,Resolved
TCK-10341,2025-07-15 19:45:57.515751,2025-07-17 01:51:44.168984055,Low,HR,Access Control,Closed
TCK-10342,2025-07-15 20:16:12.097209,2025-07-15 23:54:06.472489677,Medium,Finance,Software,Resolved
TCK-10343,2025-07-15 20:46:26.678667,2025-07-16 12:59:37.783850170,Medium,Operations,Software,Closed
TCK-10344,2025-07-15 21:16:41.260126,2025-07-16 12:59:09.909615876,Low,Finance,Hardware,Resolved
TCK-10345,2025-07-15 21:16:41.260126,2025-07-16 10:47:23.876772990,High,Finance,Email,Closed
TCK-10346,2025-07-15 21:46:55.841584,2025-07-16 09:34:51.641963263,Low,HR,Software,Closed
TCK-10347,2025-07-15 21:46:55.841584,2025-07-15 23:27:48.131203266,High,IT Support,Software,Closed
TCK-10348,2025-07-15 22:17:10.423042,2025-07-16 00:13:33.724781595,Low,HR,Hardware,Resolved
TCK-10349,2025-07-15 22:47:25.004500,2025-07-17 16:39:08.103209566,Medium,Finance,Email,Closed
TCK-10350,2025-07-15 23:17:39.585958,2025-07-16 17:11:59.793540643,Low,DevOps,Hardware,Closed
TCK-10351,2025-07-16 00:18:08.748874,2025-07-16 05:46:43.590085982,Medium,DevOps,Hardware,Resolved
TCK-10352,2025-07-16 01:18:37.911791,2025-07-16 07:12:22.040931150,Low,IT Support,Access Control,Resolved
TCK-10353,2025-07-16 01:18:37.911791,2025-07-16 18:16:06.525290313,Medium,IT Support,Hardware,Closed
TCK-10354,2025-07-16 01:48:52.493249,2025-07-16 11:13:07.333023081,Low,Finance,Email,Closed
TCK-10355,2025-07-16 02:19:07.074707,2025-07-16 12:47:52.720143000,Low,Finance,Software,Closed
TCK-10356,2025-07-16 03:19:36.237623,2025-07-16 04:27:10.587140978,Low,IT Support,Software,Resolved
TCK-10357,2025-07-16 03:49:50.819081,2025-07-16 06:31:09.211121090,High,Finance,Access Control,Closed
TCK-10358,2025-07-16 04:20:05.400540,2025-07-16 13:19:52.697383271,Medium,IT Support,Email,Closed
TCK-10359,2025-07-16 04:50:19.981998,2025-07-17 02:29:29.721799266,Low,Finance,Software,Closed
TCK-10360,2025-07-16 05:20:34.563456,2025-07-16 06:13:43.819366127,Medium,IT Support,Hardware,Closed
TCK-10361,2025-07-16 05:50:49.144914,2025-07-16 13:10:42.410815654,Medium,Finance,Network,Closed
TCK-10362,2025-07-16 05:50:49.144914,2025-07-17 03:13:30.772508544,High,DevOps,Network,Closed
TCK-10363,2025-07-16 06:51:18.307830,2025-07-17 11:07:24.207454346,Low,Operations,Network,Closed
TCK-10364,2025-07-16 06:51:18.307830,2025-07-16 10:39:10.689392763,Medium,Operations,Network,Resolved
TCK-10365,2025-07-16 07:21:32.889288,2025-07-17 07:01:35.586617671,Medium,Finance,Hardware,Closed
TCK-10366,2025-07-16 07:51:47.470747,2025-07-18 15:50:53.851488466,Low,HR,Software,Closed
TCK-10367,2025-07-16 08:52:16.633663,2025-07-18 03:35:15.971632667,Low,HR,Access Control,Closed
TCK-10368,2025-07-16 08:52:16.633663,2025-07-17 12:54:34.368491605,High,IT Support,Hardware,Resolved
TCK-10369,2025-07-16 08:52:16.633663,2025-07-17 07:17:52.882708059,Medium,IT Support,Software,Resolved
TCK-10370,2025-07-16 09:22:31.215121,2025-07-16 14:12:01.519729112,Low,IT Support,Email,Closed
TCK-10371,2025-07-16 09:52:45.796579,2025-07-17 03:58:00.567345543,Medium,DevOps,Software,Resolved
TCK-10372,2025-07-16 10:23:00.378037,2025-07-17 04:56:15.393880673,Low,HR,Software,Closed
TCK-10373,2025-07-16 10:23:00.378037,2025-07-16 19:47:02.802087653,High,IT Support,Software,Resolved
TCK-10374,2025-07-16 10:53:14.959495,2025-07-16 23:06:51.964740528,Critical,DevOps,Hardware,Closed
TCK-10375,2025-07-16 10:53:14.959495,2025-07-17 08:12:15.220037305,Medium,Finance,Software,Closed
TCK-10376,2025-07-16 11:23:29.540954,2025-07-18 18:05:15.475916406,Medium,DevOps,Software,Closed
TCK-10377,2025-07-16 11:53:44.122412,2025-07-16 18:11:43.598098109,Medium,Finance,Email,Resolved
TCK-10378,2025-07-16 12:54:13.285328,2025-07-16 17:59:41.619353856,High,IT Support,Email,Resolved
TCK-10379,2025-07-16 13:24:27.866786,2025-07-17 05:58:56.885895734,Low,IT Support,Network,Closed
TCK-10380,2025-07-16 14:24:57.029702,2025-07-16 16:56:20.759041692,Medium,DevOps,Hardware,Resolved
TCK-10381,2025-07-16 14:24:57.029702,2025-07-17 06:08:23.029116603,Critical,IT Support,Software,Closed
TCK-10382,2025-07-16 16:25:55.355535,2025-07-16 18:06:24.954771800,High,Finance,Network,Closed
TCK-10383,2025-07-16 17:56:39.099909,2025-07-17 06:05:06.056515533,Medium,HR,Network,Resolved
TCK-10384,2025-07-16 18:26:53.681368,2025-07-17 11:53:03.826617966,High,Operations,Hardware,Closed
TCK-10385,2025-07-16 18:26:53.681368,2025-07-16 19:45:23.902095634,Low,Finance,Network,Closed
TCK-10386,2025-07-16 18:26:53.681368,2025-07-16 22:37:19.050608365,Medium,Finance,Network,Resolved
TCK-10387,2025-07-16 18:57:08.262826,2025-07-17 02:18:21.086606614,Unassigned,IT Support,Hardware,Closed
TCK-10388,2025-07-16 19:27:22.844284,2025-07-17 03:43:58.767917510,Medium,Operations,Access Control,Resolved
TCK-10389,2025-07-16 19:57:37.425742,2025-07-17 16:15:08.720027953,High,Finance,Network,Resolved
TCK-10390,2025-07-16 20:27:52.007200,2025-07-17 10:01:02.680878318,High,IT Support,Email,Closed
TCK-10391,2025-07-16 20:58:06.588658,2025-07-17 05:38:04.053276449,High,Finance,Network,Resolved
TCK-10392,2025-07-16 20:58:06.588658,2025-07-17 07:45:06.150386498,Unassigned,HR,Hardware,Closed
TCK-10393,2025-07-16 22:28:50.333033,2025-07-16 22:42:56.724920495,Low,IT Support,Hardware,Closed
TCK-10394,2025-07-16 22:59:04.914491,2025-07-18 01:28:48.078337399,Low,HR,Access Control,Closed
TCK-10395,2025-07-16 23:29:19.495949,2025-07-17 00:14:32.613192285,Medium,DevOps,Access Control,Closed
TCK-10396,2025-07-16 23:29:19.495949,2025-07-18 07:18:42.664503308,Unassigned,Finance,Email,Resolved
TCK-10397,2025-07-16 23:29:19.495949,2025-07-17 13:30:19.093322589,Medium,Finance,Email,Closed
TCK-10398,2025-07-17 00:29:48.658865,2025-07-17 14:00:14.144530646,High,Finance,Network,Closed
TCK-10399,2025-07-17 01:00:03.240324,2025-07-17 22:56:57.286301256,High,DevOps,Access Control,Resolved
TCK-10400,2025-07-17 01:30:17.821782,2025-07-18 12:50:18.381459180,Medium,HR,Email,Closed
TCK-10401,2025-07-17 02:30:46.984698,2025-07-19 05:57:58.772550216,Medium,HR,Network,Closed
TCK-10402,2025-07-17 03:01:01.566156,2025-07-17 17:07:37.093647540,Medium,IT Support,Software,Resolved
TCK-10403,2025-07-17 04:01:30.729072,2025-07-17 06:57:52.155652421,Low,IT Support,Network,Closed
TCK-10404,2025-07-17 08:33:41.962196,2025-07-18 22:31:19.924987484,High,Operations,Email,Resolved
TCK-10405,2025-07-17 09:03:56.543654,2025-07-17 09:48:47.186023176,Low,DevOps,Network,Closed
TCK-10406,2025-07-17 09:34:11.125112,2025-07-18 15:12:44.647455177,Critical,IT Support,Software,Closed
TCK-10407,2025-07-17 09:34:11.125112,2025-07-18 06:06:11.902310428,Medium,HR,Email,Closed
TCK-10408,2025-07-17 10:04:25.706570,2025-07-19 04:23:31.491525645,Low,Operations,Network,Resolved
TCK-10409,2025-07-17 10:34:40.288028,2025-07-19 03:34:24.428710957,Low,IT Support,Email,Closed
TCK-10410,2025-07-17 12:05:24.032403,2025-07-17 13:04:23.337644605,Critical,Finance,Network,Resolved
TCK-10411,2025-07-17 12:35:38.613861,2025-07-18 05:31:02.930887638,Low,IT Support,Hardware,Closed
TCK-10412,2025-07-17 13:36:07.776777,2025-07-17 15:59:56.284494299,High,Finance,Email,Closed
TCK-10413,2025-07-17 13:36:07.776777,2025-07-17 15:04:23.131709667,Low,Operations,Email,Closed
TCK-10414,2025-07-17 14:06:22.358235,2025-07-18 00:48:39.529594980,Medium,Operations,Email,Resolved
TCK-10415,2025-07-17 14:06:22.358235,2025-07-17 15:57:16.972981287,Low,Finance,Email,Resolved
TCK-10416,2025-07-17 14:06:22.358235,2025-07-18 13:32:05.674801265,Medium,Finance,Network,Resolved
TCK-10417,2025-07-17 14:36:36.939693,2025-07-20 05:06:13.295120776,Low,Finance,Access Control,Closed
TCK-10418,2025-07-17 15:06:51.521152,2025-07-18 06:17:17.964871885,Medium,IT Support,Network,Closed
TCK-10419,2025-07-17 15:37:06.102610,2025-07-17 20:26:38.996480332,Medium,IT Support,Software,Resolved
TCK-10420,2025-07-17 16:37:35.265526,2025-07-19 01:58:38.321260601,Medium,Operations,Hardware,Closed
TCK-10421,2025-07-17 18:38:33.591359,2025-07-19 05:10:01.687201093,Low,IT Support,Network,Resolved
TCK-10422,2025-07-17 20:09:17.335733,2025-07-18 19:54:34.241768978,Low,HR,Network,Resolved
TCK-10423,2025-07-17 20:39:31.917191,2025-07-18 13:50:46.543276498,High,Finance,Email,Closed
TCK-10424,2025-07-17 21:09:46.498649,2025-07-19 09:35:01.670308627,Low,Operations,Software,Closed
TCK-10425,2025-07-17 22:10:15.661566,2025-07-18 01:22:48.189644023,Medium,DevOps,Email,Resolved
TCK-10426,2025-07-17 22:10:15.661566,2025-07-19 22:27:14.164302584,High,Finance,Email,Resolved
TCK-10427,2025-07-17 22:40:30.243024,2025-07-20 03:37:06.724999398,Medium,Finance,Access Control,Closed
TCK-10428,2025-07-17 23:40:59.405940,2025-07-19 12:41:06.526367101,Low,DevOps,Hardware,Resolved
TCK-10429,2025-07-18 00:11:13.987398,2025-07-18 05:22:53.010752314,Medium,DevOps,Access Control,Resolved
TCK-10430,2025-07-18 00:11:13.987398,2025-07-19 11:20:40.391775422,High,Operations,Email,Closed
TCK-10431,2025-07-18 00:41:28.568856,2025-07-18 13:04:59.139056404,Medium,Finance,Hardware,Closed
TCK-10432,2025-07-18 02:42:26.894689,2025-07-18 18:58:26.393763907,Medium,HR,Network,Closed
TCK-10433,2025-07-18 02:42:26.894689,2025-07-19 11:45:41.883370826,Low,DevOps,Software,Closed
TCK-10434,2025-07-18 02:42:26.894689,2025-07-18 03:14:52.789620037,Low,DevOps,Access Control,Closed
TCK-10435,2025-07-18 03:12:41.476147,2025-07-18 11:19:39.504890277,Critical,IT Support,Software,Closed
TCK-10436,2025-07-18 03:42:56.057605,2025-07-19 10:09:22.867928731,High,IT Support,Email,Closed
TCK-10437,2025-07-18 03:42:56.057605,2025-07-19 09:59:14.464400800,Low,Operations,Hardware,Closed
TCK-10438,2025-07-18 03:42:56.057605,2025-07-19 13:42:25.081688658,Low,HR,Network,Resolved
TCK-10439,2025-07-18 03:42:56.057605,2025-07-18 07:03:09.026698131,Low,Finance,Hardware,Resolved
TCK-10440,2025-07-18 03:42:56.057605,2025-07-19 01:44:37.645308911,Critical,IT Support,Software,Closed
TCK-10441,2025-07-18 04:13:10.639063,2025-07-18 07:04:15.843624838,Medium,HR,Software,Closed
TCK-10442,2025-07-18 04:13:10.639063,2025-07-19 07:53:45.383095260,High,DevOps,Network,Resolved
TCK-10443,2025-07-18 04:13:10.639063,2025-07-18 09:16:52.686579212,Medium,HR,Network,Closed
TCK-10444,2025-07-18 04:43:25.220522,2025-07-19 04:49:13.973314535,High,IT Support,Hardware,Closed
TCK-10445,2025-07-18 05:43:54.383438,2025-07-18 16:39:26.198463641,Low,IT Support,Access Control,Closed
TCK-10446,2025-07-18 06:44:23.546354,2025-07-21 11:55:06.258483638,Medium,Operations,Hardware,Closed
TCK-10447,2025-07-18 07:14:38.127812,2025-07-18 22:51:15.786270585,Medium,Operations,Software,Resolved
TCK-10448,2025-07-18 07:14:38.127812,2025-07-19 01:15:58.994370223,Unassigned,DevOps,Hardware,Closed
TCK-10449,2025-07-18 08:15:07.290729,2025-07-18 16:30:58.567579748,Medium,DevOps,Email,Resolved
TCK-10450,2025-07-18 08:15:07.290729,2025-07-19 08:07:26.111199034,Medium,Finance,Hardware,Closed
TCK-10451,2025-07-18 09:15:36.453645,2025-07-18 21:33:12.936996152,High,Operations,Hardware,Closed
TCK-10452,2025-07-18 09:45:51.035103,2025-07-18 10:05:32.457650914,Critical,DevOps,Email,Closed
TCK-10453,2025-07-18 09:45:51.035103,2025-07-19 02:38:52.023044067,High,DevOps,Software,Resolved
TCK-10454,2025-07-18 10:16:05.616561,2025-07-19 18:12:43.842207675,Medium,IT Support,Network,Resolved
TCK-10455,2025-07-18 10:46:20.198019,2025-07-18 15:38:11.586600680,Critical,HR,Hardware,Closed
TCK-10456,2025-07-18 10:46:20.198019,2025-07-18 15:16:08.927917156,Medium,DevOps,Access Control,Closed
TCK-10457,2025-07-18 11:16:34.779477,2025-07-19 04:10:26.211666379,High,HR,Network,Closed
TCK-10458,2025-07-18 13:17:33.105310,2025-07-19 19:57:28.635982063,Critical,HR,Access Control,Closed
TCK-10459,2025-07-18 13:17:33.105310,2025-07-18 18:27:42.109094416,Low,Finance,Hardware,Resolved
TCK-10460,2025-07-18 13:47:47.686768,2025-07-20 14:15:16.905360630,Medium,HR,Access Control,Closed
TCK-10461,2025-07-18 14:18:02.268226,2025-07-20 13:30:27.799406540,Medium,DevOps,Network,Closed
TCK-10462,2025-07-18 14:18:02.268226,2025-07-18 18:19:45.455363074,High,IT Support,Access Control,Closed
TCK-10463,2025-07-18 16:19:00.594059,2025-07-18 21:49:44.446110438,Medium,DevOps,Access Control,Closed
TCK-10464,2025-07-18 16:49:15.175517,2025-07-19 14:31:42.085660994,Low,IT Support,Network,Resolved
TCK-10465,2025-07-18 16:49:15.175517,2025-07-20 23:22:44.587256568,High,Operations,Network,Resolved
TCK-10466,2025-07-18 17:19:29.756975,2025-07-19 15:35:57.807553662,Medium,IT Support,Network,Resolved
TCK-10467,2025-07-18 18:19:58.919891,2025-07-19 04:55:40.659390170,Critical,DevOps,Network,Closed
TCK-10468,2025-07-18 18:50:13.501350,2025-07-18 22:10:09.737713597,Medium,Finance,Email,Closed
TCK-10469,2025-07-18 18:50:13.501350,2025-07-19 05:57:43.658497403,Low,IT Support,Hardware,Resolved
TCK-10470,2025-07-18 19:50:42.664266,2025-07-19 12:38:44.067065656,Unassigned,Finance,Network,Closed
TCK-10471,2025-07-18 19:50:42.664266,2025-07-19 03:04:45.742237787,Medium,Operations,Software,Resolved
TCK-10472,2025-07-18 21:21:26.408640,2025-07-19 10:12:25.585885856,Medium,IT Support,Access Control,Closed
TCK-10473,2025-07-18 21:21:26.408640,2025-07-18 23:52:06.541434858,Critical,IT Support,Network,Closed
TCK-10474,2025-07-18 21:51:40.990099,2025-07-19 08:41:39.140416570,Medium,HR,Network,Resolved
TCK-10475,2025-07-18 21:51:40.990099,2025-07-18 23:34:27.590819869,Medium,IT Support,Hardware,Closed
TCK-10476,2025-07-18 22:21:55.571557,2025-07-18 23:16:17.249979431,Low,Operations,Network,Closed
TCK-10477,2025-07-18 22:21:55.571557,2025-07-20 09:24:14.589894154,Unassigned,HR,Email,Closed
TCK-10478,2025-07-18 22:21:55.571557,2025-07-19 02:29:48.194824242,Low,DevOps,Software,Closed
TCK-10479,2025-07-18 22:52:10.153015,2025-07-19 14:16:41.004399158,Low,IT Support,Software,Closed
TCK-10480,2025-07-18 23:22:24.734473,2025-07-19 02:16:38.457759658,High,IT Support,Network,Closed
TCK-10481,2025-07-18 23:52:39.315931,2025-07-19 05:21:32.638039649,Medium,IT Support,Hardware,Closed
TCK-10482,2025-07-18 23:52:39.315931,2025-07-19 07:56:54.478543080,Low,HR,Network,Closed
TCK-10483,2025-07-18 23:52:39.315931,2025-07-19 02:40:10.248192868,Low,Finance,Access Control,Resolved
TCK-10484,2025-07-19 00:22:53.897389,2025-07-19 01:13:42.872650062,Unassigned,IT Support,Software,Resolved
TCK-10485,2025-07-19 00:22:53.897389,2025-07-20 14:07:31.136355459,Medium,DevOps,Access Control,Resolved
TCK-10486,2025-07-19 00:53:08.478847,2025-07-19 01:05:59.819237785,Medium,Finance,Email,Closed
TCK-10487,2025-07-19 01:53:37.641764,2025-07-19 03:01:58.295468314,High,IT Support,Software,Closed
TCK-10488,2025-07-19 02:23:52.223222,2025-07-20 07:49:48.377941359,Medium,IT Support,Software,Resolved
TCK-10489,2025-07-19 02:23:52.223222,2025-07-19 08:21:40.289629659,Medium,IT Support,Email,Closed
TCK-10490,2025-07-19 02:54:06.804680,2025-07-20 01:59:50.988124893,Low,IT Support,Access Control,Closed
TCK-10491,2025-07-19 04:24:50.549054,2025-07-19 07:15:34.681487823,High,HR,Network,Closed
TCK-10492,2025-07-19 04:24:50.549054,2025-07-19 09:17:22.703445023,Medium,Operations,Hardware,Closed
TCK-10493,2025-07-19 04:55:05.130513,2025-07-19 20:13:34.162360263,Low,Operations,Access Control,Resolved
TCK-10494,2025-07-19 05:25:19.711971,2025-07-22 14:00:48.143019670,Medium,DevOps,Email,Resolved
TCK-10495,2025-07-19 05:55:34.293429,2025-07-19 07:17:57.321667993,Low,IT Support,Email,Resolved
TCK-10496,2025-07-19 06:25:48.874887,2025-07-19 15:38:30.299588247,Unassigned,IT Support,Email,Closed
TCK-10497,2025-07-19 07:26:18.037803,2025-07-19 08:13:51.602955392,Low,Operations,Software,Closed
TCK-10498,2025-07-19 07:56:32.619261,2025-07-19 11:56:29.693515323,Medium,DevOps,Network,Resolved
TCK-10499,2025-07-19 07:56:32.619261,2025-07-21 02:47:11.747478100,Medium,IT Support,Software,Closed
TCK-10500,2025-07-19 07:56:32.619261,2025-07-19 09:46:05.608072652,Medium,IT Support,Software,Closed
TCK-10501,2025-07-19 07:56:32.619261,2025-07-20 18:55:57.573391505,Medium,HR,Software,Resolved
TCK-10502,2025-07-19 08:26:47.200720,2025-07-19 11:58:13.455898270,Low,Finance,Email,Closed
TCK-10503,2025-07-19 08:57:01.782178,2025-07-20 20:34:17.335549773,Unassigned,Operations,Access Control,Closed
TCK-10504,2025-07-19 08:57:01.782178,2025-07-19 22:51:02.799930876,Low,IT Support,Hardware,Closed
TCK-10505,2025-07-19 08:57:01.782178,2025-07-20 22:50:53.628151653,High,IT Support,Hardware,Resolved
TCK-10506,2025-07-19 09:27:16.363636,2025-07-19 12:24:57.598449009,Low,HR,Network,Resolved
TCK-10507,2025-07-19 09:57:30.945094,2025-07-20 11:48:00.300067043,Low,IT Support,Network,Resolved
TCK-10508,2025-07-19 10:27:45.526552,2025-07-20 07:00:42.488451826,Medium,Finance,Email,Closed
TCK-10509,2025-07-19 10:27:45.526552,2025-07-20 00:33:19.140299706,Medium,DevOps,Hardware,Closed
TCK-10510,2025-07-19 10:27:45.526552,2025-07-20 16:24:41.534366672,Unassigned,IT Support,Access Control,Closed
TCK-10511,2025-07-19 10:27:45.526552,2025-07-20 05:16:15.601972411,High,DevOps,Email,Closed
TCK-10512,2025-07-19 10:58:00.108010,2025-07-21 00:41:37.829833465,Critical,IT Support,Network,Closed
TCK-10513,2025-07-19 10:58:00.108010,2025-07-19 19:36:07.934579432,Medium,Finance,Email,Closed
TCK-10514,2025-07-19 11:58:29.270927,2025-07-20 04:01:12.688613792,Low,Finance,Network,Closed
TCK-10515,2025-07-19 11:58:29.270927,2025-07-21 00:46:55.771787483,Medium,IT Support,Hardware,Resolved
TCK-10516,2025-07-19 11:58:29.270927,2025-07-19 16:19:40.161316500,High,Finance,Email,Resolved
TCK-10517,2025-07-19 12:58:58.433843,2025-07-20 00:57:12.309339341,Low,HR,Software,Closed
TCK-10518,2025-07-19 13:59:27.596759,2025-07-22 00:16:03.784696173,High,IT Support,Network,Closed
TCK-10519,2025-07-19 13:59:27.596759,2025-07-20 01:32:29.583177245,Medium,IT Support,Software,Resolved
TCK-10520,2025-07-19 13:59:27.596759,2025-07-19 19:14:14.321413619,High,IT Support,Network,Resolved
TCK-10521,2025-07-19 13:59:27.596759,2025-07-19 21:46:29.711368968,Medium,DevOps,Software,Closed
TCK-10522,2025-07-19 14:29:42.178217,2025-07-21 05:26:20.535159517,High,IT Support,Hardware,Closed
TCK-10523,2025-07-19 14:59:56.759675,2025-07-21 22:46:19.366741550,Low,DevOps,Hardware,Closed
TCK-10524,2025-07-19 15:30:11.341134,2025-07-21 21:27:54.447764253,Medium,Operations,Access Control,Resolved
TCK-10525,2025-07-19 15:30:11.341134,2025-07-20 13:06:40.737248159,Medium,HR,Access Control,Resolved
TCK-10526,2025-07-19 16:30:40.504050,2025-07-20 05:20:12.949988693,Medium,IT Support,Access Control,Resolved
TCK-10527,2025-07-19 16:30:40.504050,2025-07-19 20:08:32.965484076,Critical,IT Support,Email,Resolved
TCK-10528,2025-07-19 17:31:09.666966,2025-07-19 19:53:10.888192663,Low,IT Support,Network,Closed
TCK-10529,2025-07-19 17:31:09.666966,2025-07-19 18:37:43.105948627,High,IT Support,Email,Closed
TCK-10530,2025-07-19 19:01:53.411341,2025-07-19 19:21:11.626879315,Medium,DevOps,Access Control,Closed
TCK-10531,2025-07-19 20:32:37.155715,2025-07-21 10:25:41.160429966,Medium,IT Support,Network,Closed
TCK-10532,2025-07-19 21:02:51.737173,2025-07-21 02:51:16.251837590,Medium,DevOps,Email,Resolved
TCK-10533,2025-07-19 21:33:06.318631,2025-07-20 12:39:08.095203417,Medium,IT Support,Hardware,Resolved
TCK-10534,2025-07-19 21:33:06.318631,2025-07-24 21:29:37.298447826,Medium,IT Support,Network,Closed
TCK-10535,2025-07-19 22:03:20.900090,2025-07-22 05:06:45.710540255,Low,IT Support,Access Control,Closed
TCK-10536,2025-07-19 22:03:20.900090,2025-07-20 17:13:02.234720437,Medium,IT Support,Hardware,Closed
TCK-10537,2025-07-19 23:03:50.063006,2025-07-20 10:18:30.211286087,Low,IT Support,Network,Closed
TCK-10538,2025-07-19 23:03:50.063006,2025-07-20 02:02:06.986485907,Medium,Finance,Email,Resolved
TCK-10539,2025-07-19 23:34:04.644464,2025-07-20 12:36:53.724296248,Medium,DevOps,Access Control,Closed
TCK-10540,2025-07-19 23:34:04.644464,2025-07-20 02:39:28.917783903,High,IT Support,Email,Closed
TCK-10541,2025-07-20 00:04:19.225922,2025-07-20 09:13:13.682691162,Low,DevOps,Hardware,Closed
TCK-10542,2025-07-20 00:34:33.807380,2025-07-22 04:01:47.811940018,Low,IT Support,Hardware,Closed
TCK-10543,2025-07-20 00:34:33.807380,2025-07-20 08:06:33.800805860,High,IT Support,Hardware,Resolved
TCK-10544,2025-07-20 02:35:32.133213,2025-07-20 05:34:36.197624502,Medium,DevOps,Network,Closed
TCK-10545,2025-07-20 02:35:32.133213,2025-07-20 18:18:36.990794687,High,Operations,Access Control,Closed
TCK-10546,2025-07-20 04:06:15.877587,2025-07-20 20:42:15.649537885,Low,DevOps,Hardware,Closed
TCK-10547,2025-07-20 05:06:45.040504,2025-07-20 08:59:24.819655850,High,IT Support,Email,Closed
TCK-10548,2025-07-20 05:06:45.040504,2025-07-20 09:03:08.844402144,Low,Operations,Access Control,Closed
TCK-10549,2025-07-20 06:37:28.784878,2025-07-23 16:43:30.224782179,Medium,DevOps,Email,Closed
TCK-10550,2025-07-20 07:07:43.366336,2025-07-20 12:08:47.234193190,Critical,Finance,Email,Closed
TCK-10551,2025-07-20 08:08:12.529252,2025-07-21 16:55:15.688284031,Low,Operations,Hardware,Resolved
TCK-10552,2025-07-20 08:38:27.110711,2025-07-20 20:04:46.827120480,Medium,DevOps,Access Control,Closed
TCK-10553,2025-07-20 08:38:27.110711,2025-07-20 18:55:02.111230550,Medium,DevOps,Software,Closed
TCK-10554,2025-07-20 10:39:25.436543,2025-07-20 16:56:53.306576574,Critical,DevOps,Network,Resolved
TCK-10555,2025-07-20 11:39:54.599459,2025-07-21 14:25:16.544323051,Medium,HR,Software,Resolved
TCK-10556,2025-07-20 11:39:54.599459,2025-07-22 01:55:45.537296950,High,DevOps,Network,Closed
TCK-10557,2025-07-20 12:10:09.180918,2025-07-20 17:36:59.595284774,High,IT Support,Access Control,Resolved
TCK-10558,2025-07-20 12:40:23.762376,2025-07-20 14:28:19.042211023,Medium,Operations,Hardware,Closed
TCK-10559,2025-07-20 13:10:38.343834,2025-07-20 15:49:39.973686434,Medium,Finance,Access Control,Closed
TCK-10560,2025-07-20 13:10:38.343834,2025-07-21 17:30:39.235115938,Low,DevOps,Software,Closed
TCK-10561,2025-07-20 13:10:38.343834,2025-07-20 23:28:49.486681366,Medium,HR,Email,Closed
TCK-10562,2025-07-20 13:10:38.343834,2025-07-20 15:43:25.291991980,Medium,DevOps,Network,Closed
TCK-10563,2025-07-20 13:10:38.343834,2025-07-20 20:39:52.047413040,Low,HR,Network,Closed
TCK-10564,2025-07-20 13:40:52.925292,2025-07-21 02:40:40.553864097,Medium,Finance,Software,Resolved
TCK-10565,2025-07-20 13:40:52.925292,2025-07-22 00:04:38.745125217,Medium,DevOps,Hardware,Closed
TCK-10566,2025-07-20 13:40:52.925292,2025-07-21 08:09:30.474087978,Low,IT Support,Access Control,Closed
TCK-10567,2025-07-20 14:11:07.506750,2025-07-20 17:40:14.378043659,Unassigned,HR,Software,Resolved
TCK-10568,2025-07-20 14:41:22.088208,2025-07-20 17:48:00.188418850,High,Finance,Access Control,Closed
TCK-10569,2025-07-20 15:11:36.669666,2025-07-21 00:45:44.147918639,Low,IT Support,Hardware,Closed
TCK-10570,2025-07-20 15:41:51.251125,2025-07-20 17:06:16.670184040,Critical,IT Support,Email,Resolved
TCK-10571,2025-07-20 15:41:51.251125,2025-07-21 17:03:25.103533964,Critical,IT Support,Access Control,Closed
TCK-10572,2025-07-20 15:41:51.251125,2025-07-21 00:56:09.954669094,Low,IT Support,Hardware,Closed
TCK-10573,2025-07-20 16:12:05.832583,2025-07-20 23:45:48.795018346,Low,DevOps,Software,Resolved
TCK-10574,2025-07-20 16:12:05.832583,2025-07-21 05:00:33.093985467,High,Operations,Email,Closed
TCK-10575,2025-07-20 16:12:05.832583,2025-07-21 14:25:07.408706279,Critical,DevOps,Email,Closed
TCK-10576,2025-07-20 16:42:20.414041,2025-07-21 07:52:11.335306632,High,IT Support,Email,Closed
TCK-10577,2025-07-20 17:12:34.995499,2025-07-21 22:23:49.787719750,Low,DevOps,Network,Resolved
TCK-10578,2025-07-20 18:43:18.739873,2025-07-21 12:35:14.745777159,Low,Finance,Hardware,Closed
TCK-10579,2025-07-20 19:13:33.321332,2025-07-21 23:08:39.985373319,Medium,DevOps,Access Control,Closed
TCK-10580,2025-07-20 19:13:33.321332,2025-07-21 16:42:19.431057233,Low,HR,Software,Closed
TCK-10581,2025-07-20 19:43:47.902790,2025-07-20 23:35:32.935668467,Low,IT Support,Email,Closed
TCK-10582,2025-07-20 23:15:29.972997,2025-07-21 00:13:34.576099974,Medium,DevOps,Email,Resolved
TCK-10583,2025-07-20 23:15:29.972997,2025-07-22 17:19:36.866433448,Medium,HR,Email,Closed
TCK-10584,2025-07-20 23:15:29.972997,2025-07-23 03:40:55.055347184,Medium,Operations,Hardware,Resolved
TCK-10585,2025-07-20 23:45:44.554455,2025-07-21 23:07:37.255947308,Critical,DevOps,Software,Closed
TCK-10586,2025-07-21 01:16:28.298829,2025-07-22 00:27:37.206425299,Low,HR,Hardware,Closed
TCK-10587,2025-07-21 01:46:42.880288,2025-07-21 07:26:49.193781396,Medium,DevOps,Software,Closed
TCK-10588,2025-07-21 01:46:42.880288,2025-07-21 15:51:06.824446652,Medium,HR,Access Control,Closed
TCK-10589,2025-07-21 02:47:12.043204,2025-07-24 18:14:37.721847177,Medium,IT Support,Network,Closed
TCK-10590,2025-07-21 04:17:55.787578,2025-07-22 15:11:59.079215846,High,HR,Software,Resolved
TCK-10591,2025-07-21 04:17:55.787578,2025-07-21 10:49:56.397654226,High,IT Support,Hardware,Resolved
TCK-10592,2025-07-21 04:48:10.369036,2025-07-21 11:14:59.795084153,Medium,IT Support,Hardware,Closed
TCK-10593,2025-07-21 04:48:10.369036,2025-07-21 16:41:52.130074958,High,IT Support,Hardware,Closed
TCK-10594,2025-07-21 05:18:24.950495,2025-07-21 14:38:25.019938287,Low,IT Support,Network,Resolved
TCK-10595,2025-07-21 05:48:39.531953,2025-07-21 14:09:38.137445321,Low,IT Support,Software,Resolved
TCK-10596,2025-07-21 05:48:39.531953,2025-07-21 23:33:38.912435917,Medium,DevOps,Software,Closed
TCK-10597,2025-07-21 05:48:39.531953,2025-07-21 06:01:08.556347090,Critical,IT Support,Software,Resolved
TCK-10598,2025-07-21 06:18:54.113411,2025-07-22 08:15:19.287456422,Medium,HR,Software,Resolved
TCK-10599,2025-07-21 06:18:54.113411,2025-07-22 06:33:57.695547848,Medium,HR,Email,Closed
TCK-10600,2025-07-21 08:19:52.439243,2025-07-22 16:15:39.503445342,Medium,IT Support,Email,Resolved
TCK-10601,2025-07-21 08:19:52.439243,2025-07-22 17:28:53.920440946,Low,Operations,Hardware,Closed
TCK-10602,2025-07-21 08:50:07.020702,2025-07-21 23:52:35.982394952,Medium,Finance,Email,Closed
TCK-10603,2025-07-21 09:20:21.602160,2025-07-22 12:35:58.860296375,Low,DevOps,Software,Closed
TCK-10604,2025-07-21 09:20:21.602160,2025-07-21 21:32:39.367879500,Medium,HR,Software,Closed
TCK-10605,2025-07-21 09:20:21.602160,2025-07-23 15:49:18.686313743,High,DevOps,Email,Closed
TCK-10606,2025-07-21 09:50:36.183618,2025-07-21 13:39:06.812940104,Medium,Operations,Access Control,Resolved
TCK-10607,2025-07-21 10:20:50.765076,2025-07-23 06:51:01.663683697,Critical,IT Support,Hardware,Closed
TCK-10608,2025-07-21 10:20:50.765076,2025-07-21 15:43:53.810022194,Low,Finance,Network,Closed
TCK-10609,2025-07-21 12:52:03.672367,2025-07-21 14:49:07.413957489,Low,Finance,Hardware,Closed
TCK-10610,2025-07-21 12:52:03.672367,2025-07-21 23:16:32.365403719,Medium,Operations,Hardware,Resolved
TCK-10611,2025-07-21 13:22:18.253825,2025-07-22 06:32:56.700269365,Critical,IT Support,Hardware,Resolved
TCK-10612,2025-07-21 14:22:47.416741,2025-07-21 19:06:27.210663058,Medium,DevOps,Email,Closed
TCK-10613,2025-07-21 14:22:47.416741,2025-07-22 04:59:10.796215983,Critical,IT Support,Hardware,Closed
TCK-10614,2025-07-21 14:53:01.998199,2025-07-22 20:34:42.858126913,Medium,Operations,Software,Closed
TCK-10615,2025-07-21 15:53:31.161116,2025-07-21 21:14:28.010127438,High,Finance,Hardware,Closed
TCK-10616,2025-07-21 16:23:45.742574,2025-07-22 08:01:29.516385175,Critical,Operations,Software,Closed
TCK-10617,2025-07-21 16:23:45.742574,2025-07-21 23:51:23.687909155,Medium,Operations,Email,Closed
TCK-10618,2025-07-21 16:54:00.324032,2025-07-22 06:28:53.873429903,Medium,Finance,Email,Resolved
TCK-10619,2025-07-21 16:54:00.324032,2025-07-22 12:41:19.476322113,Medium,DevOps,Hardware,Resolved
TCK-10620,2025-07-21 18:24:44.068406,2025-07-22 02:10:40.942227894,High,DevOps,Software,Closed
TCK-10621,2025-07-21 18:24:44.068406,2025-07-25 16:00:37.571456649,Low,HR,Software,Closed
TCK-10622,2025-07-21 18:54:58.649864,2025-07-22 09:50:56.572307793,High,HR,Software,Resolved
TCK-10623,2025-07-21 19:25:13.231323,2025-07-23 02:44:18.571409282,High,IT Support,Software,Closed
TCK-10624,2025-07-21 19:25:13.231323,2025-07-22 18:40:00.877543735,Medium,HR,Network,Closed
TCK-10625,2025-07-21 19:25:13.231323,2025-07-23 05:54:29.977659812,Low,Operations,Email,Closed
TCK-10626,2025-07-21 19:55:27.812781,2025-07-21 23:21:39.400227275,High,IT Support,Software,Closed
TCK-10627,2025-07-21 20:25:42.394239,2025-07-22 00:57:35.192723310,Low,DevOps,Network,Resolved
TCK-10628,2025-07-21 20:25:42.394239,2025-07-22 08:27:27.020635614,Unassigned,IT Support,Network,Closed
TCK-10629,2025-07-21 20:55:56.975697,2025-07-23 07:21:44.229467238,Low,HR,Email,Closed
TCK-10630,2025-07-21 21:56:26.138613,2025-07-22 01:54:12.263256614,High,IT Support,Access Control,Resolved
TCK-10631,2025-07-21 22:26:40.720072,2025-07-24 14:12:49.760293402,Medium,HR,Hardware,Resolved
TCK-10632,2025-07-21 23:27:09.882988,2025-07-22 01:54:35.723898544,High,IT Support,Email,Closed
TCK-10633,2025-07-22 01:28:08.208820,2025-07-22 04:56:00.029992417,Medium,Finance,Access Control,Closed
TCK-10634,2025-07-22 02:58:51.953195,2025-07-22 06:16:30.504082171,Medium,Finance,Hardware,Closed
TCK-10635,2025-07-22 04:29:35.697569,2025-07-22 20:22:03.056329193,Low,DevOps,Hardware,Resolved
TCK-10636,2025-07-22 04:59:50.279027,2025-07-24 01:54:55.767460048,Unassigned,Finance,Hardware,Closed
TCK-10637,2025-07-22 04:59:50.279027,2025-07-22 10:17:55.212919178,Low,Operations,Network,Resolved
TCK-10638,2025-07-22 05:30:04.860486,2025-07-22 19:59:46.948368128,Critical,DevOps,Software,Resolved
TCK-10639,2025-07-22 06:30:34.023402,2025-07-22 09:59:20.427624429,Medium,IT Support,Hardware,Closed
TCK-10640,2025-07-22 06:30:34.023402,2025-07-23 00:27:40.987716368,Low,IT Support,Software,Resolved
TCK-10641,2025-07-22 07:00:48.604860,2025-07-22 09:22:51.697739597,Medium,IT Support,Hardware,Closed
TCK-10642,2025-07-22 07:00:48.604860,2025-07-22 19:10:48.090877798,Medium,HR,Network,Resolved
TCK-10643,2025-07-22 07:00:48.604860,2025-07-23 02:10:43.627067342,High,Finance,Hardware,Closed
TCK-10644,2025-07-22 07:31:03.186318,2025-07-22 23:05:42.812614942,Low,Operations,Email,Closed
TCK-10645,2025-07-22 07:31:03.186318,2025-07-22 10:13:56.545943750,Unassigned,Finance,Access Control,Resolved
TCK-10646,2025-07-22 08:31:32.349234,2025-07-22 11:41:36.481226969,Medium,DevOps,Hardware,Resolved
TCK-10647,2025-07-22 09:01:46.930693,2025-07-23 05:03:41.988821533,Medium,IT Support,Access Control,Closed
TCK-10648,2025-07-22 09:32:01.512151,2025-07-23 15:19:25.970551225,Medium,IT Support,Access Control,Resolved
TCK-10649,2025-07-22 09:32:01.512151,2025-07-24 04:29:44.580898342,Low,DevOps,Network,Resolved
TCK-10650,2025-07-22 10:02:16.093609,2025-07-23 16:16:35.049333798,Low,IT Support,Access Control,Resolved
TCK-10651,2025-07-22 10:02:16.093609,2025-07-25 03:40:44.539968288,Low,Operations,Network,Closed
TCK-10652,2025-07-22 11:32:59.837983,2025-07-22 20:59:38.718331778,High,IT Support,Hardware,Resolved
TCK-10653,2025-07-22 11:32:59.837983,2025-07-22 18:47:23.630071473,Low,Operations,Software,Closed
TCK-10654,2025-07-22 12:03:14.419441,2025-07-22 12:34:06.976708197,High,DevOps,Network,Closed
TCK-10655,2025-07-22 12:33:29.000900,2025-07-22 23:18:56.569652372,Low,Finance,Access Control,Closed
TCK-10656,2025-07-22 12:33:29.000900,2025-07-23 07:31:31.906550256,Low,Operations,Access Control,Resolved
TCK-10657,2025-07-22 13:03:43.582358,2025-07-23 19:28:30.360193955,Low,IT Support,Hardware,Closed
TCK-10658,2025-07-22 13:33:58.163816,2025-07-22 19:10:05.934498937,High,IT Support,Network,Closed
TCK-10659,2025-07-22 15:04:41.908190,2025-07-23 04:03:03.657857994,Low,IT Support,Hardware,Closed
TCK-10660,2025-07-22 15:34:56.489648,2025-07-23 11:06:27.491414008,Low,IT Support,Network,Closed
TCK-10661,2025-07-22 16:05:11.071107,2025-07-23 06:31:25.594571064,Low,HR,Software,Closed
TCK-10662,2025-07-22 16:05:11.071107,2025-07-22 21:51:02.221407358,Medium,Operations,Email,Closed
TCK-10663,2025-07-22 16:05:11.071107,2025-07-23 20:43:29.215440800,Critical,IT Support,Hardware,Resolved
TCK-10664,2025-07-22 16:35:25.652565,2025-07-22 20:01:02.743894871,Critical,Operations,Access Control,Closed
TCK-10665,2025-07-22 17:35:54.815481,2025-07-24 11:57:52.380962640,Low,Operations,Hardware,Resolved
TCK-10666,2025-07-22 18:06:09.396939,2025-07-25 00:59:08.774419485,Low,DevOps,Network,Closed
TCK-10667,2025-07-22 18:06:09.396939,2025-07-23 02:17:35.565325706,High,Operations,Hardware,Resolved
TCK-10668,2025-07-22 18:06:09.396939,2025-07-23 02:35:48.276139917,Medium,DevOps,Software,Resolved
TCK-10669,2025-07-22 18:36:23.978397,2025-07-23 19:04:56.588408228,High,Finance,Network,Resolved
TCK-10670,2025-07-22 18:36:23.978397,2025-07-23 05:34:28.995581216,Low,Finance,Access Control,Closed
TCK-10671,2025-07-22 19:36:53.141314,2025-07-22 20:08:14.116274939,Medium,Finance,Access Control,Resolved
TCK-10672,2025-07-22 20:07:07.722772,2025-07-24 17:33:15.165191267,Low,IT Support,Network,Closed
TCK-10673,2025-07-22 21:37:51.467146,2025-07-23 07:46:22.131271020,Critical,IT Support,Software,Closed
TCK-10674,2025-07-22 22:08:06.048604,2025-07-23 02:13:49.474101271,Low,Finance,Hardware,Closed
TCK-10675,2025-07-22 22:38:20.630063,2025-07-23 13:14:24.731870795,Low,IT Support,Email,Closed
TCK-10676,2025-07-22 22:38:20.630063,2025-07-23 03:05:10.117157659,Medium,Operations,Access Control,Closed
TCK-10677,2025-07-22 22:38:20.630063,2025-07-23 02:47:29.959317112,Low,Finance,Software,Resolved
TCK-10678,2025-07-22 23:38:49.792979,2025-07-23 13:51:01.299981690,Low,HR,Software,Resolved
TCK-10679,2025-07-22 23:38:49.792979,2025-07-23 08:34:31.011521330,Low,IT Support,Software,Closed
TCK-10680,2025-07-23 00:39:18.955895,2025-07-23 15:58:20.873855492,Unassigned,HR,Hardware,Closed
TCK-10681,2025-07-23 00:39:18.955895,2025-07-27 08:12:06.479087079,Medium,IT Support,Software,Closed
TCK-10682,2025-07-23 01:39:48.118811,2025-07-24 12:55:39.363814989,Medium,IT Support,Software,Resolved
TCK-10683,2025-07-23 02:10:02.700270,2025-07-23 02:18:21.684323403,Critical,Operations,Network,Resolved
TCK-10684,2025-07-23 02:10:02.700270,2025-07-23 03:06:04.422077138,High,IT Support,Network,Closed
TCK-10685,2025-07-23 03:40:46.444644,2025-07-23 20:37:55.878654653,Medium,DevOps,Software,Resolved
TCK-10686,2025-07-23 05:41:44.770477,2025-07-23 23:24:39.921216850,Medium,IT Support,Software,Closed
TCK-10687,2025-07-23 05:41:44.770477,2025-07-24 19:35:28.194584263,High,Operations,Network,Closed
TCK-10688,2025-07-23 05:41:44.770477,2025-07-23 23:32:47.405945315,Low,Finance,Hardware,Closed
TCK-10689,2025-07-23 06:11:59.351935,2025-07-23 10:51:03.738584585,Medium,DevOps,Network,Closed
TCK-10690,2025-07-23 06:11:59.351935,2025-07-23 17:34:38.305293946,Low,DevOps,Network,Closed
TCK-10691,2025-07-23 06:42:13.933393,2025-07-24 12:30:04.204452191,Low,Finance,Network,Closed
TCK-10692,2025-07-23 09:43:41.422142,2025-07-25 07:50:18.237533909,Low,IT Support,Network,Closed
TCK-10693,2025-07-23 09:43:41.422142,2025-07-23 14:35:42.435424479,High,HR,Email,Closed
TCK-10694,2025-07-23 10:13:56.003600,2025-07-24 00:11:39.412261492,Critical,IT Support,Access Control,Closed
TCK-10695,2025-07-23 10:13:56.003600,2025-07-23 13:20:51.424011022,Medium,HR,Hardware,Closed
TCK-10696,2025-07-23 10:44:10.585058,2025-07-23 23:06:18.845327321,Medium,HR,Hardware,Resolved
TCK-10697,2025-07-23 11:44:39.747974,2025-07-23 13:26:39.206913958,Medium,DevOps,Software,Closed
TCK-10698,2025-07-23 12:45:08.910891,2025-07-25 15:55:11.644366131,High,IT Support,Email,Closed
TCK-10699,2025-07-23 13:15:23.492349,2025-07-24 07:32:57.596633430,Medium,IT Support,Software,Closed
TCK-10700,2025-07-23 13:15:23.492349,2025-07-24 23:55:04.594507476,Medium,Operations,Hardware,Closed
TCK-10701,2025-07-23 14:15:52.655265,2025-07-28 09:00:06.798439584,Low,Operations,Hardware,Closed
TCK-10702,2025-07-23 14:46:07.236723,2025-07-23 18:23:57.879382940,Medium,Operations,Software,Closed
TCK-10703,2025-07-23 14:46:07.236723,2025-07-24 12:05:31.841540405,Low,Finance,Access Control,Closed
TCK-10704,2025-07-23 15:16:21.818181,2025-07-25 06:31:01.770076452,Medium,IT Support,Software,Resolved
TCK-10705,2025-07-23 15:46:36.399639,2025-07-24 07:13:06.764620867,High,Operations,Access Control,Resolved
TCK-10706,2025-07-23 15:46:36.399639,2025-07-24 10:09:04.771618627,Low,IT Support,Access Control,Resolved
TCK-10707,2025-07-23 15:46:36.399639,2025-07-24 01:12:11.719410504,Low,IT Support,Network,Resolved
TCK-10708,2025-07-23 16:47:05.562556,2025-07-24 13:00:08.564279029,Unassigned,IT Support,Hardware,Closed
TCK-10709,2025-07-23 17:17:20.144014,2025-07-24 02:21:05.810556879,High,DevOps,Network,Resolved
TCK-10710,2025-07-23 18:17:49.306930,2025-07-24 05:57:03.860214143,Medium,IT Support,Hardware,Closed
TCK-10711,2025-07-23 18:17:49.306930,2025-07-23 20:15:06.653676504,Low,DevOps,Network,Resolved
TCK-10712,2025-07-23 20:18:47.632763,2025-07-23 20:27:15.602902839,Medium,IT Support,Access Control,Resolved
TCK-10713,2025-07-23 21:19:16.795679,2025-07-23 22:20:32.918082243,Medium,IT Support,Network,Resolved
TCK-10714,2025-07-23 21:49:31.377137,2025-07-24 01:40:28.145903033,High,HR,Email,Resolved
TCK-10715,2025-07-23 22:19:45.958595,2025-07-24 09:18:28.554993094,Low,HR,Network,Closed
TCK-10716,2025-07-23 23:20:15.121512,2025-07-23 23:43:10.020704972,High,Operations,Network,Closed
TCK-10717,2025-07-23 23:50:29.702970,2025-07-24 02:53:35.098909245,Critical,Operations,Network,Closed
TCK-10718,2025-07-23 23:50:29.702970,2025-07-25 03:12:52.084700537,Medium,IT Support,Email,Closed
TCK-10719,2025-07-24 00:20:44.284428,2025-07-25 02:11:49.051363637,Low,Operations,Hardware,Resolved
TCK-10720,2025-07-24 00:20:44.284428,2025-07-25 04:24:51.087630375,High,DevOps,Network,Resolved
TCK-10721,2025-07-24 00:50:58.865886,2025-07-25 22:39:46.423590934,High,HR,Hardware,Closed
TCK-10722,2025-07-24 01:21:13.447344,2025-07-24 03:38:08.677773296,Low,DevOps,Software,Closed
TCK-10723,2025-07-24 02:21:42.610261,2025-07-24 05:34:03.382603606,Medium,Operations,Access Control,Closed
TCK-10724,2025-07-24 02:21:42.610261,2025-07-24 09:39:58.164143823,High,IT Support,Software,Closed
TCK-10725,2025-07-24 02:51:57.191719,2025-07-25 23:16:03.665340738,Low,IT Support,Email,Closed
TCK-10726,2025-07-24 02:51:57.191719,2025-07-25 05:45:14.163999571,Low,HR,Email,Closed
TCK-10727,2025-07-24 02:51:57.191719,2025-07-24 09:55:02.048434117,Low,IT Support,Hardware,Closed
TCK-10728,2025-07-24 03:52:26.354635,2025-07-24 05:31:29.554416396,Unassigned,HR,Hardware,Resolved
TCK-10729,2025-07-24 03:52:26.354635,2025-07-24 21:07:11.420471807,Low,Finance,Network,Resolved
TCK-10730,2025-07-24 05:23:10.099009,2025-07-24 10:43:43.768035317,Low,DevOps,Software,Closed
TCK-10731,2025-07-24 06:23:39.261926,2025-07-24 20:01:43.827515155,Low,IT Support,Hardware,Closed
TCK-10732,2025-07-24 06:53:53.843384,2025-07-26 10:05:20.355169681,Unassigned,IT Support,Hardware,Resolved
TCK-10733,2025-07-24 06:53:53.843384,2025-07-24 22:11:58.721934047,Low,DevOps,Hardware,Closed
TCK-10734,2025-07-24 07:54:23.006300,2025-07-26 06:15:13.016732215,High,HR,Access Control,Resolved
TCK-10735,2025-07-24 08:24:37.587758,2025-07-24 17:23:51.604888351,Low,DevOps,Hardware,Closed
TCK-10736,2025-07-24 09:25:06.750675,2025-07-25 03:28:43.909197434,High,Operations,Access Control,Resolved
TCK-10737,2025-07-24 09:25:06.750675,2025-07-26 01:47:51.213128613,High,Operations,Email,Closed
TCK-10738,2025-07-24 09:55:21.332133,2025-07-25 01:52:59.565554097,Low,DevOps,Network,Closed
TCK-10739,2025-07-24 10:55:50.495049,2025-07-25 04:06:25.817468253,Low,HR,Software,Closed
TCK-10740,2025-07-24 10:55:50.495049,2025-07-25 09:36:29.816592599,Low,IT Support,Hardware,Resolved
TCK-10741,2025-07-24 10:55:50.495049,2025-07-26 01:24:51.875631278,Medium,DevOps,Access Control,Closed
TCK-10742,2025-07-24 11:26:05.076507,2025-07-24 13:05:46.942316378,High,Operations,Hardware,Closed
TCK-10743,2025-07-24 12:26:34.239423,2025-07-24 19:50:12.019951741,Low,IT Support,Hardware,Resolved
TCK-10744,2025-07-24 12:26:34.239423,2025-07-24 21:34:06.171466620,Medium,IT Support,Access Control,Closed
TCK-10745,2025-07-24 12:56:48.820882,2025-07-26 08:13:54.991856202,Low,DevOps,Hardware,Resolved
TCK-10746,2025-07-24 12:56:48.820882,2025-07-26 21:10:27.546384355,Medium,IT Support,Software,Resolved
TCK-10747,2025-07-24 13:57:17.983798,2025-07-24 16:15:49.608364331,Low,IT Support,Email,Closed
TCK-10748,2025-07-24 14:57:47.146714,2025-07-24 17:14:45.075263350,Low,Operations,Network,Closed
TCK-10749,2025-07-24 15:28:01.728172,2025-07-26 16:37:46.340931682,Low,IT Support,Hardware,Closed
TCK-10750,2025-07-24 15:28:01.728172,2025-07-24 21:46:44.040730646,Medium,IT Support,Access Control,Resolved
TCK-10751,2025-07-24 16:28:30.891089,2025-07-24 21:27:29.286750352,Low,Finance,Software,Closed
TCK-10752,2025-07-24 16:58:45.472547,2025-07-24 17:37:55.952759145,High,DevOps,Hardware,Closed
TCK-10753,2025-07-24 17:29:00.054005,2025-07-24 23:17:11.958990316,Critical,HR,Email,Closed
TCK-10754,2025-07-24 17:59:14.635463,2025-07-25 15:16:28.654457834,High,HR,Email,Resolved
TCK-10755,2025-07-24 19:29:58.379837,2025-07-25 05:29:34.619645631,Unassigned,Finance,Access Control,Closed
TCK-10756,2025-07-24 19:29:58.379837,2025-07-25 08:35:38.451276724,Critical,Finance,Hardware,Closed
TCK-10757,2025-07-24 19:29:58.379837,2025-07-26 16:21:51.241500870,Low,IT Support,Hardware,Resolved
TCK-10758,2025-07-24 20:00:12.961296,2025-07-24 22:11:46.713739619,Medium,IT Support,Hardware,Resolved
TCK-10759,2025-07-24 21:30:56.705670,2025-07-24 22:50:45.794119763,Medium,Finance,Email,Closed
TCK-10760,2025-07-24 21:30:56.705670,2025-07-26 07:53:49.578845741,Medium,DevOps,Hardware,Closed
TCK-10761,2025-07-24 23:01:40.450045,2025-07-26 01:51:58.169022959,Unassigned,DevOps,Hardware,Closed
TCK-10762,2025-07-24 23:01:40.450045,2025-07-25 04:32:19.881548589,Medium,DevOps,Hardware,Resolved
TCK-10763,2025-07-24 23:01:40.450045,2025-07-25 06:04:56.127565995,High,DevOps,Hardware,Resolved
TCK-10764,2025-07-24 23:01:40.450045,2025-07-25 05:42:51.474257006,Medium,IT Support,Access Control,Closed
TCK-10765,2025-07-24 23:31:55.031503,2025-07-25 18:18:59.084412563,Unassigned,Operations,Email,Closed
TCK-10766,2025-07-25 00:02:09.612961,2025-07-25 01:10:22.709639911,High,Operations,Network,Closed
TCK-10767,2025-07-25 00:32:24.194419,2025-07-25 12:38:20.932170892,Medium,Finance,Access Control,Resolved
TCK-10768,2025-07-25 00:32:24.194419,2025-07-25 03:07:37.489805777,Low,IT Support,Hardware,Resolved
TCK-10769,2025-07-25 01:02:38.775877,2025-07-26 07:53:03.657045526,High,Finance,Network,Closed
TCK-10770,2025-07-25 01:02:38.775877,2025-07-25 09:40:04.827499072,Critical,Finance,Software,Closed
TCK-10771,2025-07-25 01:32:53.357335,2025-07-25 15:02:44.954952562,High,IT Support,Network,Closed
TCK-10772,2025-07-25 01:32:53.357335,2025-07-25 02:05:01.543459910,High,Finance,Access Control,Closed
TCK-10773,2025-07-25 02:03:07.938793,2025-07-25 03:07:57.923707787,Medium,DevOps,Email,Closed
TCK-10774,2025-07-25 02:03:07.938793,2025-07-25 22:17:09.542383085,Medium,DevOps,Access Control,Resolved
TCK-10775,2025-07-25 02:03:07.938793,2025-07-26 04:15:19.406425812,Critical,IT Support,Email,Closed
TCK-10776,2025-07-25 02:03:07.938793,2025-07-26 00:20:10.148867789,Low,IT Support,Email,Closed
TCK-10777,2025-07-25 02:03:07.938793,2025-07-26 02:05:39.491545082,Medium,DevOps,Email,Resolved
TCK-10778,2025-07-25 02:03:07.938793,2025-07-25 04:02:28.786100764,Medium,Operations,Software,Closed
TCK-10779,2025-07-25 02:33:22.520252,2025-07-25 23:50:20.559476769,Medium,Finance,Network,Closed
TCK-10780,2025-07-25 02:33:22.520252,2025-07-25 06:10:00.390108146,Medium,DevOps,Access Control,Resolved
TCK-10781,2025-07-25 03:33:51.683168,2025-07-25 05:25:16.312986971,Medium,IT Support,Access Control,Closed
TCK-10782,2025-07-25 04:04:06.264626,2025-07-26 05:32:41.327495962,Low,Finance,Email,Resolved
TCK-10783,2025-07-25 04:04:06.264626,2025-07-26 19:42:08.769010180,Low,Operations,Software,Closed
TCK-10784,2025-07-25 05:04:35.427542,2025-07-26 03:46:46.620645109,High,DevOps,Software,Closed
TCK-10785,2025-07-25 05:34:50.009000,2025-07-26 11:03:33.023217144,Unassigned,Operations,Hardware,Closed
TCK-10786,2025-07-25 06:35:19.171917,2025-07-28 19:33:19.407238504,Low,Finance,Software,Closed
TCK-10787,2025-07-25 07:05:33.753375,2025-07-25 09:41:53.140502552,Low,DevOps,Email,Resolved
TCK-10788,2025-07-25 07:35:48.334833,2025-07-27 20:01:07.379781267,High,IT Support,Email,Closed
TCK-10789,2025-07-25 07:35:48.334833,2025-07-26 00:08:38.309863597,Medium,IT Support,Network,Closed
TCK-10790,2025-07-25 08:06:02.916291,2025-07-26 14:18:17.404542947,Low,IT Support,Email,Closed
TCK-10791,2025-07-25 08:06:02.916291,2025-07-26 03:00:22.720293807,Medium,HR,Network,Resolved
TCK-10792,2025-07-25 08:06:02.916291,2025-07-25 23:17:37.871778398,Medium,IT Support,Software,Resolved
TCK-10793,2025-07-25 08:06:02.916291,2025-07-26 05:59:26.809947513,Low,DevOps,Hardware,Closed
TCK-10794,2025-07-25 09:06:32.079207,2025-07-25 16:03:27.661859480,Unassigned,Operations,Access Control,Closed
TCK-10795,2025-07-25 09:06:32.079207,2025-07-27 07:33:35.024880163,Medium,Finance,Email,Closed
TCK-10796,2025-07-25 10:07:01.242124,2025-07-25 12:19:19.130572395,Medium,IT Support,Software,Closed
TCK-10797,2025-07-25 10:37:15.823582,2025-07-25 17:30:39.406844986,Medium,Operations,Email,Closed
TCK-10798,2025-07-25 11:07:30.405040,2025-07-25 11:41:41.858233289,High,Finance,Network,Resolved
TCK-10799,2025-07-25 11:07:30.405040,2025-07-25 16:49:21.210994512,High,DevOps,Software,Closed
TCK-10800,2025-07-25 11:37:44.986498,2025-07-25 16:03:37.000314799,Medium,Operations,Access Control,Closed
TCK-10801,2025-07-25 11:37:44.986498,2025-07-25 12:32:43.617677561,Low,Operations,Network,Closed
TCK-10802,2025-07-25 12:38:14.149414,2025-07-26 00:49:12.679894052,Low,Finance,Software,Closed
TCK-10803,2025-07-25 13:38:43.312331,2025-07-26 01:01:36.875415982,Low,DevOps,Access Control,Closed
TCK-10804,2025-07-25 13:38:43.312331,2025-07-25 15:06:07.835681045,Medium,Finance,Network,Closed
TCK-10805,2025-07-25 13:38:43.312331,2025-07-25 19:06:37.171832318,High,HR,Access Control,Closed
TCK-10806,2025-07-25 14:08:57.893789,2025-07-27 21:18:36.570720705,Medium,Finance,Software,Closed
TCK-10807,2025-07-25 16:09:56.219621,2025-07-25 18:16:41.266007453,Unassigned,HR,Network,Closed
TCK-10808,2025-07-25 16:09:56.219621,2025-07-25 22:42:55.012901130,High,HR,Hardware,Resolved
TCK-10809,2025-07-25 16:09:56.219621,2025-07-25 16:49:22.796903899,Medium,DevOps,Email,Resolved
TCK-10810,2025-07-25 16:09:56.219621,2025-07-25 19:04:02.667300258,Low,IT Support,Hardware,Closed
TCK-10811,2025-07-25 16:40:10.801080,2025-07-26 14:18:18.144690470,Medium,Finance,Access Control,Closed
TCK-10812,2025-07-25 17:10:25.382538,2025-07-26 01:23:48.426025004,Medium,DevOps,Software,Closed
TCK-10813,2025-07-25 17:10:25.382538,2025-07-26 04:00:10.340997518,Medium,Operations,Email,Closed
TCK-10814,2025-07-25 18:10:54.545454,2025-07-25 21:15:19.967944632,Medium,IT Support,Software,Resolved
TCK-10815,2025-07-25 18:10:54.545454,2025-07-26 14:48:44.727757639,Low,Operations,Access Control,Resolved
TCK-10816,2025-07-25 19:11:23.708370,2025-07-26 20:15:11.186319386,Low,Operations,Software,Closed
TCK-10817,2025-07-25 19:11:23.708370,2025-07-25 22:47:11.267877141,High,Finance,Network,Closed
TCK-10818,2025-07-25 19:11:23.708370,2025-07-25 20:01:06.912070777,High,DevOps,Network,Closed
TCK-10819,2025-07-25 20:42:07.452745,2025-07-25 22:13:16.903523541,Critical,HR,Access Control,Closed
TCK-10820,2025-07-25 20:42:07.452745,2025-07-26 15:57:53.706932833,Unassigned,Operations,Software,Closed
TCK-10821,2025-07-25 21:12:22.034203,2025-07-25 23:49:37.966441124,Low,DevOps,Access Control,Closed
TCK-10822,2025-07-25 21:42:36.615661,2025-07-26 09:58:09.188043382,Medium,IT Support,Email,Resolved
TCK-10823,2025-07-25 22:12:51.197119,2025-07-26 01:11:44.115196692,High,HR,Software,Closed
TCK-10824,2025-07-25 23:13:20.360036,2025-07-26 02:34:46.076196069,Critical,Finance,Network,Closed
TCK-10825,2025-07-26 00:44:04.104410,2025-07-26 00:48:47.282876532,Low,IT Support,Hardware,Closed
TCK-10826,2025-07-26 02:14:47.848784,2025-07-26 09:12:37.371918718,Medium,DevOps,Network,Closed
TCK-10827,2025-07-26 03:45:31.593159,2025-07-26 05:27:08.490358716,Low,IT Support,Software,Closed
TCK-10828,2025-07-26 04:15:46.174617,2025-07-26 13:16:38.752875362,High,Finance,Software,Resolved
TCK-10829,2025-07-26 04:15:46.174617,2025-07-26 20:39:23.862674521,High,DevOps,Software,Resolved
TCK-10830,2025-07-26 04:15:46.174617,2025-07-26 12:30:32.711566896,High,Operations,Software,Resolved
TCK-10831,2025-07-26 05:16:15.337533,2025-07-27 03:14:59.810113885,Medium,DevOps,Email,Closed
TCK-10832,2025-07-26 06:16:44.500450,2025-07-27 06:37:37.712045642,Medium,DevOps,Hardware,Closed
TCK-10833,2025-07-26 06:16:44.500450,2025-07-27 03:44:53.032815248,Low,Operations,Network,Resolved
TCK-10834,2025-07-26 06:16:44.500450,2025-07-28 07:57:37.955635840,Medium,Finance,Email,Resolved
TCK-10835,2025-07-26 06:46:59.081908,2025-07-26 11:39:32.300711582,Unassigned,DevOps,Access Control,Closed
TCK-10836,2025-07-26 07:17:13.663366,2025-07-26 11:04:04.917027717,Low,IT Support,Software,Closed
TCK-10837,2025-07-26 07:47:28.244824,2025-07-27 00:43:36.558757235,Medium,DevOps,Network,Closed
TCK-10838,2025-07-26 08:17:42.826282,2025-07-27 00:33:33.810908389,High,IT Support,Access Control,Resolved
TCK-10839,2025-07-26 09:18:11.989198,2025-07-26 22:08:50.067364265,Medium,Operations,Hardware,Resolved
TCK-10840,2025-07-26 09:48:26.570657,2025-07-26 09:53:09.273242489,Critical,IT Support,Network,Closed
TCK-10841,2025-07-26 09:48:26.570657,2025-07-27 00:23:28.599096845,Medium,IT Support,Email,Resolved
TCK-10842,2025-07-26 09:48:26.570657,2025-07-28 10:24:30.012592618,High,IT Support,Access Control,Resolved
TCK-10843,2025-07-26 10:18:41.152115,2025-07-26 17:38:36.355522752,High,IT Support,Network,Closed
TCK-10844,2025-07-26 10:18:41.152115,2025-07-29 00:02:37.415056298,Low,HR,Email,Closed
TCK-10845,2025-07-26 10:48:55.733573,2025-07-26 18:45:27.580871187,Medium,Finance,Software,Resolved
TCK-10846,2025-07-26 11:19:10.315031,2025-07-26 14:01:52.676146979,Low,Operations,Network,Closed
TCK-10847,2025-07-26 11:49:24.896489,2025-07-26 20:58:14.194732545,Medium,HR,Software,Resolved
TCK-10848,2025-07-26 12:19:39.477947,2025-07-27 00:36:40.777897854,Medium,IT Support,Access Control,Closed
TCK-10849,2025-07-26 12:49:54.059405,2025-07-27 06:42:07.873946198,Critical,DevOps,Access Control,Closed
TCK-10850,2025-07-26 13:50:23.222322,2025-07-27 02:29:34.473649283,Low,IT Support,Access Control,Closed
TCK-10851,2025-07-26 13:50:23.222322,2025-07-27 03:41:21.683247537,Low,Operations,Software,Closed
TCK-10852,2025-07-26 14:20:37.803780,2025-07-26 14:46:56.421318689,Low,HR,Software,Resolved
TCK-10853,2025-07-26 15:51:21.548154,2025-07-26 21:07:16.886384017,High,Finance,Email,Closed
TCK-10854,2025-07-26 15:51:21.548154,2025-07-26 22:33:11.933025989,Critical,IT Support,Network,Closed
TCK-10855,2025-07-26 17:22:05.292529,2025-07-29 23:39:41.953241322,Medium,IT Support,Email,Closed
TCK-10856,2025-07-26 18:52:49.036903,2025-07-27 01:11:12.566004542,Low,DevOps,Software,Closed
TCK-10857,2025-07-26 19:23:03.618361,2025-07-28 12:13:31.304969904,Low,HR,Network,Resolved
TCK-10858,2025-07-26 19:53:18.199819,2025-07-27 02:25:50.662992852,Low,Operations,Access Control,Resolved
TCK-10859,2025-07-26 20:53:47.362736,2025-07-26 22:42:55.271428626,Medium,Finance,Email,Resolved
TCK-10860,2025-07-26 20:53:47.362736,2025-07-27 02:01:03.630601824,Low,DevOps,Email,Closed
TCK-10861,2025-07-26 21:54:16.525652,2025-07-27 03:38:21.337150666,Critical,Operations,Email,Closed
TCK-10862,2025-07-26 21:54:16.525652,2025-07-29 18:48:35.907136107,Low,IT Support,Software,Resolved
TCK-10863,2025-07-26 23:25:00.270027,2025-07-27 19:36:29.831152026,Critical,DevOps,Network,Resolved
TCK-10864,2025-07-26 23:55:14.851485,2025-07-29 00:13:30.012687934,Medium,IT Support,Access Control,Closed
TCK-10865,2025-07-26 23:55:14.851485,2025-07-28 08:21:10.171967848,High,DevOps,Software,Closed
TCK-10866,2025-07-27 00:55:44.014401,2025-07-27 16:29:02.178297512,Critical,DevOps,Access Control,Closed
TCK-10867,2025-07-27 00:55:44.014401,2025-07-27 21:10:52.076988013,Unassigned,HR,Hardware,Resolved
TCK-10868,2025-07-27 01:56:13.177317,2025-07-27 19:35:02.786088024,High,IT Support,Hardware,Closed
TCK-10869,2025-07-27 04:27:26.084608,2025-07-28 00:12:37.740676173,Low,Finance,Access Control,Closed
TCK-10870,2025-07-27 04:27:26.084608,2025-07-27 09:59:37.066943288,Low,Operations,Hardware,Closed
TCK-10871,2025-07-27 04:27:26.084608,2025-07-27 13:53:51.095316140,High,Operations,Network,Closed
TCK-10872,2025-07-27 04:57:40.666066,2025-07-27 21:07:30.974499362,Critical,DevOps,Network,Closed
TCK-10873,2025-07-27 05:27:55.247524,2025-07-27 06:07:26.265316674,Low,IT Support,Software,Closed
TCK-10874,2025-07-27 05:27:55.247524,2025-07-27 17:20:03.921428047,Critical,Operations,Access Control,Closed
TCK-10875,2025-07-27 07:59:08.154815,2025-07-28 19:20:26.000181756,Medium,Operations,Software,Closed
TCK-10876,2025-07-27 08:29:22.736273,2025-07-27 20:41:37.004516833,Low,HR,Network,Closed
TCK-10877,2025-07-27 08:29:22.736273,2025-07-27 22:57:21.466745401,Low,IT Support,Network,Closed
TCK-10878,2025-07-27 08:29:22.736273,2025-07-27 12:32:56.937194759,Low,Operations,Network,Closed
TCK-10879,2025-07-27 08:59:37.317731,2025-07-28 13:27:41.577527955,Low,Operations,Email,Resolved
TCK-10880,2025-07-27 08:59:37.317731,2025-07-27 16:59:43.248057550,High,IT Support,Hardware,Resolved
TCK-10881,2025-07-27 10:30:21.062106,2025-07-29 18:58:19.251319793,Low,Operations,Software,Closed
TCK-10882,2025-07-27 11:00:35.643564,2025-07-31 06:15:43.062213786,Medium,Finance,Software,Closed
TCK-10883,2025-07-27 11:30:50.225022,2025-07-29 08:05:56.257110283,High,Operations,Network,Closed
TCK-10884,2025-07-27 11:30:50.225022,2025-07-27 13:06:37.759366339,Critical,HR,Email,Resolved
TCK-10885,2025-07-27 13:01:33.969396,2025-07-27 20:19:13.512759517,Medium,Finance,Software,Closed
TCK-10886,2025-07-27 13:31:48.550855,2025-07-29 17:46:58.264942574,Medium,IT Support,Software,Closed
TCK-10887,2025-07-27 14:02:03.132313,2025-07-28 19:25:00.398580022,Critical,Operations,Email,Closed
TCK-10888,2025-07-27 14:02:03.132313,2025-07-29 09:36:55.845207328,Low,HR,Network,Closed
TCK-10889,2025-07-27 14:32:17.713771,2025-07-28 05:50:12.881500031,Low,DevOps,Email,Closed
TCK-10890,2025-07-27 15:02:32.295229,2025-07-28 02:49:36.294872622,High,IT Support,Hardware,Closed
TCK-10891,2025-07-27 16:03:01.458145,2025-07-27 18:04:38.250636776,Low,DevOps,Software,Closed
TCK-10892,2025-07-27 16:33:16.039603,2025-07-29 01:28:53.645766359,Low,HR,Hardware,Resolved
TCK-10893,2025-07-27 17:03:30.621062,2025-07-28 17:39:55.265352342,Medium,IT Support,Software,Closed
TCK-10894,2025-07-27 17:03:30.621062,2025-07-27 18:09:02.750776349,Medium,IT Support,Hardware,Closed
TCK-10895,2025-07-27 17:33:45.202520,2025-07-27 21:47:32.009041142,High,IT Support,Software,Closed
TCK-10896,2025-07-27 19:04:28.946894,2025-07-28 09:44:28.781281238,Low,DevOps,Network,Closed
TCK-10897,2025-07-27 19:04:28.946894,2025-07-28 15:50:01.964008135,Medium,HR,Access Control,Resolved
TCK-10898,2025-07-27 20:04:58.109810,2025-07-27 22:44:56.127529711,High,IT Support,Email,Closed
TCK-10899,2025-07-27 20:35:12.691269,2025-07-28 01:38:28.889491230,Medium,IT Support,Software,Closed
TCK-10900,2025-07-27 21:05:27.272727,2025-07-28 00:57:11.291418943,Medium,Finance,Email,Closed
TCK-10901,2025-07-27 22:05:56.435643,2025-07-28 02:34:16.495178604,Low,IT Support,Software,Closed
TCK-10902,2025-07-27 22:05:56.435643,2025-07-29 19:43:23.871797627,Medium,HR,Access Control,Closed
TCK-10903,2025-07-27 22:05:56.435643,2025-07-28 20:44:44.292317891,Low,DevOps,Network,Closed
TCK-10904,2025-07-27 22:05:56.435643,2025-07-28 22:08:49.760468041,Medium,Finance,Network,Closed
TCK-10905,2025-07-27 23:36:40.180018,2025-07-29 04:02:54.871347738,Medium,Finance,Email,Resolved
TCK-10906,2025-07-27 23:36:40.180018,2025-07-28 07:32:53.530504754,Medium,IT Support,Access Control,Resolved
TCK-10907,2025-07-27 23:36:40.180018,2025-07-29 01:50:46.794060071,High,IT Support,Email,Closed
TCK-10908,2025-07-27 23:36:40.180018,2025-07-30 20:39:12.390736967,Low,DevOps,Network,Resolved
TCK-10909,2025-07-28 00:06:54.761476,2025-07-28 21:41:26.281261119,Medium,Operations,Hardware,Closed
TCK-10910,2025-07-28 00:37:09.342934,2025-07-28 10:19:25.919767182,Medium,Finance,Email,Closed
TCK-10911,2025-07-28 01:07:23.924392,2025-07-28 23:48:15.079831248,Medium,IT Support,Software,Closed
TCK-10912,2025-07-28 01:37:38.505850,2025-07-29 19:13:03.042769408,Low,Finance,Network,Resolved
TCK-10913,2025-07-28 02:07:53.087308,2025-07-28 04:36:45.091220539,Low,Operations,Software,Closed
TCK-10914,2025-07-28 02:07:53.087308,2025-07-28 07:40:50.005808050,High,DevOps,Access Control,Closed
TCK-10915,2025-07-28 02:07:53.087308,2025-07-29 23:26:12.730787019,Medium,Operations,Network,Closed
TCK-10916,2025-07-28 02:07:53.087308,2025-07-30 06:44:49.548136419,Medium,IT Support,Network,Closed
TCK-10917,2025-07-28 02:38:07.668766,2025-07-28 14:32:59.966574287,Critical,DevOps,Email,Resolved
TCK-10918,2025-07-28 02:38:07.668766,2025-07-28 11:04:57.364543090,Low,DevOps,Email,Closed
TCK-10919,2025-07-28 03:08:22.250225,2025-07-28 09:07:20.161171098,Critical,Finance,Software,Closed
TCK-10920,2025-07-28 03:38:36.831683,2025-07-28 16:04:31.170374043,Low,Finance,Email,Resolved
TCK-10921,2025-07-28 03:38:36.831683,2025-07-30 04:42:53.350522132,Medium,Finance,Hardware,Closed
TCK-10922,2025-07-28 03:38:36.831683,2025-07-28 06:33:53.546830158,Medium,DevOps,Network,Closed
TCK-10923,2025-07-28 05:09:20.576057,2025-07-28 14:57:19.978025373,Medium,Operations,Access Control,Closed
TCK-10924,2025-07-28 05:39:35.157515,2025-07-30 01:19:38.155614801,Low,IT Support,Network,Closed
TCK-10925,2025-07-28 05:39:35.157515,2025-07-28 13:23:22.147916828,Medium,Finance,Software,Closed
TCK-10926,2025-07-28 06:09:49.738973,2025-07-29 08:28:06.441186666,Low,Operations,Email,Closed
TCK-10927,2025-07-28 06:09:49.738973,2025-07-28 15:02:21.555753396,Low,IT Support,Network,Resolved
TCK-10928,2025-07-28 06:09:49.738973,2025-07-29 11:34:57.548878489,Low,HR,Email,Resolved
TCK-10929,2025-07-28 06:40:04.320432,2025-07-31 06:00:35.231746629,Medium,IT Support,Software,Closed
TCK-10930,2025-07-28 07:10:18.901890,2025-07-28 16:00:18.348862129,Medium,IT Support,Email,Resolved
TCK-10931,2025-07-28 08:10:48.064806,2025-07-29 17:44:57.916415580,Low,Operations,Access Control,Closed
TCK-10932,2025-07-28 08:41:02.646264,2025-07-31 16:55:54.113249476,Low,HR,Software,Closed
TCK-10933,2025-07-28 10:42:00.972097,2025-07-31 12:56:35.470035333,Low,DevOps,Network,Resolved
TCK-10934,2025-07-28 11:42:30.135013,2025-07-28 21:56:45.577788733,Medium,IT Support,Network,Closed
TCK-10935,2025-07-28 12:12:44.716471,2025-07-29 00:11:01.082401755,Medium,IT Support,Access Control,Closed
TCK-10936,2025-07-28 12:12:44.716471,2025-07-28 18:43:12.907824334,Medium,Operations,Hardware,Resolved
TCK-10937,2025-07-28 13:13:13.879387,2025-07-28 20:00:17.323645895,Critical,Finance,Email,Closed
TCK-10938,2025-07-28 14:43:57.623762,2025-07-29 02:56:25.028040008,Medium,IT Support,Network,Closed
TCK-10939,2025-07-28 16:44:55.949594,2025-07-28 20:46:37.671135123,Critical,Operations,Access Control,Closed
TCK-10940,2025-07-28 18:15:39.693969,2025-07-29 16:36:45.438199311,Medium,HR,Email,Closed
TCK-10941,2025-07-28 18:45:54.275427,2025-07-29 08:35:55.401327181,Medium,HR,Software,Closed
TCK-10942,2025-07-28 18:45:54.275427,2025-07-30 11:52:01.702813183,Medium,Finance,Access Control,Closed
TCK-10943,2025-07-28 19:46:23.438343,2025-07-30 01:43:17.766212992,Low,IT Support,Software,Closed
TCK-10944,2025-07-28 19:46:23.438343,2025-07-29 02:46:50.278527810,Medium,Finance,Software,Closed
TCK-10945,2025-07-28 19:46:23.438343,2025-07-29 08:27:36.055576261,Unassigned,Finance,Software,Resolved
TCK-10946,2025-07-28 20:16:38.019801,2025-07-29 21:16:03.501288580,Low,IT Support,Email,Resolved
TCK-10947,2025-07-28 20:46:52.601260,2025-07-29 00:38:43.841342776,Medium,DevOps,Hardware,Closed
TCK-10948,2025-07-28 20:46:52.601260,2025-07-28 21:21:33.180845962,Medium,HR,Software,Closed
TCK-10949,2025-07-28 21:47:21.764176,2025-07-30 08:12:58.421416783,Medium,DevOps,Network,Closed
TCK-10950,2025-07-28 21:47:21.764176,2025-07-29 00:27:10.764582274,High,IT Support,Email,Resolved
TCK-10951,2025-07-28 22:47:50.927092,2025-07-30 14:25:56.545083212,Low,Operations,Email,Closed
TCK-10952,2025-07-28 22:47:50.927092,2025-07-30 18:52:37.085967868,Medium,Operations,Software,Closed
TCK-10953,2025-07-28 23:18:05.508550,2025-07-29 10:24:58.477520927,Medium,IT Support,Network,Closed
TCK-10954,2025-07-28 23:48:20.090009,2025-07-30 05:23:47.058900984,Medium,Operations,Access Control,Closed
TCK-10955,2025-07-28 23:48:20.090009,2025-07-29 07:55:43.416215163,Medium,Finance,Email,Resolved
TCK-10956,2025-07-28 23:48:20.090009,2025-07-30 10:58:25.874895603,Medium,DevOps,Software,Closed
TCK-10957,2025-07-29 00:18:34.671467,2025-07-30 07:39:01.395619694,High,DevOps,Software,Resolved
TCK-10958,2025-07-29 00:48:49.252925,2025-07-29 02:17:08.108225409,Low,IT Support,Hardware,Closed
TCK-10959,2025-07-29 01:19:03.834383,2025-07-29 17:02:40.531054907,Low,IT Support,Hardware,Closed
TCK-10960,2025-07-29 02:19:32.997299,2025-07-29 20:42:55.800786787,Medium,IT Support,Access Control,Resolved
TCK-10961,2025-07-29 02:49:47.578757,2025-07-29 02:50:43.155019507,Medium,HR,Access Control,Closed
TCK-10962,2025-07-29 03:20:02.160216,2025-08-01 01:40:37.142601980,Low,IT Support,Access Control,Closed
TCK-10963,2025-07-29 03:50:16.741674,2025-07-29 13:13:51.450719479,Low,Finance,Access Control,Closed
TCK-10964,2025-07-29 03:50:16.741674,2025-07-29 16:57:00.265971920,High,IT Support,Software,Resolved
TCK-10965,2025-07-29 03:50:16.741674,2025-07-29 07:44:16.935125956,Low,DevOps,Software,Resolved
TCK-10966,2025-07-29 04:50:45.904590,2025-07-29 21:50:14.943184152,Unassigned,IT Support,Software,Closed
TCK-10967,2025-07-29 05:51:15.067506,2025-07-30 11:48:22.202338589,Unassigned,HR,Network,Resolved
TCK-10968,2025-07-29 06:21:29.648964,2025-07-29 22:13:39.227893430,Medium,IT Support,Access Control,Closed
TCK-10969,2025-07-29 06:51:44.230423,2025-07-30 10:47:10.694900899,High,DevOps,Network,Resolved
TCK-10970,2025-07-29 06:51:44.230423,2025-07-30 06:30:15.487217246,Medium,Operations,Email,Resolved
TCK-10971,2025-07-29 07:52:13.393339,2025-07-29 12:45:17.505648211,Low,IT Support,Email,Resolved
TCK-10972,2025-07-29 08:22:27.974797,2025-07-29 18:40:37.501583111,Medium,DevOps,Software,Closed
TCK-10973,2025-07-29 08:22:27.974797,2025-07-29 11:16:14.606020164,High,Operations,Email,Closed
TCK-10974,2025-07-29 08:52:42.556255,2025-07-29 09:38:58.624996867,High,Operations,Software,Closed
TCK-10975,2025-07-29 08:52:42.556255,2025-07-29 10:03:03.990550650,Critical,Finance,Access Control,Closed
TCK-10976,2025-07-29 09:53:11.719171,2025-07-31 13:17:38.517601233,Critical,IT Support,Network,Resolved
TCK-10977,2025-07-29 09:53:11.719171,2025-08-01 12:56:04.620586104,Low,IT Support,Software,Resolved
TCK-10978,2025-07-29 10:23:26.300630,2025-07-29 12:11:13.047902962,High,HR,Hardware,Resolved
TCK-10979,2025-07-29 10:53:40.882088,2025-07-29 18:14:36.075694752,Medium,Finance,Hardware,Closed
TCK-10980,2025-07-29 10:53:40.882088,2025-07-29 13:04:54.940651499,Critical,HR,Access Control,Closed
TCK-10981,2025-07-29 11:23:55.463546,2025-07-30 19:44:50.582380703,Low,DevOps,Network,Closed
TCK-10982,2025-07-29 12:54:39.207920,2025-07-30 01:15:17.016586143,High,IT Support,Software,Closed
TCK-10983,2025-07-29 13:55:08.370837,2025-07-30 07:23:43.336334916,Medium,IT Support,Access Control,Closed
TCK-10984,2025-07-29 14:25:22.952295,2025-07-30 04:23:49.462765740,Medium,Operations,Network,Closed
TCK-10985,2025-07-29 16:26:21.278127,2025-07-30 14:44:12.224056124,Low,Operations,Hardware,Closed
TCK-10986,2025-07-29 16:26:21.278127,2025-07-29 23:21:29.567493566,Unassigned,DevOps,Software,Closed
TCK-10987,2025-07-29 16:26:21.278127,2025-07-29 19:06:06.003280840,Medium,IT Support,Network,Resolved
TCK-10988,2025-07-29 17:26:50.441044,2025-07-29 17:46:02.396014711,Medium,Operations,Email,Closed
TCK-10989,2025-07-29 17:26:50.441044,2025-07-30 04:04:04.799321465,Low,IT Support,Software,Closed
TCK-10990,2025-07-29 18:27:19.603960,2025-07-31 13:22:13.731338215,Medium,DevOps,Email,Closed
TCK-10991,2025-07-29 18:57:34.185418,2025-07-30 01:30:56.095983950,Critical,IT Support,Access Control,Closed
TCK-10992,2025-07-29 19:27:48.766876,2025-07-29 23:23:21.796317114,Low,Finance,Network,Resolved
TCK-10993,2025-07-29 19:58:03.348334,2025-07-31 18:50:39.915036686,Unassigned,DevOps,Network,Closed
TCK-10994,2025-07-29 19:58:03.348334,2025-07-29 21:58:24.204059968,Medium,Operations,Network,Closed
TCK-10995,2025-07-29 20:58:32.511251,2025-07-29 21:55:59.282762402,Unassigned,DevOps,Network,Closed
TCK-10996,2025-07-29 22:29:16.255625,2025-07-31 12:33:53.219548089,Medium,Operations,Software,Resolved
TCK-10997,2025-07-29 22:29:16.255625,2025-07-30 20:12:50.418161728,Medium,Finance,Email,Resolved
TCK-10998,2025-07-29 23:29:45.418541,2025-07-30 09:21:55.269457468,Medium,DevOps,Email,Closed
TCK-10999,2025-07-29 23:29:45.418541,2025-07-31 00:37:07.717072715,Low,HR,Access Control,Resolved
