Ticket_ID,Created_Date,Resolved_Date,Priority,Department,Category,Status
TCK-1000,2025-03-09 06:07:42.008794095,2025-03-09 15:37:43.670132009,Low,  HR ,Network,Closed
TCK-1001,2025-03-01 22:10:48.920590783,2025-03-03 15:44:01.720350937,Low,DevOps,Hardware,Resolved
TCK-1002,2025-02-01 16:59:05.647244479,2025-02-03 16:03:47.727644329,Medium,Finance,Hardware,Resolved
TCK-1003,2025-04-20 07:23:31.253418342,2025-04-20 17:08:18.852488831,Low,Operations,Hardware,Closed
TCK-1004,2025-03-27 19:00:58.944230196,2025-03-28 15:01:34.071093189,Medium,IT Support,Database,Resolved
TCK-1005,2025-06-05 19:49:41.832622904,2025-06-06 03:47:56.878540835,Medium,IT Support,Access,Closed
TCK-1006,2025-01-06 18:42:48.195656969,2025-01-06 23:56:01.286923790,Medium,IT Support,Database,Resolved
TCK-1007,2025-04-26 21:30:34.009337324,2025-04-28 18:47:21.872523839,Medium,DevOps,Database,Resolved
TCK-1008,2025-05-18 07:56:20.958611800,2025-05-18 22:20:16.620417087,Low,Operations,Software,Resolved
TCK-1009,2025-05-17 16:58:55.124016552,2025-05-18 16:30:03.200111026,None,Finance,Hardware,Resolved
TCK-1010,2025-06-09 11:50:22.336269606,2025-06-09 18:47:01.962821997,High,IT Support,Hardware,Resolved
TCK-1011,2025-05-12 05:25:32.768484292,2025-05-13 02:01:57.034843671,Medium,DevOps,Network,Closed
TCK-1012,2025-06-17 00:08:22.078744972,2025-06-18 11:19:34.637469113,Low,  Finance ,Hardware,Closed
TCK-1013,2025-03-01 21:04:35.440414504,2025-03-02 04:26:34.118218438,Low,IT Support,Database,Closed
TCK-1014,2025-04-01 13:51:52.849319998,2025-04-01 18:00:32.424375998,Medium,IT Support,Software,Closed
TCK-1014,2025-04-01 13:51:52.849319998,2025-04-01 18:00:32.424375998,Medium,IT Support,Software,Closed
TCK-1016,2025-01-02 06:03:24.397740784,2025-01-02 13:49:41.450631658,Low,HR,Database,Resolved
TCK-1017,2025-02-13 05:20:49.201262037,2025-02-13 15:27:33.086891969,Medium,Operations,Database,Closed
TCK-1018,2025-01-19 03:29:13.529907054,2025-01-20 05:15:56.524868046,Medium,HR,Network,Closed
TCK-1019,2025-02-16 20:06:47.194136840,2025-02-17 00:47:11.591540443,Medium,IT Support,Database,Closed
TCK-1020,2025-02-01 20:49:37.316505636,2025-02-02 02:28:47.362557857,Medium,Operations,Database,Closed
TCK-1021,2025-01-06 03:12:23.426290657,2025-01-06 14:48:43.969238264,High,IT Support,Software,Closed
TCK-1022,2025-06-13 16:11:38.084906880,2025-06-13 23:29:44.921239712,Low,IT Support,Software,Closed
TCK-1023,2025-01-02 11:31:26.139360041,2025-01-03 00:15:34.903755767,Medium,HR,Software,Closed
TCK-1024,2025-05-13 11:52:29.508730352,2025-05-14 00:00:31.049873444,Low,  HR ,Hardware,Resolved
TCK-1025,2025-01-28 09:16:43.937372321,2025-01-29 12:47:15.828664221,Medium,Finance,Network,Resolved
TCK-1026,2025-06-14 04:49:55.081337780,2025-06-14 10:39:57.558439815,Medium,IT Support,Software,Resolved
TCK-1027,2025-06-10 16:52:42.452501904,2025-06-12 06:31:55.497625709,Low,Operations,Database,Closed
TCK-1028,2025-04-28 16:51:10.628334690,2025-04-29 01:27:25.936094164,Medium,Operations,Hardware,Closed
TCK-1029,2025-05-02 00:03:05.497699012,2025-05-02 10:40:08.499175549,High,IT Support,Network,Resolved
TCK-1030,2025-01-01 23:03:54.335912596,2025-01-02 23:52:46.902184426,Low,Operations,Software,Closed
TCK-1031,2025-06-27 06:38:42.596198740,2025-06-27 12:27:32.399291978,Medium,IT Support,Software,Resolved
TCK-1032,2025-06-08 00:14:12.650811064,2025-06-08 05:19:53.537011941,Critical,IT Support,Network,Resolved
TCK-1033,2025-06-11 02:51:32.022554392,2025-06-13 06:24:36.124123200,Medium,DevOps,Software,Resolved
TCK-1034,2025-04-29 15:56:11.040215160,2025-04-30 10:49:29.882032889,High,DevOps,Network,Resolved
TCK-1035,2025-03-04 01:28:46.314435352,2025-03-04 19:34:09.132300137,High,Finance,Network,Closed
TCK-1036,2025-06-10 20:33:43.790655156,2025-06-11 18:41:28.786572857,Low,  HR ,Database,Closed
TCK-1037,2025-02-22 11:21:11.266607343,2025-02-22 20:00:07.450924422,Low,IT Support,Network,Closed
TCK-1038,2025-04-12 06:54:49.922057940,2025-04-12 14:14:33.288947854,High,Operations,Access,Resolved
TCK-1039,2025-01-18 22:50:16.081892059,2025-01-20 08:51:06.400133637,High,HR,Software,Closed
TCK-1040,2025-06-15 22:50:53.959824530,2025-06-16 05:22:10.335604870,Low,IT Support,Database,Resolved
TCK-1041,2025-01-26 08:07:42.159257909,2025-01-26 19:44:18.013972933,Low,HR,Hardware,Closed
TCK-1042,2025-02-10 11:33:15.122719294,2025-02-10 21:12:49.893111577,Medium,IT Support,Access,Resolved
TCK-1043,2025-04-11 11:08:22.427209999,2025-04-13 05:30:47.398830939,High,DevOps,Network,Closed
TCK-1044,2025-05-18 12:52:54.339312288,2025-05-19 11:32:31.730483904,Medium,IT Support,Hardware,Closed
TCK-1045,2025-04-22 11:35:51.509921322,2025-04-22 19:26:46.540876770,Critical,Operations,Hardware,Resolved
TCK-1046,2025-02-11 18:49:06.611868028,2025-02-12 16:16:44.723447650,None,HR,Hardware,Closed
TCK-1047,2025-01-01 04:04:26.197387529,2025-01-02 06:10:20.681213532,High,Operations,Hardware,Closed
TCK-1048,2025-05-17 06:53:25.824941294,2025-05-17 23:41:50.651998354,Medium,  Operations ,Database,Resolved
TCK-1049,2025-06-27 08:05:44.332569330,2025-06-27 20:41:44.613663714,Medium,IT Support,Database,Closed
TCK-1050,2025-05-26 18:49:28.847000318,2025-05-28 20:16:57.716215782,Low,DevOps,Hardware,Closed
TCK-1051,2025-03-24 20:05:33.325571681,2025-03-25 08:22:08.940328686,Medium,Finance,Access,Resolved
TCK-1052,2025-06-12 16:16:28.449278906,2025-06-15 18:37:51.679031344,Medium,DevOps,Software,Resolved
TCK-1053,2025-03-15 18:32:31.012336579,2025-03-16 08:45:40.793392740,Medium,DevOps,Software,Closed
TCK-1054,2025-04-05 11:42:54.878154407,2025-04-05 21:55:06.847041959,Medium,Operations,Database,Resolved
TCK-1055,2025-03-27 21:12:02.142537666,2025-03-29 00:23:50.039822485,Medium,DevOps,Access,Closed
TCK-1056,2025-03-22 13:44:06.467694244,2025-03-23 11:59:22.041567416,High,IT Support,Access,Closed
TCK-1057,2025-05-20 12:49:26.844058822,2025-05-20 20:06:36.002094656,Medium,IT Support,Network,Closed
TCK-1058,2025-04-05 19:38:30.045855139,2025-04-06 04:00:25.337292571,Low,IT Support,Database,Closed
TCK-1059,2025-02-27 00:13:04.681736160,2025-02-28 05:16:32.167220860,Medium,HR,Access,Closed
TCK-1060,2025-02-16 11:14:35.823424655,2025-02-16 23:27:48.216696461,None,  HR ,Access,Resolved
TCK-1061,2025-01-07 19:04:06.273477524,2025-01-07 23:47:01.952135433,High,IT Support,Software,Closed
TCK-1062,2025-04-15 23:24:11.157605132,2025-04-16 19:17:23.602157969,Low,Finance,Access,Resolved
TCK-1063,2025-02-11 09:25:59.932316884,2025-02-12 13:36:50.506596559,Medium,HR,Access,Closed
TCK-1064,2025-01-27 15:56:18.755198790,2025-01-28 00:44:42.427114743,Critical,IT Support,Hardware,Closed
TCK-1065,2025-04-28 16:32:43.597448044,2025-04-30 15:48:25.827204967,Low,Operations,Software,Closed
TCK-1066,2025-05-03 14:49:26.377640728,2025-05-04 03:07:01.338371893,Low,IT Support,Software,Closed
TCK-1067,2025-05-16 09:18:32.884391220,2025-05-17 03:03:25.417053907,Low,Finance,Hardware,Resolved
TCK-1068,2025-04-01 15:27:07.891857775,2025-04-02 00:10:19.423423816,Medium,IT Support,Software,Resolved
TCK-1069,2025-06-10 22:18:57.220130844,2025-06-11 18:33:00.624461864,Medium,DevOps,Network,Closed
TCK-1070,2025-06-18 13:00:02.500849240,2025-06-19 06:32:24.771692299,Low,Finance,Network,Closed
TCK-1071,2025-05-26 07:50:32.855652796,2025-05-29 15:38:57.213591866,Medium,IT Support,Database,Closed
TCK-1072,2025-04-25 09:45:49.832191328,2025-04-25 23:54:32.708757941,Low,  IT Support ,Software,Closed
TCK-1073,2025-02-24 16:04:28.270250166,2025-02-26 05:45:28.840294432,Medium,Finance,Software,Closed
TCK-1074,2025-06-26 22:19:19.421037680,2025-06-27 16:15:46.656988076,Medium,Finance,Network,Resolved
TCK-1075,2025-02-19 08:16:05.672169025,2025-02-21 13:58:15.753910682,Medium,Finance,Database,Closed
TCK-1076,2025-02-06 11:28:40.450795184,2025-02-08 05:55:48.704167560,Low,Finance,Database,Closed
TCK-1077,2025-03-21 14:06:20.777608935,2025-03-22 11:52:59.736956260,Medium,IT Support,Network,Closed
TCK-1078,2025-01-11 05:33:04.555719065,2025-01-12 17:03:38.598801564,Medium,HR,Network,Closed
TCK-1079,2025-06-26 03:05:45.914575690,2025-06-26 07:09:12.249958300,Medium,IT Support,Hardware,Resolved
TCK-1080,2025-04-16 22:01:58.669388238,2025-04-17 15:49:50.275621572,Medium,DevOps,Database,Resolved
TCK-1081,2025-04-11 06:01:58.929561254,2025-04-11 16:55:47.750144919,Medium,Operations,Database,Closed
TCK-1082,2025-04-29 01:02:23.745000444,2025-04-29 09:53:50.970926490,Low,HR,Hardware,Resolved
TCK-1083,2025-03-31 11:08:31.770231117,2025-03-31 21:08:03.242634966,Low,IT Support,Network,Closed
TCK-1084,2025-01-06 18:30:51.817854310,2025-01-07 05:12:36.278057659,Low,  HR ,Hardware,Closed
TCK-1085,2025-04-21 05:11:05.164045850,2025-04-22 21:12:40.492031423,Medium,HR,Hardware,Resolved
TCK-1086,2025-05-09 21:52:16.134426410,2025-05-12 13:22:09.997214380,Medium,Finance,Access,Closed
TCK-1087,2025-03-17 00:21:21.390825274,2025-03-17 18:17:52.373006000,High,Operations,Database,Closed
TCK-1088,2025-05-17 07:31:00.736851194,2025-05-20 17:55:19.982186682,High,DevOps,Network,Closed
TCK-1089,2025-02-10 20:38:44.207311117,2025-02-12 02:31:45.107419990,High,HR,Access,Closed
TCK-1090,2025-02-09 19:54:53.544261294,2025-02-10 02:41:59.509835822,Medium,IT Support,Access,Closed
TCK-1091,2025-01-30 01:19:16.992517150,2025-01-30 10:17:34.798154607,Low,Finance,Access,Resolved
TCK-1092,2025-03-08 23:01:02.504241046,2025-03-09 20:59:15.377316652,High,Finance,Network,Resolved
TCK-1093,2025-06-02 11:05:31.174371026,2025-06-03 00:07:57.011600714,Low,Operations,Hardware,Resolved
TCK-1094,2025-05-30 00:34:48.390542248,2025-05-31 03:44:42.053165276,Medium,Finance,Network,Closed
TCK-1095,2025-03-10 21:48:02.082248411,2025-03-11 12:38:54.397540658,Low,HR,Database,Closed
TCK-1096,2025-04-17 00:59:34.581964640,2025-04-17 19:34:08.861563713,Critical,  Operations ,Database,Closed
TCK-1097,2025-05-10 17:55:35.353817888,2025-05-11 12:22:36.679893822,Medium,HR,Hardware,Resolved
TCK-1098,2025-02-13 10:00:47.759015013,2025-02-13 14:38:56.579036053,Low,IT Support,Network,Resolved
TCK-1099,2025-01-31 06:22:10.167835106,2025-01-31 16:48:37.991067516,Medium,IT Support,Hardware,Closed
TCK-1100,2025-06-24 23:27:16.886437862,2025-06-25 06:16:38.675187434,Low,IT Support,Hardware,Resolved
TCK-1101,2025-04-22 03:50:51.335035988,2025-04-22 23:44:25.773151073,Critical,Operations,Network,Closed
TCK-1102,2025-06-26 15:42:57.305957140,2025-06-27 14:38:04.107483433,Medium,HR,Database,Closed
TCK-1103,2025-03-02 19:06:21.111880427,2025-03-03 04:51:52.877223791,Medium,Operations,Network,Closed
TCK-1104,2025-05-07 13:05:48.997997694,2025-05-08 16:01:46.642023533,Low,DevOps,Database,Resolved
TCK-1105,2025-02-10 01:38:51.755489329,2025-02-10 09:39:30.878176236,High,IT Support,Software,Closed
TCK-1106,2025-02-17 00:23:05.063651894,2025-02-17 11:21:54.330257633,Critical,HR,Software,Resolved
TCK-1107,2025-04-03 03:25:01.789985192,2025-04-04 17:50:15.132762883,High,Finance,Software,Closed
TCK-1108,2025-02-27 12:45:01.087901523,2025-02-27 18:40:45.838366018,High,  IT Support ,Access,Closed
TCK-1109,2025-01-31 04:07:30.560848769,2025-01-31 10:33:50.791985247,Low,IT Support,Database,Closed
TCK-1110,2025-02-17 07:38:40.677337998,2025-02-17 13:36:17.452255663,Critical,IT Support,Database,Closed
TCK-1111,2025-01-07 10:25:59.030733126,2025-01-08 01:06:26.310243159,Medium,IT Support,Network,Closed
TCK-1112,2025-05-07 19:06:36.161217872,2025-05-08 19:20:39.306486614,High,DevOps,Database,Closed
TCK-1113,2025-03-30 13:56:38.250999319,2025-03-31 20:46:49.291291110,Medium,Finance,Network,Closed
TCK-1114,2025-01-17 23:07:48.168723182,2025-01-19 23:28:06.066371615,Low,Operations,Access,Closed
TCK-1115,2025-01-31 21:43:04.981134295,2025-02-02 03:34:47.237819932,Medium,DevOps,Network,Closed
TCK-1116,2025-01-19 10:56:57.136727839,2025-01-21 05:40:14.713775231,Low,Finance,Software,Closed
TCK-1117,2025-04-21 06:24:03.354306432,2025-04-22 02:00:18.430306244,Medium,IT Support,Network,Closed
TCK-1118,2025-01-17 22:59:19.574901503,2025-01-20 02:47:55.538284434,Medium,DevOps,Network,Resolved
TCK-1119,2025-05-16 18:29:58.843363680,2025-05-17 12:20:56.760838888,Low,Operations,Network,Resolved
TCK-1120,2025-01-04 16:36:25.817270723,2025-01-06 02:22:56.560577435,None,  Finance ,Database,Closed
TCK-1121,2025-02-14 21:18:12.254912114,2025-02-15 13:35:21.389680610,Critical,DevOps,Hardware,Resolved
TCK-1122,2025-06-10 07:40:48.143470942,2025-06-10 17:17:38.544026801,Critical,HR,Hardware,Resolved
TCK-1123,2025-05-10 08:03:19.059437170,2025-05-10 14:20:15.167943368,High,IT Support,Hardware,Closed
TCK-1124,2025-01-14 03:13:23.513660295,2025-01-15 05:16:56.760378100,Medium,IT Support,Database,Closed
TCK-1125,2025-05-28 19:15:53.176953516,2025-05-29 04:43:24.999370069,Medium,HR,Software,Resolved
TCK-1126,2025-03-30 17:54:42.210193265,2025-03-31 10:06:37.748865334,Low,Finance,Hardware,Closed
TCK-1127,2025-06-02 10:06:09.638529632,2025-06-03 04:29:48.183540150,Critical,DevOps,Hardware,Closed
TCK-1128,2025-04-19 03:11:44.972252518,2025-04-19 14:26:28.934019327,Critical,IT Support,Access,Closed
TCK-1129,2025-05-03 17:31:07.314175020,2025-05-04 12:50:56.995511720,High,Operations,Access,Closed
TCK-1130,2025-06-28 19:55:36.267274054,2025-06-29 20:22:35.495975743,Critical,HR,Software,Closed
TCK-1131,2025-02-11 19:41:22.410210330,2025-02-12 07:34:46.336837156,Medium,IT Support,Network,Closed
TCK-1132,2025-04-23 07:26:41.578689112,2025-04-23 11:42:26.814965946,Medium,  IT Support ,Network,Closed
TCK-1133,2025-03-24 20:35:18.258172659,2025-03-25 06:04:20.552720566,None,HR,Access,Closed
TCK-1134,2025-01-08 02:25:56.771853697,2025-01-10 15:47:09.230358040,Medium,DevOps,Access,Closed
TCK-1135,2025-01-03 14:30:47.416652557,2025-01-04 03:20:26.487698302,Medium,HR,Software,Resolved
TCK-1136,2025-01-22 11:04:02.842223338,2025-01-23 19:39:45.870675167,Medium,Operations,Software,Resolved
TCK-1137,2025-04-27 20:04:34.748855500,2025-04-28 18:48:34.778924480,Medium,Finance,Database,Closed
TCK-1138,2025-04-13 02:08:40.343229076,2025-04-13 10:53:51.686849032,High,HR,Network,Resolved
TCK-1139,2025-04-10 14:48:56.535218289,2025-04-11 17:27:15.065967170,Medium,DevOps,Database,Closed
TCK-1140,2025-01-06 17:37:16.370839500,2025-01-07 12:43:35.211711499,Medium,DevOps,Hardware,Resolved
TCK-1141,2025-03-26 11:23:20.199390830,2025-03-26 17:47:43.061612293,Low,IT Support,Software,Closed
TCK-1142,2025-06-16 10:22:14.063087004,2025-06-17 02:04:16.555986849,Medium,HR,Network,Resolved
TCK-1143,2025-03-13 13:35:48.751519176,2025-03-14 07:56:10.113448497,Critical,HR,Network,Resolved
TCK-1144,2025-04-23 11:39:54.250150074,2025-04-23 15:30:11.314112661,Low,  IT Support ,Database,Resolved
TCK-1145,2025-05-21 08:49:00.043291130,2025-05-21 17:14:35.463245998,Low,IT Support,Access,Closed
TCK-1146,2025-05-22 02:33:25.941214636,2025-05-22 15:58:53.295206104,Low,Operations,Access,Resolved
TCK-1147,2025-04-04 11:17:23.841411260,2025-04-05 00:18:20.737779393,Critical,Operations,Software,Closed
TCK-1148,2025-06-04 10:21:08.654897134,2025-06-04 19:26:07.583683008,Medium,IT Support,Access,Closed
TCK-1149,2025-03-12 10:45:12.107992993,2025-03-12 17:12:29.764139436,None,IT Support,Hardware,Resolved
TCK-1150,2025-06-09 23:09:16.876333184,2025-06-12 13:01:33.507506502,Medium,DevOps,Network,Resolved
TCK-1151,2025-02-13 05:46:52.891783520,2025-02-13 21:10:37.902401925,Medium,IT Support,Access,Closed
TCK-1152,2025-02-20 10:32:05.561517360,2025-02-21 01:52:58.092883462,High,IT Support,Software,Closed
TCK-1153,2025-01-10 13:28:51.947542865,2025-01-11 00:34:05.691007563,Low,HR,Hardware,Resolved
TCK-1154,2025-05-24 04:54:48.721905584,2025-05-25 00:04:18.722253492,Medium,DevOps,Database,Resolved
TCK-1155,2025-03-17 01:40:43.033891037,2025-03-17 10:32:04.185408837,Medium,IT Support,Database,Closed
TCK-1156,2025-02-11 05:47:01.579550077,2025-02-11 22:28:48.886872578,Low,  Operations ,Hardware,Resolved
TCK-1157,2025-02-11 17:20:02.397493047,2025-02-12 11:24:14.945996575,Medium,Finance,Software,Resolved
TCK-1158,2025-06-12 06:02:51.885997034,2025-06-12 10:46:10.516558861,Low,IT Support,Database,Closed
TCK-1159,2025-05-31 02:31:10.970370044,2025-06-01 02:30:58.901355004,Low,Finance,Network,Closed
TCK-1160,2025-04-10 15:15:12.329074915,2025-04-11 02:51:20.771351708,Low,HR,Network,Resolved
TCK-1161,2025-04-21 21:35:55.168065294,2025-04-22 22:59:36.525568542,High,Operations,Software,Closed
TCK-1162,2025-03-27 09:05:11.273198126,2025-03-28 10:11:16.418218828,Low,Operations,Software,Closed
TCK-1163,2025-03-12 11:59:58.074851235,2025-03-13 19:12:37.794382322,Low,Operations,Network,Closed
TCK-1164,2025-06-14 18:51:36.456707490,2025-06-14 23:23:19.507133738,Low,IT Support,Software,Resolved
TCK-1165,2025-01-23 14:38:48.765147738,2025-01-24 20:35:13.508041388,Medium,Finance,Hardware,Resolved
TCK-1166,2025-03-17 07:41:24.473666777,2025-03-17 17:33:36.802625154,Medium,HR,Software,Resolved
TCK-1167,2025-03-04 00:30:26.793027437,2025-03-04 05:07:29.886532066,High,IT Support,Network,Closed
TCK-1168,2025-03-31 16:00:40.001345860,2025-03-31 22:52:17.423957537,High,  IT Support ,Access,Closed
TCK-1169,2025-03-24 08:58:10.912926563,2025-03-25 15:41:01.940001824,Low,Operations,Software,Closed
TCK-1170,2025-04-04 09:36:09.996237618,2025-04-05 00:32:43.161887749,Low,Operations,Database,Closed
TCK-1171,2025-01-26 04:26:59.933834212,2025-01-26 23:02:35.291247987,Low,IT Support,Hardware,Resolved
TCK-1172,2025-04-03 08:46:16.631534485,2025-04-04 08:27:19.995089186,None,Operations,Hardware,Closed
TCK-1173,2025-02-13 15:14:57.393573903,2025-02-13 22:13:44.690181466,Medium,IT Support,Hardware,Closed
TCK-1174,2025-02-03 04:18:41.139464350,2025-02-04 12:27:39.232277656,Low,Operations,Database,Closed
TCK-1175,2025-01-12 16:05:01.770562845,2025-01-13 02:42:14.746781241,Low,IT Support,Database,Resolved
TCK-1176,2025-05-18 06:39:32.593775504,2025-05-18 17:57:03.694313585,Medium,Operations,Hardware,Closed
TCK-1177,2025-03-18 22:32:56.753161221,2025-03-20 10:31:03.317808446,Low,HR,Hardware,Closed
TCK-1178,2025-04-23 19:06:02.562864466,2025-04-25 06:23:42.695725086,High,DevOps,Hardware,Closed
TCK-1179,2025-05-11 23:12:11.675075368,2025-05-12 07:47:00.612416502,Medium,IT Support,Software,Closed
TCK-1180,2025-05-03 06:38:52.778956384,2025-05-03 15:54:21.165250068,Medium,  HR ,Database,Closed
TCK-1181,2025-03-26 16:33:47.183282739,2025-03-27 07:53:36.485978646,Medium,IT Support,Network,Closed
TCK-1182,2025-03-11 19:43:17.922257302,2025-03-13 11:52:18.280395059,Low,DevOps,Software,Resolved
TCK-1183,2025-03-09 16:08:48.514731602,2025-03-11 10:36:31.215834481,Medium,DevOps,Network,Closed
TCK-1184,2025-04-26 05:00:38.889856236,2025-04-26 11:36:20.621705253,High,IT Support,Software,Closed
TCK-1185,2025-03-31 01:30:41.808056016,2025-04-01 04:49:34.435519968,Medium,Operations,Software,Resolved
TCK-1186,2025-06-02 20:15:04.720717316,2025-06-04 10:54:09.331796290,Medium,Finance,Network,Closed
TCK-1187,2025-06-07 10:42:45.260249026,2025-06-07 23:35:47.493599062,High,Operations,Hardware,Closed
TCK-1188,2025-01-31 16:49:14.998757375,2025-02-01 01:41:01.523731497,Low,Operations,Network,Closed
TCK-1189,2025-01-25 12:31:45.748839125,2025-01-25 23:53:48.515024133,Medium,IT Support,Access,Closed
TCK-1190,2025-04-24 11:19:55.201711866,2025-04-24 15:12:09.126991653,Low,IT Support,Database,Closed
TCK-1191,2025-02-24 05:17:42.833864570,2025-02-25 14:44:36.007066532,High,DevOps,Access,Closed
TCK-1192,2025-01-04 08:13:31.818234817,2025-01-05 09:00:49.063259101,Low,  DevOps ,Software,Closed
TCK-1193,2025-06-09 22:56:10.793932678,2025-06-11 08:02:31.181677555,Medium,Operations,Network,Closed
TCK-1194,2025-02-10 20:12:40.732175706,2025-02-11 07:52:44.270673653,Low,HR,Hardware,Resolved
TCK-1195,2025-06-17 06:29:32.695017702,2025-06-18 07:11:39.382673411,Low,HR,Hardware,Closed
TCK-1196,2025-05-10 03:19:00.580058600,2025-05-10 22:15:44.513673996,High,Finance,Access,Resolved
TCK-1197,2025-05-18 06:39:47.075103404,2025-05-20 09:46:23.541393054,Medium,DevOps,Access,Closed
TCK-1198,2025-02-06 06:18:49.182575231,2025-02-09 21:09:41.517407976,Critical,DevOps,Software,Closed
TCK-1199,2025-02-12 03:43:11.707192674,2025-02-12 18:04:58.201757262,Medium,Finance,Database,Resolved
TCK-1200,2025-04-04 19:52:36.107471870,2025-04-05 16:42:23.759789969,Medium,Operations,Software,Resolved
TCK-1201,2025-01-31 23:28:16.908410656,2025-02-02 09:04:08.599286219,High,IT Support,Hardware,Resolved
TCK-1202,2025-02-24 23:27:53.684606518,2025-02-25 08:15:09.643788278,Low,IT Support,Network,Closed
TCK-1203,2025-02-27 20:43:04.457044255,2025-03-01 04:41:26.053415691,Low,DevOps,Access,Closed
TCK-1204,2025-01-29 17:36:04.721946987,2025-01-30 20:18:00.652904941,Low,  Operations ,Hardware,Closed
TCK-1205,2025-02-06 22:23:23.424961540,2025-02-07 07:03:58.461820741,Low,IT Support,Software,Resolved
TCK-1206,2025-05-22 22:32:38.246912406,2025-05-23 02:09:49.975072586,Low,IT Support,Database,Closed
TCK-1207,2025-01-31 02:17:09.929919117,2025-02-01 09:59:32.615170578,Critical,Operations,Network,Resolved
TCK-1208,2025-01-06 02:56:09.357956682,2025-01-06 06:03:29.885772050,High,IT Support,Database,Closed
TCK-1209,2025-04-24 06:48:48.067765250,2025-04-24 13:42:51.767370612,Critical,IT Support,Software,Resolved
TCK-1210,2025-06-25 16:14:49.472791382,2025-06-27 01:10:01.977258411,None,Operations,Software,Closed
TCK-1211,2025-03-01 14:50:37.245018784,2025-03-02 05:54:16.407053333,Medium,Operations,Hardware,Closed
TCK-1212,2025-01-22 08:35:33.496108115,2025-01-22 21:19:01.432378707,Low,Operations,Network,Closed
TCK-1213,2025-04-13 16:04:23.684115838,2025-04-14 05:15:59.041241559,Medium,IT Support,Software,Closed
TCK-1214,2025-06-13 03:27:00.690959488,2025-06-13 19:27:31.054268623,Critical,Finance,Hardware,Resolved
TCK-1215,2025-05-22 03:08:48.799892502,2025-05-22 07:45:36.843773866,Medium,IT Support,Software,Closed
TCK-1216,2025-04-23 01:16:06.785554560,2025-04-23 17:33:27.708921198,Medium,  HR ,Hardware,Closed
TCK-1217,2025-02-26 17:02:38.635241386,2025-02-27 15:24:09.630160342,Low,Finance,Database,Closed
TCK-1218,2025-04-08 12:55:20.454791773,2025-04-08 22:35:15.292924661,Medium,Operations,Hardware,Closed
TCK-1219,2025-01-17 10:10:39.771963779,2025-01-18 19:51:57.505397121,Medium,Finance,Database,Resolved
TCK-1220,2025-05-03 05:02:39.238412980,2025-05-04 03:44:59.722970012,Medium,Operations,Access,Closed
TCK-1221,2025-05-11 12:24:53.285896266,2025-05-12 03:27:05.425927332,Critical,Operations,Software,Closed
TCK-1222,2025-06-23 16:56:11.799495058,2025-06-24 00:17:03.858644003,Low,IT Support,Access,Closed
TCK-1223,2025-02-16 20:54:59.723203354,2025-02-17 14:52:54.558476452,None,HR,Network,Closed
TCK-1224,2025-01-04 07:43:54.228957088,2025-01-04 23:08:43.002336259,Low,IT Support,Access,Resolved
TCK-1225,2025-04-09 05:01:42.838771047,2025-04-09 12:24:28.073712966,Critical,IT Support,Hardware,Closed
TCK-1226,2025-05-08 05:20:05.924379260,2025-05-10 00:20:26.256418155,Medium,DevOps,Hardware,Closed
TCK-1227,2025-05-23 06:33:37.064932228,2025-05-24 01:23:51.556945318,High,HR,Network,Resolved
TCK-1228,2025-02-04 20:57:07.886401854,2025-02-06 21:04:10.005484155,Low,  DevOps ,Network,Closed
TCK-1229,2025-02-17 02:46:20.619263792,2025-02-17 21:07:46.835934218,Medium,Operations,Software,Closed
TCK-1230,2025-04-03 06:23:34.069756992,2025-04-03 21:55:07.352423880,Critical,Finance,Hardware,Resolved
TCK-1231,2025-03-01 12:11:43.796653469,2025-03-02 02:28:45.278852243,Low,Operations,Network,Closed
TCK-1232,2025-06-04 21:24:34.639407946,2025-06-05 18:46:32.056133775,Low,Operations,Access,Closed
TCK-1233,2025-03-27 06:38:37.910944577,2025-03-28 17:53:39.005403388,Low,HR,Hardware,Closed
TCK-1234,2025-05-24 22:10:47.073074350,2025-05-25 04:51:09.556407326,Low,IT Support,Network,Closed
TCK-1235,2025-04-15 12:16:38.515021566,2025-04-17 00:54:52.793990155,Low,Finance,Software,Closed
TCK-1236,2025-05-20 03:44:57.882429326,2025-05-20 10:57:48.655254664,Medium,IT Support,Database,Closed
TCK-1237,2025-03-01 21:08:50.286519596,2025-03-02 06:07:48.007689102,Low,IT Support,Hardware,Closed
TCK-1238,2025-05-30 15:43:11.304260200,2025-06-01 06:07:13.056177735,Medium,Operations,Hardware,Resolved
TCK-1239,2025-02-19 10:09:08.651449487,2025-02-19 22:36:30.700749986,High,IT Support,Hardware,Closed
TCK-1240,2025-04-09 07:08:48.662067179,2025-04-09 23:48:44.273308974,Medium,  DevOps ,Hardware,Closed
TCK-1241,2025-02-08 12:30:38.624080091,2025-02-09 11:47:39.621170560,Low,DevOps,Database,Closed
TCK-1242,2025-03-27 14:16:28.464330559,2025-03-30 00:22:14.286450382,Medium,DevOps,Database,Closed
TCK-1243,2025-02-27 06:31:00.858279351,2025-02-27 21:45:38.984047724,Medium,HR,Software,Resolved
TCK-1244,2025-02-18 00:09:31.753269956,2025-02-18 04:56:40.511007800,Low,IT Support,Hardware,Resolved
TCK-1245,2025-06-24 01:22:31.000372040,2025-06-24 21:57:33.171175067,Low,DevOps,Network,Closed
TCK-1246,2025-01-29 19:31:12.488529634,2025-01-30 15:42:22.047191262,Critical,HR,Access,Closed
TCK-1247,2025-05-22 17:14:51.424137412,2025-05-24 20:12:55.189337392,High,DevOps,Hardware,Resolved
TCK-1248,2025-06-27 03:35:33.449882958,2025-06-28 10:52:14.236394757,Low,DevOps,Database,Resolved
TCK-1249,2025-01-04 13:58:27.875125690,2025-01-09 00:50:51.787542490,Medium,DevOps,Software,Closed
TCK-1250,2025-05-06 19:47:54.343182660,2025-05-07 08:37:58.796735350,Low,IT Support,Hardware,Closed
TCK-1251,2025-02-15 12:34:44.400011377,2025-02-16 01:09:04.926616687,None,HR,Software,Closed
TCK-1252,2025-01-08 06:54:26.643953790,2025-01-09 03:31:29.194958703,None,  DevOps ,Network,Closed
TCK-1253,2025-03-14 12:28:58.731933522,2025-03-14 21:12:16.401035876,Low,HR,Network,Closed
TCK-1254,2025-06-18 08:08:27.383777448,2025-06-18 18:11:34.772098121,Medium,IT Support,Network,Resolved
TCK-1255,2025-01-03 02:49:30.747595548,2025-01-03 16:55:21.024842521,Medium,Operations,Network,Closed
TCK-1256,2025-04-16 19:39:58.280891964,2025-04-19 19:14:57.458644887,Medium,DevOps,Access,Closed
TCK-1257,2025-04-01 06:01:58.035114484,2025-04-02 19:30:08.287808955,Low,Operations,Software,Resolved
TCK-1258,2025-06-07 05:01:10.524298530,2025-06-08 05:43:19.575749111,Medium,Operations,Hardware,Closed
TCK-1259,2025-01-16 02:53:14.664224770,2025-01-16 07:36:05.594939968,Low,IT Support,Access,Closed
TCK-1260,2025-05-03 16:11:32.816797186,2025-05-04 05:03:15.326602538,Medium,Operations,Hardware,Closed
TCK-1261,2025-05-03 10:04:26.030034328,2025-05-05 20:09:14.991180442,Medium,DevOps,Database,Closed
TCK-1262,2025-05-01 10:25:32.422242230,2025-05-01 16:50:23.975921182,High,IT Support,Access,Resolved
TCK-1263,2025-06-19 14:53:06.065229696,2025-06-20 22:25:51.191297660,Medium,Operations,Access,Closed
TCK-1264,2025-05-29 03:44:17.251115004,2025-05-30 19:02:26.397686222,Medium,  DevOps ,Database,Closed
TCK-1265,2025-01-08 13:19:19.838539005,2025-01-09 14:27:50.342100055,High,Finance,Access,Closed
TCK-1266,2025-03-26 19:04:40.494156589,2025-03-27 07:44:39.649669288,Medium,Operations,Software,Resolved
TCK-1267,2025-03-13 15:09:25.930043139,2025-03-14 14:31:46.179357732,Low,Finance,Network,Closed
TCK-1268,2025-02-25 19:50:09.582404153,2025-02-26 11:26:54.248918000,Low,HR,Hardware,Resolved
TCK-1269,2025-03-23 05:46:28.749596521,2025-03-23 20:01:07.141762787,Low,IT Support,Database,Resolved
TCK-1270,2025-03-11 03:43:07.963968801,2025-03-11 19:27:09.307106627,Low,Finance,Network,Closed
TCK-1271,2025-03-19 19:40:56.810913003,2025-03-20 17:09:55.825265109,High,Finance,Access,Closed
TCK-1272,2025-06-26 06:24:40.533945608,2025-06-27 14:06:49.902391634,Medium,DevOps,Software,Closed
TCK-1273,2025-01-16 22:53:40.023305480,2025-01-18 18:04:20.089168703,Low,DevOps,Access,Resolved
TCK-1274,2025-06-16 00:02:14.487731926,2025-06-16 11:27:58.295430430,High,Operations,Database,Closed
TCK-1275,2025-03-28 10:37:21.367901407,2025-03-28 19:56:30.825855107,Medium,Operations,Access,Closed
TCK-1276,2025-04-23 06:33:59.402008866,2025-04-24 16:53:02.434780137,Medium,  Finance ,Software,Closed
TCK-1277,2025-05-30 10:23:25.496838374,2025-05-30 18:49:01.373062051,Low,Operations,Access,Resolved
TCK-1278,2025-03-06 21:12:01.029329223,2025-03-08 19:46:47.639281211,Low,Finance,Access,Closed
TCK-1279,2025-03-19 11:25:21.514584061,2025-03-20 10:05:06.391613388,Medium,Finance,Access,Closed
TCK-1280,2025-03-15 17:07:11.405294560,2025-03-16 07:25:09.455582186,Critical,DevOps,Access,Resolved
TCK-1281,2025-03-09 10:50:16.862476137,2025-03-09 22:00:20.830602621,Low,HR,Software,Closed
TCK-1282,2025-06-16 14:17:12.010252510,2025-06-17 07:27:01.768501524,Medium,HR,Hardware,Closed
TCK-1283,2025-05-30 04:58:37.667833724,2025-05-30 11:29:22.485259763,None,IT Support,Network,Closed
TCK-1284,2025-01-20 14:52:47.842349004,2025-01-21 09:03:40.066732180,Medium,Operations,Database,Resolved
TCK-1285,2025-01-20 11:05:34.377723797,2025-01-20 23:23:56.792793487,Medium,IT Support,Hardware,Resolved
TCK-1286,2025-03-19 00:23:46.694993719,2025-03-19 13:13:51.354234739,High,HR,Software,Closed
TCK-1287,2025-01-18 18:11:59.522948646,2025-01-19 05:27:59.296050241,High,Operations,Database,Closed
TCK-1288,2025-04-22 10:28:55.817656454,2025-04-22 17:48:06.864702017,Medium,  IT Support ,Database,Closed
TCK-1289,2025-01-26 20:44:51.876134486,2025-01-28 09:15:54.906158399,High,Operations,Access,Resolved
TCK-1290,2025-04-05 00:39:09.001211690,2025-04-05 20:23:29.540632474,Medium,IT Support,Network,Closed
TCK-1291,2025-01-02 07:11:24.615801818,2025-01-02 10:17:10.127983726,High,IT Support,Network,Resolved
TCK-1292,2025-02-26 23:41:46.410513482,2025-02-28 17:58:15.067802093,None,Finance,Software,Closed
TCK-1293,2025-05-02 21:27:50.134557138,2025-05-03 13:33:20.961975987,Medium,HR,Hardware,Closed
TCK-1294,2025-03-29 03:02:53.598423499,2025-03-29 16:32:22.884069000,Medium,IT Support,Access,Closed
TCK-1295,2025-06-26 02:07:27.046256262,2025-06-26 15:47:35.305155896,Medium,Operations,Network,Closed
TCK-1296,2025-06-07 08:07:42.236421710,2025-06-07 18:14:55.245563490,High,Finance,Access,Closed
TCK-1297,2025-03-06 15:11:08.755679088,2025-03-07 02:34:15.323679483,High,IT Support,Hardware,Resolved
TCK-1298,2025-01-09 04:30:06.692976814,2025-01-09 15:44:47.055182854,Low,Operations,Database,Closed
TCK-1299,2025-06-02 05:06:20.219388774,2025-06-02 09:21:04.941783185,High,IT Support,Hardware,Resolved
TCK-1300,2025-06-14 00:31:55.994013770,2025-06-14 04:55:44.291491138,High,  IT Support ,Database,Resolved
TCK-1301,2025-05-28 17:06:37.222452860,2025-05-29 17:25:08.046977553,High,Operations,Hardware,Closed
TCK-1302,2025-01-24 00:44:37.481184183,2025-01-24 20:02:36.987530531,High,Operations,Access,Closed
TCK-1303,2025-06-29 14:59:36.170379900,2025-06-30 17:36:42.608055933,Low,Operations,Hardware,Resolved
TCK-1304,2025-02-16 13:05:01.813588738,2025-02-17 23:19:03.158949541,Medium,Finance,Network,Closed
TCK-1305,2025-05-11 08:33:54.803995772,2025-05-12 09:40:53.790012487,High,DevOps,Network,Closed
TCK-1306,2025-06-13 10:42:38.396773140,2025-06-14 04:05:14.813450380,Critical,Operations,Software,Closed
TCK-1307,2025-02-12 10:10:06.002071193,2025-02-12 21:09:51.270737661,Low,HR,Network,Closed
TCK-1308,2025-06-13 11:40:37.042337730,2025-06-14 09:43:52.652300254,Medium,Finance,Network,Resolved
TCK-1309,2025-02-25 16:57:37.519638571,2025-02-25 22:12:03.732443348,High,IT Support,Database,Closed
TCK-1310,2025-06-25 18:06:18.434516842,2025-06-26 11:22:00.177757295,High,HR,Access,Closed
TCK-1311,2025-02-20 15:02:35.836957141,2025-02-21 05:35:37.698804312,Medium,IT Support,Access,Closed
TCK-1312,2025-06-21 14:50:33.946633854,2025-06-21 20:29:36.064207789,Low,  IT Support ,Database,Closed
TCK-1313,2025-01-10 15:18:46.410682880,2025-01-13 02:08:28.077958322,High,DevOps,Network,Closed
TCK-1314,2025-05-08 16:03:18.325488932,2025-05-09 17:59:09.430877469,High,Finance,Hardware,Resolved
TCK-1315,2025-04-06 18:43:12.353433082,2025-04-07 15:01:33.576026580,High,Operations,Database,Closed
TCK-1316,2025-03-28 00:25:44.303412707,2025-03-28 06:29:59.987964650,High,HR,Access,Resolved
TCK-1317,2025-02-10 05:29:43.575306823,2025-02-10 08:56:19.513503619,Medium,IT Support,Software,Closed
TCK-1318,2025-05-08 00:10:25.722604002,2025-05-08 09:18:32.089451224,None,IT Support,Access,Closed
TCK-1319,2025-02-04 08:17:49.210972968,2025-02-04 20:54:45.283884141,High,IT Support,Hardware,Closed
TCK-1320,2025-04-10 12:16:35.611155115,2025-04-11 01:08:37.535711009,Medium,Operations,Access,Closed
TCK-1321,2025-02-15 14:01:11.886001980,2025-02-17 22:29:26.029556143,Critical,Finance,Database,Closed
TCK-1322,2025-06-22 00:17:03.698359650,2025-06-23 02:16:39.665620873,Critical,Operations,Software,Resolved
TCK-1323,2025-01-06 03:41:12.326532072,2025-01-06 09:05:02.542589335,High,IT Support,Access,Closed
TCK-1324,2025-02-05 22:49:34.212289951,2025-02-07 06:18:28.911811796,Medium,  DevOps ,Database,Closed
TCK-1325,2025-02-13 14:46:54.550537587,2025-02-17 03:18:52.040065405,Medium,Finance,Database,Resolved
TCK-1326,2025-03-16 12:46:22.826341081,2025-03-16 22:26:36.965500849,Low,Operations,Database,Resolved
TCK-1327,2025-02-11 21:23:40.721563072,2025-02-12 20:50:10.017892303,Low,Operations,Software,Closed
TCK-1328,2025-03-30 10:37:41.051860148,2025-03-30 22:42:42.904808775,Medium,HR,Database,Closed
TCK-1329,2025-06-07 01:03:03.817716798,2025-06-07 13:09:17.273577384,Medium,IT Support,Software,Resolved
TCK-1330,2025-05-09 04:06:50.329755424,2025-05-10 06:52:23.492943447,Low,HR,Hardware,Resolved
TCK-1331,2025-04-15 09:26:08.721282046,2025-04-16 05:37:59.411448284,Critical,Finance,Hardware,Closed
TCK-1332,2025-01-17 00:29:37.423986634,2025-01-17 15:21:58.875300077,Medium,IT Support,Hardware,Closed
TCK-1333,2025-05-05 22:02:45.269670014,2025-05-06 23:51:12.521752563,Medium,IT Support,Database,Closed
TCK-1334,2025-01-30 22:54:34.949603736,2025-01-31 07:41:45.940913366,Medium,IT Support,Software,Closed
TCK-1335,2025-05-22 13:06:25.586476326,2025-05-23 01:41:31.807509257,Low,IT Support,Hardware,Resolved
TCK-1336,2025-02-15 00:14:42.708349902,2025-02-15 23:19:14.123791241,Critical,  DevOps ,Network,Closed
TCK-1337,2025-03-17 01:39:01.822846651,2025-03-18 02:23:15.260936957,Low,Finance,Hardware,Closed
TCK-1338,2025-03-05 02:01:52.586448415,2025-03-05 15:01:50.483340716,Medium,HR,Database,Closed
TCK-1339,2025-06-04 14:04:34.001023372,2025-06-05 02:44:13.953071874,Medium,IT Support,Network,Closed
TCK-1340,2025-01-23 18:40:19.421910923,2025-01-24 20:36:24.163782888,Medium,HR,Access,Resolved
TCK-1341,2025-04-12 19:35:09.210848233,2025-04-13 09:01:41.882277660,Medium,HR,Network,Closed
TCK-1342,2025-01-26 13:42:22.150058503,2025-01-27 08:00:20.603643484,Low,IT Support,Access,Closed
TCK-1343,2025-05-07 20:43:04.843527768,2025-05-09 03:14:04.041875200,Low,HR,Network,Resolved
TCK-1344,2025-06-12 21:56:15.043459772,2025-06-13 19:37:24.795316781,Medium,HR,Software,Resolved
TCK-1345,2025-03-20 05:30:18.232943526,2025-03-20 19:24:41.739844132,High,Operations,Network,Closed
TCK-1346,2025-03-29 20:33:30.831640905,2025-03-30 09:48:52.769005269,Medium,Operations,Hardware,Closed
TCK-1347,2025-06-16 22:27:59.952979918,2025-06-17 04:07:45.156735984,Low,IT Support,Access,Closed
TCK-1348,2025-04-04 18:40:58.076274802,2025-04-05 17:30:25.493978942,Low,  HR ,Access,Resolved
TCK-1349,2025-03-29 18:25:30.908546772,2025-03-30 04:14:45.260656683,Medium,Operations,Hardware,Closed
TCK-1350,2025-04-15 02:22:54.205257338,2025-04-16 03:37:50.971931878,Medium,Operations,Software,Closed
TCK-1351,2025-05-05 01:28:20.859916630,2025-05-05 19:31:39.501829886,Low,DevOps,Network,Closed
TCK-1352,2025-01-20 05:44:10.249353512,2025-01-21 08:54:25.320148703,Medium,Operations,Software,Resolved
TCK-1353,2025-05-28 19:11:50.927436058,2025-05-29 03:46:15.524479994,Low,IT Support,Hardware,Resolved
TCK-1354,2025-03-20 09:22:54.186953088,2025-03-21 01:56:23.945214546,Medium,IT Support,Network,Resolved
TCK-1355,2025-01-14 00:32:44.025925695,2025-01-15 08:23:51.096657030,Low,Operations,Hardware,Closed
TCK-1356,2025-05-22 12:18:32.871370610,2025-05-23 05:43:43.610751232,Critical,IT Support,Access,Closed
TCK-1357,2025-03-09 20:25:25.959664904,2025-03-11 09:47:26.238879037,Low,Operations,Access,Resolved
TCK-1358,2025-01-19 01:35:15.283718278,2025-01-20 10:53:44.684835270,Medium,DevOps,Access,Closed
TCK-1359,2025-04-25 01:55:31.622976632,2025-04-25 12:00:34.938366192,None,Operations,Database,Closed
TCK-1360,2025-06-08 10:10:02.808599996,2025-06-08 18:33:24.993896388,Low,  HR ,Database,Closed
TCK-1361,2025-06-09 19:05:42.578406316,2025-06-10 01:26:08.147034802,Medium,Operations,Access,Resolved
TCK-1362,2025-06-22 09:06:22.360229152,2025-06-22 17:21:57.898146015,Low,HR,Database,Resolved
TCK-1363,2025-06-06 04:29:15.310291532,2025-06-06 23:07:04.007945550,Low,Operations,Database,Closed
TCK-1364,2025-01-01 09:14:55.577660830,2025-01-02 08:40:55.628607878,Medium,DevOps,Hardware,Closed
TCK-1365,2025-03-10 10:38:30.620061045,2025-03-10 23:37:07.614629486,Critical,HR,Network,Closed
TCK-1366,2025-05-28 08:06:14.202690384,2025-05-29 23:45:50.458420161,Medium,DevOps,Access,Resolved
TCK-1367,2025-03-07 22:12:46.749288271,2025-03-09 00:50:26.713550025,Medium,DevOps,Database,Closed
TCK-1368,2025-04-19 06:41:22.371217190,2025-04-19 11:32:25.393077288,Medium,IT Support,Hardware,Resolved
TCK-1369,2025-04-20 03:17:21.165568722,2025-04-20 11:33:57.434295963,Medium,IT Support,Hardware,Closed
TCK-1370,2025-03-07 16:54:33.528411776,2025-03-07 22:19:59.681784586,Medium,IT Support,Network,Closed
TCK-1371,2025-06-12 19:19:38.517078586,2025-06-13 02:45:03.712266878,Low,IT Support,Hardware,Closed
TCK-1372,2025-04-01 13:56:47.227444901,2025-04-02 06:34:49.977893377,Medium,  IT Support ,Software,Closed
TCK-1373,2025-03-25 15:52:03.970740013,2025-03-26 07:35:26.459276035,Medium,Operations,Software,Closed
TCK-1374,2025-06-29 13:15:33.772533804,2025-06-30 09:51:52.601505726,High,IT Support,Access,Closed
TCK-1375,2025-03-30 19:55:17.662057335,2025-04-01 00:58:21.999579595,Low,HR,Network,Closed
TCK-1376,2025-02-02 02:40:49.613993292,2025-02-02 21:01:09.388357003,Medium,Finance,Software,Resolved
TCK-1377,2025-04-03 08:27:35.664372188,2025-04-03 13:20:12.407953432,Low,IT Support,Network,Resolved
TCK-1378,2025-05-27 12:33:08.270805952,2025-05-28 12:25:00.817680247,Low,Finance,Access,Closed
TCK-1379,2025-05-20 20:02:11.803922072,2025-05-21 11:10:02.555573015,Medium,IT Support,Hardware,Closed
TCK-1380,2025-05-22 22:40:23.610966942,2025-05-23 05:19:32.083771725,High,IT Support,Hardware,Resolved
TCK-1381,2025-05-08 10:39:45.888735524,2025-05-09 15:00:24.445820094,Medium,Operations,Hardware,Closed
TCK-1382,2025-02-15 18:13:15.677645135,2025-02-17 03:09:28.297413758,Low,Operations,Software,Resolved
TCK-1383,2025-06-05 04:12:11.702987280,2025-06-06 01:15:17.297210873,Critical,DevOps,Network,Closed
TCK-1384,2025-06-10 19:40:32.773531674,2025-06-11 13:08:54.991120457,Low,  Finance ,Software,Resolved
TCK-1385,2025-02-04 22:44:22.737811675,2025-02-06 09:43:39.410350584,High,Finance,Database,Closed
TCK-1386,2025-01-24 11:34:06.059647278,2025-01-24 20:44:19.797842468,Medium,IT Support,Network,Resolved
TCK-1387,2025-06-25 14:36:48.471497870,2025-06-25 20:38:42.732759615,Medium,IT Support,Access,Closed
TCK-1388,2025-06-06 07:09:34.282690522,2025-06-07 03:42:13.715599516,Critical,Finance,Software,Closed
TCK-1389,2025-06-10 18:46:48.561409092,2025-06-11 18:25:52.837779326,High,Finance,Hardware,Resolved
TCK-1390,2025-06-09 13:08:45.533678594,2025-06-10 03:19:19.623508821,Low,DevOps,Hardware,Resolved
TCK-1391,2025-04-08 12:05:13.487372544,2025-04-09 08:54:36.690135482,Medium,HR,Hardware,Resolved
TCK-1392,2025-04-27 08:27:19.808626518,2025-04-27 19:37:58.528604758,Medium,HR,Software,Closed
TCK-1393,2025-04-09 03:58:03.076382395,2025-04-09 10:03:30.736328090,Low,Finance,Software,Closed
TCK-1394,2025-01-10 05:12:41.142607997,2025-01-10 19:14:34.627384543,Critical,HR,Hardware,Closed
TCK-1395,2025-05-15 04:34:23.983406320,2025-05-16 01:58:09.397495198,Low,DevOps,Hardware,Closed
TCK-1396,2025-04-01 23:02:03.782439610,2025-04-04 23:09:33.152998977,Medium,  DevOps ,Hardware,Closed
TCK-1397,2025-04-27 14:06:11.531137652,2025-04-28 00:41:58.766960474,High,HR,Database,Closed
TCK-1398,2025-04-01 11:24:14.246979524,2025-04-02 01:33:21.216642857,High,Finance,Software,Closed
TCK-1399,2025-03-30 12:37:29.684758835,2025-03-31 20:12:30.810080280,Medium,Finance,Hardware,Closed
TCK-1400,2025-01-31 22:07:44.230598229,2025-02-01 04:14:18.376552344,High,IT Support,Access,Closed
TCK-1401,2025-02-20 04:02:35.697875148,2025-02-21 01:02:15.792456000,Low,DevOps,Hardware,Closed
TCK-1402,2025-01-29 14:14:37.065112400,2025-01-30 13:27:58.133082450,High,Operations,Software,Closed
TCK-1403,2025-02-05 05:16:42.229565325,2025-02-05 19:50:26.691282866,Low,Finance,Access,Closed
TCK-1404,2025-06-25 03:15:44.220296582,2025-06-25 10:06:53.012740202,Critical,HR,Software,Closed
TCK-1405,2025-01-28 13:27:00.308649230,2025-01-31 14:55:41.151990042,Low,DevOps,Software,Closed
TCK-1406,2025-02-18 11:14:53.638794589,2025-02-19 06:13:14.691462303,Low,HR,Software,Closed
TCK-1407,2025-04-17 07:20:50.357150472,2025-04-17 14:47:43.585649904,Medium,IT Support,Network,Closed
TCK-1408,2025-04-20 19:58:17.217632254,2025-04-22 02:55:03.357902451,High,  DevOps ,Access,Closed
TCK-1409,2025-01-28 17:10:05.665776029,2025-01-29 04:06:52.221366819,High,IT Support,Database,Closed
TCK-1410,2025-05-23 20:51:33.405811622,2025-05-24 19:57:39.898523122,Low,HR,Database,Closed
TCK-1411,2025-05-22 08:04:35.001780254,2025-05-23 05:19:07.670418268,Low,DevOps,Network,Resolved
TCK-1412,2025-02-12 17:12:44.935778914,2025-02-14 06:26:25.642117776,Low,DevOps,Software,Resolved
TCK-1413,2025-02-21 23:02:18.339208761,2025-02-22 13:00:35.745714439,Medium,Operations,Database,Closed
TCK-1414,2025-06-18 20:06:27.283626096,2025-06-19 12:29:04.673714563,Medium,Operations,Access,Closed
TCK-1415,2025-05-29 14:54:02.327872842,2025-05-30 06:17:19.150776632,Medium,HR,Hardware,Closed
TCK-1416,2025-05-06 14:28:59.458188370,2025-05-06 22:57:17.446438687,Medium,IT Support,Access,Closed
TCK-1417,2025-01-15 19:14:51.060932859,2025-01-16 15:45:35.393180819,Medium,HR,Software,Closed
TCK-1418,2025-03-17 06:54:02.986196858,2025-03-18 05:51:52.333408300,Critical,Operations,Access,Closed
TCK-1419,2025-04-11 16:11:02.714538814,2025-04-12 03:42:35.615786254,Low,Finance,Software,Closed
TCK-1420,2025-02-03 17:37:00.350723698,2025-02-04 06:02:32.629418975,Medium,  Finance ,Access,Closed
TCK-1421,2025-03-22 16:20:19.804947108,2025-03-23 12:42:13.587503286,Medium,Finance,Network,Resolved
TCK-1422,2025-04-19 04:25:54.446704106,2025-04-20 01:38:23.271573239,Low,IT Support,Access,Closed
TCK-1423,2025-02-28 22:16:02.129154689,2025-03-01 07:32:36.251066110,Medium,HR,Database,Closed
TCK-1424,2025-05-21 13:40:53.824317976,2025-05-21 21:20:28.247703521,Medium,IT Support,Hardware,Closed
TCK-1425,2025-06-01 06:44:31.893646702,2025-06-01 20:30:29.343013718,Low,Operations,Network,Closed
TCK-1426,2025-02-28 05:59:34.468638669,2025-02-28 16:45:25.354560049,Medium,HR,Access,Closed
TCK-1427,2025-05-31 22:59:56.066666694,2025-06-02 08:53:18.491705106,Medium,DevOps,Software,Closed
TCK-1428,2025-01-19 15:27:02.756034089,2025-01-20 20:03:25.809801853,Low,HR,Network,Closed
TCK-1429,2025-05-31 18:59:22.941779552,2025-06-01 05:39:58.545448151,Medium,IT Support,Database,Closed
TCK-1430,2025-01-28 11:52:54.713294773,2025-01-28 17:34:10.325475827,Medium,IT Support,Hardware,Resolved
TCK-1431,2025-01-15 22:14:43.075831259,2025-01-19 23:18:04.585492129,Low,Finance,Hardware,Resolved
TCK-1432,2025-04-26 12:28:11.089866606,2025-04-27 07:11:27.530965612,Low,  Operations ,Access,Closed
TCK-1433,2025-03-26 22:46:09.912226337,2025-03-27 05:08:18.615202290,Medium,IT Support,Database,Resolved
TCK-1434,2025-06-13 10:05:14.617620376,2025-06-14 03:18:29.274148279,High,IT Support,Database,Resolved
TCK-1435,2025-03-07 08:58:38.377604887,2025-03-08 04:21:19.136209953,Critical,Finance,Hardware,Closed
TCK-1436,2025-02-21 16:29:52.000982001,2025-02-22 12:01:09.862614331,Low,IT Support,Hardware,Closed
TCK-1437,2025-04-01 03:10:29.260354573,2025-04-01 19:01:39.658874678,Low,Finance,Database,Closed
TCK-1438,2025-03-24 01:41:15.081074221,2025-03-26 03:46:15.085989948,Low,Finance,Hardware,Closed
TCK-1439,2025-03-03 23:55:44.974769711,2025-03-04 09:19:40.924579368,Medium,IT Support,Software,Closed
TCK-1440,2025-05-05 20:57:44.677356406,2025-05-06 13:10:18.573316231,Medium,IT Support,Hardware,Closed
TCK-1441,2025-05-17 17:18:25.641029102,2025-05-21 01:32:05.712540816,Medium,DevOps,Software,Closed
TCK-1442,2025-06-03 12:53:26.686356684,2025-06-03 20:57:03.404883799,High,HR,Hardware,Resolved
TCK-1443,2025-06-25 02:44:25.916455252,2025-06-26 05:36:49.278524078,Medium,HR,Network,Resolved
TCK-1444,2025-02-17 23:57:17.100044709,2025-02-18 12:04:01.366968891,None,  Finance ,Network,Closed
TCK-1445,2025-05-09 21:31:25.839683882,2025-05-10 15:53:16.424824601,Low,DevOps,Network,Closed
TCK-1446,2025-03-12 23:11:44.078429830,2025-03-13 19:56:24.377253297,Low,DevOps,Software,Resolved
TCK-1447,2025-05-02 20:59:38.827783634,2025-05-04 04:30:35.983286692,Low,Finance,Software,Closed
TCK-1448,2025-03-27 16:14:27.248311074,2025-03-28 06:40:38.138019954,Low,HR,Access,Closed
TCK-1449,2025-06-28 21:05:59.294246872,2025-06-29 04:55:06.046270261,Critical,IT Support,Access,Resolved
TCK-1450,2025-05-12 04:51:26.015817742,2025-05-13 07:12:56.611400326,Low,Finance,Hardware,Closed
TCK-1451,2025-06-21 10:45:44.704354614,2025-06-22 10:57:15.429930581,Medium,Operations,Software,Resolved
TCK-1452,2025-05-31 07:04:06.433531400,2025-06-01 02:54:06.576523924,Low,HR,Network,Closed
TCK-1453,2025-06-12 12:31:56.525612748,2025-06-14 18:06:24.226796009,Low,DevOps,Network,Closed
TCK-1454,2025-05-27 14:17:27.355082624,2025-05-28 11:24:28.947853697,Low,IT Support,Network,Closed
TCK-1455,2025-03-24 15:34:02.795606174,2025-03-25 05:36:59.679094438,Low,HR,Hardware,Closed
TCK-1456,2025-02-15 07:43:34.026450746,2025-02-15 14:16:35.361889598,Medium,  IT Support ,Software,Closed
TCK-1457,2025-03-08 15:46:59.368606522,2025-03-09 11:04:52.763685398,None,HR,Hardware,Closed
TCK-1458,2025-01-04 15:25:13.890016509,2025-01-04 20:13:02.192608617,Medium,IT Support,Database,Closed
TCK-1459,2025-04-05 07:39:01.740410504,2025-04-05 13:42:16.028972555,Medium,IT Support,Database,Resolved
TCK-1460,2025-04-01 21:50:58.909805396,2025-04-02 11:51:34.167208536,Low,IT Support,Access,Resolved
TCK-1461,2025-04-05 13:04:55.229043753,2025-04-06 05:59:55.730936942,High,Operations,Software,Closed
TCK-1462,2025-06-25 07:48:53.610765538,2025-06-25 21:12:20.923876129,Low,Finance,Network,Resolved
TCK-1463,2025-06-14 01:28:52.661729660,2025-06-14 10:01:38.473643588,Critical,Operations,Software,Resolved
TCK-1464,2025-01-30 02:35:57.128589839,2025-01-31 10:21:48.897503719,Medium,DevOps,Access,Resolved
TCK-1465,2025-03-08 09:34:20.975237189,2025-03-09 10:42:20.545163736,Low,HR,Network,Closed
TCK-1466,2025-03-18 07:29:26.503012650,2025-03-18 22:26:06.472376581,Medium,IT Support,Hardware,Closed
TCK-1467,2025-03-06 21:30:07.938428826,2025-03-08 06:16:09.792473391,None,DevOps,Network,Closed
TCK-1468,2025-05-24 17:30:09.225968056,2025-05-25 16:42:40.016644297,Low,  IT Support ,Database,Closed
TCK-1469,2025-04-05 07:50:33.841780712,2025-04-06 13:15:35.495355364,Low,DevOps,Hardware,Resolved
TCK-1470,2025-04-13 23:28:16.353542713,2025-04-14 07:24:08.045498895,Low,IT Support,Network,Closed
TCK-1471,2025-06-03 13:01:06.869380218,2025-06-03 21:36:20.682021776,Medium,DevOps,Hardware,Closed
TCK-1472,2025-05-26 01:36:34.641915656,2025-05-26 08:24:21.477095243,Low,IT Support,Database,Closed
TCK-1473,2025-01-24 19:09:13.602901300,2025-01-26 18:37:07.965941548,High,DevOps,Database,Closed
TCK-1474,2025-05-09 12:06:39.611668680,2025-05-11 03:27:19.278042338,Critical,Operations,Software,Closed
TCK-1475,2025-03-20 09:05:02.676684457,2025-03-21 05:33:08.006974403,Critical,DevOps,Database,Closed
TCK-1476,2025-02-23 00:52:59.740428007,2025-02-23 11:35:36.297322675,Low,IT Support,Database,Closed
TCK-1477,2025-01-10 00:04:52.702670802,2025-01-11 06:27:43.631244936,Medium,Operations,Database,Closed
TCK-1478,2025-03-29 16:55:05.162492453,2025-03-31 00:05:32.333155610,Low,DevOps,Access,Resolved
TCK-1479,2025-03-05 23:29:11.258627912,2025-03-06 05:14:01.566556104,Medium,Operations,Database,Resolved
TCK-1480,2025-02-15 06:32:10.793047385,2025-02-16 02:54:19.385201136,High,  Operations ,Software,Closed
TCK-1481,2025-05-06 00:58:54.738691884,2025-05-07 03:19:18.584471344,Medium,Operations,Hardware,Closed
TCK-1482,2025-05-19 12:10:36.743532010,2025-05-19 21:01:08.498090264,High,HR,Access,Closed
TCK-1483,2025-02-14 01:29:26.599945614,2025-02-14 17:20:33.732442619,High,Operations,Hardware,Resolved
TCK-1484,2025-01-09 21:36:46.535237208,2025-01-10 07:42:49.746439120,Low,Operations,Hardware,Resolved
TCK-1485,2025-06-02 18:36:41.999190536,2025-06-03 03:11:13.926685312,Medium,DevOps,Software,Closed
TCK-1486,2025-01-02 19:01:33.895209325,2025-01-03 09:13:50.583745286,Low,IT Support,Access,Resolved
TCK-1487,2025-06-18 16:19:33.505466734,2025-06-19 00:48:36.206613011,Medium,IT Support,Network,Resolved
TCK-1488,2025-04-23 23:19:04.280179042,2025-04-26 20:13:46.084597346,Low,DevOps,Database,Closed
TCK-1489,2025-02-27 22:22:38.870650933,2025-03-01 21:58:07.264363542,Critical,DevOps,Hardware,Closed
TCK-1490,2025-02-14 08:47:04.449737401,2025-02-14 20:40:47.260794599,Medium,HR,Hardware,Closed
TCK-1491,2025-01-02 14:54:16.090641119,2025-01-03 08:10:16.312381565,Medium,Operations,Software,Closed
TCK-1492,2025-02-12 09:14:11.477353161,2025-02-12 20:31:04.497332468,High,  IT Support ,Software,Closed
TCK-1493,2025-01-25 18:59:10.545194578,2025-01-26 08:46:12.914063901,High,IT Support,Software,Closed
TCK-1494,2025-04-21 04:33:29.064686362,2025-04-21 21:14:39.099321425,High,HR,Access,Resolved
TCK-1495,2025-01-30 23:28:36.993810798,2025-02-01 00:09:29.022111821,Low,HR,Database,Resolved
TCK-1496,2025-04-06 03:40:51.233369503,2025-04-06 19:11:58.086387631,Medium,Operations,Access,Closed
TCK-1497,2025-04-17 05:18:10.600301210,2025-04-17 10:27:56.965081624,Medium,IT Support,Software,Closed
TCK-1498,2025-02-23 15:32:24.492691214,2025-02-24 21:33:06.101877128,Medium,DevOps,Software,Resolved
TCK-1499,2025-01-07 07:28:50.087139113,2025-01-08 17:49:47.321042372,Low,DevOps,Hardware,Resolved
TCK-1500,2025-01-07 16:56:12.351311977,2025-01-08 02:48:28.054190913,Low,Operations,Access,Closed
TCK-1501,2025-01-05 17:49:13.710279806,2025-01-06 03:02:46.816420070,Critical,Operations,Access,Closed
TCK-1502,2025-05-14 01:01:06.823307566,2025-05-14 18:46:41.952203396,Low,HR,Database,Resolved
TCK-1503,2025-02-27 05:48:06.929271964,2025-02-28 01:47:49.825422251,Medium,Finance,Access,Closed
TCK-1504,2025-05-24 08:01:00.492169104,2025-05-25 00:35:03.990791733,Low,  Operations ,Database,Closed
TCK-1505,2025-03-19 17:05:08.876403990,2025-03-20 00:11:12.072794894,Low,IT Support,Network,Resolved
TCK-1506,2025-03-23 12:57:06.464107597,2025-03-26 07:15:29.798169319,Low,DevOps,Database,Resolved
TCK-1507,2025-04-03 07:39:10.234228890,2025-04-05 05:41:41.380252265,Medium,Finance,Software,Closed
TCK-1508,2025-05-09 08:17:45.209545616,2025-05-10 00:59:39.296435803,Critical,DevOps,Network,Resolved
TCK-1509,2025-02-19 05:31:56.569383604,2025-02-20 00:18:09.695170344,Low,Finance,Hardware,Closed
TCK-1510,2025-01-22 21:15:26.459945410,2025-01-24 00:47:24.130654973,Low,Operations,Hardware,Closed
TCK-1511,2025-04-11 02:10:03.676897610,2025-04-11 21:21:15.296298661,Medium,HR,Hardware,Closed
TCK-1512,2025-02-28 20:32:35.996671082,2025-03-02 02:54:26.454295794,Medium,DevOps,Software,Resolved
TCK-1513,2025-03-21 15:33:44.910165317,2025-03-22 09:06:53.323274535,Critical,DevOps,Hardware,Closed
TCK-1514,2025-04-27 10:48:35.208061774,2025-04-27 16:51:07.736175234,Medium,IT Support,Database,Closed
TCK-1515,2025-03-30 22:37:23.526229041,2025-03-31 05:11:15.868881255,Medium,IT Support,Software,Closed
TCK-1516,2025-04-22 15:36:16.163552308,2025-04-23 07:54:49.856853472,Medium,  HR ,Access,Closed
TCK-1517,2025-04-08 22:56:38.432871141,2025-04-11 08:22:20.205719937,High,Finance,Software,Closed
TCK-1518,2025-05-14 03:55:13.176350214,2025-05-15 01:54:33.953057599,Medium,DevOps,Software,Resolved
TCK-1519,2025-05-08 01:38:46.278651114,2025-05-08 06:44:06.077607341,Low,IT Support,Access,Closed
TCK-1520,2025-04-07 03:42:01.197407646,2025-04-07 20:44:56.797586245,Low,Operations,Database,Closed
TCK-1521,2025-05-03 04:51:39.780410162,2025-05-04 04:38:50.603428726,Critical,HR,Network,Closed
TCK-1522,2025-06-07 05:46:38.934543672,2025-06-07 20:48:53.860909511,High,DevOps,Access,Closed
TCK-1523,2025-03-19 19:24:43.067681598,2025-03-21 22:05:23.557826786,Low,Finance,Software,Resolved
TCK-1524,2025-03-16 07:08:11.307389239,2025-03-17 05:37:01.849496394,High,Finance,Hardware,Resolved
TCK-1525,2025-05-18 13:32:27.895496216,2025-05-18 23:22:38.658334583,Medium,HR,Access,Closed
TCK-1526,2025-04-15 20:37:57.273677092,2025-04-16 03:00:44.796495882,Medium,HR,Access,Resolved
TCK-1527,2025-01-13 18:44:57.446021697,2025-01-14 06:51:02.721352730,Low,IT Support,Network,Closed
TCK-1528,2025-06-10 13:55:26.068027698,2025-06-10 21:43:36.089663225,High,  IT Support ,Software,Resolved
TCK-1529,2025-01-06 12:58:58.805999779,2025-01-07 22:44:42.496571391,Low,DevOps,Hardware,Resolved
TCK-1530,2025-05-15 17:04:20.131773924,2025-05-16 08:41:16.113707069,High,Finance,Hardware,Closed
TCK-1531,2025-05-17 13:59:26.507337474,2025-05-18 16:25:08.747132361,Low,DevOps,Network,Closed
TCK-1532,2025-06-21 13:26:23.598304582,2025-06-22 13:44:42.866230693,High,DevOps,Hardware,Resolved
TCK-1533,2025-01-10 17:51:38.319472892,2025-01-11 10:58:39.709481756,Low,Operations,Database,Closed
TCK-1534,2025-04-18 10:25:17.898920404,2025-04-19 03:57:04.842212904,Low,Finance,Access,Closed
TCK-1535,2025-03-19 00:16:16.554391927,2025-03-19 14:39:59.373190006,Low,DevOps,Access,Closed
TCK-1536,2025-03-01 12:20:03.713975597,2025-03-05 12:11:51.515241524,Low,Finance,Hardware,Closed
TCK-1537,2025-01-17 06:10:34.249771183,2025-01-17 10:28:30.365043844,Medium,IT Support,Hardware,Resolved
TCK-1538,2025-04-12 06:39:56.869128201,2025-04-12 22:12:51.877583546,Low,HR,Hardware,Closed
TCK-1539,2025-03-28 05:27:21.365691591,2025-03-28 08:57:37.621106176,None,IT Support,Access,Resolved
TCK-1540,2025-01-19 19:40:30.933164729,2025-01-20 07:05:46.932814731,Medium,  DevOps ,Hardware,Closed
TCK-1541,2025-04-21 05:57:16.814373842,2025-04-22 00:51:25.189371962,Medium,Operations,Database,Closed
TCK-1542,2025-05-13 19:57:26.926173698,2025-05-14 05:13:54.500441149,Low,IT Support,Database,Resolved
TCK-1543,2025-05-19 02:38:32.137986338,2025-05-20 12:27:52.528184665,Medium,Operations,Access,Closed
TCK-1544,2025-06-12 23:12:43.823857270,2025-06-13 21:11:32.791553408,Low,Operations,Software,Closed
TCK-1545,2025-03-15 16:54:48.977854263,2025-03-16 06:05:19.713537539,High,HR,Software,Closed
TCK-1546,2025-06-21 13:16:27.697611474,2025-06-21 18:33:41.184333764,Low,IT Support,Software,Closed
TCK-1547,2025-06-05 18:39:18.107845934,2025-06-07 08:44:31.962625254,High,Operations,Database,Closed
TCK-1548,2025-02-23 08:53:12.432564300,2025-02-24 13:31:35.714842205,Medium,Operations,Network,Closed
TCK-1549,2025-01-29 16:06:09.796858778,2025-01-30 05:14:26.577193065,None,Finance,Software,Resolved
TCK-1550,2025-03-20 08:52:55.888582865,2025-03-21 03:13:37.661675770,Low,Operations,Network,Resolved
TCK-1551,2025-03-14 08:12:08.706131193,2025-03-15 17:31:03.374673224,Low,DevOps,Access,Closed
TCK-1552,2025-04-14 15:06:26.636510890,2025-04-15 06:15:01.793617734,Medium,  Operations ,Database,Closed
TCK-1553,2025-04-16 00:13:42.685161136,2025-04-17 02:42:21.845779874,None,Operations,Software,Closed
TCK-1554,2025-05-15 23:56:37.581077374,2025-05-17 22:55:47.872674393,Medium,DevOps,Database,Resolved
TCK-1555,2025-04-02 18:43:28.474493650,2025-04-03 07:38:04.330922355,Low,HR,Access,Closed
TCK-1556,2025-01-19 20:50:01.711910785,2025-01-20 04:13:12.514430489,Medium,IT Support,Database,Closed
TCK-1557,2025-06-04 11:49:06.850521906,2025-06-05 05:48:13.324314307,Critical,IT Support,Hardware,Closed
TCK-1558,2025-02-25 18:10:58.797696030,2025-02-27 09:14:33.903139715,Low,Finance,Software,Closed
TCK-1559,2025-06-24 20:00:18.102688118,2025-06-25 14:40:05.507281293,Low,Operations,Database,Closed
TCK-1560,2025-01-22 05:09:20.410187785,2025-01-22 16:00:16.641783604,High,Finance,Database,Closed
TCK-1561,2025-06-22 11:38:42.230559890,2025-06-22 21:44:25.174187954,Critical,IT Support,Database,Resolved
TCK-1562,2025-01-17 09:10:15.620636904,2025-01-17 21:13:17.496255930,High,IT Support,Access,Closed
TCK-1563,2025-02-11 14:04:34.017352668,2025-02-11 16:13:13.437067655,None,IT Support,Software,Closed
TCK-1564,2025-01-09 09:13:31.259329894,2025-01-10 01:19:51.978908761,Low,  HR ,Software,Resolved
TCK-1565,2025-05-07 22:05:19.656529650,2025-05-08 12:42:12.465674435,Medium,Operations,Hardware,Resolved
TCK-1566,2025-06-03 01:17:25.951164506,2025-06-03 14:00:21.435441113,Medium,HR,Hardware,Closed
TCK-1567,2025-03-20 03:11:13.464402127,2025-03-20 12:12:28.944098147,High,HR,Database,Resolved
TCK-1568,2025-06-17 03:12:55.311059866,2025-06-18 08:00:05.263550627,High,DevOps,Software,Closed
TCK-1569,2025-04-17 06:05:31.163943084,2025-04-18 10:34:22.820787744,Critical,HR,Software,Resolved
TCK-1570,2025-04-24 09:37:50.970464328,2025-04-25 00:01:48.083155568,Medium,Operations,Database,Resolved
TCK-1571,2025-06-02 04:12:39.424850372,2025-06-03 19:54:54.962421495,Low,Finance,Network,Resolved
TCK-1572,2025-02-23 10:10:36.788966198,2025-02-23 19:39:55.246052226,Medium,HR,Software,Closed
TCK-1573,2025-03-05 18:25:40.498087237,2025-03-06 20:43:57.628672811,Medium,Operations,Database,Closed
TCK-1574,2025-06-13 01:42:44.247315108,2025-06-14 08:44:16.682318287,Low,DevOps,Database,Closed
TCK-1575,2025-06-12 04:09:44.290394854,2025-06-13 17:07:42.029809588,High,DevOps,Network,Closed
TCK-1576,2025-06-25 18:24:20.135475944,2025-06-26 02:56:09.776249489,Low,  IT Support ,Hardware,Closed
TCK-1577,2025-06-12 07:56:29.497300868,2025-06-14 02:40:01.895479570,Low,DevOps,Database,Closed
TCK-1578,2025-01-23 22:14:49.904390828,2025-01-24 02:10:49.368626733,Medium,HR,Software,Closed
TCK-1579,2025-05-29 06:29:20.098002426,2025-05-29 10:40:05.724521580,High,IT Support,Hardware,Resolved
TCK-1580,2025-03-15 18:30:08.011560407,2025-03-16 11:59:41.641040000,Low,HR,Hardware,Resolved
TCK-1581,2025-06-28 08:15:42.687671226,2025-06-28 19:25:13.950018363,High,DevOps,Hardware,Closed
TCK-1582,2025-03-27 00:15:13.557241514,2025-03-27 11:08:41.746406393,Medium,HR,Database,Resolved
TCK-1583,2025-04-10 16:34:18.755074535,2025-04-11 06:23:28.502641006,Low,HR,Software,Closed
TCK-1584,2025-04-06 08:37:39.482073731,2025-04-06 20:31:29.342573414,Low,Operations,Network,Closed
TCK-1585,2025-02-27 21:54:14.288355936,2025-02-28 03:55:08.918772010,High,IT Support,Access,Closed
TCK-1586,2025-01-14 12:05:43.526462663,2025-01-14 21:49:54.069586057,Medium,IT Support,Access,Closed
TCK-1587,2025-06-11 05:12:47.935210636,2025-06-11 19:17:33.821091511,Critical,IT Support,Hardware,Closed
TCK-1588,2025-05-25 11:33:34.236408812,2025-05-25 16:49:23.694196476,Medium,  IT Support ,Access,Closed
TCK-1589,2025-01-26 02:45:20.491263976,2025-01-26 09:07:54.002294036,Low,IT Support,Access,Closed
TCK-1590,2025-05-20 19:38:20.156036334,2025-05-21 01:32:09.184713440,Low,IT Support,Database,Resolved
TCK-1591,2025-04-23 15:39:27.350419088,2025-04-23 21:01:17.208123819,Low,Operations,Network,Closed
TCK-1592,2025-03-15 15:30:04.189694862,2025-03-16 00:37:31.041475003,Medium,IT Support,Access,Closed
TCK-1593,2025-02-15 17:22:16.910734191,2025-02-16 16:01:52.876629034,Medium,HR,Network,Closed
TCK-1594,2025-06-04 18:01:42.041026718,2025-06-06 21:33:56.875921063,High,DevOps,Access,Resolved
TCK-1595,2025-05-07 00:48:47.808541114,2025-05-07 10:00:03.301754160,Low,HR,Hardware,Closed
TCK-1596,2025-04-09 14:14:11.072064016,2025-04-09 23:51:46.576773692,Low,Operations,Hardware,Closed
TCK-1597,2025-04-20 17:20:09.839188912,2025-04-21 01:55:42.196022750,Low,IT Support,Network,Closed
TCK-1598,2025-01-17 09:24:21.263742078,2025-01-17 22:16:24.182873064,Low,IT Support,Network,Closed
TCK-1599,2025-03-27 07:20:00.121690857,2025-03-27 16:31:03.465572180,Medium,IT Support,Network,Closed
TCK-1600,2025-02-04 20:47:06.953403237,2025-02-05 06:36:29.467204075,None,  IT Support ,Network,Closed
TCK-1601,2025-02-07 12:13:02.975945252,2025-02-08 03:15:41.505208308,Medium,IT Support,Software,Closed
TCK-1602,2025-04-30 00:49:59.221485352,2025-04-30 06:42:24.819018054,High,IT Support,Hardware,Closed
TCK-1603,2025-06-14 00:37:35.673326848,2025-06-14 08:14:28.607869892,Low,IT Support,Access,Closed
TCK-1604,2025-03-14 16:13:42.806159246,2025-03-15 11:28:32.956463252,Low,IT Support,Software,Resolved
TCK-1605,2025-02-07 09:28:36.693885585,2025-02-07 22:20:45.792733777,Low,HR,Network,Closed
TCK-1606,2025-04-27 18:35:12.367904448,2025-04-27 23:05:50.000142834,Low,IT Support,Access,Closed
TCK-1607,2025-06-06 19:31:40.944840140,2025-06-07 05:41:20.802872755,Medium,HR,Hardware,Closed
TCK-1608,2025-05-15 16:44:13.995056978,2025-05-16 03:59:51.016965150,Low,Operations,Network,Closed
TCK-1609,2025-06-06 09:01:52.449305004,2025-06-07 06:33:02.149617928,High,Operations,Database,Closed
TCK-1610,2025-04-07 13:54:58.243559951,2025-04-07 19:20:49.244950918,None,IT Support,Network,Resolved
TCK-1611,2025-05-16 08:06:19.352429656,2025-05-17 12:09:39.713263113,Low,Finance,Access,Resolved
TCK-1612,2025-01-26 05:04:44.027150180,2025-01-26 17:32:11.758047984,High,  Operations ,Hardware,Closed
TCK-1613,2025-03-04 16:32:46.818128354,2025-03-04 19:29:10.472174234,Medium,IT Support,Network,Closed
TCK-1614,2025-03-12 02:51:08.606016637,2025-03-13 14:59:19.181643356,Low,DevOps,Hardware,Closed
TCK-1615,2025-04-03 00:47:51.445618330,2025-04-04 10:11:10.949027425,Critical,DevOps,Software,Closed
TCK-1616,2025-06-17 05:36:35.554714122,2025-06-17 16:37:17.148565556,Low,IT Support,Database,Closed
TCK-1617,2025-06-07 08:57:40.104575254,2025-06-07 15:01:56.780285518,High,IT Support,Software,Resolved
TCK-1618,2025-01-25 05:09:00.456081397,2025-01-25 21:44:30.475110711,Low,Finance,Database,Resolved
TCK-1619,2025-02-01 02:27:04.666076068,2025-02-02 08:23:51.428989532,Medium,Finance,Software,Resolved
TCK-1620,2025-03-06 09:00:25.827206749,2025-03-07 03:10:25.012115976,Medium,IT Support,Hardware,Resolved
TCK-1621,2025-02-22 08:00:48.602331760,2025-02-22 16:33:39.950837405,High,IT Support,Hardware,Closed
TCK-1622,2025-04-21 15:48:37.863486192,2025-04-22 09:22:08.232735352,Low,HR,Software,Closed
TCK-1623,2025-06-12 11:59:33.094834202,2025-06-13 00:05:00.118019072,Low,HR,Access,Closed
TCK-1624,2025-06-23 05:05:58.056092070,2025-06-23 13:25:06.888599730,Medium,  Operations ,Software,Resolved
TCK-1625,2025-04-28 15:33:53.117827842,2025-04-29 14:35:54.297960208,Low,HR,Network,Closed
TCK-1626,2025-05-31 20:50:51.900189700,2025-06-01 19:12:42.023313775,Medium,HR,Access,Closed
TCK-1627,2025-04-05 12:52:24.617989357,2025-04-06 23:49:42.443096595,High,Finance,Hardware,Closed
TCK-1628,2025-02-07 11:58:20.677567337,2025-02-07 19:43:59.781712374,High,IT Support,Software,Closed
TCK-1629,2025-04-05 10:39:14.184877761,2025-04-05 22:06:39.109214492,High,IT Support,Access,Closed
TCK-1630,2025-04-10 21:57:24.617558349,2025-04-12 12:15:38.974379349,Critical,Finance,Network,Resolved
TCK-1631,2025-05-14 15:25:00.038649232,2025-05-17 13:06:26.475124308,High,DevOps,Database,Closed
TCK-1632,2025-02-09 13:53:40.255928693,2025-02-10 19:24:06.229982531,Critical,Operations,Hardware,Closed
TCK-1633,2025-03-08 07:06:03.062212852,2025-03-09 01:41:04.216163567,Low,Operations,Access,Resolved
TCK-1634,2025-03-07 12:35:55.201224935,2025-03-07 17:01:04.016592882,Medium,IT Support,Access,Closed
TCK-1635,2025-06-22 16:46:44.592966596,2025-06-23 08:07:42.141654757,None,HR,Access,Resolved
TCK-1636,2025-03-21 21:50:32.023001133,2025-03-22 18:18:21.922853330,Medium,  Operations ,Software,Closed
TCK-1637,2025-05-16 22:00:21.379420774,2025-05-17 10:07:21.341726305,High,IT Support,Hardware,Resolved
TCK-1638,2025-05-16 03:30:18.603135276,2025-05-16 20:13:55.075284027,Low,IT Support,Hardware,Resolved
TCK-1639,2025-02-17 19:09:03.162060010,2025-02-18 08:41:28.060961018,High,HR,Software,Resolved
TCK-1640,2025-04-13 22:28:37.409109177,2025-04-14 22:46:44.705950247,Medium,IT Support,Software,Closed
TCK-1641,2025-06-10 23:23:18.596891616,2025-06-11 05:16:49.859591730,Low,HR,Software,Closed
TCK-1642,2025-03-27 12:51:14.932994477,2025-03-27 23:20:13.061334977,Low,IT Support,Network,Closed
TCK-1643,2025-06-20 02:54:27.474191276,2025-06-20 12:25:59.595007717,Low,HR,Access,Resolved
TCK-1644,2025-02-08 14:27:34.382449361,2025-02-08 17:44:06.001263402,Critical,IT Support,Network,Closed
TCK-1645,2025-01-14 08:22:02.412997726,2025-01-15 12:23:32.720448094,Medium,DevOps,Hardware,Closed
TCK-1646,2025-06-10 11:04:50.635147142,2025-06-10 19:46:02.513988925,Critical,Operations,Software,Resolved
TCK-1647,2025-06-02 13:58:57.990708394,2025-06-03 06:35:13.238237028,Medium,Operations,Access,Closed
TCK-1648,2025-06-28 15:59:17.750523154,2025-06-29 16:55:04.480065062,Critical,  Finance ,Database,Resolved
TCK-1649,2025-05-03 06:58:47.527124450,2025-05-04 07:49:16.661301289,Medium,HR,Access,Closed
TCK-1650,2025-06-18 14:29:30.635527508,2025-06-18 18:29:30.336514532,Low,IT Support,Database,Closed
TCK-1651,2025-05-29 20:25:11.238108092,2025-05-31 00:46:07.901876874,Low,Operations,Access,Closed
TCK-1652,2025-06-01 23:55:18.332683592,2025-06-02 18:49:35.348959487,None,Operations,Software,Resolved
TCK-1653,2025-04-13 10:41:29.703704780,2025-04-15 03:40:19.702950616,Low,Finance,Database,Closed
TCK-1654,2025-03-10 19:48:54.226800687,2025-03-11 07:15:28.540200534,Low,HR,Database,Closed
TCK-1655,2025-06-18 05:17:27.144193118,2025-06-18 09:39:26.262775037,Low,IT Support,Hardware,Resolved
TCK-1656,2025-03-19 18:44:46.315178391,2025-03-19 23:22:13.653546063,Low,IT Support,Access,Closed
TCK-1657,2025-04-07 23:41:58.799466853,2025-04-08 07:08:35.320937888,Critical,HR,Network,Closed
TCK-1658,2025-03-22 07:12:49.704410920,2025-03-23 06:04:16.666830459,Medium,Operations,Network,Closed
TCK-1659,2025-04-12 16:00:54.418708986,2025-04-14 05:41:02.180534002,Medium,Operations,Hardware,Resolved
TCK-1660,2025-03-26 16:34:54.988488672,2025-03-27 03:17:15.118898827,Critical,  HR ,Hardware,Closed
TCK-1661,2025-01-09 15:13:11.471028008,2025-01-11 09:40:46.308920064,Medium,DevOps,Hardware,Closed
TCK-1662,2025-06-08 18:26:53.388791728,2025-06-09 02:51:06.062701759,High,Operations,Software,Closed
TCK-1663,2025-03-21 23:46:52.671778052,2025-03-22 09:04:59.783280976,Low,IT Support,Software,Closed
TCK-1664,2025-04-17 00:14:11.621586288,2025-04-17 12:06:37.864955915,None,IT Support,Software,Closed
TCK-1665,2025-01-26 01:17:28.708492214,2025-01-26 05:24:42.942544994,Low,IT Support,Software,Resolved
TCK-1666,2025-01-01 14:38:07.811826003,2025-01-01 22:18:42.126187585,High,IT Support,Hardware,Closed
TCK-1667,2025-02-14 03:39:11.536345935,2025-02-14 15:48:41.970896578,Medium,IT Support,Hardware,Closed
TCK-1668,2025-05-07 19:48:41.971737864,2025-05-07 21:46:19.639737991,Low,IT Support,Software,Closed
TCK-1669,2025-01-18 20:31:13.332315488,2025-01-19 13:05:37.196065306,Medium,IT Support,Software,Resolved
TCK-1670,2025-06-13 14:23:37.472890348,2025-06-14 00:32:16.729393703,Low,IT Support,Database,Closed
TCK-1671,2025-02-08 16:53:50.998627383,2025-02-10 13:15:29.053267242,Low,DevOps,Access,Resolved
TCK-1672,2025-02-06 19:50:39.889465697,2025-02-07 02:45:34.227000308,Medium,  IT Support ,Database,Closed
TCK-1673,2025-02-02 16:06:51.819137498,2025-02-02 23:43:15.421013936,None,Operations,Access,Closed
TCK-1674,2025-01-03 12:24:03.600130664,2025-01-04 06:56:50.489412730,Medium,HR,Software,Closed
TCK-1675,2025-05-19 22:11:58.645773504,2025-05-21 03:56:43.964417862,Medium,DevOps,Software,Closed
TCK-1676,2025-06-07 12:08:57.029926260,2025-06-07 20:47:12.362710419,Low,IT Support,Software,Closed
TCK-1677,2025-04-21 13:10:58.351087126,2025-04-22 13:38:34.908214592,Low,HR,Database,Closed
TCK-1678,2025-02-03 21:01:26.115085218,2025-02-05 18:24:05.564965161,Medium,DevOps,Hardware,Resolved
TCK-1679,2025-02-21 08:24:03.408424562,2025-02-24 17:24:49.122744570,None,DevOps,Access,Closed
TCK-1680,2025-03-27 16:00:11.997419910,2025-03-28 18:27:44.765753054,High,Finance,Database,Closed
TCK-1681,2025-06-21 18:46:28.239645574,2025-06-22 00:47:26.648744293,Low,IT Support,Software,Closed
TCK-1682,2025-02-14 12:33:28.534509536,2025-02-14 20:17:37.382076169,Medium,IT Support,Hardware,Closed
TCK-1683,2025-05-12 16:42:37.097762098,2025-05-13 14:52:06.283769598,Medium,Operations,Database,Closed
TCK-1684,2025-03-21 02:24:58.768651497,2025-03-23 05:56:00.638852849,Medium,  DevOps ,Access,Closed
TCK-1685,2025-02-23 14:42:01.961695059,2025-02-23 23:20:40.030084597,Medium,Operations,Software,Closed
TCK-1686,2025-03-24 01:33:24.652567913,2025-03-24 19:38:01.862556810,High,Operations,Access,Closed
TCK-1687,2025-01-13 19:36:46.871201248,2025-01-14 14:37:14.100698606,Low,IT Support,Software,Resolved
TCK-1688,2025-05-24 18:19:45.992708998,2025-05-25 16:03:24.206042565,Critical,Finance,Software,Closed
TCK-1689,2025-02-13 19:03:51.583991104,2025-02-14 08:36:11.870982613,Low,IT Support,Network,Closed
TCK-1690,2025-05-11 13:46:49.339897076,2025-05-12 07:57:03.226786226,Medium,HR,Access,Resolved
TCK-1691,2025-01-13 07:15:53.872762324,2025-01-14 06:09:56.787670451,Critical,HR,Hardware,Closed
TCK-1692,2025-06-21 22:01:32.745488750,2025-06-22 10:01:58.017849853,Medium,Operations,Software,Closed
TCK-1693,2025-02-04 17:49:29.053029425,2025-02-04 23:30:25.522212325,Low,IT Support,Hardware,Closed
TCK-1694,2025-06-08 21:26:44.769172516,2025-06-09 06:01:56.506328568,Low,IT Support,Database,Closed
TCK-1695,2025-05-26 16:55:27.355939238,2025-05-27 01:17:27.515780670,Medium,Operations,Software,Closed
TCK-1696,2025-06-24 05:09:17.539314180,2025-06-24 12:34:56.713969508,Low,  IT Support ,Software,Closed
TCK-1697,2025-03-28 00:29:15.559028298,2025-03-28 20:54:49.268409468,Medium,Operations,Software,Closed
TCK-1698,2025-05-11 22:21:22.713892238,2025-05-12 19:06:10.592581781,Low,IT Support,Hardware,Closed
TCK-1699,2025-03-08 17:28:12.138251618,2025-03-09 10:50:15.164239760,High,HR,Network,Resolved
TCK-1700,2025-02-03 04:28:14.837682278,2025-02-04 05:04:36.054806389,Low,Operations,Access,Closed
TCK-1701,2025-03-21 18:05:16.908980996,2025-03-22 09:18:12.130655968,Medium,IT Support,Software,Resolved
TCK-1702,2025-01-30 20:02:08.687321250,2025-01-31 04:48:07.315111049,Medium,HR,Access,Resolved
TCK-1703,2025-06-26 18:25:57.973573844,2025-06-27 02:15:33.639014541,Medium,IT Support,Access,Closed
TCK-1704,2025-01-18 07:47:05.430220421,2025-01-19 12:22:00.147677906,Low,IT Support,Access,Closed
TCK-1705,2025-04-17 01:23:40.723135152,2025-04-18 07:11:31.894331026,Medium,DevOps,Hardware,Closed
TCK-1706,2025-04-23 18:19:25.876911078,2025-04-24 19:08:20.683597069,Medium,HR,Access,Closed
TCK-1707,2025-04-07 20:30:13.050777292,2025-04-09 12:10:17.456467130,Low,Finance,Database,Closed
TCK-1708,2025-04-30 04:38:34.894590436,2025-04-30 08:42:08.356489414,High,  IT Support ,Hardware,Closed
TCK-1709,2025-01-21 21:54:03.412984928,2025-01-22 18:55:25.783101498,High,Operations,Hardware,Closed
TCK-1710,2025-04-10 21:40:48.088440686,2025-04-12 00:02:42.988293345,Low,Finance,Database,Closed
TCK-1711,2025-02-21 16:45:29.906172726,2025-02-22 13:59:13.005468517,Medium,Operations,Network,Resolved
TCK-1712,2025-06-19 05:33:38.136458032,2025-06-19 15:18:00.194213680,Medium,HR,Network,Closed
TCK-1713,2025-05-18 04:08:58.354294614,2025-05-18 12:16:23.571738378,Low,HR,Software,Closed
TCK-1714,2025-06-25 01:15:45.226548318,2025-06-25 12:27:17.946652507,Low,HR,Network,Closed
TCK-1715,2025-01-07 18:14:31.996599427,2025-01-08 23:45:46.303386893,None,DevOps,Software,Closed
TCK-1716,2025-02-21 07:46:31.140410381,2025-02-23 04:04:59.955355742,Medium,Finance,Access,Closed
TCK-1717,2025-02-05 04:13:32.067399604,2025-02-08 09:08:09.924490408,Critical,DevOps,Software,Resolved
TCK-1718,2025-01-03 00:11:16.141873587,2025-01-03 17:16:32.242051997,Medium,IT Support,Network,Closed
TCK-1719,2025-02-13 14:50:49.756790790,2025-02-15 04:30:48.426954194,Low,Finance,Software,Closed
TCK-1720,2025-05-03 04:18:44.095709710,2025-05-03 23:04:26.182987315,Low,  DevOps ,Hardware,Closed
TCK-1721,2025-02-11 14:18:14.917036810,2025-02-11 21:13:56.886906020,High,IT Support,Network,Resolved
TCK-1722,2025-04-02 14:53:41.584145678,2025-04-03 00:20:08.072189940,Medium,IT Support,Software,Resolved
TCK-1723,2025-06-09 19:22:27.323935658,2025-06-10 13:13:56.253247409,Low,Finance,Network,Resolved
TCK-1724,2025-05-05 21:02:03.177268818,2025-05-06 21:03:22.767033858,Medium,Operations,Database,Resolved
TCK-1725,2025-03-13 00:47:51.295178609,2025-03-14 11:55:21.680096018,High,Finance,Network,Closed
TCK-1726,2025-03-09 01:03:56.937961108,2025-03-09 12:10:47.562817038,High,IT Support,Database,Resolved
TCK-1727,2025-03-24 00:46:43.379459955,2025-03-25 17:40:59.629288970,Low,Finance,Software,Closed
TCK-1728,2025-02-01 20:49:08.491363664,2025-02-02 02:13:35.173621885,Low,IT Support,Database,Closed
TCK-1729,2025-04-25 02:52:59.934853448,2025-04-25 16:26:04.518838427,None,IT Support,Network,Closed
TCK-1730,2025-03-07 13:08:24.642714825,2025-03-07 19:08:35.098979771,Critical,IT Support,Hardware,Closed
TCK-1731,2025-06-03 10:13:05.911723302,2025-06-04 01:31:25.320532810,Low,Finance,Database,Resolved
TCK-1732,2025-05-17 04:18:26.969219160,2025-05-18 03:47:38.710553373,High,  Operations ,Network,Closed
TCK-1733,2025-04-20 21:25:00.727961274,2025-04-22 06:28:34.876872545,Low,Operations,Hardware,Resolved
TCK-1734,2025-03-07 13:21:12.966645274,2025-03-08 07:28:40.128792292,Low,HR,Access,Resolved
TCK-1735,2025-02-07 18:54:19.846186029,2025-02-09 02:13:46.769365007,Low,DevOps,Database,Resolved
TCK-1736,2025-05-20 16:58:33.790570646,2025-05-21 09:33:29.056710811,Low,HR,Database,Closed
TCK-1737,2025-03-29 13:17:14.307509378,2025-03-30 15:31:00.681728692,High,Finance,Software,Closed
TCK-1738,2025-02-10 10:55:12.593734264,2025-02-10 19:00:26.046508561,Medium,HR,Access,Resolved
TCK-1739,2025-02-05 03:09:15.613102176,2025-02-05 10:46:59.329714745,Low,HR,Software,Closed
TCK-1740,2025-01-30 18:31:54.866805135,2025-01-31 08:10:59.265191156,High,HR,Software,Resolved
TCK-1741,2025-05-20 21:20:10.923389412,2025-05-21 12:06:53.361686744,High,HR,Network,Resolved
TCK-1742,2025-02-11 05:13:28.705790447,2025-02-12 05:51:49.882215800,Low,Finance,Software,Closed
TCK-1743,2025-04-05 19:05:40.482343871,2025-04-06 20:20:03.803324107,Medium,Operations,Database,Closed
TCK-1744,2025-03-23 06:40:49.005852974,2025-03-23 14:18:43.597868366,High,  IT Support ,Software,Closed
TCK-1745,2025-04-15 07:55:08.704798272,2025-04-17 00:59:50.110675153,High,DevOps,Hardware,Resolved
TCK-1746,2025-06-07 21:18:33.010572814,2025-06-08 10:31:07.796122679,High,HR,Database,Closed
TCK-1747,2025-06-06 04:40:07.410551074,2025-06-08 01:27:42.107622451,Low,Operations,Network,Closed
TCK-1748,2025-03-23 04:38:55.069020217,2025-03-24 12:55:31.010096431,Low,DevOps,Software,Closed
TCK-1749,2025-01-03 18:22:55.931426416,2025-01-06 04:23:56.503300429,High,Operations,Hardware,Closed
TCK-1750,2025-03-18 18:14:14.066468843,2025-03-19 04:22:22.882535531,Critical,IT Support,Hardware,Closed
TCK-1751,2025-04-20 02:45:21.894020232,2025-04-21 06:36:53.546367052,Low,DevOps,Database,Closed
TCK-1752,2025-04-11 09:32:37.533493057,2025-04-11 21:01:27.243634580,Low,Operations,Software,Closed
TCK-1753,2025-04-28 05:46:19.117404796,2025-04-28 12:40:25.980799636,High,HR,Hardware,Closed
TCK-1754,2025-01-28 17:36:25.791421394,2025-01-28 22:47:05.214662169,Medium,IT Support,Software,Closed
TCK-1755,2025-04-27 09:01:53.856237954,2025-04-28 00:48:49.051287636,Low,Finance,Database,Resolved
TCK-1756,2025-02-02 21:03:17.974703145,2025-02-03 18:59:00.149003528,Low,  Operations ,Access,Resolved
TCK-1757,2025-05-16 02:15:48.947795840,2025-05-16 16:05:59.303975619,Medium,Operations,Hardware,Resolved
TCK-1758,2025-03-03 00:51:30.561461199,2025-03-04 10:53:44.075459164,Medium,DevOps,Network,Closed
TCK-1759,2025-05-08 18:44:53.779948364,2025-05-10 17:15:28.935320097,Medium,Finance,Software,Closed
TCK-1760,2025-01-09 14:46:45.794187777,2025-01-09 22:54:51.391420418,Low,IT Support,Database,Closed
TCK-1761,2025-03-15 09:57:19.117989885,2025-03-17 02:06:47.721447875,None,HR,Database,Resolved
TCK-1762,2025-05-07 21:44:56.890239350,2025-05-08 02:28:14.870329813,Critical,IT Support,Network,Closed
TCK-1763,2025-02-10 20:04:50.269987397,2025-02-11 18:48:13.373965003,Critical,Finance,Access,Closed
TCK-1764,2025-05-24 03:38:24.120686404,2025-05-24 10:07:51.559442095,High,IT Support,Software,Resolved
TCK-1765,2025-04-24 12:58:06.409247902,2025-04-25 17:43:05.094152272,Medium,Operations,Access,Closed
TCK-1766,2025-04-16 18:16:00.680473662,2025-04-17 02:15:41.556733543,Low,Finance,Database,Closed
TCK-1767,2025-03-05 15:19:51.780585851,2025-03-06 06:23:48.784544627,Low,DevOps,Hardware,Closed
TCK-1768,2025-03-28 20:11:25.267367140,2025-03-29 09:38:53.816820419,Low,  HR ,Access,Closed
TCK-1769,2025-04-18 12:32:56.328807572,2025-04-20 17:45:54.479602567,Low,Finance,Hardware,Resolved
TCK-1770,2025-03-27 01:02:10.795604376,2025-03-27 10:33:08.823418498,Medium,IT Support,Network,Resolved
TCK-1771,2025-05-06 16:42:48.813923592,2025-05-07 05:10:41.677434066,None,Finance,Database,Resolved
TCK-1772,2025-03-20 01:34:14.703679435,2025-03-20 06:14:32.148210292,Medium,IT Support,Hardware,Closed
TCK-1773,2025-02-06 09:49:12.522452056,2025-02-07 18:35:50.874832637,Medium,HR,Software,Closed
TCK-1774,2025-02-08 12:11:38.190121887,2025-02-09 06:09:11.516992834,Medium,Finance,Database,Closed
TCK-1775,2025-01-02 01:04:20.213045419,2025-01-02 06:22:36.966086142,Low,IT Support,Network,Resolved
TCK-1776,2025-02-24 04:08:14.392368474,2025-02-24 21:55:45.818196976,Critical,IT Support,Software,Closed
TCK-1777,2025-05-15 19:19:27.144721936,2025-05-17 11:56:33.451171693,Medium,Finance,Database,Resolved
TCK-1778,2025-05-23 22:46:58.447842502,2025-05-25 21:06:31.977902562,Low,Finance,Access,Closed
TCK-1779,2025-02-06 10:39:35.214673104,2025-02-06 21:51:12.522492220,Critical,Operations,Database,Closed
TCK-1780,2025-06-22 15:04:12.239344134,2025-06-22 23:27:59.759801652,Medium,  Operations ,Software,Resolved
TCK-1781,2025-04-01 10:22:48.244202930,2025-04-02 05:37:09.720084517,Medium,Operations,Hardware,Resolved
TCK-1782,2025-06-15 01:20:53.504735752,2025-06-15 11:23:55.552419900,Medium,IT Support,Hardware,Resolved
TCK-1783,2025-05-08 05:13:33.663512086,2025-05-08 22:15:56.396468437,High,HR,Database,Closed
TCK-1784,2025-05-11 00:54:44.594844568,2025-05-11 18:42:42.010807726,Low,IT Support,Database,Closed
TCK-1785,2025-01-16 07:23:18.398552018,2025-01-16 20:24:59.328564359,High,DevOps,Network,Resolved
TCK-1786,2025-02-09 14:21:42.005501066,2025-02-10 18:01:41.105561021,None,Operations,Access,Closed
TCK-1787,2025-01-02 14:04:48.287395638,2025-01-02 22:17:11.773643102,Medium,HR,Network,Resolved
TCK-1788,2025-05-09 21:40:17.064694222,2025-05-10 19:27:14.278766206,Medium,HR,Network,Closed
TCK-1789,2025-03-03 23:58:24.261640187,2025-03-05 00:25:13.579855831,High,DevOps,Hardware,Closed
TCK-1790,2025-05-22 14:20:19.930019346,2025-05-22 19:59:48.929485292,Medium,IT Support,Hardware,Resolved
TCK-1791,2025-03-03 00:12:16.092460632,2025-03-03 13:28:24.010807942,None,Operations,Software,Closed
TCK-1792,2025-05-28 11:31:18.515751888,2025-05-28 20:15:31.708712408,Medium,  Operations ,Network,Closed
TCK-1793,2025-01-24 12:36:59.242293764,2025-01-25 06:59:02.469049796,Medium,Operations,Software,Closed
TCK-1794,2025-02-01 04:58:19.333892767,2025-02-01 10:44:53.309565305,Medium,IT Support,Database,Closed
TCK-1795,2025-03-03 08:35:11.943609380,2025-03-05 06:31:02.890401155,Medium,DevOps,Software,Closed
TCK-1796,2025-03-15 12:39:55.871897114,2025-03-17 07:21:27.639933136,Low,DevOps,Hardware,Resolved
TCK-1797,2025-03-04 18:23:46.114229999,2025-03-06 12:15:40.133625560,High,Operations,Network,Closed
TCK-1798,2025-05-18 10:57:18.649801114,2025-05-19 08:34:24.165689269,Medium,Operations,Hardware,Closed
TCK-1799,2025-01-18 10:49:48.058130667,2025-01-20 03:02:54.513236174,High,DevOps,Database,Closed
TCK-1800,2025-03-05 05:15:27.089417766,2025-03-07 06:35:48.942376374,Low,Finance,Access,Resolved
TCK-1801,2025-05-31 16:52:36.472464424,2025-05-31 23:05:14.125070684,Medium,IT Support,Network,Closed
TCK-1802,2025-01-13 00:33:48.145581298,2025-01-13 09:06:57.730997056,High,Operations,Hardware,Closed
TCK-1803,2025-06-19 14:55:26.231304952,2025-06-20 10:49:04.674901243,None,Operations,Access,Resolved
TCK-1804,2025-06-27 12:53:19.531014344,2025-06-27 19:51:39.310871350,Critical,  HR ,Database,Resolved
TCK-1805,2025-01-16 22:36:52.239327645,2025-01-20 10:10:51.558683100,High,Finance,Access,Closed
TCK-1806,2025-02-22 10:17:50.266121222,2025-02-25 02:28:48.597627230,Low,DevOps,Hardware,Closed
TCK-1807,2025-03-09 00:46:15.158181859,2025-03-12 20:14:15.409736173,High,DevOps,Hardware,Resolved
TCK-1808,2025-05-20 18:00:38.565287196,2025-05-21 08:39:39.889999501,Low,HR,Database,Closed
TCK-1809,2025-04-18 06:24:13.782039444,2025-04-18 17:35:51.176199012,Low,IT Support,Database,Closed
TCK-1810,2025-04-26 23:39:35.374060408,2025-04-28 00:17:48.583861254,Low,DevOps,Access,Resolved
TCK-1811,2025-05-17 08:26:32.764473404,2025-05-18 22:32:21.961931899,High,Finance,Access,Closed
TCK-1812,2025-01-22 05:40:09.399244624,2025-01-22 10:17:53.027624472,Low,IT Support,Hardware,Resolved
TCK-1813,2025-05-30 23:27:53.473868400,2025-05-31 08:09:25.848792207,Low,DevOps,Database,Closed
TCK-1814,2025-05-08 00:16:39.194609600,2025-05-08 21:09:15.178591727,Low,DevOps,Software,Closed
TCK-1815,2025-04-14 22:06:58.510253951,2025-04-15 06:48:36.969330391,Medium,Operations,Database,Closed
TCK-1816,2025-06-10 03:39:23.926546096,2025-06-11 17:20:39.828989803,Critical,  Operations ,Network,Closed
TCK-1817,2025-05-07 01:19:24.415600968,2025-05-08 12:31:28.801398192,Medium,HR,Network,Resolved
TCK-1818,2025-02-06 07:20:37.818837707,2025-02-06 11:33:31.091046934,Medium,IT Support,Database,Resolved
TCK-1819,2025-03-19 08:30:00.166488769,2025-03-20 11:35:17.838583173,Low,HR,Access,Closed
TCK-1820,2025-03-30 22:15:54.666584524,2025-04-01 13:41:19.766741931,Low,Finance,Network,Closed
TCK-1821,2025-01-10 22:32:24.531222308,2025-01-11 02:25:03.352618998,Low,IT Support,Hardware,Closed
TCK-1822,2025-06-21 20:02:02.607775588,2025-06-22 07:43:00.289253767,Medium,HR,Hardware,Resolved
TCK-1823,2025-01-24 03:27:13.559913054,2025-01-24 14:04:41.662329218,Medium,HR,Hardware,Resolved
TCK-1824,2025-05-06 13:01:57.627910056,2025-05-07 15:11:46.618560080,Low,Operations,Database,Resolved
TCK-1825,2025-04-02 02:55:05.073285368,2025-04-02 19:41:17.432692878,High,DevOps,Network,Resolved
TCK-1826,2025-01-05 14:43:52.750202540,2025-01-06 04:14:47.016440343,None,HR,Access,Closed
TCK-1827,2025-06-16 10:54:32.744642552,2025-06-16 20:59:10.638027423,Low,HR,Hardware,Closed
TCK-1828,2025-06-03 07:56:06.050752050,2025-06-04 14:58:37.539407366,Low,  Finance ,Access,Closed
TCK-1829,2025-04-05 08:47:39.294760450,2025-04-05 21:32:07.849218444,High,HR,Hardware,Closed
TCK-1830,2025-02-11 05:01:51.211640652,2025-02-11 11:32:06.219001220,Low,IT Support,Database,Closed
TCK-1831,2025-01-22 21:24:39.195856825,2025-01-23 10:10:27.986167847,Medium,HR,Hardware,Closed
TCK-1832,2025-03-07 09:51:19.840128433,2025-03-08 09:22:51.863773147,Medium,IT Support,Database,Closed
TCK-1833,2025-02-15 23:27:00.626828799,2025-02-16 06:21:02.985097157,Critical,IT Support,Network,Closed
TCK-1834,2025-04-02 04:54:21.558049957,2025-04-02 13:20:38.177058327,Medium,HR,Network,Closed
TCK-1835,2025-06-23 22:53:17.373311568,2025-06-24 17:53:52.934821953,Low,HR,Access,Resolved
TCK-1836,2025-04-14 11:47:56.726707382,2025-04-15 16:39:08.658499191,Low,DevOps,Hardware,Resolved
TCK-1837,2025-06-10 04:30:07.781202802,2025-06-10 11:30:00.596450206,Low,HR,Network,Closed
TCK-1838,2025-04-28 03:47:47.680734328,2025-04-30 10:43:47.600975785,Low,Operations,Software,Closed
TCK-1839,2025-03-27 13:03:53.981484141,2025-03-28 04:09:23.414825276,Medium,Operations,Software,Closed
TCK-1840,2025-06-03 19:54:16.815629390,2025-06-04 02:56:28.736171224,High,  IT Support ,Access,Resolved
TCK-1841,2025-03-26 20:18:36.849410458,2025-03-27 15:48:28.072732442,Low,Operations,Network,Closed
TCK-1842,2025-06-06 08:28:25.307777134,2025-06-07 04:39:44.737243901,Medium,IT Support,Database,Closed
TCK-1843,2025-02-22 11:36:41.920442302,2025-02-23 00:59:46.950190981,Low,DevOps,Software,Closed
TCK-1844,2025-01-24 04:28:20.923161991,2025-01-24 14:13:48.726460115,Low,IT Support,Network,Resolved
TCK-1845,2025-06-03 22:57:30.549772418,2025-06-05 15:16:46.965616123,None,HR,Database,Closed
TCK-1846,2025-04-16 17:38:00.627303554,2025-04-17 02:41:54.942538397,Low,IT Support,Hardware,Closed
TCK-1847,2025-06-10 00:52:44.977567828,2025-06-10 17:35:39.801654074,Low,DevOps,Network,Closed
TCK-1848,2025-06-18 19:24:48.723145542,2025-06-19 08:37:34.197857050,Low,Operations,Hardware,Closed
TCK-1849,2025-01-10 15:40:28.727056777,2025-01-11 11:38:10.673522711,Medium,Operations,Software,Closed
TCK-1850,2025-04-01 04:11:14.582509121,2025-04-01 20:43:19.914326523,Critical,IT Support,Hardware,Resolved
TCK-1851,2025-03-09 11:50:48.667207079,2025-03-10 08:31:24.618453430,Low,Finance,Software,Resolved
TCK-1852,2025-04-23 15:42:29.791234462,2025-04-24 04:33:32.023373617,Medium,  IT Support ,Access,Closed
TCK-1853,2025-05-23 20:18:50.298890534,2025-05-24 11:26:17.782653265,Low,DevOps,Access,Resolved
TCK-1854,2025-02-20 12:08:59.038833386,2025-02-20 16:16:45.991742678,High,IT Support,Software,Closed
TCK-1855,2025-04-11 05:22:08.473771565,2025-04-11 12:02:45.602484019,Medium,IT Support,Database,Closed
TCK-1856,2025-05-08 13:42:26.874680998,2025-05-09 07:09:10.598606631,Medium,IT Support,Access,Resolved
TCK-1857,2025-01-25 04:44:32.200261335,2025-01-25 19:26:23.299367425,Medium,HR,Database,Closed
TCK-1858,2025-05-27 12:46:08.521354102,2025-05-28 09:34:32.814042424,Critical,Operations,Database,Closed
TCK-1859,2025-04-20 02:23:36.496913436,2025-04-20 12:09:41.093818827,Medium,IT Support,Database,Closed
TCK-1860,2025-06-20 22:00:06.221991512,2025-06-22 16:39:44.586435223,Medium,Finance,Network,Closed
TCK-1861,2025-03-03 02:45:53.750320542,2025-03-03 13:13:51.339408668,Medium,HR,Network,Resolved
TCK-1862,2025-01-20 11:11:25.695228113,2025-01-21 12:35:04.221979143,Medium,Operations,Database,Resolved
TCK-1863,2025-04-02 04:05:06.678526263,2025-04-02 13:27:28.379099664,Low,HR,Software,Closed
TCK-1864,2025-01-16 10:42:09.121625193,2025-01-18 00:58:50.331438727,Low,  HR ,Access,Closed
TCK-1865,2025-06-24 12:21:16.490734954,2025-06-25 00:25:04.736400908,Low,Operations,Hardware,Resolved
TCK-1866,2025-01-07 23:07:08.470815842,2025-01-08 04:35:12.455746078,Medium,IT Support,Network,Closed
TCK-1867,2025-05-16 15:08:12.670020854,2025-05-17 02:19:31.858300511,Medium,IT Support,Network,Closed
TCK-1868,2025-04-05 12:26:32.495908179,2025-04-06 20:42:14.691639193,Low,DevOps,Hardware,Resolved
TCK-1869,2025-03-08 08:26:28.387653385,2025-03-09 20:56:41.679044935,Medium,DevOps,Database,Resolved
TCK-1870,2025-01-12 20:26:17.342438597,2025-01-13 12:20:50.537129030,Critical,HR,Hardware,Closed
TCK-1871,2025-04-22 23:45:40.004747948,2025-04-23 04:41:19.684236465,Low,IT Support,Database,Closed
TCK-1872,2025-04-16 08:09:06.562688136,2025-04-18 00:28:48.118451344,Low,Operations,Network,Closed
TCK-1873,2025-02-20 13:24:56.662747311,2025-02-21 11:36:50.331629683,Critical,HR,Hardware,Resolved
TCK-1874,2025-06-13 20:09:27.900333174,2025-06-14 12:55:36.855445190,Medium,IT Support,Software,Resolved
TCK-1875,2025-02-24 17:45:18.834195799,2025-02-25 00:16:54.936885451,Low,IT Support,Access,Resolved
TCK-1876,2025-03-22 22:48:49.585528434,2025-03-24 04:59:11.017449658,Medium,  Finance ,Access,Closed
TCK-1877,2025-04-08 21:03:13.714446934,2025-04-09 16:55:14.623014914,Medium,Operations,Access,Resolved
TCK-1878,2025-01-19 01:00:06.169397601,2025-01-19 15:56:31.529982868,Medium,IT Support,Hardware,Closed
TCK-1879,2025-06-17 18:56:19.057210410,2025-06-18 10:07:18.614158645,Medium,IT Support,Database,Resolved
TCK-1880,2025-03-09 09:59:46.242918591,2025-03-09 19:21:27.172144166,Medium,IT Support,Network,Closed
TCK-1881,2025-01-15 12:57:58.334173791,2025-01-15 21:23:34.179805321,High,Operations,Access,Resolved
TCK-1882,2025-03-11 17:05:52.332998731,2025-03-12 13:47:34.704156655,Low,IT Support,Hardware,Closed
TCK-1883,2025-04-19 00:52:30.012383814,2025-04-19 12:05:56.636136537,High,IT Support,Access,Resolved
TCK-1884,2025-04-03 10:58:46.352165317,2025-04-04 05:03:11.460959843,None,Finance,Database,Closed
TCK-1885,2025-05-06 00:25:16.780227686,2025-05-06 10:50:14.160761002,Medium,IT Support,Software,Closed
TCK-1886,2025-01-10 23:41:26.267040146,2025-01-11 08:08:46.306494626,High,Operations,Software,Closed
TCK-1887,2025-02-21 05:12:55.570951016,2025-02-21 19:37:22.249008520,Low,IT Support,Network,Closed
TCK-1888,2025-05-28 11:04:33.931017270,2025-05-28 15:08:57.910873073,Low,  IT Support ,Software,Closed
TCK-1889,2025-01-15 09:08:26.632531244,2025-01-15 16:45:07.721690444,Critical,IT Support,Software,Closed
TCK-1890,2025-06-03 23:41:57.567431532,2025-06-05 03:23:04.523440215,Low,Finance,Hardware,Closed
TCK-1891,2025-01-17 12:59:28.023983156,2025-01-19 17:06:13.439954420,Low,DevOps,Hardware,Closed
TCK-1892,2025-05-31 04:50:31.949995660,2025-06-01 06:40:57.975787734,Medium,Finance,Network,Closed
TCK-1893,2025-03-06 22:36:21.213576357,2025-03-07 18:06:42.904222927,Medium,HR,Network,Closed
TCK-1894,2025-04-21 04:44:35.351776220,2025-04-21 22:29:29.140215367,Medium,Operations,Hardware,Closed
TCK-1895,2025-01-28 12:28:20.422557667,2025-01-28 20:50:11.918790627,Low,IT Support,Software,Resolved
TCK-1896,2025-01-12 21:50:55.960270012,2025-01-13 06:43:12.111455503,Low,IT Support,Database,Closed
TCK-1897,2025-02-08 20:51:10.948921140,2025-02-10 01:03:24.783599701,Medium,DevOps,Software,Closed
TCK-1898,2025-01-24 00:19:42.576116033,2025-01-24 03:59:09.591759009,Medium,IT Support,Software,Closed
TCK-1899,2025-02-26 05:35:36.520713634,2025-02-26 11:22:55.771429590,Medium,IT Support,Database,Resolved
TCK-1900,2025-04-03 14:08:08.249739386,2025-04-03 23:44:32.121161460,Medium,  IT Support ,Network,Closed
TCK-1901,2025-04-16 23:26:27.177363028,2025-04-17 06:56:43.453579555,Medium,IT Support,Hardware,Resolved
TCK-1902,2025-05-23 04:13:48.805969762,2025-05-23 12:05:35.419411465,Low,IT Support,Network,Closed
TCK-1903,2025-04-29 02:57:22.819798474,2025-04-29 18:16:09.221913616,High,Operations,Network,Resolved
TCK-1904,2025-04-20 13:50:09.472414808,2025-04-20 23:03:23.720607434,Low,HR,Network,Resolved
TCK-1905,2025-03-16 02:53:54.091458767,2025-03-17 03:07:28.654075676,Low,DevOps,Hardware,Closed
TCK-1906,2025-03-27 06:51:08.780500077,2025-03-28 03:52:04.352371946,High,Finance,Network,Closed
TCK-1907,2025-03-16 14:43:47.938676096,2025-03-17 04:57:59.566520934,Low,HR,Network,Resolved
TCK-1908,2025-06-01 14:09:26.099514630,2025-06-02 00:30:17.486595148,Medium,IT Support,Access,Resolved
TCK-1909,2025-02-11 09:36:07.038032714,2025-02-11 22:34:34.347152375,Low,HR,Software,Closed
TCK-1910,2025-01-02 00:42:51.927340633,2025-01-02 11:28:16.640358818,Medium,Operations,Access,Resolved
TCK-1911,2025-04-28 05:42:07.041662474,2025-04-28 09:55:37.131139026,Low,IT Support,Hardware,Resolved
TCK-1912,2025-02-06 10:38:11.879951106,2025-02-09 04:35:57.820991618,None,  Operations ,Database,Closed
TCK-1913,2025-06-10 05:17:50.599890154,2025-06-10 13:22:07.857824789,Medium,HR,Database,Closed
TCK-1914,2025-06-04 15:04:48.519597916,2025-06-05 04:58:07.024485164,Medium,Operations,Access,Closed
TCK-1915,2025-01-14 19:27:44.088227458,2025-01-15 13:51:03.790221102,Critical,HR,Access,Closed
TCK-1916,2025-01-20 03:35:52.480999731,2025-01-20 13:46:43.099855177,Medium,IT Support,Access,Closed
TCK-1917,2025-03-31 03:08:28.602620155,2025-04-01 19:21:48.662896987,Medium,DevOps,Software,Resolved
TCK-1918,2025-04-20 15:50:30.851389004,2025-04-21 11:28:36.914635657,Medium,Finance,Hardware,Resolved
TCK-1919,2025-02-19 11:36:14.464523808,2025-02-19 21:10:51.002853270,Medium,IT Support,Network,Closed
TCK-1920,2025-05-10 00:33:58.090108612,2025-05-11 08:31:54.101894386,High,DevOps,Access,Closed
TCK-1921,2025-04-18 02:02:13.957330290,2025-04-18 14:11:07.270478803,Low,HR,Software,Resolved
TCK-1922,2025-02-28 11:14:24.554809523,2025-03-01 22:17:14.014411099,Critical,DevOps,Database,Resolved
TCK-1923,2025-01-05 13:36:17.382034092,2025-01-07 07:07:56.386899229,Medium,Finance,Database,Closed
TCK-1924,2025-05-16 00:38:57.174754546,2025-05-16 14:41:32.874734228,High,  HR ,Database,Closed
TCK-1925,2025-02-08 15:44:09.010911686,2025-02-09 00:10:12.061625883,Low,IT Support,Access,Resolved
TCK-1926,2025-05-31 04:55:35.658330796,2025-05-31 19:25:35.555575600,High,IT Support,Database,Closed
TCK-1927,2025-03-17 15:39:14.124363776,2025-03-18 20:45:46.999398683,Low,Operations,Database,Closed
TCK-1928,2025-04-14 20:58:28.387809215,2025-04-16 12:42:49.775663858,High,Operations,Database,Resolved
TCK-1929,2025-06-07 03:08:18.655320798,2025-06-07 06:40:14.958584101,Medium,IT Support,Network,Closed
TCK-1930,2025-06-05 10:51:04.910307114,2025-06-06 00:12:58.256225309,Medium,IT Support,Database,Resolved
TCK-1931,2025-03-08 20:57:52.434188051,2025-03-10 06:03:44.076344813,Medium,Finance,Software,Resolved
TCK-1932,2025-02-07 14:24:00.059501240,2025-02-08 10:18:31.679337855,Low,DevOps,Access,Closed
TCK-1933,2025-05-20 12:37:51.800835104,2025-05-21 09:02:38.142580500,Medium,Operations,Network,Closed
TCK-1934,2025-03-19 22:54:23.326420344,2025-03-20 13:17:00.388225430,Low,IT Support,Network,Closed
TCK-1935,2025-02-04 13:37:17.083829631,2025-02-04 19:14:11.995785874,Medium,IT Support,Access,Closed
TCK-1936,2025-06-12 19:07:02.923716320,2025-06-13 05:43:21.755623661,High,  IT Support ,Database,Closed
TCK-1937,2025-02-05 15:48:36.428837391,2025-02-07 15:44:11.044666506,Low,DevOps,Database,Resolved
TCK-1938,2025-01-05 15:29:13.079710025,2025-01-05 20:27:45.426281849,Medium,IT Support,Hardware,Resolved
TCK-1939,2025-01-04 15:36:34.152030915,2025-01-05 08:22:24.261239897,Medium,Operations,Database,Closed
TCK-1940,2025-04-23 00:24:08.423576718,2025-04-23 10:16:57.769497354,Low,IT Support,Software,Resolved
TCK-1941,2025-04-30 02:26:10.544279032,2025-04-30 14:31:31.381961753,None,Operations,Database,Resolved
TCK-1942,2025-02-25 23:42:00.597046214,2025-02-26 11:17:51.830881929,Medium,Operations,Access,Resolved
TCK-1943,2025-02-27 14:26:50.904770330,2025-02-28 13:20:52.051193813,Low,Finance,Database,Resolved
TCK-1944,2025-03-03 02:36:49.367012230,2025-03-03 15:18:16.644510086,Low,IT Support,Access,Closed
TCK-1945,2025-05-03 10:17:05.719194080,2025-05-03 22:00:44.577881913,Medium,IT Support,Network,Closed
TCK-1946,2025-01-11 11:08:16.718049238,2025-01-11 16:39:48.240716839,Medium,IT Support,Hardware,Closed
TCK-1947,2025-06-17 05:46:57.517055496,2025-06-19 00:44:02.851323007,Low,DevOps,Network,Resolved
TCK-1948,2025-02-10 01:17:27.279047647,2025-02-10 21:42:02.716192793,Low,  DevOps ,Access,Closed
TCK-1949,2025-06-29 22:35:17.687925018,2025-06-30 06:38:06.526036368,Medium,Operations,Hardware,Resolved
TCK-1950,2025-01-31 20:58:40.933778332,2025-02-01 11:57:33.463612288,Medium,Operations,Network,Resolved
TCK-1951,2025-05-19 21:04:50.504122096,2025-05-21 04:38:22.635303141,Low,Operations,Database,Closed
TCK-1952,2025-02-10 05:08:31.898745528,2025-02-10 16:56:29.643461287,Medium,IT Support,Database,Resolved
TCK-1953,2025-01-15 13:15:29.459155885,2025-01-16 20:14:01.786760002,None,DevOps,Hardware,Resolved
TCK-1954,2025-06-07 11:42:43.060301290,2025-06-07 23:14:28.440753085,None,HR,Network,Closed
TCK-1955,2025-06-04 13:48:19.582936750,2025-06-05 01:29:27.893624939,Critical,HR,Software,Closed
TCK-1956,2025-03-14 15:25:26.743376200,2025-03-15 10:25:48.992839671,High,Operations,Software,Closed
TCK-1957,2025-05-07 10:21:04.808788718,2025-05-07 15:20:00.295821173,Low,IT Support,Software,Resolved
TCK-1958,2025-04-11 06:31:29.385100279,2025-04-11 13:40:01.090117516,Low,IT Support,Network,Resolved
TCK-1959,2025-06-03 12:46:13.479854140,2025-06-04 10:46:01.278728244,Medium,Finance,Network,Closed
TCK-1960,2025-02-26 17:02:30.434843713,2025-02-26 21:22:02.253430726,Medium,  IT Support ,Network,Closed
TCK-1961,2025-04-05 06:15:53.164784217,2025-04-05 18:06:02.845653454,High,Operations,Access,Closed
TCK-1962,2025-03-29 08:48:31.116973169,2025-03-29 19:14:42.903285628,Low,IT Support,Software,Closed
TCK-1963,2025-03-05 16:52:23.409946667,2025-03-06 07:08:27.111629055,Medium,HR,Software,Closed
TCK-1964,2025-06-10 11:05:09.163980702,2025-06-10 18:22:11.697873515,Medium,IT Support,Software,Closed
TCK-1965,2025-01-30 20:35:33.484351752,2025-01-31 05:35:43.324705244,Medium,HR,Access,Closed
TCK-1966,2025-01-27 21:52:38.361825866,2025-01-30 03:46:32.065801594,Medium,Finance,Access,Closed
TCK-1967,2025-04-14 20:14:57.093339428,2025-04-15 01:50:23.050875777,Low,IT Support,Network,Resolved
TCK-1968,2025-04-29 08:22:30.264725818,2025-04-30 04:47:16.786118456,None,Operations,Software,Closed
TCK-1969,2025-02-05 00:45:18.643255637,2025-02-05 11:52:53.152839851,Medium,HR,Software,Resolved
TCK-1970,2025-03-12 07:53:57.661943914,2025-03-13 02:13:43.836897049,Medium,Operations,Database,Closed
TCK-1971,2025-06-20 09:09:20.886005422,2025-06-22 00:07:32.879847264,Low,DevOps,Database,Closed
TCK-1972,2025-02-14 09:23:14.157685362,2025-02-14 21:44:09.212224376,Medium,  Finance ,Database,Resolved
TCK-1973,2025-05-01 07:19:05.639329712,2025-05-01 15:47:24.578047857,Low,IT Support,Access,Resolved
TCK-1974,2025-05-14 05:26:43.370784932,2025-05-14 20:51:42.333649243,Low,IT Support,Network,Closed
TCK-1975,2025-03-22 15:54:57.534082161,2025-03-23 12:25:26.485898015,Low,IT Support,Hardware,Closed
TCK-1976,2025-06-18 18:06:44.146085036,2025-06-19 10:58:45.693471572,Low,Operations,Software,Closed
TCK-1977,2025-05-13 14:21:25.546122630,2025-05-13 23:02:09.960258931,Medium,IT Support,Database,Closed
TCK-1978,2025-03-24 10:14:03.065996683,2025-03-26 05:08:08.726785730,Medium,HR,Software,Resolved
TCK-1979,2025-04-13 11:31:41.058021814,2025-04-14 19:16:34.334334294,Critical,Operations,Software,Closed
TCK-1980,2025-05-05 16:05:24.272147166,2025-05-06 02:31:09.021042909,Low,HR,Software,Closed
TCK-1981,2025-04-17 14:15:41.686035200,2025-04-18 08:14:24.596223742,Low,Finance,Network,Closed
TCK-1982,2025-06-08 03:58:24.823663132,2025-06-08 17:41:11.456130870,Critical,IT Support,Software,Resolved
TCK-1983,2025-03-06 05:45:32.475784799,2025-03-06 10:53:10.172394846,Low,IT Support,Network,Closed
TCK-1984,2025-02-23 23:30:23.029347878,2025-02-25 17:42:40.694444141,Low,  Finance ,Hardware,Closed
TCK-1985,2025-02-08 11:47:02.409430350,2025-02-09 04:34:02.748749192,Low,HR,Hardware,Closed
TCK-1986,2025-01-07 19:13:20.719340583,2025-01-08 18:32:26.068794557,High,Operations,Access,Closed
TCK-1987,2025-01-08 17:49:13.174038620,2025-01-09 06:18:34.779262637,High,HR,Software,Closed
TCK-1988,2025-06-06 14:38:18.363235566,2025-06-06 20:50:31.859069331,Low,IT Support,Database,Resolved
TCK-1989,2025-05-03 02:39:30.212904672,2025-05-05 05:32:54.779442684,Medium,Finance,Access,Closed
TCK-1990,2025-04-29 21:30:00.124868232,2025-04-30 19:09:23.434192083,Medium,Finance,Access,Resolved
TCK-1991,2025-04-21 15:15:25.120075346,2025-04-22 05:54:49.591000612,Critical,Operations,Hardware,Resolved
TCK-1992,2025-06-02 20:37:36.138282718,2025-06-03 04:47:34.280281240,Low,IT Support,Database,Closed
TCK-1993,2025-03-28 10:45:11.227951838,2025-03-29 06:34:36.878563493,High,Operations,Software,Closed
TCK-1994,2025-06-06 16:10:29.205738686,2025-06-07 00:39:20.837304344,Low,HR,Software,Resolved
TCK-1995,2025-03-06 16:48:09.047186184,2025-03-06 23:12:39.766743074,Medium,IT Support,Hardware,Closed
TCK-1996,2025-06-16 19:22:35.107481536,2025-06-17 18:08:08.367446089,Low,  DevOps ,Network,Resolved
TCK-1997,2025-05-06 18:11:53.354223446,2025-05-07 07:10:08.497516616,High,IT Support,Hardware,Closed
TCK-1998,2025-02-16 07:00:18.819451892,2025-02-17 02:54:39.324948363,Medium,DevOps,Database,Closed
TCK-1999,2025-04-12 12:50:48.702101497,2025-04-12 18:44:57.320595077,Medium,HR,Network,Closed
TCK-2000,2025-04-06 22:41:31.292265351,2025-04-07 01:52:15.145237415,Medium,IT Support,Database,Resolved
TCK-2001,2025-01-25 19:43:22.475550153,2025-01-26 04:21:08.524089407,Medium,Operations,Software,Resolved
TCK-2002,2025-04-17 10:10:09.670233552,2025-04-19 23:24:23.911636968,High,DevOps,Network,Resolved
TCK-2003,2025-02-26 15:52:26.020046130,2025-02-27 16:34:23.634679863,Low,Finance,Database,Resolved
TCK-2004,2025-01-10 10:08:48.021422937,2025-01-11 17:37:29.815457508,Medium,Finance,Software,Resolved
TCK-2005,2025-06-20 18:11:40.564652496,2025-06-21 17:43:57.321013170,Low,Operations,Database,Closed
TCK-2006,2025-04-26 11:14:18.219687804,2025-04-27 05:45:04.388484634,Medium,Operations,Network,Resolved
TCK-2007,2025-06-07 20:17:23.228455414,2025-06-08 19:53:26.266440885,High,Finance,Software,Resolved
TCK-2008,2025-05-02 16:33:42.989966114,2025-05-03 06:53:29.655740496,Medium,  IT Support ,Database,Closed
TCK-2009,2025-03-06 06:10:10.380163036,2025-03-06 21:26:41.612871508,High,HR,Access,Closed
TCK-2010,2025-04-03 06:48:44.900857675,2025-04-03 23:55:17.932939709,Low,IT Support,Network,Resolved
TCK-2011,2025-05-02 15:13:33.616919298,2025-05-04 09:30:35.014267697,Medium,DevOps,Network,Closed
TCK-2012,2025-06-22 20:17:24.161532756,2025-06-23 19:03:07.082015548,Medium,DevOps,Network,Closed
TCK-2013,2025-02-15 15:51:07.428260623,2025-02-15 22:28:52.906676704,Critical,IT Support,Software,Closed
TCK-2014,2025-06-07 11:54:03.215722278,2025-06-08 04:55:49.022139759,Low,Finance,Network,Closed
TCK-2015,2025-06-16 08:00:58.027936478,2025-06-18 16:59:58.517820266,Medium,DevOps,Database,Closed
TCK-2016,2025-05-01 16:11:42.083976092,2025-05-01 23:08:12.053679201,High,IT Support,Access,Closed
TCK-2017,2025-06-17 15:04:18.589345606,2025-06-18 03:08:48.509359041,Critical,Operations,Database,Closed
TCK-2018,2025-03-13 14:50:07.792448035,2025-03-15 03:12:37.072166991,Medium,DevOps,Database,Closed
TCK-2019,2025-06-21 13:01:47.569780966,2025-06-21 21:07:36.448780259,Medium,IT Support,Network,Closed
TCK-2020,2025-05-07 12:01:19.305685240,2025-05-08 08:52:41.982179342,Medium,  Operations ,Access,Resolved
TCK-2021,2025-01-08 13:27:53.694897362,2025-01-09 11:19:54.459127525,Low,IT Support,Access,Resolved
TCK-2022,2025-06-13 05:41:26.280449908,2025-06-15 06:37:37.516281964,Medium,DevOps,Access,Closed
TCK-2023,2025-03-29 04:55:21.126084210,2025-03-30 12:20:38.538488138,Critical,DevOps,Access,Closed
TCK-2024,2025-03-24 20:36:45.267264856,2025-03-25 11:56:31.270571455,Low,DevOps,Hardware,Resolved
TCK-2025,2025-04-12 23:08:08.656195272,2025-04-13 10:11:41.698768997,Medium,HR,Access,Resolved
TCK-2026,2025-01-27 21:20:28.471386136,2025-01-29 17:34:33.503941350,Critical,DevOps,Network,Closed
TCK-2027,2025-03-26 10:47:50.387320183,2025-03-27 00:26:21.554341396,Low,Finance,Access,Resolved
TCK-2028,2025-05-30 14:28:10.474394382,2025-06-01 07:53:16.995643736,Medium,HR,Database,Resolved
TCK-2029,2025-01-03 18:53:03.204506638,2025-01-04 19:33:41.271840493,High,Finance,Hardware,Closed
TCK-2030,2025-02-19 03:00:07.677364622,2025-02-19 11:42:44.259627010,Critical,IT Support,Database,Closed
TCK-2031,2025-01-01 10:36:13.728374665,2025-01-01 23:30:05.455827864,Medium,Operations,Network,Resolved
TCK-2032,2025-03-16 19:52:22.279898441,2025-03-17 06:46:09.421199706,Low,  IT Support ,Network,Closed
TCK-2033,2025-05-12 02:19:22.819198562,2025-05-12 07:05:12.835183831,Low,IT Support,Access,Closed
TCK-2034,2025-05-24 18:41:39.486390702,2025-05-25 19:47:07.379228412,Medium,IT Support,Network,Resolved
TCK-2035,2025-06-20 03:13:11.165047206,2025-06-21 13:59:59.778730183,Low,Operations,Hardware,Closed
TCK-2036,2025-04-20 12:44:23.740921672,2025-04-21 11:58:07.195062558,Low,HR,Database,Closed
TCK-2037,2025-02-15 19:59:17.030185830,2025-02-16 08:12:45.955443718,High,Finance,Network,Closed
TCK-2038,2025-06-16 08:19:08.904973942,2025-06-16 17:44:18.792665892,High,IT Support,Network,Closed
TCK-2039,2025-05-20 13:21:50.604347608,2025-05-21 15:21:21.464240065,High,HR,Hardware,Closed
TCK-2040,2025-04-14 09:31:51.767664904,2025-04-15 09:44:41.599253813,Low,Operations,Software,Closed
TCK-2041,2025-05-06 05:09:56.634860892,2025-05-06 20:00:36.254447867,Low,Finance,Software,Closed
TCK-2042,2025-06-16 09:02:47.953075538,2025-06-16 19:18:21.819980093,High,HR,Hardware,Closed
TCK-2043,2025-05-09 05:32:31.930810878,2025-05-09 19:54:05.714406509,High,Operations,Network,Closed
TCK-2044,2025-03-08 07:22:40.341957783,2025-03-09 06:18:13.665433383,High,  DevOps ,Hardware,Closed
TCK-2045,2025-05-09 08:16:54.602000032,2025-05-10 22:56:24.436914118,None,Operations,Hardware,Resolved
TCK-2046,2025-01-08 06:00:05.986860752,2025-01-08 09:15:16.575442826,High,IT Support,Software,Resolved
TCK-2047,2025-03-11 13:18:54.817589199,2025-03-12 01:06:51.682759633,Medium,IT Support,Access,Resolved
TCK-2048,2025-03-15 03:18:55.791262449,2025-03-15 19:33:40.735782453,Low,DevOps,Network,Closed
TCK-2049,2025-01-31 00:44:28.221712820,2025-01-31 05:59:51.148893677,Medium,IT Support,Database,Closed
TCK-2050,2025-01-05 03:43:45.393541129,2025-01-05 15:04:41.421207494,Medium,DevOps,Hardware,Closed
TCK-2051,2025-01-25 00:12:24.992190176,2025-01-25 13:53:08.541855531,Low,Operations,Software,Closed
TCK-2052,2025-04-28 19:57:53.502635802,2025-05-01 13:56:41.826732128,High,DevOps,Access,Closed
TCK-2053,2025-05-25 09:53:15.672088068,2025-05-26 13:51:22.912647720,Low,Finance,Network,Resolved
TCK-2054,2025-06-27 21:02:20.718889902,2025-06-28 14:03:58.293511771,High,DevOps,Hardware,Closed
TCK-2055,2025-03-04 08:17:25.200343303,2025-03-05 07:54:13.563970080,Low,HR,Software,Closed
TCK-2056,2025-04-18 21:19:05.664604654,2025-04-20 18:39:51.799974468,Medium,  Finance ,Hardware,Resolved
TCK-2057,2025-06-18 16:27:58.523908778,2025-06-19 07:25:28.343349299,High,HR,Database,Closed
TCK-2058,2025-01-31 01:37:13.783370949,2025-02-01 16:53:47.793183425,Low,HR,Network,Closed
TCK-2059,2025-05-10 04:13:44.158802334,2025-05-11 07:22:22.343111341,Medium,Operations,Network,Resolved
TCK-2060,2025-05-16 21:30:29.257935786,2025-05-18 17:07:09.493160458,Low,DevOps,Network,Resolved
TCK-2061,2025-01-17 00:22:27.533839950,2025-01-17 21:07:08.980979900,Critical,DevOps,Network,Closed
TCK-2062,2025-06-05 00:35:50.438367028,2025-06-06 10:07:30.206348046,High,Finance,Software,Closed
TCK-2063,2025-05-27 08:36:49.692667844,2025-05-28 00:26:22.349547350,Critical,HR,Database,Closed
TCK-2064,2025-01-07 00:18:03.558292260,2025-01-07 18:42:56.956083328,High,HR,Hardware,Closed
TCK-2065,2025-01-17 09:29:04.820214560,2025-01-18 02:52:59.189241888,High,Finance,Software,Closed
TCK-2066,2025-01-09 20:13:41.453806087,2025-01-10 05:17:25.494171974,Low,IT Support,Access,Closed
TCK-2067,2025-03-02 06:05:31.406543681,2025-03-02 11:44:30.997067609,Low,IT Support,Network,Closed
TCK-2068,2025-04-02 16:07:42.383054212,2025-04-02 20:58:54.560579785,Medium,  HR ,Network,Closed
TCK-2069,2025-04-06 19:44:31.865150387,2025-04-07 09:44:39.986160368,Medium,IT Support,Hardware,Closed
TCK-2070,2025-02-18 04:19:13.447934372,2025-02-18 08:19:50.609087791,High,IT Support,Network,Resolved
TCK-2071,2025-06-14 02:05:54.779785384,2025-06-14 11:03:59.473572364,Low,IT Support,Network,Resolved
TCK-2072,2025-03-08 06:53:42.908087994,2025-03-08 16:56:06.550768629,Low,IT Support,Hardware,Closed
TCK-2073,2025-01-09 04:46:36.025573162,2025-01-09 14:47:03.488866903,Medium,IT Support,Database,Resolved
TCK-2074,2025-02-24 00:58:52.038691641,2025-02-25 03:53:23.166236890,Low,DevOps,Software,Resolved
TCK-2075,2025-04-06 14:23:33.739406706,2025-04-07 06:39:17.911493090,Medium,HR,Database,Closed
TCK-2076,2025-03-15 11:31:05.784892185,2025-03-16 05:29:19.195109335,Medium,HR,Hardware,Closed
TCK-2077,2025-02-19 06:59:58.857031679,2025-02-20 08:59:36.173738153,High,Operations,Network,Closed
TCK-2078,2025-01-24 15:18:59.180334664,2025-01-25 11:32:19.524202477,Low,IT Support,Network,Closed
TCK-2079,2025-05-28 10:47:26.305496566,2025-05-29 21:38:30.212761665,None,DevOps,Database,Resolved
TCK-2080,2025-06-29 07:20:50.805515432,2025-06-30 08:38:41.073620612,Low,  Finance ,Access,Closed
TCK-2081,2025-03-01 07:37:19.260563414,2025-03-01 13:01:25.146472040,Low,IT Support,Software,Closed
TCK-2082,2025-03-10 16:36:10.479034544,2025-03-11 10:15:40.943801002,Medium,HR,Network,Closed
TCK-2083,2025-04-22 05:55:19.583776036,2025-04-24 01:12:05.733024380,Low,DevOps,Hardware,Closed
TCK-2084,2025-05-10 07:40:01.815087138,2025-05-11 11:49:31.031339101,Low,DevOps,Database,Resolved
TCK-2085,2025-03-12 13:34:03.325265451,2025-03-13 08:12:43.325265608,Low,HR,Software,Closed
TCK-2086,2025-06-12 21:17:43.848101192,2025-06-13 12:50:46.816379224,Medium,Operations,Access,Resolved
TCK-2087,2025-04-11 19:13:02.040488139,2025-04-12 07:06:20.252872835,Critical,IT Support,Network,Closed
TCK-2088,2025-03-23 01:41:06.468265039,2025-03-25 02:36:36.441531655,Medium,DevOps,Database,Resolved
TCK-2089,2025-04-27 09:37:34.657142844,2025-04-27 22:56:52.096730590,Medium,IT Support,Network,Resolved
TCK-2090,2025-06-21 12:06:45.447971140,2025-06-22 20:59:38.750664746,Low,DevOps,Database,Resolved
TCK-2091,2025-05-24 00:27:57.282846364,2025-05-24 11:10:02.827838103,Low,Operations,Access,Closed
TCK-2092,2025-01-08 04:51:24.206082253,2025-01-08 18:06:44.133538726,Low,  Operations ,Hardware,Resolved
TCK-2093,2025-03-01 19:34:43.731827852,2025-03-02 19:49:03.042267600,Critical,Operations,Hardware,Closed
TCK-2094,2025-03-26 16:45:10.940361415,2025-03-27 21:40:16.581298447,Low,IT Support,Software,Closed
TCK-2095,2025-02-26 14:42:57.282996005,2025-02-26 21:53:04.124289515,None,IT Support,Network,Closed
TCK-2096,2025-05-07 00:48:36.946035260,2025-05-07 11:29:10.037606219,Low,IT Support,Network,Resolved
TCK-2097,2025-05-29 17:28:57.818662860,2025-05-29 23:55:10.492444534,Medium,IT Support,Network,Closed
TCK-2098,2025-05-12 15:24:38.920321344,2025-05-13 06:27:55.805669229,Critical,Finance,Hardware,Resolved
TCK-2099,2025-06-28 01:55:11.276753336,2025-06-28 12:02:44.062362427,Medium,HR,Software,Closed
TCK-2100,2025-02-19 01:24:21.020032388,2025-02-19 04:24:23.373462718,High,IT Support,Hardware,Closed
TCK-2101,2025-06-07 11:57:16.626619802,2025-06-10 00:56:39.489200133,Medium,DevOps,Database,Closed
TCK-2102,2025-05-18 23:48:35.688793608,2025-05-19 09:58:28.650671227,Low,DevOps,Network,Closed
TCK-2103,2025-03-07 04:36:44.037544288,2025-03-08 07:46:52.092459634,Low,DevOps,Database,Closed
TCK-2104,2025-05-13 03:25:04.902953176,2025-05-13 20:37:05.761974719,High,  DevOps ,Access,Closed
TCK-2105,2025-01-19 17:36:29.274216576,2025-01-19 23:04:13.674352637,Low,IT Support,Database,Closed
TCK-2106,2025-05-23 01:55:14.317360270,2025-05-24 06:10:56.006313634,Low,HR,Database,Resolved
TCK-2107,2025-04-06 19:40:05.531434620,2025-04-07 22:45:33.623283178,None,Finance,Database,Closed
TCK-2108,2025-02-22 14:41:36.765974306,2025-02-23 01:48:05.890239231,Low,Operations,Hardware,Closed
TCK-2109,2025-04-29 00:57:28.597347568,2025-04-29 07:17:16.765092748,Medium,IT Support,Database,Closed
TCK-2110,2025-04-26 11:47:54.220006488,2025-04-27 04:30:25.718383967,None,Finance,Network,Closed
TCK-2111,2025-02-07 16:58:49.735735215,2025-02-08 01:17:50.687660534,Medium,IT Support,Software,Resolved
TCK-2112,2025-01-06 11:19:00.595148854,2025-01-06 20:35:03.540094857,Medium,IT Support,Access,Resolved
TCK-2113,2025-03-20 01:14:58.471494832,2025-03-21 23:41:22.135067589,High,Operations,Network,Closed
TCK-2114,2025-04-13 12:17:28.592044439,2025-04-13 19:11:45.985219246,Low,Operations,Software,Closed
TCK-2115,2025-06-07 18:56:05.289219548,2025-06-08 12:37:27.129881087,Low,Operations,Network,Closed
TCK-2116,2025-06-17 01:53:47.605911388,2025-06-17 09:09:21.057472262,Medium,  IT Support ,Database,Closed
TCK-2117,2025-04-06 04:26:18.752774031,2025-04-08 06:12:03.713365199,High,DevOps,Access,Closed
TCK-2118,2025-05-16 16:25:51.779568410,2025-05-17 02:34:51.835003200,Low,IT Support,Network,Closed
TCK-2119,2025-03-21 01:47:24.491245008,2025-03-21 13:12:31.601811233,Medium,IT Support,Access,Closed
TCK-2120,2025-05-15 07:04:29.699021632,2025-05-16 19:54:46.548938044,Low,DevOps,Hardware,Resolved
TCK-2121,2025-02-06 20:44:33.315853924,2025-02-07 16:11:43.439501663,Low,DevOps,Hardware,Resolved
TCK-2122,2025-03-08 18:59:58.755664521,2025-03-11 03:48:15.856429443,Medium,DevOps,Database,Closed
TCK-2123,2025-04-25 03:51:53.837549338,2025-04-26 16:23:14.451105418,Low,Finance,Database,Closed
TCK-2124,2025-01-04 06:26:32.681121289,2025-01-05 10:53:31.502600199,Medium,Operations,Hardware,Resolved
TCK-2125,2025-05-11 01:01:58.298391412,2025-05-12 10:53:54.104009992,Medium,Operations,Network,Closed
TCK-2126,2025-05-31 09:30:48.115722530,2025-05-31 19:59:14.806740326,Low,IT Support,Software,Resolved
TCK-2127,2025-03-13 20:17:31.113333133,2025-03-15 02:04:08.515210887,Low,HR,Software,Closed
TCK-2128,2025-03-22 15:06:40.471939259,2025-03-23 08:15:44.397301140,Low,  HR ,Hardware,Closed
TCK-2129,2025-06-03 05:32:20.964391490,2025-06-03 13:09:26.395208295,Low,IT Support,Software,Closed
TCK-2130,2025-05-20 14:49:40.888590472,2025-05-21 15:14:50.136427640,Medium,Finance,Network,Resolved
TCK-2131,2025-02-21 20:48:20.853447048,2025-02-22 10:50:15.025216036,Medium,HR,Software,Resolved
TCK-2132,2025-02-28 07:34:36.409245054,2025-02-28 14:07:57.769491056,Low,IT Support,Software,Closed
TCK-2133,2025-05-03 04:45:14.270138558,2025-05-03 23:58:30.365328703,Medium,IT Support,Hardware,Closed
TCK-2134,2025-04-12 09:00:56.733753804,2025-04-13 05:53:24.266613120,None,Operations,Access,Closed
TCK-2135,2025-01-30 04:49:54.289692720,2025-01-30 13:44:38.667752594,Low,IT Support,Access,Closed
TCK-2136,2025-02-25 18:53:49.948331996,2025-02-27 08:32:21.674615153,Medium,DevOps,Network,Resolved
TCK-2137,2025-06-11 23:55:39.922016830,2025-06-14 14:55:47.745977088,High,HR,Access,Closed
TCK-2138,2025-05-04 20:54:48.839904640,2025-05-05 04:58:38.373620771,Low,HR,Database,Resolved
TCK-2139,2025-06-27 11:24:32.588645200,2025-06-27 23:12:22.096130894,High,Operations,Hardware,Resolved
TCK-2140,2025-05-19 01:29:38.866260926,2025-05-19 13:46:45.246732385,None,  Finance ,Access,Closed
TCK-2141,2025-06-19 13:19:46.368697114,2025-06-20 01:58:13.825160729,Low,HR,Software,Resolved
TCK-2142,2025-02-08 21:56:04.700833633,2025-02-09 18:17:08.368883052,High,Operations,Access,Closed
TCK-2143,2025-05-19 20:48:52.773152828,2025-05-20 11:04:41.715754918,Medium,Operations,Hardware,Closed
TCK-2144,2025-01-04 15:20:22.873338545,2025-01-04 21:49:45.477000541,Low,IT Support,Software,Closed
TCK-2145,2025-05-01 17:40:59.857657776,2025-05-03 02:58:15.778792116,Medium,DevOps,Software,Resolved
TCK-2146,2025-03-26 11:17:57.989325994,2025-03-27 06:21:35.863042497,Low,Finance,Hardware,Closed
TCK-2147,2025-03-04 10:00:12.638500907,2025-03-05 07:01:23.526587642,Medium,Operations,Network,Resolved
TCK-2148,2025-06-05 05:35:12.486862122,2025-06-07 11:42:05.116566565,Low,DevOps,Network,Resolved
TCK-2149,2025-06-03 18:26:11.156209918,2025-06-05 13:55:30.680543753,High,DevOps,Hardware,Closed
TCK-2150,2025-01-05 00:20:36.114583705,2025-01-06 14:24:14.297165299,Medium,Finance,Hardware,Closed
TCK-2151,2025-04-20 17:03:43.664333550,2025-04-22 11:13:44.014051487,Medium,Finance,Hardware,Closed
TCK-2152,2025-03-08 05:02:06.752639514,2025-03-09 01:46:09.971699138,Low,  Operations ,Software,Resolved
TCK-2153,2025-03-16 19:39:19.895334985,2025-03-17 12:16:58.493903810,Medium,Operations,Software,Closed
TCK-2154,2025-05-30 18:24:57.576330404,2025-05-31 06:39:01.132970989,Low,Operations,Hardware,Closed
TCK-2155,2025-02-25 18:30:28.126798453,2025-02-26 14:39:19.404194974,High,Finance,Software,Resolved
TCK-2156,2025-06-19 17:58:15.103036268,2025-06-20 00:30:45.843039702,Low,IT Support,Database,Closed
TCK-2157,2025-02-02 08:01:05.267739533,2025-02-04 04:42:41.110018078,Medium,DevOps,Hardware,Closed
TCK-2158,2025-04-30 06:57:39.128221902,2025-05-01 19:49:48.509383815,Low,DevOps,Software,Closed
TCK-2159,2025-05-01 23:29:38.002198068,2025-05-02 11:32:11.133788980,Medium,IT Support,Network,Resolved
TCK-2160,2025-02-15 09:28:59.150526983,2025-02-15 23:11:53.869670012,Medium,Finance,Hardware,Closed
TCK-2161,2025-02-28 10:55:21.470657925,2025-03-01 04:18:48.324041146,Medium,IT Support,Hardware,Closed
TCK-2162,2025-05-31 06:19:46.156603234,2025-05-31 17:47:58.852284841,Medium,HR,Hardware,Closed
TCK-2163,2025-05-18 02:59:55.325059420,2025-05-18 17:08:01.874904336,Medium,Finance,Access,Closed
TCK-2164,2025-03-01 05:41:39.130655141,2025-03-01 12:31:05.812455376,High,  IT Support ,Hardware,Closed
TCK-2165,2025-04-07 02:41:32.217932092,2025-04-10 15:30:51.775425930,High,Finance,Network,Resolved
TCK-2166,2025-01-12 02:27:31.967328140,2025-01-12 22:38:28.879559834,Medium,Finance,Software,Closed
TCK-2167,2025-02-07 13:46:55.963063481,2025-02-08 05:04:54.348899561,High,Operations,Hardware,Resolved
TCK-2168,2025-03-29 10:44:41.331396927,2025-03-29 18:27:58.875318352,High,IT Support,Database,Resolved
TCK-2169,2025-01-16 11:24:23.531062298,2025-01-16 19:17:52.071433101,Medium,IT Support,Software,Resolved
TCK-2170,2025-06-01 19:11:44.783279412,2025-06-02 07:22:25.700764546,Low,Operations,Network,Closed
TCK-2171,2025-05-10 05:47:12.579594140,2025-05-11 15:05:16.937203662,Medium,DevOps,Access,Resolved
TCK-2172,2025-06-19 20:29:50.845925390,2025-06-21 03:19:03.443082128,Medium,Operations,Network,Closed
TCK-2173,2025-05-05 19:46:37.321552550,2025-05-06 05:43:24.366729497,Medium,IT Support,Access,Closed
TCK-2174,2025-06-19 06:32:02.141421510,2025-06-19 16:51:40.355769034,Medium,Operations,Software,Closed
TCK-2175,2025-04-10 19:29:39.266105888,2025-04-11 10:38:50.081013275,Medium,Operations,Access,Closed
TCK-2176,2025-04-19 00:56:39.839235748,2025-04-19 19:32:22.956515274,Medium,  Finance ,Software,Closed
TCK-2177,2025-06-25 20:30:53.841547608,2025-06-26 05:14:34.630521513,Medium,IT Support,Network,Resolved
TCK-2178,2025-04-26 13:59:52.492032976,2025-04-28 13:38:55.292142982,Low,Finance,Network,Closed
TCK-2179,2025-01-06 12:59:52.718922331,2025-01-07 05:42:24.088127979,Low,Operations,Access,Closed
TCK-2180,2025-05-11 06:49:40.782157898,2025-05-12 12:29:28.574439345,Medium,DevOps,Database,Closed
TCK-2181,2025-06-12 23:37:29.100121088,2025-06-14 10:09:46.423189008,Medium,HR,Network,Closed
TCK-2182,2025-05-24 04:54:24.044801368,2025-05-25 08:48:08.785599627,High,Operations,Access,Resolved
TCK-2183,2025-04-16 02:09:35.055870572,2025-04-17 19:27:59.641482636,Low,DevOps,Hardware,Closed
TCK-2184,2025-05-01 20:01:52.235630366,2025-05-02 18:39:28.465291747,Low,IT Support,Software,Closed
TCK-2185,2025-06-28 05:37:42.706441998,2025-06-29 21:13:51.789745272,Medium,DevOps,Hardware,Closed
TCK-2186,2025-01-17 07:39:36.800497229,2025-01-17 14:19:36.517347415,Medium,Operations,Hardware,Closed
TCK-2187,2025-05-01 02:29:51.574904142,2025-05-01 15:23:13.126020184,Low,IT Support,Hardware,Closed
TCK-2188,2025-02-21 00:16:40.945961875,2025-02-21 06:41:02.607879146,Medium,  HR ,Access,Closed
TCK-2189,2025-04-26 05:11:25.847708118,2025-04-27 11:54:11.518175714,Low,Finance,Network,Resolved
TCK-2190,2025-04-20 08:56:01.852147016,2025-04-20 12:32:31.181766148,Low,IT Support,Hardware,Resolved
TCK-2191,2025-01-28 14:56:00.652946136,2025-01-29 05:11:10.254433401,Low,Operations,Access,Closed
TCK-2192,2025-02-07 05:08:43.834552199,2025-02-07 16:59:02.126316904,Medium,HR,Network,Closed
TCK-2193,2025-04-22 21:26:23.197728056,2025-04-23 09:41:13.773122734,High,Operations,Software,Closed
TCK-2194,2025-01-24 01:57:12.140468295,2025-01-24 09:05:34.274131322,Low,IT Support,Network,Closed
TCK-2195,2025-02-17 17:34:52.970026781,2025-02-19 21:31:50.416682628,Low,DevOps,Network,Closed
TCK-2196,2025-05-31 08:15:38.758421414,2025-06-01 05:57:15.207843526,High,DevOps,Hardware,Closed
TCK-2197,2025-02-28 21:02:07.101337484,2025-03-02 13:44:55.395223259,High,DevOps,Access,Closed
TCK-2198,2025-03-29 20:25:11.550305798,2025-03-30 11:32:14.293679198,Low,Finance,Database,Resolved
TCK-2199,2025-06-19 09:43:34.492188108,2025-06-19 17:27:28.267450747,Medium,IT Support,Software,Closed
TCK-2200,2025-02-10 21:17:02.629592188,2025-02-12 02:05:25.168296843,Low,  Finance ,Access,Closed
TCK-2201,2025-03-12 03:11:03.821951778,2025-03-12 08:20:55.904128219,Low,IT Support,Hardware,Closed
TCK-2202,2025-04-20 03:53:51.325253222,2025-04-20 08:18:32.585169742,Medium,IT Support,Access,Closed
TCK-2203,2025-05-16 23:03:51.031645774,2025-05-17 17:13:24.394870665,None,HR,Database,Resolved
TCK-2204,2025-06-12 07:08:33.470155990,2025-06-13 08:02:25.793787421,Medium,HR,Software,Closed
TCK-2205,2025-06-14 18:50:35.902743308,2025-06-15 18:23:37.156423649,None,Finance,Network,Closed
TCK-2206,2025-05-20 19:05:06.436643032,2025-05-21 09:24:21.434122506,Medium,Operations,Software,Closed
TCK-2207,2025-02-11 02:23:21.170699164,2025-02-11 17:44:19.191565555,Critical,HR,Database,Closed
TCK-2208,2025-01-05 11:10:34.700821983,2025-01-05 19:54:55.426634920,Low,IT Support,Software,Closed
TCK-2209,2025-03-11 01:54:12.164890661,2025-03-12 12:54:23.557487945,Low,DevOps,Software,Closed
TCK-2210,2025-01-26 11:29:27.730562628,2025-01-26 15:30:08.468847406,High,HR,Hardware,Closed
TCK-2211,2025-05-08 20:52:28.692960412,2025-05-09 05:11:41.518574442,Medium,HR,Network,Resolved
TCK-2212,2025-04-30 00:05:02.886313548,2025-04-30 05:39:16.010396782,Low,  IT Support ,Database,Closed
TCK-2213,2025-01-08 21:57:26.970496865,2025-01-10 00:22:37.604005212,Medium,Finance,Hardware,Closed
TCK-2214,2025-05-31 14:05:06.453044552,2025-06-01 09:50:17.631437605,Low,Operations,Software,Closed
TCK-2215,2025-02-14 18:34:15.277360467,2025-02-15 06:15:14.986433538,Medium,IT Support,Software,Resolved
TCK-2216,2025-03-19 19:13:15.478036689,2025-03-20 04:53:21.516248531,Low,IT Support,Access,Resolved
TCK-2217,2025-05-01 05:28:25.453807706,2025-05-01 14:52:01.589237678,High,Operations,Hardware,Closed
TCK-2218,2025-03-19 07:05:20.973126244,2025-03-20 20:11:55.315426085,Low,Operations,Database,Resolved
TCK-2219,2025-03-21 10:21:47.909144720,2025-03-22 02:25:06.197422557,Medium,IT Support,Database,Resolved
TCK-2220,2025-01-12 19:30:46.583461434,2025-01-13 12:02:17.426662841,Low,DevOps,Database,Resolved
TCK-2221,2025-03-14 06:14:10.078091579,2025-03-14 16:16:28.356819836,High,IT Support,Database,Resolved
TCK-2222,2025-05-18 16:08:34.435357184,2025-05-19 02:41:11.802683562,Medium,HR,Software,Closed
TCK-2223,2025-06-14 17:33:42.395925968,2025-06-16 02:47:26.342605488,Low,DevOps,Software,Resolved
TCK-2224,2025-03-16 10:18:27.475609558,2025-03-17 10:21:06.881359197,Low,  HR ,Hardware,Resolved
TCK-2225,2025-03-18 05:53:26.779623435,2025-03-20 10:06:30.945743745,Low,Operations,Network,Closed
TCK-2226,2025-05-07 11:20:56.757545438,2025-05-08 08:01:23.451160563,Medium,HR,Database,Resolved
TCK-2227,2025-06-19 16:46:30.161189262,2025-06-20 02:37:32.362467840,Medium,IT Support,Software,Closed
TCK-2228,2025-02-18 01:42:11.742602530,2025-02-19 03:51:33.155280639,Low,DevOps,Hardware,Resolved
TCK-2229,2025-03-21 05:25:22.700077994,2025-03-21 20:58:36.627478296,Medium,HR,Database,Closed
TCK-2230,2025-05-24 06:36:15.883725388,2025-05-26 19:47:15.515863867,Critical,DevOps,Network,Closed
TCK-2231,2025-04-20 17:52:34.390905046,2025-04-21 02:11:17.935961016,Low,IT Support,Database,Resolved
TCK-2232,2025-01-20 21:43:58.821327424,2025-01-21 03:11:26.195181572,Medium,IT Support,Access,Closed
TCK-2233,2025-04-23 23:48:19.503464356,2025-04-24 03:35:14.271331596,Medium,IT Support,Database,Closed
TCK-2234,2025-02-03 14:44:38.218057628,2025-02-04 14:00:27.662491968,Medium,Operations,Access,Closed
TCK-2235,2025-04-02 20:07:58.206787341,2025-04-03 12:12:06.264173192,Low,HR,Network,Resolved
TCK-2236,2025-04-06 05:43:34.018655139,2025-04-07 04:10:13.210480533,Low,  DevOps ,Access,Closed
TCK-2237,2025-06-07 17:11:54.689322966,2025-06-08 16:55:00.750800340,Low,HR,Network,Resolved
TCK-2238,2025-03-25 05:58:30.949441438,2025-03-26 07:04:51.818338170,Medium,DevOps,Hardware,Resolved
TCK-2239,2025-02-20 07:11:28.550612626,2025-02-20 15:08:16.309278124,Medium,IT Support,Access,Closed
TCK-2240,2025-02-11 13:46:28.647455723,2025-02-12 20:31:02.651903163,Low,DevOps,Database,Closed
TCK-2241,2025-06-07 08:46:05.186194796,2025-06-08 05:19:30.033260257,Low,Finance,Database,Closed
TCK-2242,2025-01-31 18:46:00.807912288,2025-02-01 22:20:00.642882649,Low,Finance,Hardware,Closed
TCK-2243,2025-03-18 15:45:07.858854651,2025-03-20 11:19:29.560511705,High,Finance,Software,Closed
TCK-2244,2025-02-03 16:35:16.283343879,2025-02-04 06:25:33.767702627,Low,Finance,Network,Closed
TCK-2245,2025-05-20 04:40:24.431858764,2025-05-21 03:39:13.056847385,Medium,Operations,Software,Resolved
TCK-2246,2025-03-27 09:17:23.296885274,2025-03-27 18:33:14.016299220,High,IT Support,Software,Resolved
TCK-2247,2025-03-05 04:56:26.675539541,2025-03-05 14:07:12.060674924,High,IT Support,Hardware,Closed
TCK-2248,2025-03-06 23:57:01.611022812,2025-03-08 23:53:18.580165656,Medium,  DevOps ,Hardware,Closed
TCK-2249,2025-06-03 09:33:55.342955776,2025-06-04 04:00:52.427182987,Low,Operations,Access,Closed
TCK-2250,2025-04-10 16:18:12.537187101,2025-04-11 23:27:09.565883171,High,Finance,Access,Resolved
TCK-2251,2025-05-10 05:11:20.820793412,2025-05-11 01:30:01.273971295,High,HR,Access,Closed
TCK-2252,2025-06-11 11:12:23.004730646,2025-06-11 17:48:42.351205904,High,IT Support,Access,Closed
TCK-2253,2025-06-12 07:31:26.545784066,2025-06-12 17:23:44.161721372,Low,IT Support,Access,Closed
TCK-2254,2025-03-01 03:09:32.813062448,2025-03-01 19:02:16.096809638,Low,Operations,Database,Closed
TCK-2255,2025-06-21 10:35:22.044452584,2025-06-21 23:52:40.743727790,Medium,HR,Hardware,Closed
TCK-2256,2025-01-05 11:27:49.717091143,2025-01-05 18:41:58.454804367,Critical,IT Support,Network,Closed
TCK-2257,2025-03-09 19:55:46.644923409,2025-03-10 13:54:03.721235992,High,HR,Network,Closed
TCK-2258,2025-06-11 05:51:03.831977506,2025-06-11 14:42:18.843452153,High,IT Support,Network,Closed
TCK-2259,2025-02-19 10:25:52.754913718,2025-02-20 08:21:24.036494450,Medium,Operations,Network,Closed
TCK-2260,2025-02-19 03:42:42.715397143,2025-02-19 12:08:15.870057408,Low,  IT Support ,Network,Closed
TCK-2261,2025-02-24 11:19:41.777593534,2025-02-24 22:18:51.016760255,Medium,Finance,Database,Resolved
TCK-2262,2025-04-21 05:11:37.761139336,2025-04-21 19:37:05.858472645,High,HR,Hardware,Closed
TCK-2263,2025-03-20 21:35:51.326354430,2025-03-21 12:15:21.428740472,Medium,HR,Access,Closed
TCK-2264,2025-05-11 19:29:40.174967182,2025-05-12 05:05:26.389438534,Critical,IT Support,Access,Closed
TCK-2265,2025-06-11 02:00:50.313165684,2025-06-11 08:19:50.538833858,Medium,IT Support,Access,Closed
TCK-2266,2025-05-02 08:32:28.679111368,2025-05-02 16:21:07.551094402,Low,HR,Hardware,Closed
TCK-2267,2025-02-06 19:17:46.432512694,2025-02-07 14:42:05.447014247,Critical,HR,Hardware,Closed
TCK-2268,2025-06-17 21:11:08.945510530,2025-06-18 12:53:03.732757299,Low,Operations,Database,Closed
TCK-2269,2025-02-17 14:36:33.166299985,2025-02-17 23:52:08.637551237,Medium,IT Support,Database,Closed
TCK-2270,2025-01-27 23:32:36.080943515,2025-01-28 15:10:49.383233454,High,Operations,Access,Resolved
TCK-2271,2025-01-17 04:39:31.120845663,2025-01-18 11:33:53.383052960,Low,DevOps,Hardware,Closed
TCK-2272,2025-04-12 09:49:03.934840208,2025-04-13 05:23:18.235993326,High,  Finance ,Access,Closed
TCK-2273,2025-01-21 11:27:13.816499096,2025-01-21 16:41:32.212282467,Low,IT Support,Database,Closed
TCK-2274,2025-01-25 23:30:42.549719633,2025-01-26 17:30:25.447180730,High,HR,Access,Closed
TCK-2275,2025-02-24 00:07:54.034221164,2025-02-24 06:25:07.734646347,Low,IT Support,Database,Closed
TCK-2276,2025-02-20 16:44:27.606612781,2025-02-21 01:58:01.748623566,Medium,IT Support,Software,Closed
TCK-2277,2025-04-19 18:18:52.864685478,2025-04-21 08:22:36.188875326,Medium,DevOps,Network,Closed
TCK-2278,2025-05-28 00:20:22.586359144,2025-05-28 06:40:41.589300342,Medium,IT Support,Software,Closed
TCK-2279,2025-05-18 01:01:49.853267382,2025-05-18 08:48:30.650794552,Medium,HR,Access,Resolved
TCK-2280,2025-02-17 05:55:58.239750646,2025-02-19 18:28:46.271848844,Critical,Operations,Access,Resolved
TCK-2281,2025-02-14 03:44:28.864677959,2025-02-14 22:33:31.857338101,High,Finance,Hardware,Closed
TCK-2282,2025-06-23 20:13:09.876223560,2025-06-24 20:48:10.905541621,None,Operations,Network,Closed
TCK-2283,2025-01-02 11:34:50.029238163,2025-01-03 09:59:49.481163350,Medium,IT Support,Database,Resolved
TCK-2284,2025-06-08 08:23:33.730152476,2025-06-09 05:28:11.949909383,Medium,  HR ,Access,Resolved
TCK-2285,2025-02-05 22:49:37.929391642,2025-02-06 14:18:59.459048387,Low,Operations,Database,Closed
TCK-2286,2025-06-20 12:16:05.792692068,2025-06-20 20:29:15.950962851,None,IT Support,Database,Closed
TCK-2287,2025-03-03 14:46:02.893637586,2025-03-04 00:07:55.512027126,Low,HR,Database,Resolved
TCK-2288,2025-03-21 06:19:10.787587860,2025-03-21 19:31:43.946603139,Medium,IT Support,Software,Resolved
TCK-2289,2025-05-08 06:45:39.788063012,2025-05-08 18:02:34.703034979,Low,IT Support,Database,Closed
TCK-2290,2025-04-16 18:43:49.088512144,2025-04-17 05:42:35.255222102,Medium,HR,Hardware,Closed
TCK-2291,2025-02-27 05:29:52.455600508,2025-02-27 10:32:45.012717355,Critical,IT Support,Software,Closed
TCK-2292,2025-04-10 16:32:58.403576391,2025-04-11 01:50:49.716272208,Medium,Operations,Software,Closed
TCK-2293,2025-05-12 12:39:13.465611606,2025-05-13 18:07:52.624719080,Critical,Operations,Access,Resolved
TCK-2294,2025-01-08 14:53:13.078675557,2025-01-09 16:54:24.536217339,Medium,Finance,Network,Resolved
TCK-2295,2025-01-03 00:22:51.595336710,2025-01-03 09:50:44.152231194,High,IT Support,Network,Closed
TCK-2296,2025-03-24 10:50:57.036461606,2025-03-24 16:28:54.816274072,Medium,  IT Support ,Access,Closed
TCK-2297,2025-01-24 17:32:03.080080252,2025-01-24 21:37:23.688676592,Low,IT Support,Network,Closed
TCK-2298,2025-04-30 13:58:02.420859238,2025-05-01 19:05:40.980467045,Medium,Operations,Database,Resolved
TCK-2299,2025-02-08 12:42:23.799249056,2025-02-09 13:43:37.342286653,Medium,Finance,Hardware,Resolved
TCK-2300,2025-03-19 21:55:00.412886275,2025-03-20 11:17:44.677064476,Low,IT Support,Database,Closed
TCK-2301,2025-02-05 13:56:18.410268631,2025-02-06 15:29:53.675221813,Low,DevOps,Network,Resolved
TCK-2302,2025-04-09 17:26:56.725570384,2025-04-10 00:59:59.706801395,Low,IT Support,Network,Closed
TCK-2303,2025-01-21 21:21:03.400348815,2025-01-22 23:03:52.435458726,Low,Operations,Hardware,Resolved
TCK-2304,2025-01-05 03:49:17.774550893,2025-01-06 15:09:20.363342985,Medium,Finance,Software,Closed
TCK-2305,2025-01-10 04:53:19.235835354,2025-01-12 03:04:44.348509441,Medium,DevOps,Software,Closed
TCK-2306,2025-06-21 18:23:47.282446100,2025-06-22 15:32:04.091761275,High,Finance,Hardware,Closed
TCK-2307,2025-01-26 14:40:35.271837274,2025-01-27 23:59:21.954930507,None,Finance,Software,Closed
TCK-2308,2025-05-08 12:37:33.792784062,2025-05-09 13:21:01.729541648,Medium,  HR ,Network,Closed
TCK-2309,2025-01-13 05:26:28.328073393,2025-01-14 04:41:26.819785910,Medium,Finance,Software,Resolved
TCK-2310,2025-01-20 11:15:09.797961553,2025-01-20 17:49:40.920030067,Low,IT Support,Network,Closed
TCK-2311,2025-04-02 14:20:43.461917973,2025-04-05 03:00:36.169169024,Medium,DevOps,Access,Closed
TCK-2312,2025-03-25 16:14:32.705760352,2025-03-26 05:13:08.519745377,High,Operations,Database,Closed
TCK-2313,2025-06-21 06:49:36.972408852,2025-06-22 16:23:22.213314669,Low,Finance,Software,Closed
TCK-2314,2025-06-20 01:41:20.965378508,2025-06-20 15:28:49.290430157,Low,HR,Access,Closed
TCK-2315,2025-05-21 07:54:33.608820418,2025-05-21 15:04:37.435326412,Medium,Operations,Software,Closed
TCK-2316,2025-04-19 09:04:47.662140542,2025-04-20 16:43:39.759883161,High,Operations,Access,Resolved
TCK-2317,2025-03-23 21:25:42.856096108,2025-03-24 03:35:55.910410592,Medium,Finance,Hardware,Resolved
TCK-2318,2025-03-06 02:41:28.565875605,2025-03-06 05:50:35.368255371,None,IT Support,Access,Closed
TCK-2319,2025-06-20 11:25:05.530563836,2025-06-20 22:28:57.309072991,Critical,IT Support,Network,Closed
TCK-2320,2025-04-19 12:33:57.835276710,2025-04-19 23:37:44.458278143,Low,  IT Support ,Hardware,Resolved
TCK-2321,2025-04-15 05:35:35.950572586,2025-04-15 11:46:23.015355022,Low,IT Support,Hardware,Closed
TCK-2322,2025-02-11 17:48:46.245750164,2025-02-13 03:11:27.195869014,Medium,DevOps,Network,Resolved
TCK-2323,2025-01-09 09:44:04.463749278,2025-01-09 12:07:54.813107154,Medium,IT Support,Software,Resolved
TCK-2324,2025-06-20 03:12:52.792420434,2025-06-21 23:21:34.040143775,Medium,DevOps,Hardware,Closed
TCK-2325,2025-02-26 11:20:10.745552057,2025-02-27 03:25:29.344224647,Low,HR,Software,Closed
TCK-2326,2025-03-21 15:59:04.490741982,2025-03-22 00:17:34.063320654,Low,IT Support,Database,Closed
TCK-2327,2025-01-21 15:14:40.402644912,2025-01-22 16:00:04.317585583,Low,Finance,Access,Closed
TCK-2328,2025-05-31 15:30:47.178749310,2025-06-01 14:32:51.855891537,High,Operations,Access,Closed
TCK-2329,2025-01-05 23:22:10.264575433,2025-01-06 13:21:56.853571474,Critical,HR,Network,Closed
TCK-2330,2025-05-31 02:50:24.332165148,2025-05-31 09:53:32.363406329,Low,Operations,Network,Resolved
TCK-2331,2025-01-26 06:01:52.518878459,2025-01-29 07:29:54.488257109,Low,Finance,Access,Resolved
TCK-2332,2025-06-09 13:57:25.079639676,2025-06-10 05:27:04.244980396,Low,  IT Support ,Database,Closed
TCK-2333,2025-05-12 08:37:04.055851920,2025-05-13 00:55:24.583692661,High,DevOps,Network,Closed
TCK-2334,2025-01-30 15:22:31.922513609,2025-01-31 17:27:43.383566649,None,DevOps,Database,Closed
TCK-2335,2025-04-12 20:20:01.424950449,2025-04-13 12:19:47.944705413,Low,Operations,Network,Resolved
TCK-2336,2025-02-26 06:40:31.000852373,2025-02-26 21:15:10.614998631,Low,IT Support,Hardware,Resolved
TCK-2337,2025-02-02 01:58:01.154272946,2025-02-02 08:04:54.989632994,Medium,Operations,Software,Closed
TCK-2338,2025-06-04 15:40:01.565241558,2025-06-04 22:17:24.689309817,Medium,IT Support,Access,Closed
TCK-2339,2025-03-14 15:13:06.064720431,2025-03-14 18:44:34.383477409,Medium,IT Support,Software,Resolved
TCK-2340,2025-03-13 17:42:31.845810428,2025-03-14 01:04:46.517700927,Medium,IT Support,Access,Closed
TCK-2341,2025-01-31 13:54:37.566592554,2025-02-01 01:07:21.044484545,None,HR,Network,Closed
TCK-2342,2025-03-10 22:50:37.394486030,2025-03-12 07:06:14.110522357,Low,DevOps,Software,Closed
TCK-2343,2025-06-06 21:23:05.194106278,2025-06-07 15:29:26.308048432,High,Finance,Database,Closed
TCK-2344,2025-03-07 08:42:57.705534818,2025-03-08 01:32:45.609421284,Low,  Finance ,Network,Closed
TCK-2345,2025-06-21 06:55:38.603996704,2025-06-22 02:17:04.932859076,Medium,HR,Hardware,Closed
TCK-2346,2025-06-20 08:03:16.000488842,2025-06-21 01:52:44.484091252,High,HR,Software,Resolved
TCK-2347,2025-01-27 01:57:43.949547845,2025-01-27 20:40:12.069067944,Critical,HR,Software,Closed
TCK-2348,2025-02-01 21:59:04.614784173,2025-02-03 02:21:37.544839402,High,DevOps,Hardware,Closed
TCK-2349,2025-06-05 06:45:07.141801540,2025-06-05 13:08:18.782864942,High,IT Support,Access,Closed
TCK-2350,2025-03-12 16:43:37.811117233,2025-03-13 21:56:19.052966907,High,DevOps,Network,Resolved
TCK-2351,2025-01-01 18:53:44.172465361,2025-01-02 18:01:17.378445621,Low,Operations,Hardware,Resolved
TCK-2352,2025-02-19 07:07:34.540057930,2025-02-19 11:54:29.623771112,High,HR,Database,Resolved
TCK-2353,2025-04-18 13:45:26.102177348,2025-04-19 19:35:37.137677920,High,Finance,Network,Closed
TCK-2354,2025-05-24 20:49:44.302609424,2025-05-25 13:24:09.262032169,Medium,HR,Hardware,Resolved
TCK-2355,2025-01-25 00:14:19.773034372,2025-01-26 08:13:02.241280941,Medium,DevOps,Hardware,Closed
TCK-2356,2025-01-20 21:32:19.299409068,2025-01-22 02:18:31.021420727,High,  DevOps ,Software,Closed
TCK-2357,2025-06-15 23:26:24.948356900,2025-06-16 03:22:34.793386132,High,HR,Software,Closed
TCK-2358,2025-05-16 04:57:39.416376804,2025-05-16 11:46:58.293375092,Low,IT Support,Software,Closed
TCK-2359,2025-04-17 03:50:52.351300676,2025-04-18 23:53:15.210038542,High,Operations,Network,Closed
TCK-2360,2025-05-19 10:53:12.958016674,2025-05-20 18:05:15.177195814,High,DevOps,Access,Closed
TCK-2361,2025-03-19 04:39:03.027040841,2025-03-19 11:56:24.867199664,Low,IT Support,Network,Closed
TCK-2362,2025-05-17 12:31:43.782151538,2025-05-18 06:40:53.864563367,High,Operations,Software,Resolved
TCK-2363,2025-03-08 22:11:20.120301580,2025-03-09 19:40:57.310560975,Low,Operations,Software,Closed
TCK-2364,2025-02-13 22:29:18.791404952,2025-02-15 08:32:49.833485647,Low,Finance,Network,Closed
TCK-2365,2025-05-12 05:20:16.727948248,2025-05-12 12:55:07.808453305,Medium,IT Support,Hardware,Resolved
TCK-2366,2025-03-17 12:59:03.487629836,2025-03-18 19:17:01.873937580,Critical,Finance,Hardware,Closed
TCK-2367,2025-06-26 15:32:56.726480984,2025-06-29 15:14:10.748630528,Low,DevOps,Software,Closed
TCK-2368,2025-03-04 21:46:33.555255586,2025-03-05 11:50:02.351938630,High,  IT Support ,Software,Closed
TCK-2369,2025-06-15 21:51:44.844099138,2025-06-17 01:15:12.619536135,Medium,IT Support,Access,Closed
TCK-2370,2025-06-17 22:23:53.555315220,2025-06-18 20:43:15.108755300,High,DevOps,Hardware,Closed
TCK-2371,2025-02-13 12:48:17.032750932,2025-02-14 08:27:22.945371664,High,IT Support,Access,Resolved
TCK-2372,2025-05-24 16:18:55.816056784,2025-05-25 13:11:33.189669592,High,DevOps,Software,Closed
TCK-2373,2025-03-19 22:52:54.704008277,2025-03-20 15:49:39.890403983,High,HR,Software,Resolved
TCK-2374,2025-06-15 03:42:24.557886374,2025-06-15 15:57:58.902711804,High,IT Support,Access,Closed
TCK-2375,2025-03-23 00:32:12.688023234,2025-03-24 00:32:59.769681780,Low,DevOps,Access,Resolved
TCK-2376,2025-05-14 23:23:31.412030718,2025-05-15 14:13:49.955881440,Low,HR,Software,Closed
TCK-2377,2025-03-26 01:17:57.147315385,2025-03-27 05:40:36.732838789,Low,Operations,Database,Closed
TCK-2378,2025-02-11 00:05:57.352846339,2025-02-11 10:03:16.484554245,High,HR,Software,Closed
TCK-2379,2025-02-05 21:11:33.205347761,2025-02-07 14:39:59.122013020,Low,Operations,Hardware,Closed
TCK-2380,2025-03-18 13:51:45.933074687,2025-03-18 18:06:58.926272065,Low,  IT Support ,Software,Closed
TCK-2381,2025-05-16 23:44:12.905885070,2025-05-18 13:11:23.823512519,High,HR,Network,Closed
TCK-2382,2025-04-19 21:54:31.737531286,2025-04-22 01:03:11.074405513,High,DevOps,Software,Closed
TCK-2383,2025-05-04 22:52:42.716533250,2025-05-05 07:00:20.253682330,High,IT Support,Database,Closed
TCK-2384,2025-02-20 19:38:59.406583169,2025-02-21 10:22:02.427265485,Low,Operations,Hardware,Closed
TCK-2385,2025-03-28 15:48:02.500332681,2025-03-29 02:49:15.136259583,Medium,HR,Software,Resolved
TCK-2386,2025-01-08 23:47:15.160802973,2025-01-09 22:40:45.354805319,Low,Finance,Access,Resolved
TCK-2387,2025-05-28 03:44:24.132980694,2025-05-28 12:02:11.069848467,Low,IT Support,Hardware,Closed
TCK-2388,2025-06-28 04:20:02.907154530,2025-06-30 14:24:04.694883154,Low,DevOps,Hardware,Resolved
TCK-2389,2025-03-15 05:43:03.181938882,2025-03-16 19:43:00.836532990,Medium,HR,Database,Closed
TCK-2390,2025-01-02 23:21:46.733501762,2025-01-03 08:45:14.480227091,Low,IT Support,Access,Resolved
TCK-2391,2025-01-31 13:30:15.130296333,2025-01-31 19:04:24.260369987,Medium,IT Support,Network,Closed
TCK-2392,2025-04-28 10:54:58.002774514,2025-04-28 17:23:10.632474451,Medium,  IT Support ,Software,Closed
TCK-2393,2025-04-21 04:10:57.556706418,2025-04-21 20:36:28.845826599,Low,Operations,Network,Resolved
TCK-2394,2025-05-22 19:34:32.118994380,2025-05-23 04:03:34.484642030,High,HR,Access,Resolved
TCK-2395,2025-02-15 16:46:44.138466532,2025-02-16 06:22:01.690137573,High,Finance,Hardware,Resolved
TCK-2396,2025-05-18 10:53:23.550589028,2025-05-20 03:24:36.993476397,High,HR,Database,Closed
TCK-2397,2025-05-04 20:05:27.502736112,2025-05-05 05:58:46.119136015,Medium,IT Support,Database,Closed
TCK-2398,2025-02-28 02:33:31.068445691,2025-02-28 14:25:34.137640458,None,Operations,Hardware,Closed
TCK-2399,2025-04-09 04:30:31.678581873,2025-04-10 17:21:47.503753635,Critical,Finance,Database,Resolved
TCK-2400,2025-01-27 12:13:22.269765977,2025-01-27 16:56:18.717338740,Medium,IT Support,Network,Closed
TCK-2401,2025-03-23 11:04:43.157430181,2025-03-23 15:59:33.059725947,Medium,IT Support,Hardware,Resolved
TCK-2402,2025-06-08 14:46:21.024769328,2025-06-08 20:27:41.639347609,Low,IT Support,Software,Resolved
TCK-2403,2025-03-17 19:32:48.339044478,2025-03-20 03:34:44.911091679,High,Finance,Software,Closed
TCK-2404,2025-06-01 02:55:41.419105762,2025-06-01 18:47:24.928225969,Medium,  Operations ,Access,Resolved
TCK-2405,2025-04-17 05:53:40.336518768,2025-04-17 10:04:59.627082352,Critical,HR,Hardware,Closed
TCK-2406,2025-02-04 12:54:26.642167852,2025-02-06 09:46:28.411725404,Medium,Finance,Network,Closed
TCK-2407,2025-04-15 14:22:44.317541684,2025-04-16 11:23:56.928218754,None,Finance,Hardware,Resolved
TCK-2408,2025-04-02 01:50:52.735050651,2025-04-02 08:59:15.577846775,High,Operations,Hardware,Closed
TCK-2409,2025-03-13 18:07:50.044974164,2025-03-14 20:35:27.121546092,None,DevOps,Network,Closed
TCK-2410,2025-01-22 12:48:12.595353925,2025-01-22 23:49:58.581357002,Low,IT Support,Database,Closed
TCK-2411,2025-03-17 00:10:53.140152118,2025-03-17 10:35:03.809848802,Low,IT Support,Network,Closed
TCK-2412,2025-01-14 02:20:00.475278681,2025-01-14 23:13:24.706720114,High,IT Support,Hardware,Closed
TCK-2413,2025-01-18 18:40:56.287353379,2025-01-19 00:13:53.975890064,High,IT Support,Hardware,Closed
TCK-2414,2025-03-16 20:45:33.920169599,2025-03-17 15:11:05.470980026,Low,Operations,Hardware,Closed
TCK-2415,2025-02-24 23:14:52.807573548,2025-02-25 21:05:52.936863504,High,DevOps,Hardware,Resolved
TCK-2416,2025-06-16 14:21:05.355809300,2025-06-16 18:16:58.029531398,Medium,  IT Support ,Access,Closed
TCK-2417,2025-03-09 15:02:56.685273968,2025-03-10 04:17:01.018358750,Low,IT Support,Database,Closed
TCK-2418,2025-05-17 09:56:49.514465300,2025-05-18 03:50:54.414432965,Medium,HR,Hardware,Closed
TCK-2419,2025-04-06 10:40:09.530047807,2025-04-07 22:23:36.405572513,Critical,DevOps,Access,Closed
TCK-2420,2025-05-07 17:39:00.318725600,2025-05-08 11:13:40.418913056,Medium,HR,Hardware,Closed
TCK-2421,2025-02-16 19:42:03.767855488,2025-02-17 08:28:40.445879591,High,Operations,Database,Closed
TCK-2422,2025-06-19 13:01:46.137581694,2025-06-19 18:10:13.200994254,Low,IT Support,Database,Closed
TCK-2423,2025-04-06 09:58:56.304013121,2025-04-06 18:38:37.764250782,High,IT Support,Network,Closed
TCK-2424,2025-05-30 15:19:11.956628204,2025-06-01 22:43:14.611578733,Critical,DevOps,Access,Resolved
TCK-2425,2025-03-07 16:59:50.624940517,2025-03-10 14:16:06.081304629,Medium,DevOps,Database,Resolved
TCK-2426,2025-01-19 00:54:46.900433757,2025-01-19 13:33:52.607031895,Low,IT Support,Software,Closed
TCK-2427,2025-05-02 06:26:03.545354640,2025-05-03 13:53:23.409816356,Medium,DevOps,Hardware,Closed
TCK-2428,2025-01-02 09:31:18.050943625,2025-01-03 06:07:16.022458100,Critical,  Operations ,Database,Resolved
TCK-2429,2025-03-27 13:15:56.371546784,2025-03-28 20:26:45.187650877,Low,DevOps,Access,Resolved
TCK-2430,2025-02-04 16:54:15.190268774,2025-02-05 01:24:21.437322955,Medium,HR,Access,Closed
TCK-2431,2025-04-23 22:15:43.844978752,2025-04-24 16:29:07.361004257,Low,Operations,Access,Resolved
TCK-2432,2025-06-26 07:05:37.867039876,2025-06-26 14:22:44.158574060,Medium,HR,Network,Resolved
TCK-2433,2025-03-25 14:13:13.999098686,2025-03-26 07:08:16.058502989,Medium,Operations,Hardware,Closed
TCK-2434,2025-05-28 03:35:32.885487168,2025-05-28 22:51:15.008987816,Critical,IT Support,Software,Closed
TCK-2435,2025-04-02 09:37:39.675463835,2025-04-02 22:27:14.264243338,Medium,IT Support,Access,Closed
TCK-2436,2025-03-31 06:01:44.163729782,2025-03-31 14:58:45.092974496,Medium,HR,Hardware,Closed
TCK-2437,2025-06-17 11:25:46.165916354,2025-06-18 11:03:29.188863490,Critical,Finance,Access,Closed
TCK-2438,2025-06-10 04:39:09.190748390,2025-06-10 10:15:11.436896645,Low,IT Support,Access,Closed
TCK-2439,2025-05-22 10:39:28.834603378,2025-05-23 04:06:14.715834705,Medium,Operations,Software,Closed
TCK-2440,2025-02-23 07:49:29.475582627,2025-02-25 11:59:47.766584860,High,  DevOps ,Hardware,Closed
TCK-2441,2025-04-09 02:26:10.881338723,2025-04-09 14:13:05.962133164,Low,IT Support,Access,Closed
TCK-2442,2025-02-10 07:14:09.772370013,2025-02-12 21:33:57.984966092,Low,Operations,Network,Resolved
TCK-2443,2025-03-21 21:43:12.488019787,2025-03-22 23:29:49.506545750,Medium,HR,Access,Closed
TCK-2444,2025-03-29 03:48:01.598696264,2025-03-30 14:07:45.617688655,Medium,DevOps,Hardware,Closed
TCK-2445,2025-05-30 16:41:05.904713436,2025-05-31 04:36:36.081318740,Low,IT Support,Database,Closed
TCK-2446,2025-06-11 06:50:33.137534292,2025-06-11 23:06:35.020070237,None,Operations,Access,Closed
TCK-2447,2025-03-16 15:09:31.210390024,2025-03-17 05:06:03.169635199,Medium,Finance,Network,Closed
TCK-2448,2025-01-04 04:28:59.529778985,2025-01-06 16:02:12.220984907,High,DevOps,Network,Resolved
TCK-2449,2025-06-05 02:51:46.756404042,2025-06-06 08:40:25.287875824,Low,Operations,Access,Closed
TCK-2450,2025-02-01 08:53:02.008053161,2025-02-01 21:28:17.488361424,Critical,HR,Hardware,Closed
TCK-2451,2025-04-22 22:31:48.302423400,2025-04-23 19:10:20.378648131,High,Operations,Access,Closed
TCK-2452,2025-01-05 11:52:27.443551608,2025-01-07 21:31:41.256101748,High,  DevOps ,Network,Closed
TCK-2453,2025-03-13 21:52:04.703252295,2025-03-15 01:21:01.508596738,Medium,Operations,Access,Closed
TCK-2454,2025-06-27 11:20:54.618497920,2025-06-27 15:26:18.185144830,Medium,IT Support,Network,Closed
TCK-2455,2025-01-19 02:59:46.884366345,2025-01-20 14:00:43.490449131,Medium,DevOps,Database,Closed
TCK-2456,2025-03-18 06:21:15.899898437,2025-03-18 22:54:26.023002873,High,Operations,Access,Resolved
TCK-2457,2025-02-25 06:53:16.025354136,2025-02-26 14:17:23.284400080,High,Operations,Software,Closed
TCK-2458,2025-06-12 21:58:50.494934286,2025-06-13 12:12:50.541118001,Low,IT Support,Access,Resolved
TCK-2459,2025-06-06 11:32:57.358175188,2025-06-07 22:21:04.660358442,Critical,Operations,Network,Resolved
TCK-2460,2025-02-12 18:51:31.120282470,2025-02-13 02:58:42.086688604,Critical,HR,Hardware,Closed
TCK-2461,2025-01-15 14:43:52.464208305,2025-01-16 02:53:35.649066769,Medium,Operations,Network,Resolved
TCK-2462,2025-04-23 21:14:16.304438500,2025-04-24 12:04:28.613545552,Low,IT Support,Database,Closed
TCK-2463,2025-03-02 13:06:46.207215454,2025-03-03 02:30:12.168701276,High,Operations,Hardware,Closed
TCK-2464,2025-05-01 23:24:16.442705494,2025-05-02 13:53:30.634588916,Medium,  DevOps ,Software,Resolved
TCK-2465,2025-01-06 18:45:26.446366650,2025-01-07 05:51:03.248290316,High,IT Support,Software,Closed
TCK-2466,2025-01-25 00:17:04.905480315,2025-01-25 23:51:51.130426528,High,DevOps,Database,Closed
TCK-2467,2025-05-04 13:07:40.964080150,2025-05-05 23:52:35.682188259,Low,HR,Database,Resolved
TCK-2468,2025-02-08 05:26:28.431264445,2025-02-09 17:23:22.011843817,Medium,DevOps,Database,Closed
TCK-2469,2025-06-04 08:46:43.533456870,2025-06-05 11:19:21.840519053,Medium,Finance,Database,Resolved
TCK-2470,2025-01-11 13:06:45.485668026,2025-01-12 04:04:41.407430098,Critical,Operations,Access,Closed
TCK-2471,2025-02-08 18:52:55.796281256,2025-02-11 01:09:31.085315865,Low,Finance,Network,Closed
TCK-2472,2025-06-29 17:46:48.984439786,2025-07-01 06:52:01.908139213,Low,DevOps,Access,Closed
TCK-2473,2025-03-19 22:53:19.547429799,2025-03-20 10:27:55.573579048,Critical,HR,Hardware,Closed
TCK-2474,2025-05-07 12:48:41.999446296,2025-05-07 22:21:30.276380636,Low,HR,Software,Closed
TCK-2475,2025-02-02 21:06:15.735824276,2025-02-03 14:27:18.404436138,Medium,Operations,Software,Closed
TCK-2476,2025-04-20 18:37:58.566495084,2025-04-21 09:39:35.826863789,Low,  Finance ,Hardware,Closed
TCK-2477,2025-05-11 16:46:41.575281198,2025-05-13 09:45:33.661211216,Medium,Finance,Software,Resolved
TCK-2478,2025-02-26 14:32:20.640995972,2025-02-27 00:27:30.825774069,Medium,Finance,Database,Closed
TCK-2479,2025-05-30 04:50:07.885448850,2025-05-30 18:04:43.440599627,Medium,HR,Database,Closed
TCK-2480,2025-04-19 14:45:50.180400948,2025-04-21 00:00:12.495556541,None,Finance,Database,Closed
TCK-2481,2025-03-12 01:00:41.045532950,2025-03-12 11:05:49.830387824,Low,IT Support,Hardware,Closed
TCK-2482,2025-04-11 09:00:54.501272801,2025-04-11 21:35:25.386554529,Medium,Operations,Network,Resolved
TCK-2483,2025-04-14 19:36:24.699323494,2025-04-15 07:25:53.830158180,Medium,IT Support,Hardware,Resolved
TCK-2484,2025-01-30 19:06:44.871975004,2025-01-31 04:13:48.745955258,Medium,HR,Network,Resolved
TCK-2485,2025-03-14 11:48:13.816171058,2025-03-15 01:50:44.854294432,Medium,HR,Software,Resolved
TCK-2486,2025-03-03 19:37:12.504879157,2025-03-04 15:17:29.328629172,Low,HR,Software,Closed
TCK-2487,2025-03-14 03:53:59.141550569,2025-03-15 02:35:15.287917685,Critical,Operations,Software,Closed
TCK-2488,2025-05-17 23:59:51.872122732,2025-05-18 10:07:47.937571244,Medium,  HR ,Network,Closed
TCK-2489,2025-03-28 20:33:57.312921693,2025-03-29 22:24:27.410284243,Low,HR,Software,Resolved
TCK-2490,2025-06-19 06:09:56.815177038,2025-06-19 15:02:32.410555325,Medium,IT Support,Hardware,Closed
TCK-2491,2025-02-22 20:40:55.580550400,2025-02-23 17:16:14.699574335,Low,HR,Network,Closed
TCK-2492,2025-03-16 19:50:22.049487215,2025-03-17 14:05:51.725440393,Low,IT Support,Database,Closed
TCK-2493,2025-05-22 15:39:12.316570052,2025-05-23 06:30:56.523410677,Low,IT Support,Network,Resolved
TCK-2494,2025-04-09 06:49:34.475324308,2025-04-10 14:20:25.393739572,Low,Operations,Hardware,Closed
TCK-2495,2025-04-09 11:09:41.733193012,2025-04-10 06:58:55.174084073,Low,Operations,Hardware,Closed
TCK-2496,2025-01-10 14:25:46.215056614,2025-01-11 17:12:03.752829778,Medium,Operations,Hardware,Closed
TCK-2497,2025-03-13 17:57:01.954597425,2025-03-14 09:45:03.678761951,Medium,HR,Software,Resolved
TCK-2498,2025-02-18 17:34:11.006622784,2025-02-19 01:19:35.761755810,Medium,HR,Database,Closed
TCK-2499,2025-06-29 21:07:39.830269506,2025-07-01 09:11:38.534861430,Low,DevOps,Database,Closed
TCK-2500,2025-02-25 12:05:38.058473689,2025-02-26 08:33:19.987227888,Critical,  Operations ,Access,Resolved
TCK-2501,2025-06-09 05:01:30.109114164,2025-06-10 00:02:15.792731365,High,HR,Hardware,Resolved
TCK-2502,2025-05-02 17:19:47.047349506,2025-05-03 01:18:10.043745333,None,IT Support,Software,Closed
TCK-2503,2025-03-03 08:45:31.995755390,2025-03-03 18:27:45.557849306,Medium,HR,Network,Closed
TCK-2504,2025-04-08 20:04:06.652474372,2025-04-09 15:47:08.831908878,Medium,HR,Software,Resolved
TCK-2505,2025-06-01 07:06:54.004969862,2025-06-01 14:28:44.472773219,Low,HR,Hardware,Closed
TCK-2506,2025-06-09 00:09:03.770976740,2025-06-10 13:28:49.625206954,High,Operations,Software,Resolved
TCK-2507,2025-01-29 20:54:05.544095570,2025-01-30 12:56:05.130755475,Low,Operations,Hardware,Resolved
TCK-2508,2025-03-03 02:57:21.492069454,2025-03-03 23:18:25.516500919,Low,Operations,Network,Resolved
TCK-2509,2025-03-02 08:09:50.898681466,2025-03-03 16:33:26.846656959,Medium,Finance,Network,Closed
TCK-2510,2025-01-08 13:38:00.668573091,2025-01-09 22:33:05.174604630,Medium,Finance,Database,Closed
TCK-2511,2025-04-18 16:23:13.641216696,2025-04-19 04:29:56.155382112,Medium,Finance,Access,Closed
TCK-2512,2025-06-03 20:49:21.464134506,2025-06-05 19:37:46.281690310,Low,  DevOps ,Software,Resolved
TCK-2513,2025-03-10 16:24:04.879462453,2025-03-11 02:17:33.114170969,Medium,IT Support,Access,Closed
TCK-2514,2025-05-14 04:57:19.016393920,2025-05-14 11:08:31.885743328,Critical,IT Support,Software,Closed
TCK-2515,2025-04-23 23:39:56.832318706,2025-04-24 05:30:31.386727301,High,IT Support,Database,Closed
TCK-2516,2025-03-09 14:48:09.134387149,2025-03-10 06:02:01.413877397,Medium,Operations,Database,Resolved
TCK-2517,2025-01-26 09:22:42.001704204,2025-01-27 01:34:18.976787226,Medium,DevOps,Network,Closed
TCK-2518,2025-05-08 16:16:44.558371844,2025-05-09 12:23:19.302688971,Low,IT Support,Network,Resolved
TCK-2519,2025-06-03 19:43:17.507374172,2025-06-06 12:53:44.435439358,Low,DevOps,Network,Resolved
TCK-2520,2025-05-04 10:53:29.065828002,2025-05-04 21:32:42.731558814,Low,IT Support,Software,Closed
TCK-2521,2025-01-04 05:14:06.183709490,2025-01-05 08:57:31.538967349,Medium,DevOps,Access,Closed
TCK-2522,2025-02-08 22:07:33.973568696,2025-02-09 10:59:36.196186975,High,HR,Access,Closed
TCK-2523,2025-01-13 12:09:12.724908688,2025-01-14 00:34:15.378398476,Medium,IT Support,Network,Closed
TCK-2524,2025-04-13 16:04:04.620609479,2025-04-15 02:15:55.974231158,Low,  HR ,Database,Closed
TCK-2525,2025-05-17 03:59:00.861326092,2025-05-17 10:22:27.933147366,Medium,IT Support,Access,Closed
TCK-2526,2025-01-20 21:42:07.517291791,2025-01-21 02:33:47.624159668,Low,IT Support,Database,Closed
TCK-2527,2025-05-31 21:37:09.785868328,2025-06-02 04:24:19.641909046,High,HR,Network,Resolved
TCK-2528,2025-04-10 23:47:55.632006554,2025-04-11 09:49:26.420602090,Low,Finance,Software,Closed
TCK-2529,2025-05-05 04:39:58.076828106,2025-05-05 15:32:13.976629395,Medium,Operations,Hardware,Closed
TCK-2530,2025-06-24 20:27:21.549561666,2025-06-25 09:00:25.722252671,Medium,HR,Access,Closed
TCK-2531,2025-01-16 01:30:06.729228188,2025-01-16 09:45:05.001440764,Low,Operations,Network,Closed
TCK-2532,2025-06-12 05:17:16.005350578,2025-06-14 00:00:40.379076350,Low,Finance,Network,Resolved
TCK-2533,2025-01-23 16:45:49.127996189,2025-01-24 05:48:36.476340798,Medium,IT Support,Access,Closed
TCK-2534,2025-03-12 17:34:55.360813683,2025-03-13 04:14:06.306868016,Low,HR,Hardware,Resolved
TCK-2535,2025-06-03 06:12:54.605341490,2025-06-03 22:19:55.724549610,Medium,IT Support,Software,Closed
TCK-2536,2025-06-13 03:01:05.889747328,2025-06-13 20:33:44.312900102,High,  IT Support ,Access,Resolved
TCK-2537,2025-04-02 03:31:32.266974100,2025-04-02 20:32:07.350115362,Low,Operations,Software,Resolved
TCK-2538,2025-04-17 22:31:55.334459410,2025-04-18 05:19:01.768792369,Medium,IT Support,Network,Closed
TCK-2539,2025-05-08 11:11:47.347676762,2025-05-10 18:54:25.976528827,Critical,Operations,Access,Closed
TCK-2540,2025-05-30 21:31:02.811776610,2025-06-01 08:39:15.926048757,Medium,Finance,Software,Closed
TCK-2541,2025-01-22 20:55:41.708649784,2025-01-23 06:35:25.876465734,None,IT Support,Database,Resolved
TCK-2542,2025-05-26 19:29:57.881580948,2025-05-28 07:05:32.135972025,Low,Operations,Database,Resolved
TCK-2543,2025-03-28 15:06:46.692756664,2025-03-29 00:59:53.156245098,High,IT Support,Database,Closed
TCK-2544,2025-03-23 02:41:35.507282244,2025-03-24 02:46:05.763292053,Medium,DevOps,Software,Closed
TCK-2545,2025-03-18 07:14:48.943057317,2025-03-18 22:01:39.440131750,High,HR,Database,Resolved
TCK-2546,2025-04-02 15:47:38.573746455,2025-04-04 08:58:33.624531317,Low,Finance,Network,Closed
TCK-2547,2025-06-20 02:37:06.206392874,2025-06-20 09:15:58.118913337,Low,Operations,Software,Closed
TCK-2548,2025-04-09 16:14:25.074463543,2025-04-09 23:36:00.832318656,Low,  IT Support ,Network,Closed
TCK-2549,2025-06-21 13:43:37.075068342,2025-06-23 01:40:07.489546732,Critical,Operations,Hardware,Resolved
TCK-2550,2025-02-02 10:51:12.111334442,2025-02-03 10:51:12.039932685,Medium,DevOps,Software,Resolved
TCK-2551,2025-05-11 08:16:02.742805110,2025-05-12 23:15:43.704730301,Critical,Operations,Database,Closed
TCK-2552,2025-05-27 04:52:29.304443236,2025-05-29 06:34:36.478228430,Low,Finance,Database,Closed
TCK-2553,2025-05-03 05:50:11.584919774,2025-05-04 11:50:14.313582723,Low,DevOps,Hardware,Closed
TCK-2554,2025-04-20 05:54:15.302083156,2025-04-20 12:18:03.750896347,Low,IT Support,Access,Closed
TCK-2555,2025-04-12 15:59:28.371452307,2025-04-12 23:21:13.031592632,Medium,IT Support,Hardware,Closed
TCK-2556,2025-06-04 23:13:10.865063880,2025-06-07 19:26:08.431286435,High,Operations,Database,Closed
TCK-2557,2025-05-28 21:30:47.879102304,2025-05-30 09:45:49.811400505,Medium,HR,Database,Resolved
TCK-2558,2025-01-23 00:17:14.191800683,2025-01-24 02:22:20.958732209,Critical,Finance,Access,Closed
TCK-2559,2025-06-02 17:53:55.242144216,2025-06-03 16:46:14.192957761,Low,DevOps,Hardware,Closed
TCK-2560,2025-03-16 12:46:35.169537761,2025-03-17 03:49:56.005276459,Medium,  HR ,Network,Closed
TCK-2561,2025-02-15 15:58:13.100094849,2025-02-16 01:34:20.584124186,High,IT Support,Hardware,Closed
TCK-2562,2025-06-06 13:24:00.769752576,2025-06-07 02:33:27.855510616,Low,Finance,Network,Closed
TCK-2563,2025-03-19 18:20:49.683903950,2025-03-20 03:11:39.150788708,Low,IT Support,Database,Closed
TCK-2564,2025-05-26 12:08:07.661629854,2025-05-28 11:35:41.616316194,Medium,Finance,Database,Closed
TCK-2565,2025-02-17 09:54:12.973137293,2025-02-17 15:40:43.500536201,Low,HR,Hardware,Closed
TCK-2566,2025-01-01 16:58:28.806758331,2025-01-02 20:11:12.563972831,Critical,Operations,Database,Closed
TCK-2567,2025-03-31 04:23:01.368026591,2025-03-31 21:17:10.587603096,None,IT Support,Access,Closed
TCK-2568,2025-01-19 00:59:09.847310136,2025-01-19 14:35:10.987729455,High,Operations,Software,Closed
TCK-2569,2025-05-16 18:54:14.860323396,2025-05-18 04:01:49.816384396,High,HR,Network,Closed
TCK-2570,2025-02-19 16:38:40.516151470,2025-02-20 05:23:25.461358530,Low,Operations,Database,Closed
TCK-2571,2025-03-21 20:32:57.095977301,2025-03-22 07:08:47.690441262,Low,IT Support,Network,Closed
TCK-2572,2025-01-16 15:59:06.004303851,2025-01-17 13:00:03.810307340,High,  Finance ,Hardware,Closed
TCK-2573,2025-02-21 14:22:04.631851673,2025-02-22 16:57:24.211481535,Medium,DevOps,Access,Closed
TCK-2574,2025-05-21 16:02:16.263157312,2025-05-21 22:16:50.069625397,Medium,IT Support,Network,Closed
TCK-2575,2025-01-28 06:51:35.205904872,2025-01-28 18:54:47.755123990,High,IT Support,Database,Closed
TCK-2576,2025-04-27 11:43:45.494646442,2025-04-28 00:43:23.014280731,Medium,IT Support,Software,Closed
TCK-2577,2025-06-15 03:16:46.862815602,2025-06-15 20:42:32.842273158,Low,Operations,Access,Closed
TCK-2578,2025-05-03 08:53:41.287752066,2025-05-03 18:00:50.590614699,High,Operations,Hardware,Closed
TCK-2579,2025-05-26 23:36:49.311872712,2025-05-27 21:38:01.764510689,Medium,Operations,Database,Closed
TCK-2580,2025-01-20 14:45:26.778934498,2025-01-21 01:15:15.368309339,High,IT Support,Access,Closed
TCK-2581,2025-02-15 03:09:41.357983951,2025-02-15 15:54:11.678880905,Medium,HR,Database,Resolved
TCK-2582,2025-06-11 00:24:28.230045672,2025-06-12 22:11:39.319114930,Low,Operations,Hardware,Resolved
TCK-2583,2025-05-09 17:15:22.502988522,2025-05-09 23:45:10.224843837,Low,HR,Hardware,Resolved
TCK-2584,2025-04-26 02:52:21.107819942,2025-04-26 13:06:09.872723157,High,  DevOps ,Software,Closed
TCK-2585,2025-04-30 11:28:20.280164678,2025-04-30 17:22:13.831888203,Medium,IT Support,Access,Closed
TCK-2586,2025-03-16 13:20:47.020545814,2025-03-17 15:01:23.146004209,Medium,Operations,Software,Closed
TCK-2587,2025-01-09 00:29:04.734917742,2025-01-09 08:51:36.802319221,Medium,HR,Software,Closed
TCK-2588,2025-05-22 04:47:14.862283978,2025-05-22 13:28:57.123892723,Medium,HR,Software,Closed
TCK-2589,2025-05-03 04:02:28.249621182,2025-05-04 19:27:27.546783116,Low,Finance,Network,Resolved
TCK-2590,2025-03-27 02:30:55.025881095,2025-03-28 01:11:56.273562797,Medium,Operations,Hardware,Closed
TCK-2591,2025-06-11 22:57:41.538207140,2025-06-13 12:23:35.620516494,Low,DevOps,Software,Resolved
TCK-2592,2025-03-02 12:12:35.109848257,2025-03-03 00:46:23.024124005,Medium,IT Support,Network,Closed
TCK-2593,2025-02-22 23:28:11.766284181,2025-02-23 06:20:31.325059061,Medium,IT Support,Network,Closed
TCK-2594,2025-06-07 02:28:48.447635494,2025-06-07 22:45:03.302360180,Low,Finance,Network,Closed
TCK-2595,2025-05-24 10:59:12.006811742,2025-05-25 13:58:16.087041783,Medium,Operations,Software,Closed
TCK-2596,2025-04-03 16:42:46.015203058,2025-04-03 21:03:06.085089534,Medium,  IT Support ,Network,Closed
TCK-2597,2025-01-24 12:46:26.668048482,2025-01-24 15:41:08.464546401,Low,IT Support,Software,Closed
TCK-2598,2025-02-08 17:06:31.524224496,2025-02-08 23:57:11.198571572,None,IT Support,Access,Closed
TCK-2599,2025-04-29 02:54:17.706837760,2025-05-01 04:16:44.085360016,Low,DevOps,Hardware,Resolved
TCK-2600,2025-03-11 07:22:41.330894082,2025-03-11 17:02:12.197110131,Medium,IT Support,Database,Resolved
TCK-2601,2025-05-31 13:33:51.076789186,2025-06-01 11:21:49.330383263,Low,HR,Software,Resolved
TCK-2602,2025-06-20 23:48:20.305134438,2025-06-21 02:54:26.075193788,High,IT Support,Hardware,Resolved
TCK-2603,2025-05-26 00:21:05.461875528,2025-05-26 16:58:40.416596895,Critical,HR,Software,Closed
TCK-2604,2025-03-09 22:59:46.418426905,2025-03-10 10:46:59.668777025,Medium,IT Support,Access,Resolved
TCK-2605,2025-05-22 23:07:31.347407106,2025-05-23 08:17:11.531268527,High,Operations,Hardware,Closed
TCK-2606,2025-03-05 06:13:40.905816069,2025-03-05 19:18:29.405551445,Low,IT Support,Hardware,Closed
TCK-2607,2025-01-31 01:52:20.564931138,2025-02-01 01:02:37.180315975,Low,Finance,Network,Closed
TCK-2608,2025-01-07 00:15:31.122073814,2025-01-08 15:44:10.637247682,Low,  IT Support ,Software,Closed
TCK-2609,2025-03-11 10:17:46.316859384,2025-03-11 16:21:23.275112593,Low,Operations,Software,Resolved
TCK-2610,2025-06-12 15:22:34.291100128,2025-06-15 04:50:45.215049062,Medium,DevOps,Database,Closed
TCK-2611,2025-02-13 00:25:19.412776280,2025-02-13 15:12:08.359573872,Medium,Operations,Network,Resolved
TCK-2612,2025-02-07 04:08:12.740988001,2025-02-07 12:09:20.626409063,Medium,Operations,Network,Resolved
TCK-2613,2025-06-24 13:37:32.852068658,2025-06-25 00:32:12.174683063,High,HR,Database,Closed
TCK-2614,2025-01-05 12:01:03.963052408,2025-01-06 04:19:51.893514358,Low,HR,Network,Closed
TCK-2615,2025-05-22 10:34:44.002923668,2025-05-23 16:49:01.421354041,Low,Operations,Network,Closed
TCK-2616,2025-02-27 20:19:05.551682016,2025-03-02 21:38:53.431949104,Medium,DevOps,Access,Closed
TCK-2617,2025-01-07 17:56:52.705236941,2025-01-09 06:35:40.154898316,Medium,Operations,Hardware,Closed
TCK-2618,2025-06-15 04:54:25.105339446,2025-06-15 16:00:54.512298032,Low,Operations,Database,Resolved
TCK-2619,2025-01-26 03:15:17.519419444,2025-01-27 22:21:53.593125874,Low,Finance,Access,Closed
TCK-2620,2025-04-10 07:41:11.420502014,2025-04-11 00:57:18.046027661,Medium,  HR ,Access,Closed
TCK-2621,2025-02-19 07:54:51.033944327,2025-02-19 14:02:29.544606390,Low,IT Support,Access,Closed
TCK-2622,2025-01-12 17:37:58.459576315,2025-01-13 09:49:23.782257404,High,Operations,Network,Resolved
TCK-2623,2025-01-09 23:39:54.497036871,2025-01-10 21:24:11.609565556,Low,DevOps,Database,Closed
TCK-2624,2025-01-21 19:12:17.780302740,2025-01-22 03:51:50.588414435,Low,IT Support,Network,Resolved
TCK-2625,2025-01-13 20:18:19.800007638,2025-01-14 08:48:11.438544395,Medium,Operations,Network,Closed
TCK-2626,2025-05-17 21:36:39.812565840,2025-05-18 02:41:41.677659667,None,IT Support,Access,Closed
TCK-2627,2025-03-29 09:38:45.577911890,2025-03-30 08:31:06.249060378,Medium,Operations,Software,Closed
TCK-2628,2025-03-03 17:17:37.804659332,2025-03-04 04:56:01.134004705,Medium,IT Support,Database,Closed
TCK-2629,2025-03-17 07:21:13.290372975,2025-03-17 20:16:56.322652783,Low,HR,Database,Closed
TCK-2630,2025-06-17 05:02:59.631625438,2025-06-19 05:35:42.954001465,Medium,Finance,Access,Resolved
TCK-2631,2025-06-13 22:26:52.191703666,2025-06-14 10:54:50.767037933,Low,HR,Access,Resolved
TCK-2632,2025-05-09 19:43:20.618866316,2025-05-10 11:11:37.175813860,Medium,  Operations ,Hardware,Closed
TCK-2633,2025-06-09 05:49:40.333662088,2025-06-10 15:54:53.721265298,Medium,Finance,Access,Closed
TCK-2634,2025-02-27 12:52:46.125042740,2025-02-28 17:53:36.100964194,Low,DevOps,Network,Resolved
TCK-2635,2025-03-10 14:23:32.238080814,2025-03-10 23:15:37.540461569,Low,IT Support,Access,Resolved
TCK-2636,2025-04-21 11:14:11.852196954,2025-04-21 15:15:49.067381740,High,HR,Database,Closed
TCK-2637,2025-04-23 06:03:50.732367052,2025-04-23 14:38:07.426030731,Medium,IT Support,Software,Closed
TCK-2638,2025-03-28 16:56:35.880767927,2025-03-29 05:22:36.247701520,High,DevOps,Software,Closed
TCK-2639,2025-03-14 02:50:30.858907050,2025-03-14 19:40:40.002401952,Low,DevOps,Network,Closed
TCK-2640,2025-06-27 12:17:56.206138426,2025-06-27 21:31:52.562037326,Medium,Operations,Software,Closed
TCK-2641,2025-05-28 19:15:14.633382850,2025-05-29 09:48:03.663392306,Low,Finance,Access,Resolved
TCK-2642,2025-03-20 07:06:52.037554879,2025-03-20 20:47:40.525894835,Low,Operations,Software,Closed
TCK-2643,2025-05-11 21:54:12.606029770,2025-05-12 12:01:00.884107024,Medium,Operations,Access,Closed
TCK-2644,2025-02-18 12:30:23.453462250,2025-02-19 00:21:18.159601290,High,  IT Support ,Hardware,Closed
TCK-2645,2025-01-19 00:43:53.361642954,2025-01-20 04:06:46.704642320,Low,Finance,Database,Resolved
TCK-2646,2025-03-05 10:30:07.309396222,2025-03-05 13:47:15.228878085,High,IT Support,Network,Resolved
TCK-2647,2025-03-14 12:50:32.987519027,2025-03-15 14:23:03.845484188,Medium,Finance,Hardware,Resolved
TCK-2648,2025-01-03 23:26:25.361167552,2025-01-05 04:09:58.765181671,Low,Finance,Software,Resolved
TCK-2649,2025-05-27 15:54:05.209441456,2025-05-28 12:41:23.054340957,High,Finance,Network,Resolved
TCK-2650,2025-03-06 15:42:55.793956551,2025-03-06 23:57:38.275373743,Medium,IT Support,Access,Resolved
TCK-2651,2025-04-15 11:24:23.314212848,2025-04-16 03:01:26.592344227,Medium,HR,Hardware,Closed
TCK-2652,2025-01-14 07:31:15.488437907,2025-01-14 19:58:44.421884907,Medium,IT Support,Database,Closed
TCK-2653,2025-02-01 11:59:10.680729082,2025-02-01 18:26:50.696295781,Medium,HR,Database,Resolved
TCK-2654,2025-06-10 03:28:36.816294212,2025-06-10 10:59:58.063129292,High,IT Support,Hardware,Resolved
TCK-2655,2025-04-20 13:31:48.433633318,2025-04-23 07:25:52.422147041,Low,DevOps,Hardware,Closed
TCK-2656,2025-06-21 01:13:37.548251392,2025-06-22 13:46:40.341178291,Low,  Operations ,Hardware,Closed
TCK-2657,2025-06-29 18:36:00.534853760,2025-06-30 16:19:49.836126874,High,HR,Software,Closed
TCK-2658,2025-03-08 22:26:08.513660284,2025-03-09 17:00:27.662608448,High,HR,Database,Closed
TCK-2659,2025-02-23 18:49:45.252623087,2025-02-25 03:18:25.631915371,Medium,HR,Database,Closed
TCK-2660,2025-06-04 12:05:53.369834272,2025-06-06 11:03:29.299368306,Low,Operations,Software,Closed
TCK-2661,2025-06-29 18:00:04.913286488,2025-06-30 10:52:34.823808738,Medium,Operations,Network,Closed
TCK-2662,2025-04-24 08:03:00.474783176,2025-04-25 03:08:31.783632680,Low,DevOps,Database,Resolved
TCK-2663,2025-05-24 03:00:28.516499196,2025-05-24 15:24:46.346292305,Medium,HR,Network,Resolved
TCK-2664,2025-05-21 17:08:31.596295148,2025-05-27 18:57:23.636420988,Low,DevOps,Network,Closed
TCK-2665,2025-03-05 23:04:03.142230394,2025-03-06 13:12:42.485615901,Medium,DevOps,Network,Resolved
TCK-2666,2025-04-14 08:50:52.953758221,2025-04-14 15:33:57.901347416,Low,IT Support,Database,Closed
TCK-2667,2025-05-30 22:48:21.550541048,2025-05-31 14:06:09.918864608,Medium,DevOps,Access,Closed
TCK-2668,2025-05-04 20:39:07.003611936,2025-05-05 05:41:56.688371977,Medium,  IT Support ,Network,Resolved
TCK-2669,2025-01-04 19:25:39.635048659,2025-01-05 08:51:19.735271600,Medium,Finance,Access,Resolved
TCK-2670,2025-03-02 14:34:06.562694442,2025-03-03 04:01:01.108350314,Low,HR,Software,Closed
TCK-2671,2025-01-27 00:08:06.033439302,2025-01-27 11:49:38.697279963,Low,DevOps,Access,Resolved
TCK-2672,2025-02-11 22:26:23.842237664,2025-02-13 16:39:21.174897766,Low,DevOps,Access,Resolved
TCK-2673,2025-06-12 23:42:52.353945096,2025-06-14 20:51:28.863073661,Medium,Finance,Hardware,Closed
TCK-2674,2025-01-07 15:22:44.429140266,2025-01-08 11:35:58.546903386,Medium,Finance,Network,Closed
TCK-2675,2025-02-09 13:32:20.672431838,2025-02-10 02:48:40.847528360,Low,HR,Database,Resolved
TCK-2676,2025-02-25 17:20:22.566008976,2025-02-26 01:10:21.844539496,High,IT Support,Hardware,Resolved
TCK-2677,2025-04-22 00:56:21.087221372,2025-04-22 16:29:00.751343997,High,HR,Access,Closed
TCK-2678,2025-04-07 03:19:09.484215381,2025-04-07 11:39:31.026960900,Medium,IT Support,Software,Closed
TCK-2679,2025-02-09 06:55:26.997335860,2025-02-10 09:21:08.385302480,Low,Operations,Database,Resolved
TCK-2680,2025-01-30 13:31:17.077454498,2025-01-31 15:49:35.313835197,High,  HR ,Software,Closed
TCK-2681,2025-02-12 14:58:03.034038840,2025-02-13 11:36:06.280310424,High,DevOps,Access,Closed
TCK-2682,2025-04-01 10:55:40.754464148,2025-04-02 02:20:55.093976413,None,Operations,Software,Closed
TCK-2683,2025-02-18 19:29:16.923380635,2025-02-20 09:56:34.108745179,Medium,Finance,Hardware,Closed
TCK-2684,2025-06-20 13:38:34.105003296,2025-06-20 17:49:05.867842561,Critical,IT Support,Software,Closed
TCK-2685,2025-03-25 11:53:51.923661437,2025-03-25 23:28:12.714092097,Low,DevOps,Hardware,Closed
TCK-2686,2025-01-11 13:59:55.649302195,2025-01-13 00:42:46.313881769,Medium,DevOps,Network,Closed
TCK-2687,2025-05-12 06:25:51.143571322,2025-05-13 00:37:50.722676106,Medium,HR,Database,Closed
TCK-2688,2025-03-01 04:36:41.922226206,2025-03-01 17:09:19.382955312,Medium,Operations,Software,Closed
TCK-2689,2025-04-28 15:04:19.871369866,2025-04-29 09:25:01.246132290,Medium,Finance,Hardware,Closed
TCK-2690,2025-02-20 07:50:51.650377304,2025-02-20 13:39:35.797318273,Low,IT Support,Access,Closed
TCK-2691,2025-04-13 17:36:46.671436591,2025-04-14 05:16:53.953414705,High,Operations,Access,Resolved
TCK-2692,2025-05-19 23:41:55.754765692,2025-05-20 19:47:02.955568510,Medium,  HR ,Hardware,Closed
TCK-2693,2025-06-17 00:59:51.952077864,2025-06-17 05:42:30.139745927,Critical,IT Support,Database,Resolved
TCK-2694,2025-02-17 00:04:09.350223214,2025-02-17 12:30:13.803881652,Low,HR,Network,Closed
TCK-2695,2025-03-02 06:34:55.301936155,2025-03-02 11:59:14.734655125,Medium,IT Support,Network,Resolved
TCK-2696,2025-03-25 13:37:51.368286934,2025-03-25 17:44:12.559684057,Medium,IT Support,Database,Resolved
TCK-2697,2025-06-16 21:23:43.076470100,2025-06-17 10:31:43.157944667,Medium,IT Support,Software,Resolved
TCK-2698,2025-06-12 05:59:28.397119340,2025-06-13 05:53:45.274183389,High,DevOps,Hardware,Closed
TCK-2699,2025-01-17 04:16:27.012125122,2025-01-18 00:03:09.349314209,Low,Operations,Network,Closed
TCK-2700,2025-01-24 17:56:12.650123266,2025-01-25 08:31:16.322125254,Low,DevOps,Database,Closed
TCK-2701,2025-03-31 04:35:58.725846087,2025-03-31 14:23:54.840040508,High,HR,Network,Resolved
TCK-2702,2025-01-20 04:35:42.930669946,2025-01-21 01:19:08.842447424,Medium,HR,Network,Closed
TCK-2703,2025-03-04 04:54:33.742318943,2025-03-06 22:32:15.735832651,Low,Operations,Software,Resolved
TCK-2704,2025-01-27 17:01:29.402038212,2025-01-27 22:18:40.374430706,Medium,  HR ,Network,Closed
TCK-2705,2025-04-25 11:41:39.603011088,2025-04-25 19:22:52.295917753,Medium,IT Support,Hardware,Closed
TCK-2706,2025-06-20 21:49:12.954407442,2025-06-21 19:56:27.333872138,Medium,Operations,Database,Closed
TCK-2707,2025-06-29 09:53:23.595618220,2025-06-29 16:08:10.878234003,Low,IT Support,Software,Closed
TCK-2708,2025-03-09 13:02:30.092592020,2025-03-10 16:34:03.864899677,Medium,Operations,Software,Closed
TCK-2709,2025-04-18 19:44:04.532406450,2025-04-19 07:24:15.859222795,Medium,Operations,Database,Closed
TCK-2710,2025-06-04 03:04:34.547606512,2025-06-04 12:15:21.317879344,High,IT Support,Hardware,Closed
TCK-2711,2025-01-22 03:26:10.156129363,2025-01-22 09:58:59.904868871,Critical,IT Support,Network,Resolved
TCK-2712,2025-05-05 02:55:05.720680158,2025-05-06 23:59:45.601591329,Medium,Finance,Network,Closed
TCK-2713,2025-03-15 14:12:16.627148261,2025-03-16 00:19:48.526246260,Low,HR,Hardware,Closed
TCK-2714,2025-02-07 02:33:05.084677112,2025-02-07 09:40:48.414319884,Low,IT Support,Access,Closed
TCK-2715,2025-03-14 11:53:44.278760218,2025-03-16 13:38:12.269220577,Low,DevOps,Database,Resolved
TCK-2716,2025-01-14 16:08:54.382878387,2025-01-14 21:13:55.839974423,Low,  IT Support ,Hardware,Closed
TCK-2717,2025-05-06 04:09:31.974860882,2025-05-06 22:47:18.204400682,High,Operations,Network,Closed
TCK-2718,2025-02-15 11:50:53.984375942,2025-02-16 00:18:38.800311101,High,DevOps,Database,Closed
TCK-2719,2025-02-26 01:16:20.591737943,2025-02-26 06:12:22.093268750,Medium,IT Support,Database,Closed
TCK-2720,2025-01-22 19:04:16.350251228,2025-01-23 05:21:38.840798093,Low,IT Support,Network,Resolved
TCK-2721,2025-06-05 15:19:38.539215596,2025-06-05 20:30:24.904835835,Low,IT Support,Hardware,Resolved
TCK-2722,2025-03-30 19:40:45.431405150,2025-03-31 06:29:40.266131426,High,HR,Access,Closed
TCK-2723,2025-04-13 23:40:28.243334098,2025-04-14 10:33:03.833865623,High,IT Support,Database,Closed
TCK-2724,2025-04-13 11:56:57.087491179,2025-04-14 01:25:24.301667469,Low,Operations,Database,Closed
TCK-2725,2025-03-15 21:19:48.917346947,2025-03-16 10:09:23.110191046,Medium,IT Support,Database,Resolved
TCK-2726,2025-02-04 15:43:45.244893945,2025-02-05 11:46:43.368085801,Low,Operations,Hardware,Closed
TCK-2727,2025-05-15 02:58:24.504647116,2025-05-16 17:31:06.833587846,Low,DevOps,Database,Closed
TCK-2728,2025-01-23 20:52:59.038842551,2025-01-25 18:26:55.669800359,Low,  Finance ,Network,Closed
TCK-2729,2025-01-19 16:44:05.186416061,2025-01-20 13:51:21.963684460,Medium,Operations,Network,Closed
TCK-2730,2025-05-08 19:49:35.624700820,2025-05-10 02:28:39.260183409,Low,HR,Software,Closed
TCK-2731,2025-02-07 14:10:33.342069252,2025-02-08 18:33:53.859928954,Low,Operations,Database,Resolved
TCK-2732,2025-02-25 05:15:29.829039249,2025-02-25 19:06:47.797349969,Low,Operations,Access,Closed
TCK-2733,2025-03-27 12:58:57.566811064,2025-03-28 16:05:25.109372251,Low,HR,Software,Closed
TCK-2734,2025-03-22 21:11:51.677777902,2025-03-23 06:53:47.253290493,Medium,IT Support,Database,Resolved
TCK-2735,2025-05-08 13:03:42.553010868,2025-05-09 14:30:36.287072992,Low,DevOps,Database,Closed
TCK-2736,2025-04-23 05:13:31.251631150,2025-04-23 21:32:45.805209054,Critical,HR,Hardware,Closed
TCK-2737,2025-04-26 23:47:29.115807576,2025-04-27 14:36:54.559848250,Low,IT Support,Hardware,Closed
TCK-2738,2025-05-09 12:42:52.950353672,2025-05-10 06:32:33.381741548,Low,HR,Network,Resolved
TCK-2739,2025-02-22 16:05:13.136889732,2025-02-24 03:24:23.738879888,Low,HR,Software,Closed
TCK-2740,2025-02-28 00:28:47.665120966,2025-03-01 18:39:34.483968218,Low,  Finance ,Software,Resolved
TCK-2741,2025-03-20 20:09:00.975271658,2025-03-22 03:58:31.088674050,Low,Finance,Software,Resolved
TCK-2742,2025-02-25 08:14:11.715017398,2025-02-25 22:54:14.974511104,Low,Finance,Network,Closed
TCK-2743,2025-06-27 06:55:53.738234868,2025-06-27 14:42:03.773050250,High,IT Support,Access,Resolved
TCK-2744,2025-05-27 12:42:15.559706074,2025-05-28 03:25:20.508062568,Medium,HR,Access,Closed
TCK-2745,2025-01-30 15:18:29.711757772,2025-01-31 11:25:30.367620932,High,HR,Access,Closed
TCK-2746,2025-01-02 00:10:00.312274834,2025-01-02 11:51:24.266346417,Low,IT Support,Software,Closed
TCK-2747,2025-01-08 16:49:25.387781509,2025-01-09 02:04:32.475344459,Medium,IT Support,Database,Closed
TCK-2748,2025-02-13 22:21:14.790619573,2025-02-15 00:22:25.160942804,Low,Finance,Software,Closed
TCK-2749,2025-01-21 13:44:18.077334793,2025-01-22 01:55:27.978246536,High,IT Support,Database,Closed
TCK-2750,2025-04-07 00:01:14.362809281,2025-04-07 11:44:17.160089509,None,Operations,Hardware,Closed
TCK-2751,2025-06-04 10:32:21.703855882,2025-06-05 06:22:54.558928351,High,IT Support,Network,Closed
TCK-2752,2025-05-13 14:45:39.435642512,2025-05-13 17:48:54.171132050,Low,  IT Support ,Access,Closed
TCK-2753,2025-02-08 19:25:52.149054225,2025-02-09 13:01:44.039654046,Low,IT Support,Software,Resolved
TCK-2754,2025-03-13 20:58:22.029713022,2025-03-15 03:16:48.946097154,Low,DevOps,Software,Resolved
TCK-2755,2025-04-02 10:06:10.746630429,2025-04-04 02:32:55.658439872,Low,Finance,Hardware,Resolved
TCK-2756,2025-05-26 20:05:21.371475874,2025-05-28 09:16:27.634854300,Low,DevOps,Database,Closed
TCK-2757,2025-06-01 01:00:19.171507076,2025-06-01 17:53:15.052466685,Low,HR,Access,Closed
TCK-2758,2025-06-13 17:58:59.186789732,2025-06-14 05:11:50.814222283,Low,IT Support,Network,Closed
TCK-2759,2025-04-02 15:56:22.135820715,2025-04-03 18:54:51.008505998,Medium,Operations,Database,Closed
TCK-2760,2025-05-05 23:16:00.856570540,2025-05-06 11:18:50.528648103,Medium,HR,Database,Closed
TCK-2761,2025-01-21 02:58:39.373430190,2025-01-22 20:04:48.926230223,High,Finance,Access,Resolved
TCK-2762,2025-04-12 18:02:53.905204330,2025-04-12 22:59:26.185948305,Low,IT Support,Network,Closed
TCK-2763,2025-02-14 18:20:55.020895093,2025-02-15 08:30:38.952851597,Low,HR,Access,Resolved
TCK-2764,2025-03-19 17:01:00.995933856,2025-03-20 05:55:39.269631356,Medium,  IT Support ,Access,Closed
TCK-2765,2025-04-25 03:05:53.505186100,2025-04-26 02:27:06.432111402,Medium,HR,Software,Resolved
TCK-2766,2025-02-16 06:10:45.305502003,2025-02-17 13:01:37.619453084,Low,Finance,Network,Resolved
TCK-2767,2025-01-10 09:26:22.018855228,2025-01-10 21:06:14.038471434,High,HR,Database,Closed
TCK-2768,2025-01-02 20:12:36.934868996,2025-01-03 18:26:37.190160032,Low,HR,Access,Resolved
TCK-2769,2025-01-04 23:43:45.096788399,2025-01-05 09:53:24.769309140,Medium,HR,Hardware,Closed
TCK-2770,2025-01-02 12:04:15.117814145,2025-01-03 22:09:32.050996804,Medium,HR,Network,Resolved
TCK-2771,2025-01-20 20:44:01.839588079,2025-01-21 20:13:05.789315107,Low,Finance,Hardware,Resolved
TCK-2772,2025-02-13 02:35:28.488994660,2025-02-13 16:56:50.418936050,Medium,DevOps,Database,Closed
TCK-2773,2025-02-09 19:40:36.988563117,2025-02-10 12:44:07.395565235,Medium,DevOps,Network,Closed
TCK-2774,2025-06-27 14:57:40.632685754,2025-06-28 16:00:06.470718889,Low,Finance,Software,Closed
TCK-2775,2025-02-25 01:56:46.948209485,2025-02-25 17:10:28.776753277,Critical,HR,Network,Closed
TCK-2776,2025-01-23 22:27:28.022805374,2025-01-25 22:39:00.449079215,Low,  Operations ,Database,Closed
TCK-2777,2025-04-09 04:49:48.686896972,2025-04-09 13:16:43.389850005,Medium,HR,Software,Closed
TCK-2778,2025-06-04 10:22:34.346342050,2025-06-04 19:02:44.113901060,Low,IT Support,Database,Closed
TCK-2779,2025-05-03 01:13:14.979801924,2025-05-03 15:38:44.959113820,Medium,Finance,Network,Closed
TCK-2780,2025-02-23 07:04:28.650234523,2025-02-23 13:43:07.637322169,Low,IT Support,Database,Resolved
TCK-2781,2025-04-12 02:10:54.517076708,2025-04-15 02:07:54.979735132,High,DevOps,Network,Resolved
TCK-2782,2025-05-09 16:10:40.110764762,2025-05-10 00:13:22.779000674,High,HR,Software,Closed
TCK-2783,2025-05-12 01:24:41.065303128,2025-05-13 01:33:07.042761897,Low,Operations,Network,Closed
TCK-2784,2025-04-30 23:26:46.056789658,2025-05-01 21:21:12.772352825,Low,Operations,Database,Resolved
TCK-2785,2025-06-06 17:54:03.726110412,2025-06-08 00:31:43.078181176,Critical,DevOps,Database,Closed
TCK-2786,2025-06-06 14:51:20.088167510,2025-06-07 14:11:37.487722617,Critical,Operations,Database,Closed
TCK-2787,2025-04-15 05:00:21.371897714,2025-04-15 15:05:02.416310173,Medium,Operations,Hardware,Closed
TCK-2788,2025-03-19 08:58:46.252417574,2025-03-20 04:26:12.889403204,Medium,  IT Support ,Hardware,Closed
TCK-2789,2025-04-26 11:35:01.236628432,2025-04-28 10:42:29.685981884,High,Operations,Hardware,Closed
TCK-2790,2025-05-28 06:40:33.045313442,2025-05-28 15:22:42.301324814,Low,IT Support,Access,Closed
TCK-2791,2025-01-02 00:25:01.534490104,2025-01-05 10:42:18.599274050,Medium,Finance,Network,Resolved
TCK-2792,2025-06-28 13:25:37.484198966,2025-06-29 04:10:17.029205486,Medium,Operations,Hardware,Closed
TCK-2793,2025-02-02 22:06:03.947263706,2025-02-03 20:05:27.943325901,High,Operations,Database,Closed
TCK-2794,2025-03-26 15:28:32.224983950,2025-03-27 08:52:03.447837334,Low,IT Support,Database,Closed
TCK-2795,2025-06-06 23:10:06.436276262,2025-06-07 05:55:31.269669429,Medium,IT Support,Hardware,Closed
TCK-2796,2025-02-10 12:10:28.285935388,2025-02-11 00:27:13.044077907,Medium,Finance,Hardware,Resolved
TCK-2797,2025-03-27 19:45:19.322098760,2025-03-27 23:33:08.472198577,High,IT Support,Database,Closed
TCK-2798,2025-01-24 20:45:18.066177698,2025-01-25 20:34:26.111517031,Medium,IT Support,Hardware,Closed
TCK-2799,2025-03-13 02:43:47.012437171,2025-03-13 09:15:14.966194202,Critical,IT Support,Access,Resolved
TCK-2800,2025-02-01 21:13:30.592940775,2025-02-03 01:28:33.172612648,Critical,  DevOps ,Access,Closed
TCK-2801,2025-03-07 10:52:18.748889034,2025-03-08 00:55:01.993631275,Medium,Finance,Access,Closed
TCK-2802,2025-03-09 05:21:55.499560413,2025-03-10 04:10:48.956647633,Low,HR,Software,Closed
TCK-2803,2025-06-28 18:29:52.119833270,2025-06-29 00:14:53.907957343,Medium,IT Support,Access,Closed
TCK-2804,2025-06-29 01:35:32.231732266,2025-06-29 12:41:58.827663618,High,HR,Database,Closed
TCK-2805,2025-01-21 15:52:36.205729844,2025-01-22 20:20:05.416666662,Low,Finance,Software,Closed
TCK-2806,2025-05-11 16:11:06.456114456,2025-05-12 02:45:30.977068580,Medium,Operations,Database,Resolved
TCK-2807,2025-01-10 07:32:25.699813861,2025-01-10 15:18:51.825445191,Low,IT Support,Database,Closed
TCK-2808,2025-01-06 10:25:46.222523957,2025-01-07 03:33:55.171365443,Low,IT Support,Hardware,Resolved
TCK-2809,2025-01-19 23:02:32.723297685,2025-01-20 09:34:19.397909668,Medium,IT Support,Network,Resolved
TCK-2810,2025-06-23 18:53:52.937787390,2025-06-24 14:06:43.595386933,Medium,Operations,Access,Resolved
TCK-2811,2025-06-19 08:31:49.896858334,2025-06-20 11:48:33.147566270,Medium,Finance,Network,Closed
TCK-2812,2025-02-04 21:46:05.461005142,2025-02-05 04:45:55.092493390,High,  IT Support ,Network,Closed
TCK-2813,2025-01-30 02:25:28.162531321,2025-01-31 01:29:07.716400549,Low,IT Support,Hardware,Closed
TCK-2814,2025-02-13 07:06:41.665496008,2025-02-13 12:46:29.154807745,Low,IT Support,Network,Closed
TCK-2815,2025-04-03 19:09:46.851856611,2025-04-05 05:36:39.570609044,High,DevOps,Access,Resolved
TCK-2816,2025-04-13 13:07:26.437414695,2025-04-13 22:07:37.921015631,Medium,IT Support,Software,Resolved
TCK-2817,2025-02-09 21:17:01.030194285,2025-02-11 13:51:16.753676669,Low,Finance,Database,Resolved
TCK-2818,2025-05-17 04:36:37.600374828,2025-05-18 11:51:30.777581667,High,Operations,Access,Closed
TCK-2819,2025-02-25 17:16:10.890550025,2025-02-26 07:14:39.006139872,Critical,HR,Hardware,Closed
TCK-2820,2025-06-15 23:36:26.374633390,2025-06-16 09:26:12.975981957,Medium,IT Support,Software,Closed
TCK-2821,2025-04-29 05:02:31.530815074,2025-04-29 15:03:34.529982923,High,IT Support,Hardware,Resolved
TCK-2822,2025-03-20 13:02:13.773809769,2025-03-20 18:48:59.635844063,Low,Operations,Access,Resolved
TCK-2823,2025-05-23 04:25:11.450482652,2025-05-23 15:29:21.042282767,Low,Finance,Database,Closed
TCK-2824,2025-05-28 05:23:28.264277730,2025-05-28 18:41:31.897421046,High,  Operations ,Network,Closed
TCK-2825,2025-02-22 06:52:49.930430291,2025-02-22 20:28:25.585101389,Medium,Operations,Network,Resolved
TCK-2826,2025-03-03 03:34:00.585738784,2025-03-03 08:14:00.248256500,Low,IT Support,Hardware,Closed
TCK-2827,2025-06-18 11:19:34.550787240,2025-06-20 08:25:17.705782321,Medium,DevOps,Software,Resolved
TCK-2828,2025-01-30 15:40:52.628625605,2025-01-31 16:12:26.100486925,Medium,Finance,Database,Resolved
TCK-2829,2025-01-08 14:05:23.284607552,2025-01-08 21:43:28.623608321,Low,IT Support,Hardware,Closed
TCK-2830,2025-03-23 17:31:08.377223709,2025-03-24 10:03:39.992056534,Medium,DevOps,Database,Resolved
TCK-2831,2025-05-25 05:13:36.368588916,2025-05-25 22:49:49.068709087,Low,Operations,Hardware,Resolved
TCK-2832,2025-05-19 21:36:22.389344718,2025-05-20 02:26:48.387280605,Low,Operations,Software,Closed
TCK-2833,2025-06-15 12:22:20.340852372,2025-06-16 10:57:18.941777268,Medium,Finance,Access,Closed
TCK-2834,2025-04-06 23:25:36.732267314,2025-04-08 00:42:47.612977669,Low,Finance,Network,Resolved
TCK-2835,2025-01-19 00:16:45.772202726,2025-01-19 20:35:37.557783871,Low,Operations,Database,Resolved
TCK-2836,2025-04-16 23:08:10.928873722,2025-04-17 03:01:29.414122121,High,  IT Support ,Database,Closed
TCK-2837,2025-05-21 02:40:08.594421146,2025-05-21 18:33:30.326465042,Medium,HR,Software,Resolved
TCK-2838,2025-01-17 19:10:38.926436340,2025-01-18 13:35:39.955275995,Medium,DevOps,Database,Closed
TCK-2839,2025-02-01 01:52:47.901869716,2025-02-01 07:32:32.203828755,Low,IT Support,Access,Closed
TCK-2840,2025-01-03 05:05:44.362292993,2025-01-04 01:25:40.415602769,Low,HR,Access,Resolved
TCK-2841,2025-04-17 20:34:44.915556796,2025-04-19 11:27:07.562187473,Medium,HR,Software,Closed
TCK-2842,2025-06-09 14:41:33.263542706,2025-06-10 05:15:42.993668655,Low,HR,Hardware,Closed
TCK-2843,2025-05-01 17:15:55.890464650,2025-05-02 05:13:42.926272704,Medium,Operations,Hardware,Resolved
TCK-2844,2025-06-26 18:24:47.442214952,2025-06-28 04:28:47.814935482,Medium,DevOps,Database,Closed
TCK-2845,2025-01-12 08:18:19.363676291,2025-01-12 21:53:55.425617935,Medium,IT Support,Database,Resolved
TCK-2846,2025-06-12 12:57:52.876276070,2025-06-13 00:33:34.499586488,Low,IT Support,Software,Closed
TCK-2847,2025-05-27 12:46:30.005437658,2025-05-28 22:16:39.311400874,Low,IT Support,Access,Closed
TCK-2848,2025-02-26 13:31:24.126808301,2025-02-27 11:12:06.526547489,None,  DevOps ,Software,Closed
TCK-2849,2025-06-25 05:38:04.934172940,2025-06-26 02:03:14.926228853,None,Operations,Hardware,Closed
TCK-2850,2025-02-21 19:53:27.859561846,2025-02-22 14:19:52.053541283,Medium,IT Support,Access,Resolved
TCK-2851,2025-06-10 01:47:47.064976454,2025-06-12 05:18:18.757808532,High,Finance,Database,Closed
TCK-2852,2025-06-08 12:50:01.870657794,2025-06-09 00:31:34.897201860,Medium,DevOps,Hardware,Closed
TCK-2853,2025-05-17 09:04:51.253409428,2025-05-18 09:32:23.306587716,Low,Finance,Network,Resolved
TCK-2854,2025-04-12 10:11:32.808737472,2025-04-15 03:18:48.528198326,Low,DevOps,Hardware,Closed
TCK-2855,2025-01-22 14:24:42.762041843,2025-01-24 02:28:45.174615008,Low,IT Support,Access,Resolved
TCK-2856,2025-04-06 18:07:04.414889541,2025-04-08 04:57:03.947987252,Medium,Finance,Access,Closed
TCK-2857,2025-03-06 05:21:35.367945543,2025-03-06 17:10:26.833297513,Medium,HR,Software,Closed
TCK-2858,2025-05-23 14:22:39.299632030,2025-05-24 05:10:09.703385951,Critical,Finance,Access,Closed
TCK-2859,2025-05-17 11:07:05.419438932,2025-05-20 13:24:47.724775810,High,Finance,Network,Closed
TCK-2860,2025-06-13 21:50:45.714658756,2025-06-15 09:06:59.132504030,High,  Finance ,Network,Resolved
TCK-2861,2025-01-03 16:03:58.686137920,2025-01-04 03:50:43.934636267,Critical,Operations,Access,Resolved
TCK-2862,2025-05-26 15:19:33.228032014,2025-05-26 23:00:17.590711573,High,IT Support,Database,Resolved
TCK-2863,2025-06-18 22:09:21.850194850,2025-06-19 19:10:33.142730164,Low,Operations,Access,Closed
TCK-2864,2025-05-23 01:46:40.584529952,2025-05-24 18:27:51.133436248,Low,DevOps,Database,Closed
TCK-2865,2025-01-24 10:26:24.239903943,2025-01-25 06:12:37.110949910,Medium,DevOps,Access,Closed
TCK-2866,2025-01-15 15:07:32.638485486,2025-01-15 21:22:41.403732783,Medium,IT Support,Hardware,Resolved
TCK-2867,2025-01-04 18:03:05.169489363,2025-01-04 21:46:15.498459844,Medium,IT Support,Access,Resolved
TCK-2868,2025-04-24 04:10:45.752078160,2025-04-24 18:28:29.681039980,High,IT Support,Hardware,Closed
TCK-2869,2025-04-24 08:11:09.081724968,2025-04-25 04:50:20.126849551,None,Finance,Database,Closed
TCK-2870,2025-06-27 15:28:02.083521638,2025-06-28 22:24:02.037977443,Medium,Finance,Access,Resolved
TCK-2871,2025-03-13 15:32:47.443666897,2025-03-14 08:51:17.900817750,Medium,IT Support,Database,Closed
TCK-2872,2025-03-01 17:50:06.542725869,2025-03-02 13:55:36.665230137,High,  Operations ,Network,Closed
TCK-2873,2025-04-23 09:30:56.467571672,2025-04-24 08:40:12.561999850,Low,Finance,Software,Closed
TCK-2874,2025-05-29 14:37:46.074838102,2025-05-30 17:37:26.344267786,Low,Finance,Database,Closed
TCK-2875,2025-06-18 14:51:48.462981726,2025-06-19 09:26:28.625935505,High,Operations,Hardware,Closed
TCK-2876,2025-05-25 13:29:47.032416408,2025-05-26 23:03:37.455715811,High,Operations,Software,Closed
TCK-2877,2025-03-18 19:13:53.746536995,2025-03-19 16:15:29.707420251,Medium,Operations,Access,Closed
TCK-2878,2025-04-25 06:49:46.187573222,2025-04-25 13:18:14.253998507,Critical,IT Support,Hardware,Closed
TCK-2879,2025-06-04 03:12:47.129089052,2025-06-05 09:36:31.116773093,Medium,Operations,Software,Resolved
TCK-2880,2025-03-30 07:26:01.872624172,2025-03-31 16:44:08.650721766,Medium,Operations,Software,Closed
TCK-2881,2025-02-09 00:05:10.682906267,2025-02-09 15:57:45.046263653,Medium,DevOps,Database,Resolved
TCK-2882,2025-01-31 13:12:18.934958920,2025-02-02 03:56:27.740110250,Low,Operations,Access,Closed
TCK-2883,2025-01-01 00:40:53.243677938,2025-01-02 06:04:56.877207427,Low,Finance,Access,Closed
TCK-2884,2025-05-10 06:47:17.297948932,2025-05-10 16:34:53.271735821,Critical,  IT Support ,Access,Resolved
TCK-2885,2025-01-20 23:56:23.791972844,2025-01-21 23:25:46.056884053,Low,HR,Database,Resolved
TCK-2886,2025-02-13 21:23:05.678471265,2025-02-14 03:47:12.130058933,Low,IT Support,Database,Closed
TCK-2887,2025-02-23 14:49:32.707842482,2025-02-24 04:31:20.506980073,Medium,IT Support,Access,Closed
TCK-2888,2025-04-11 20:50:27.584847022,2025-04-12 17:08:03.070373609,Low,Finance,Software,Closed
TCK-2889,2025-03-13 15:10:31.576503803,2025-03-14 06:00:12.087145499,Critical,DevOps,Access,Resolved
TCK-2890,2025-05-02 10:35:29.923944212,2025-05-02 15:45:10.595363579,Low,IT Support,Database,Resolved
TCK-2891,2025-01-11 00:21:32.429879984,2025-01-11 19:12:48.716005777,Medium,HR,Access,Closed
TCK-2892,2025-01-23 07:25:02.349200562,2025-01-23 22:41:17.033456656,Low,Finance,Database,Closed
TCK-2893,2025-03-31 20:35:37.302949364,2025-04-01 15:36:22.820909250,High,IT Support,Access,Resolved
TCK-2894,2025-03-02 15:41:16.380593897,2025-03-04 00:18:38.701843315,Medium,Operations,Software,Closed
TCK-2895,2025-02-23 05:54:49.417509146,2025-02-25 05:38:08.650677962,Medium,Finance,Software,Closed
TCK-2896,2025-01-13 01:33:40.685191553,2025-01-13 20:43:12.289849254,None,  Operations ,Database,Closed
TCK-2897,2025-06-11 05:30:24.605680918,2025-06-11 15:10:35.514783176,Low,IT Support,Database,Closed
TCK-2898,2025-05-05 12:39:22.651416790,2025-05-05 20:28:26.248818396,Medium,HR,Hardware,Closed
TCK-2899,2025-01-22 21:23:25.574859187,2025-01-24 13:41:56.538768404,None,Finance,Network,Closed
TCK-2900,2025-01-12 16:59:54.734728010,2025-01-13 14:45:47.583748363,Medium,Operations,Hardware,Resolved
TCK-2901,2025-06-25 11:26:57.639922692,2025-06-25 22:44:13.576870914,High,IT Support,Database,Closed
TCK-2902,2025-05-03 14:39:55.504435180,2025-05-05 23:39:09.904919305,Low,Finance,Database,Resolved
TCK-2903,2025-03-17 03:24:36.817649867,2025-03-17 09:41:18.368305025,Low,IT Support,Access,Resolved
TCK-2904,2025-05-07 07:28:41.145833966,2025-05-08 06:28:50.099207348,Low,Finance,Hardware,Resolved
TCK-2905,2025-05-17 03:21:11.943339434,2025-05-17 13:21:41.350469559,None,IT Support,Network,Closed
TCK-2906,2025-05-21 09:26:12.171550296,2025-05-22 04:51:21.797301672,None,DevOps,Hardware,Closed
TCK-2907,2025-03-28 00:25:47.857516352,2025-03-28 13:21:30.847414438,Low,HR,Software,Closed
TCK-2908,2025-03-19 09:05:36.654357636,2025-03-20 03:15:45.055974557,Low,  HR ,Software,Closed
TCK-2909,2025-01-02 23:38:28.766549938,2025-01-03 06:51:53.780749891,Low,IT Support,Hardware,Closed
TCK-2910,2025-06-16 18:43:36.254685866,2025-06-17 22:02:59.824981205,Low,HR,Hardware,Closed
TCK-2911,2025-04-19 14:17:24.124704844,2025-04-20 04:51:13.066806794,Medium,DevOps,Database,Closed
TCK-2912,2025-02-06 13:37:30.031178384,2025-02-08 19:58:15.985453583,High,DevOps,Access,Closed
TCK-2913,2025-06-15 12:41:12.378842182,2025-06-16 08:27:00.829421335,High,HR,Software,Closed
TCK-2914,2025-06-14 16:30:20.936331648,2025-06-15 03:11:26.427893643,High,HR,Network,Resolved
TCK-2915,2025-06-28 01:16:32.124221524,2025-06-28 16:42:28.744110151,Medium,Finance,Access,Resolved
TCK-2916,2025-06-07 07:55:27.669937398,2025-06-07 18:52:47.638842581,High,DevOps,Hardware,Closed
TCK-2917,2025-06-29 14:25:42.799377646,2025-06-30 02:31:24.455729308,High,Operations,Software,Closed
TCK-2918,2025-02-14 01:02:39.597693135,2025-02-15 01:00:53.948635276,Medium,HR,Hardware,Resolved
TCK-2919,2025-06-01 14:31:05.549018490,2025-06-02 04:19:31.911712957,Low,HR,Software,Closed
TCK-2920,2025-05-29 03:28:56.258391728,2025-05-30 11:40:44.173844869,Low,  Operations ,Network,Closed
TCK-2921,2025-02-11 13:39:44.466600851,2025-02-11 19:53:49.390319676,Medium,IT Support,Access,Resolved
TCK-2922,2025-01-18 17:15:00.762063408,2025-01-19 18:53:03.645868245,None,Operations,Network,Resolved
TCK-2923,2025-06-26 07:05:47.828714030,2025-06-26 17:00:57.676854746,Medium,HR,Network,Closed
TCK-2924,2025-02-23 06:49:33.825248532,2025-02-23 21:56:38.599536944,Critical,Finance,Access,Closed
TCK-2925,2025-06-06 18:15:09.125355320,2025-06-07 02:18:33.202183063,Low,IT Support,Access,Closed
TCK-2926,2025-01-01 17:49:45.509499439,2025-01-02 06:44:16.225356777,High,Operations,Network,Closed
TCK-2927,2025-01-04 18:49:37.801879253,2025-01-05 01:23:33.654439934,High,HR,Hardware,Closed
TCK-2928,2025-03-25 20:33:50.592845921,2025-03-26 12:59:44.831839138,Medium,Operations,Access,Closed
TCK-2929,2025-02-12 23:14:50.764558108,2025-02-13 08:12:43.336938153,Critical,IT Support,Network,Closed
TCK-2930,2025-05-05 04:06:51.639996116,2025-05-06 14:03:10.362230263,Medium,Operations,Network,Closed
TCK-2931,2025-04-12 19:14:16.391232826,2025-04-13 23:59:30.554025947,Low,Operations,Network,Closed
TCK-2932,2025-01-14 22:44:19.121950043,2025-01-16 07:51:55.689610731,Low,  Operations ,Hardware,Closed
TCK-2933,2025-01-30 06:33:15.264302032,2025-01-31 08:21:31.614029447,Medium,Operations,Database,Closed
TCK-2934,2025-03-11 20:22:22.247948458,2025-03-12 17:37:46.826909199,Critical,Operations,Database,Resolved
TCK-2935,2025-02-03 09:48:34.402634896,2025-02-03 23:03:44.092055676,Low,Finance,Access,Closed
TCK-2936,2025-05-23 14:24:01.944337576,2025-05-23 23:33:43.091757938,Medium,IT Support,Database,Resolved
TCK-2937,2025-03-16 21:25:24.303324611,2025-03-18 06:26:31.140555227,High,Finance,Software,Closed
TCK-2938,2025-01-17 19:37:32.393134548,2025-01-19 01:03:14.712042248,Low,HR,Access,Resolved
TCK-2939,2025-03-29 04:21:40.816136085,2025-03-29 16:20:27.601740936,Low,IT Support,Access,Closed
TCK-2940,2025-01-17 08:25:15.391867113,2025-01-18 00:13:29.496486369,Medium,IT Support,Network,Closed
TCK-2941,2025-01-24 05:00:32.973888996,2025-01-24 13:29:06.707493651,Low,HR,Software,Resolved
TCK-2942,2025-02-13 03:06:52.107702648,2025-02-13 23:55:30.404967419,Low,Finance,Database,Resolved
TCK-2943,2025-06-04 17:09:34.872008960,2025-06-05 23:31:35.195463652,Low,Finance,Access,Resolved
TCK-2944,2025-06-16 10:19:34.102842380,2025-06-18 06:06:17.748323876,Low,  Finance ,Software,Closed
TCK-2945,2025-05-29 17:26:00.206572338,2025-05-30 10:10:21.577306276,Medium,Operations,Hardware,Closed
TCK-2946,2025-03-02 03:12:48.885282360,2025-03-02 16:50:24.410805471,Medium,HR,Hardware,Closed
TCK-2947,2025-02-19 00:58:07.052124549,2025-02-19 12:57:12.208568583,High,IT Support,Network,Resolved
TCK-2948,2025-04-09 20:21:09.303169800,2025-04-10 04:26:23.921509811,Medium,HR,Software,Closed
TCK-2949,2025-05-10 22:24:20.352610962,2025-05-12 06:07:31.992079099,None,HR,Access,Closed
TCK-2950,2025-06-28 19:22:13.601467040,2025-06-29 00:50:49.630519797,Critical,IT Support,Hardware,Closed
TCK-2951,2025-01-24 16:23:07.711141060,2025-01-24 19:38:32.499891836,None,IT Support,Hardware,Closed
TCK-2952,2025-01-09 20:56:29.168818206,2025-01-10 15:01:56.162165144,Medium,Operations,Database,Closed
TCK-2953,2025-05-05 23:37:02.785654456,2025-05-08 08:53:40.670593066,High,Finance,Database,Closed
TCK-2954,2025-05-30 19:12:55.385052738,2025-06-01 12:46:42.696961767,High,DevOps,Software,Closed
TCK-2955,2025-06-02 08:13:36.224482614,2025-06-04 05:21:21.830070928,Low,DevOps,Database,Closed
TCK-2956,2025-05-03 02:57:45.115248002,2025-05-03 21:20:19.983666989,Low,  Operations ,Software,Closed
TCK-2957,2025-06-21 17:20:53.785661596,2025-06-22 06:30:23.688292567,Medium,HR,Access,Resolved
TCK-2958,2025-04-02 23:32:26.082645415,2025-04-03 07:51:15.771276177,Low,Operations,Access,Closed
TCK-2959,2025-06-14 11:40:47.743724776,2025-06-14 19:35:48.021509532,Low,Finance,Access,Closed
TCK-2960,2025-06-24 04:56:54.354492166,2025-06-24 14:19:29.611830631,Medium,IT Support,Database,Closed
TCK-2961,2025-06-02 11:43:12.771312332,2025-06-03 15:05:31.574070782,Medium,HR,Database,Resolved
TCK-2962,2025-02-25 18:09:25.175798068,2025-02-26 23:15:25.363924911,Critical,Finance,Network,Closed
TCK-2963,2025-02-05 07:39:05.807000432,2025-02-06 03:02:49.652227655,Medium,HR,Hardware,Closed
TCK-2964,2025-04-09 15:52:43.250597240,2025-04-11 07:36:48.981574284,Medium,Operations,Access,Closed
TCK-2965,2025-03-23 13:01:25.397912691,2025-03-24 10:14:22.965040790,Low,Operations,Database,Closed
TCK-2966,2025-06-07 23:54:57.737781384,2025-06-08 07:54:37.500558759,Medium,IT Support,Hardware,Closed
TCK-2967,2025-01-19 00:08:12.548436374,2025-01-19 09:34:03.382029090,Medium,HR,Access,Closed
TCK-2968,2025-02-16 09:26:13.433516737,2025-02-18 00:28:03.915598532,High,  HR ,Access,Resolved
TCK-2969,2025-05-16 07:46:17.185154956,2025-05-16 18:49:53.386504137,Medium,IT Support,Hardware,Closed
TCK-2970,2025-01-18 02:20:32.302687158,2025-01-18 07:38:42.961556680,Medium,IT Support,Hardware,Closed
TCK-2971,2025-02-27 17:42:08.166865481,2025-02-28 07:20:36.224557275,Medium,Finance,Database,Resolved
TCK-2972,2025-03-11 16:30:40.688327545,2025-03-12 08:24:56.655805372,High,IT Support,Hardware,Resolved
TCK-2973,2025-04-23 01:36:18.724142954,2025-04-23 12:19:12.966418000,None,Operations,Hardware,Closed
TCK-2974,2025-01-29 11:07:58.906227558,2025-01-30 08:36:36.156264577,Low,IT Support,Database,Closed
TCK-2975,2025-06-04 21:48:41.033918682,2025-06-05 05:37:26.899925437,Medium,DevOps,Access,Resolved
TCK-2976,2025-03-22 13:22:56.845971497,2025-03-23 06:41:37.793634746,High,IT Support,Hardware,Closed
TCK-2977,2025-06-15 01:32:01.663166414,2025-06-15 19:38:52.340326556,Critical,HR,Network,Resolved
TCK-2978,2025-03-26 05:11:52.896834904,2025-03-27 14:05:30.603579443,Medium,DevOps,Software,Closed
TCK-2979,2025-02-19 12:10:26.107046285,2025-02-20 10:36:58.090465151,Low,Finance,Hardware,Closed
TCK-2980,2025-01-26 12:42:01.943750719,2025-01-27 10:34:38.768170933,Medium,  IT Support ,Hardware,Closed
TCK-2981,2025-01-01 16:10:43.712949901,2025-01-03 03:04:08.000778403,Medium,Finance,Software,Resolved
TCK-2982,2025-04-06 18:55:13.206484163,2025-04-07 03:57:36.587690469,Medium,HR,Network,Resolved
TCK-2983,2025-01-20 06:55:00.950607513,2025-01-20 12:55:44.789409539,Low,HR,Access,Closed
TCK-2984,2025-03-12 12:15:50.179992083,2025-03-12 21:33:06.696638951,Low,IT Support,Network,Closed
TCK-2985,2025-04-17 01:39:14.430759172,2025-04-17 10:08:58.046803792,Medium,IT Support,Software,Closed
TCK-2986,2025-02-19 14:57:47.068630795,2025-02-20 02:25:17.969191827,None,Finance,Hardware,Resolved
TCK-2987,2025-02-01 12:58:08.194877824,2025-02-02 02:46:51.763941605,Critical,HR,Access,Closed
TCK-2988,2025-05-20 10:47:50.674820480,2025-05-20 21:27:18.088358075,Medium,HR,Network,Closed
TCK-2989,2025-06-20 10:08:16.311323764,2025-06-21 10:45:06.956327772,High,Finance,Network,Resolved
TCK-2990,2025-01-19 01:54:09.378589295,2025-01-20 13:07:24.018465119,Low,Finance,Access,Closed
TCK-2991,2025-01-29 00:09:00.724835642,2025-01-29 18:04:42.002486422,Medium,IT Support,Network,Closed
TCK-2992,2025-06-22 19:15:16.845594282,2025-06-23 23:36:36.161859259,Low,  Operations ,Software,Closed
TCK-2993,2025-01-07 19:13:40.217624054,2025-01-08 01:09:13.739531056,High,IT Support,Access,Closed
TCK-2994,2025-06-25 23:22:18.098032944,2025-06-27 04:50:04.414700528,None,Finance,Software,Closed
TCK-2995,2025-01-01 20:03:51.000937745,2025-01-02 14:38:28.271976945,High,Operations,Access,Closed
TCK-2996,2025-06-07 06:14:54.932689504,2025-06-07 22:10:26.797418868,Medium,DevOps,Software,Closed
TCK-2997,2025-02-25 07:38:41.214721480,2025-02-25 18:01:03.128938092,High,IT Support,Hardware,Closed
TCK-2998,2025-06-18 22:42:13.922373316,2025-06-19 20:12:40.970450988,Critical,IT Support,Hardware,Resolved
TCK-2999,2025-02-27 01:12:13.128860625,2025-02-27 09:50:33.299658146,Low,IT Support,Network,Resolved
TCK-3000,2025-04-28 18:36:11.912497640,2025-04-28 22:26:01.429542932,High,IT Support,Access,Closed
TCK-3001,2025-01-15 09:44:26.524999846,2025-01-15 18:22:13.157850129,Low,IT Support,Access,Closed
TCK-3002,2025-02-13 14:51:53.227728549,2025-02-14 07:45:42.124411799,High,DevOps,Software,Resolved
TCK-3003,2025-05-20 06:17:41.196445306,2025-05-20 19:23:06.154816668,Low,IT Support,Network,Closed
TCK-3004,2025-04-06 03:55:22.396413004,2025-04-06 14:58:25.110750500,Low,  IT Support ,Network,Resolved
TCK-3005,2025-06-17 00:49:34.848912120,2025-06-17 23:19:10.777799323,High,Finance,Access,Closed
TCK-3006,2025-03-19 04:12:21.902524741,2025-03-19 16:14:21.003861034,Low,HR,Hardware,Closed
TCK-3007,2025-06-06 13:35:21.913138132,2025-06-07 11:37:21.874156595,Low,Finance,Access,Closed
TCK-3008,2025-03-22 19:29:14.963661550,2025-03-23 04:01:21.825673782,Medium,IT Support,Access,Closed
TCK-3009,2025-06-26 06:21:09.230373274,2025-06-26 16:00:15.016405521,High,HR,Database,Closed
TCK-3010,2025-06-22 18:29:04.299515332,2025-06-22 22:43:53.144376788,Low,IT Support,Software,Closed
TCK-3011,2025-03-01 05:52:14.044808161,2025-03-01 20:53:27.828700313,High,IT Support,Software,Resolved
TCK-3012,2025-06-09 11:11:24.922322124,2025-06-10 12:45:24.673495225,High,DevOps,Database,Resolved
TCK-3013,2025-06-02 13:40:52.091801778,2025-06-02 22:55:17.616323412,Medium,IT Support,Network,Resolved
TCK-3014,2025-02-07 22:08:21.539238257,2025-02-08 18:53:56.393931451,Medium,Operations,Software,Closed
TCK-3015,2025-04-23 08:56:04.312981410,2025-04-24 01:36:54.823490902,Low,HR,Network,Closed
TCK-3016,2025-01-14 01:59:15.372052800,2025-01-14 09:53:00.308718658,Medium,  HR ,Hardware,Resolved
TCK-3017,2025-05-31 14:35:25.126513996,2025-06-01 04:00:04.333349728,Low,DevOps,Network,Closed
TCK-3018,2025-02-01 10:02:17.580246378,2025-02-01 16:22:15.145579242,Low,IT Support,Software,Closed
TCK-3019,2025-01-13 17:55:10.235951409,2025-01-14 15:51:27.607043836,Medium,Operations,Network,Closed
TCK-3020,2025-03-14 00:56:47.373819591,2025-03-14 22:29:19.175062370,Medium,DevOps,Hardware,Closed
TCK-3021,2025-04-14 20:18:13.099501655,2025-04-15 11:22:36.226013742,High,Operations,Database,Closed
TCK-3022,2025-06-03 21:14:28.539521558,2025-06-07 15:02:45.006547755,Medium,DevOps,Software,Closed
TCK-3023,2025-06-25 08:43:39.756914046,2025-06-25 12:06:21.413097440,Critical,IT Support,Hardware,Closed
TCK-3024,2025-03-21 02:36:27.555486520,2025-03-21 12:20:33.461837698,Low,HR,Access,Resolved
TCK-3025,2025-01-11 21:07:50.546266922,2025-01-12 19:04:19.028178148,Low,IT Support,Database,Closed
TCK-3026,2025-05-15 20:10:45.485010340,2025-05-16 20:08:20.450660968,Medium,Finance,Database,Resolved
TCK-3027,2025-04-12 17:32:54.480794676,2025-04-13 15:19:42.677146656,Low,DevOps,Software,Closed
TCK-3028,2025-03-22 14:53:26.195021091,2025-03-23 06:08:19.119907292,High,  IT Support ,Hardware,Closed
TCK-3029,2025-02-25 16:02:29.602976134,2025-02-26 10:32:44.006387296,Medium,Operations,Access,Closed
TCK-3030,2025-04-01 10:21:41.905022667,2025-04-01 17:30:11.025502687,Medium,IT Support,Hardware,Closed
TCK-3031,2025-03-02 23:05:45.208515745,2025-03-03 18:54:47.554709069,Medium,Operations,Network,Closed
TCK-3032,2025-05-17 06:17:28.567206948,2025-05-17 16:30:34.716829499,Medium,HR,Software,Closed
TCK-3033,2025-04-08 21:37:14.767853554,2025-04-09 16:15:34.195796655,Medium,DevOps,Network,Closed
TCK-3034,2025-06-07 19:58:56.583644750,2025-06-08 12:59:18.616551266,Low,Operations,Network,Resolved
TCK-3035,2025-04-08 20:06:34.960628124,2025-04-09 04:40:30.790766458,Low,HR,Database,Closed
TCK-3036,2025-02-12 21:17:37.052262592,2025-02-13 05:50:21.098090580,Medium,IT Support,Database,Closed
TCK-3037,2025-06-03 04:43:00.952474310,2025-06-03 14:51:53.489639894,Low,IT Support,Network,Closed
TCK-3038,2025-04-11 07:11:10.586752044,2025-04-11 20:12:27.731458617,High,IT Support,Hardware,Closed
TCK-3039,2025-02-07 05:33:11.825208664,2025-02-07 20:29:35.097868348,Low,IT Support,Software,Closed
TCK-3040,2025-04-23 05:33:13.460439166,2025-04-24 06:51:42.114882440,Low,  DevOps ,Software,Resolved
TCK-3041,2025-03-06 09:20:11.128384633,2025-03-07 08:26:31.625221337,Low,Operations,Hardware,Closed
TCK-3042,2025-06-01 23:49:56.082366208,2025-06-02 22:51:30.467268522,Medium,Operations,Network,Resolved
TCK-3043,2025-03-23 14:15:17.535431034,2025-03-24 00:16:07.625669176,Low,IT Support,Software,Closed
TCK-3044,2025-05-11 18:13:36.001286546,2025-05-12 18:37:07.402315060,Low,DevOps,Database,Closed
TCK-3045,2025-01-18 04:42:59.101158760,2025-01-18 19:22:09.590914426,Low,Finance,Access,Resolved
TCK-3046,2025-03-13 06:49:30.633694088,2025-03-13 17:45:01.159423595,Low,IT Support,Database,Closed
TCK-3047,2025-06-26 23:36:10.820018744,2025-06-27 10:02:19.686260802,High,Finance,Hardware,Resolved
TCK-3048,2025-05-26 12:32:54.421948610,2025-05-27 04:17:32.408271601,High,Operations,Access,Closed
TCK-3049,2025-01-29 18:56:39.358410474,2025-01-29 21:18:54.436462446,Low,IT Support,Software,Closed
TCK-3050,2025-02-19 23:56:26.497470271,2025-02-20 07:13:12.135992644,Low,HR,Software,Closed
TCK-3051,2025-03-01 08:48:15.459334128,2025-03-01 17:57:45.814876675,Medium,HR,Access,Resolved
TCK-3052,2025-04-28 01:34:45.196825170,2025-04-28 16:17:15.940286807,High,  IT Support ,Software,Resolved
TCK-3053,2025-05-17 06:13:02.499583124,2025-05-19 01:56:51.578167364,None,DevOps,Access,Resolved
TCK-3054,2025-05-15 21:57:17.820180614,2025-05-16 16:31:40.410393850,Low,Finance,Network,Closed
TCK-3055,2025-04-02 18:39:21.323677177,2025-04-03 20:34:37.222705093,Medium,Operations,Hardware,Closed
TCK-3056,2025-05-26 22:44:41.004458928,2025-05-27 20:52:38.508799548,High,HR,Database,Closed
TCK-3057,2025-03-20 16:10:38.343044252,2025-03-21 05:16:52.366278407,High,HR,Access,Closed
TCK-3058,2025-01-23 07:09:50.551476578,2025-01-23 16:10:21.609066352,Low,Operations,Access,Closed
TCK-3059,2025-04-12 14:23:19.521400103,2025-04-13 06:36:41.481248861,Medium,Operations,Network,Closed
TCK-3060,2025-06-21 09:56:31.133316410,2025-06-21 18:02:09.443408748,Low,IT Support,Database,Closed
TCK-3061,2025-05-23 17:43:57.266456336,2025-05-24 03:27:07.829854579,Low,Operations,Network,Resolved
TCK-3062,2025-04-15 03:59:12.472909754,2025-04-16 09:25:19.752089799,Medium,Finance,Network,Resolved
TCK-3063,2025-04-27 10:12:01.629749154,2025-04-28 02:31:58.094935580,Low,HR,Hardware,Resolved
TCK-3064,2025-06-17 12:01:40.644457226,2025-06-17 22:38:46.852657346,High,  IT Support ,Software,Closed
TCK-3065,2025-03-19 02:26:27.139052506,2025-03-20 06:36:26.674686122,High,Finance,Database,Closed
TCK-3066,2025-03-01 15:37:21.648835897,2025-03-02 03:51:57.918136244,High,IT Support,Network,Closed
TCK-3067,2025-06-25 21:41:00.818886982,2025-06-26 05:27:16.511020090,Medium,IT Support,Software,Closed
TCK-3068,2025-06-05 10:04:27.612352704,2025-06-05 19:28:36.040506415,Low,IT Support,Software,Resolved
TCK-3069,2025-02-28 03:32:53.827988504,2025-02-28 15:11:14.659335423,Low,HR,Software,Resolved
TCK-3070,2025-03-25 11:31:55.850157072,2025-03-26 05:49:24.396666885,Medium,Finance,Software,Resolved
TCK-3071,2025-03-16 17:08:15.062329291,2025-03-18 04:16:58.860554888,Medium,Operations,Hardware,Closed
TCK-3072,2025-01-27 20:05:35.994698140,2025-01-27 23:09:09.427132209,Medium,IT Support,Hardware,Closed
TCK-3073,2025-06-22 09:46:46.123943806,2025-06-24 09:50:07.758806126,Medium,DevOps,Network,Closed
TCK-3074,2025-03-14 18:37:46.930329689,2025-03-15 17:21:37.477584789,Medium,DevOps,Software,Resolved
TCK-3075,2025-06-07 13:25:17.893184746,2025-06-08 10:43:37.912570860,Low,DevOps,Network,Closed
TCK-3076,2025-02-04 02:01:08.052889703,2025-02-04 11:42:23.698461554,Medium,  IT Support ,Access,Closed
TCK-3077,2025-04-09 14:48:06.847030042,2025-04-09 21:32:40.001950530,Medium,HR,Hardware,Closed
TCK-3078,2025-01-05 07:30:47.461452644,2025-01-06 04:07:38.248230645,High,DevOps,Hardware,Closed
TCK-3079,2025-05-18 13:25:56.964715584,2025-05-19 05:27:24.270164424,Medium,Finance,Database,Resolved
TCK-3080,2025-04-15 13:32:52.945526122,2025-04-15 21:09:26.311870595,Low,IT Support,Access,Closed
TCK-3081,2025-04-23 14:32:49.202121594,2025-04-23 20:13:58.603694083,Medium,IT Support,Hardware,Closed
TCK-3082,2025-01-10 07:26:03.165489970,2025-01-11 15:03:16.471793146,High,HR,Software,Resolved
TCK-3083,2025-02-07 23:41:08.111404387,2025-02-11 03:49:10.653130045,Low,DevOps,Software,Closed
TCK-3084,2025-01-14 09:06:33.726842878,2025-01-14 15:39:31.603485798,High,Operations,Software,Resolved
TCK-3085,2025-02-22 00:06:35.439380880,2025-02-22 18:45:05.714417148,Low,HR,Network,Resolved
TCK-3086,2025-04-23 22:32:11.447472812,2025-04-24 11:35:40.102228565,Medium,IT Support,Hardware,Closed
TCK-3087,2025-04-12 21:55:24.428103819,2025-04-13 21:32:16.919606992,Critical,Operations,Network,Closed
TCK-3088,2025-04-21 04:29:14.025731446,2025-04-21 22:07:02.938064802,Medium,  Finance ,Hardware,Resolved
TCK-3089,2025-04-09 20:45:55.772469012,2025-04-10 09:20:02.395082753,Medium,HR,Database,Closed
TCK-3090,2025-02-19 03:29:03.830350964,2025-02-19 20:20:15.061580397,Low,Finance,Network,Closed
TCK-3091,2025-02-14 00:16:20.598700501,2025-02-15 01:23:49.859051046,Low,DevOps,Hardware,Resolved
TCK-3092,2025-01-25 16:05:52.198360912,2025-01-25 20:44:22.368001984,Medium,IT Support,Database,Closed
TCK-3093,2025-06-02 19:59:10.246499108,2025-06-03 12:58:55.805188215,Medium,Operations,Hardware,Closed
TCK-3094,2025-04-21 23:11:26.984033434,2025-04-22 03:12:01.166172259,Medium,IT Support,Access,Resolved
TCK-3095,2025-02-03 13:43:39.266463137,2025-02-04 11:53:40.557752728,Critical,Finance,Network,Resolved
TCK-3096,2025-02-01 21:32:40.274979917,2025-02-02 07:11:09.821286203,Low,Operations,Software,Closed
TCK-3097,2025-06-07 03:30:49.674934478,2025-06-07 23:28:29.243960346,Medium,Operations,Database,Resolved
TCK-3098,2025-05-14 16:35:50.393247142,2025-05-15 10:02:26.757801789,Medium,Finance,Database,Closed
TCK-3099,2025-04-29 16:36:14.490688336,2025-04-30 09:01:28.384343225,Medium,HR,Software,Closed
TCK-3100,2025-03-15 05:39:10.600451191,2025-03-17 10:53:28.385873698,Medium,  DevOps ,Database,Closed
TCK-3101,2025-02-17 03:44:03.975659504,2025-02-18 19:35:00.076571877,Low,Operations,Software,Closed
TCK-3102,2025-06-26 07:13:38.267930634,2025-06-26 09:37:43.411398303,Critical,IT Support,Software,Closed
TCK-3103,2025-05-24 12:04:29.870754588,2025-05-24 23:56:10.282221745,Medium,Operations,Hardware,Closed
TCK-3104,2025-02-24 07:41:10.478215372,2025-02-25 04:44:27.873151215,Medium,Finance,Network,Closed
TCK-3105,2025-06-02 13:28:47.711723148,2025-06-03 07:21:17.890952168,Medium,HR,Access,Resolved
TCK-3106,2025-05-17 14:35:09.664855526,2025-05-18 04:10:08.021911054,Low,DevOps,Database,Closed
TCK-3107,2025-02-23 11:23:16.711702631,2025-02-24 06:21:34.326706248,High,DevOps,Hardware,Resolved
TCK-3108,2025-03-18 18:42:29.989165980,2025-03-19 03:46:50.888071187,Medium,IT Support,Access,Closed
TCK-3109,2025-02-03 11:19:07.982721246,2025-02-04 19:39:46.707923673,Medium,DevOps,Access,Resolved
TCK-3110,2025-01-20 23:44:47.614968356,2025-01-21 10:00:46.615782857,High,IT Support,Database,Closed
TCK-3111,2025-05-11 02:19:55.134722964,2025-05-11 12:56:35.224752442,High,IT Support,Database,Closed
TCK-3112,2025-02-18 03:39:04.405567333,2025-02-18 13:43:09.252786405,Medium,  IT Support ,Hardware,Closed
TCK-3113,2025-05-28 14:39:23.256085736,2025-05-30 00:48:29.683161564,High,DevOps,Database,Closed
TCK-3114,2025-06-29 05:01:46.681472356,2025-06-29 23:32:18.051628914,Low,Operations,Access,Resolved
TCK-3115,2025-01-14 18:59:51.346233896,2025-01-15 06:50:56.458947805,Medium,IT Support,Database,Closed
TCK-3116,2025-03-27 03:30:42.265301706,2025-03-27 08:08:47.338124946,Low,HR,Hardware,Closed
TCK-3117,2025-05-25 08:54:36.922401608,2025-05-26 23:52:13.346341078,Low,Operations,Hardware,Closed
TCK-3118,2025-05-23 00:16:04.343009264,2025-05-23 03:05:27.396968458,Low,IT Support,Hardware,Closed
TCK-3119,2025-05-17 19:11:15.806363222,2025-05-18 13:15:37.772535392,Low,DevOps,Database,Closed
TCK-3120,2025-03-04 19:39:29.233815319,2025-03-05 17:31:55.161520442,Low,Finance,Network,Resolved
TCK-3121,2025-03-23 16:38:45.832413933,2025-03-24 17:50:30.793094218,Medium,Operations,Hardware,Closed
TCK-3122,2025-04-18 02:15:47.893374546,2025-04-18 09:11:48.219380387,Low,DevOps,Network,Closed
TCK-3123,2025-06-25 07:25:23.955731296,2025-06-25 21:25:30.128749562,High,HR,Software,Closed
TCK-3124,2025-02-28 23:00:15.157635442,2025-03-02 21:04:30.930022748,Low,  DevOps ,Hardware,Closed
TCK-3125,2025-06-16 03:58:53.741772572,2025-06-17 09:34:38.446670455,Low,Operations,Network,Closed
TCK-3126,2025-02-18 11:37:18.791543044,2025-02-19 00:19:23.589431334,Medium,Operations,Network,Resolved
TCK-3127,2025-06-28 00:48:06.087047054,2025-06-28 08:06:52.753668713,Medium,IT Support,Access,Closed
TCK-3128,2025-05-01 15:32:20.857542706,2025-05-02 14:19:11.332747138,Low,DevOps,Network,Closed
TCK-3129,2025-03-25 10:22:10.542536184,2025-03-25 22:02:17.635466001,None,HR,Access,Closed
TCK-3130,2025-04-21 09:50:47.937245182,2025-04-21 14:55:14.765176324,Low,IT Support,Network,Resolved
TCK-3131,2025-02-19 01:20:04.740913296,2025-02-19 06:47:01.297387270,High,IT Support,Network,Closed
TCK-3132,2025-02-19 08:25:51.832018329,2025-02-20 06:47:50.903112825,Low,Operations,Software,Resolved
TCK-3133,2025-01-21 10:33:20.265854016,2025-01-22 05:46:48.046265444,High,Operations,Network,Closed
TCK-3134,2025-01-21 12:41:50.229914361,2025-01-22 20:01:25.853958075,Medium,Finance,Database,Closed
TCK-3135,2025-03-04 13:56:30.923324509,2025-03-06 00:26:35.279752952,Critical,DevOps,Database,Closed
TCK-3136,2025-05-18 07:32:08.392244372,2025-05-18 19:37:26.160029584,Low,  IT Support ,Database,Closed
TCK-3137,2025-04-20 10:26:07.598486622,2025-04-22 00:26:34.134364112,Low,Finance,Software,Closed
TCK-3138,2025-01-19 11:09:55.082268035,2025-01-19 14:43:24.000933401,Medium,IT Support,Network,Closed
TCK-3139,2025-06-03 09:39:42.436425368,2025-06-04 05:53:06.096139675,Medium,DevOps,Software,Closed
TCK-3140,2025-04-19 05:54:29.334949512,2025-04-20 03:43:53.759590711,Low,Finance,Network,Closed
TCK-3141,2025-06-22 22:53:45.930156894,2025-06-23 16:41:35.328219741,Low,Operations,Access,Closed
TCK-3142,2025-05-01 15:12:04.389179100,2025-05-02 08:43:34.351181330,High,Finance,Software,Closed
TCK-3143,2025-02-01 12:45:19.480327423,2025-02-02 11:09:35.032544552,Low,HR,Database,Closed
TCK-3144,2025-03-27 06:44:38.850611252,2025-03-28 20:57:31.205243984,Medium,HR,Database,Closed
TCK-3145,2025-04-27 17:30:34.637054120,2025-04-28 20:23:58.600758510,Medium,Finance,Database,Resolved
TCK-3146,2025-01-06 02:06:12.630729253,2025-01-06 16:54:54.487942938,Medium,HR,Network,Closed
TCK-3147,2025-01-03 16:24:44.428135572,2025-01-04 14:07:35.834847803,Low,HR,Network,Closed
TCK-3148,2025-01-24 07:01:15.465308928,2025-01-24 12:36:26.244157824,Medium,  HR ,Software,Resolved
TCK-3149,2025-02-15 07:11:25.293827161,2025-02-16 08:02:29.752197681,Low,Finance,Hardware,Closed
TCK-3150,2025-03-19 07:39:07.968993546,2025-03-20 06:49:11.756560305,Low,HR,Network,Resolved
TCK-3151,2025-03-29 17:44:34.247912229,2025-03-29 23:54:19.394900030,Medium,IT Support,Hardware,Closed
TCK-3152,2025-01-25 20:16:45.374202170,2025-01-26 09:32:51.975280268,Critical,Finance,Hardware,Closed
TCK-3153,2025-05-02 05:03:05.838409402,2025-05-03 03:22:40.916807623,Low,Finance,Network,Closed
TCK-3154,2025-04-18 07:18:59.135504510,2025-04-18 15:33:44.593388323,Low,IT Support,Software,Closed
TCK-3155,2025-02-23 00:05:05.665177723,2025-02-23 05:28:52.859777868,Medium,IT Support,Hardware,Closed
TCK-3156,2025-01-03 11:00:38.507185661,2025-01-04 11:15:14.955438390,Medium,IT Support,Software,Closed
TCK-3157,2025-01-14 23:26:20.379574377,2025-01-15 10:36:59.015210965,Medium,HR,Software,Closed
TCK-3158,2025-03-12 12:07:17.148744575,2025-03-12 20:05:50.038270776,None,HR,Network,Closed
TCK-3159,2025-01-28 17:10:09.109328716,2025-01-29 16:32:55.552401049,None,Finance,Hardware,Resolved
TCK-3160,2025-03-09 19:51:38.514813242,2025-03-11 00:12:05.355454566,Medium,  Operations ,Software,Closed
TCK-3161,2025-04-24 01:44:55.865345042,2025-04-24 19:54:22.550531601,Medium,Operations,Hardware,Closed
TCK-3162,2025-04-09 12:03:56.478378618,2025-04-10 06:10:04.753335060,Critical,HR,Software,Closed
TCK-3163,2025-02-11 14:40:47.334552755,2025-02-12 06:31:32.975502443,Low,Finance,Network,Closed
TCK-3164,2025-03-03 21:18:47.384056117,2025-03-05 03:11:24.286573895,Medium,HR,Software,Closed
TCK-3165,2025-04-21 12:36:53.198273414,2025-04-23 05:40:00.865674952,Medium,DevOps,Network,Resolved
TCK-3166,2025-06-04 22:53:37.396131714,2025-06-06 05:17:13.314750069,Low,Operations,Network,Resolved
TCK-3167,2025-05-16 13:52:55.399267020,2025-05-17 00:05:04.902143216,None,IT Support,Hardware,Resolved
TCK-3168,2025-04-10 14:41:17.217313269,2025-04-11 17:52:37.744266168,High,Operations,Hardware,Closed
TCK-3169,2025-03-07 05:06:20.709817993,2025-03-07 14:16:58.416312933,Medium,HR,Hardware,Closed
TCK-3170,2025-03-07 17:01:17.468330158,2025-03-08 07:06:00.967375869,High,Operations,Access,Closed
TCK-3171,2025-06-08 07:04:58.009231888,2025-06-08 23:44:51.754228807,Medium,IT Support,Hardware,Closed
TCK-3172,2025-01-08 01:31:56.094582577,2025-01-08 20:04:20.533559344,High,  IT Support ,Hardware,Resolved
TCK-3173,2025-06-27 20:05:06.086023898,2025-06-28 13:33:16.154041498,Low,DevOps,Software,Closed
TCK-3174,2025-04-30 14:06:06.389563498,2025-04-30 23:43:56.156692592,Low,IT Support,Access,Closed
TCK-3175,2025-05-03 14:30:53.495973818,2025-05-04 10:15:56.889370616,Low,Finance,Access,Closed
TCK-3176,2025-01-07 20:09:02.365763350,2025-01-08 02:08:57.850962307,Medium,IT Support,Software,Closed
TCK-3177,2025-04-19 23:53:11.283109066,2025-04-20 20:38:29.613667376,Low,Operations,Hardware,Closed
TCK-3178,2025-03-29 06:14:28.390526632,2025-03-30 14:05:07.276921490,Low,Operations,Database,Closed
TCK-3179,2025-01-20 00:57:53.560016529,2025-01-20 23:31:31.555348288,None,Operations,Network,Closed
TCK-3180,2025-02-20 00:37:23.111485072,2025-02-20 12:43:35.322499966,Critical,HR,Access,Closed
TCK-3181,2025-06-10 06:09:30.423034704,2025-06-10 17:09:14.644813228,Medium,IT Support,Software,Closed
TCK-3182,2025-04-09 23:56:59.843547300,2025-04-10 07:02:59.416511219,Critical,IT Support,Database,Closed
TCK-3183,2025-03-16 09:57:34.577104629,2025-03-17 03:24:32.030830712,Critical,HR,Network,Closed
TCK-3184,2025-01-14 01:59:12.887636291,2025-01-15 14:10:13.669259576,Medium,  Operations ,Database,Closed
TCK-3185,2025-05-09 13:00:17.994160658,2025-05-09 23:58:39.595854524,Medium,DevOps,Hardware,Resolved
TCK-3186,2025-05-07 12:18:56.005455100,2025-05-09 10:29:55.069599195,Critical,DevOps,Software,Closed
TCK-3187,2025-04-21 12:40:06.175637308,2025-04-22 00:01:03.230262033,Medium,Finance,Network,Closed
TCK-3188,2025-04-02 20:20:04.674023536,2025-04-04 17:36:48.034707129,Low,Finance,Network,Closed
TCK-3189,2025-03-20 01:56:55.023129060,2025-03-20 15:02:19.511950634,Medium,Operations,Hardware,Closed
TCK-3190,2025-04-17 18:55:52.038149256,2025-04-17 23:33:17.944479667,Medium,IT Support,Hardware,Closed
TCK-3191,2025-02-12 00:16:06.065280181,2025-02-13 20:09:19.845016035,Critical,DevOps,Hardware,Closed
TCK-3192,2025-06-19 10:14:20.966090778,2025-06-20 07:50:02.576064395,Medium,Operations,Software,Resolved
TCK-3193,2025-04-16 23:35:32.517810930,2025-04-17 10:30:51.686461169,High,Operations,Access,Closed
TCK-3194,2025-02-26 00:21:04.894599264,2025-02-26 04:53:39.346215229,High,IT Support,Database,Resolved
TCK-3195,2025-03-22 22:37:01.040965966,2025-03-23 11:32:46.761476747,Low,HR,Software,Resolved
TCK-3196,2025-05-26 00:33:29.836613430,2025-05-26 08:20:07.815780995,High,  HR ,Software,Closed
TCK-3197,2025-01-30 02:10:52.976477585,2025-01-30 20:24:52.930349977,Low,DevOps,Database,Closed
TCK-3198,2025-02-22 17:02:59.600501969,2025-02-23 12:07:16.113386159,Medium,Operations,Network,Closed
TCK-3199,2025-05-03 07:28:28.769598910,2025-05-03 16:14:08.246399021,High,HR,Database,Closed
TCK-3200,2025-02-26 18:54:48.139211546,2025-02-28 09:16:57.507164453,Medium,DevOps,Hardware,Resolved
TCK-3201,2025-05-23 15:36:26.156309518,2025-05-24 09:30:47.892273747,High,IT Support,Network,Resolved
TCK-3202,2025-01-24 11:33:32.632582315,2025-01-25 00:44:33.147602585,Low,HR,Software,Resolved
TCK-3203,2025-05-18 06:48:15.322910072,2025-05-18 15:52:32.855618943,High,IT Support,Database,Closed
TCK-3204,2025-01-13 07:16:45.869356006,2025-01-16 02:28:57.538996855,Low,Finance,Software,Closed
TCK-3205,2025-01-03 06:24:00.312204878,2025-01-03 23:31:08.569720418,Medium,DevOps,Software,Resolved
TCK-3206,2025-06-11 16:19:32.164877786,2025-06-12 07:44:45.185916697,Medium,IT Support,Database,Closed
TCK-3207,2025-04-15 15:23:07.501731108,2025-04-17 20:20:20.451253261,Medium,DevOps,Software,Closed
TCK-3208,2025-03-05 07:53:31.903494092,2025-03-05 20:55:18.517005405,Low,  IT Support ,Access,Resolved
TCK-3209,2025-02-11 20:48:31.794061801,2025-02-14 07:56:45.918829729,Medium,DevOps,Access,Closed
TCK-3210,2025-04-22 00:56:47.701272212,2025-04-23 05:08:11.020865269,Medium,Finance,Software,Resolved
TCK-3211,2025-04-02 14:53:21.958363352,2025-04-03 09:11:42.207050957,Medium,Finance,Network,Closed
TCK-3212,2025-06-28 11:42:08.605042330,2025-06-29 02:23:42.432803199,Medium,IT Support,Network,Resolved
TCK-3213,2025-06-26 23:29:35.024439054,2025-06-29 06:06:48.635706473,Medium,DevOps,Network,Closed
TCK-3214,2025-04-25 07:18:22.052634314,2025-04-27 01:53:01.684691762,Critical,Finance,Network,Closed
TCK-3215,2025-03-21 17:12:02.110958809,2025-03-22 07:43:12.333551290,Critical,HR,Access,Resolved
TCK-3216,2025-03-30 09:43:44.351982265,2025-03-31 02:51:16.600805406,Medium,Finance,Network,Resolved
TCK-3217,2025-05-03 20:18:34.438115676,2025-05-04 05:39:46.926516286,Medium,IT Support,Database,Closed
TCK-3218,2025-01-19 06:48:07.311948651,2025-01-21 08:27:25.870195337,Medium,DevOps,Network,Closed
TCK-3219,2025-03-01 02:28:51.451904289,2025-03-01 16:40:00.362247006,Low,IT Support,Database,Resolved
TCK-3220,2025-01-14 13:10:33.892088047,2025-01-15 08:56:22.367711328,Low,  Finance ,Access,Closed
TCK-3221,2025-01-14 04:55:06.532007133,2025-01-15 01:59:34.309205893,Low,Operations,Database,Closed
TCK-3222,2025-02-05 06:01:31.889939123,2025-02-05 10:26:36.529400943,Low,IT Support,Database,Closed
TCK-3223,2025-03-29 08:17:38.615433864,2025-03-29 22:12:11.270922637,Medium,IT Support,Software,Closed
TCK-3224,2025-05-22 06:13:30.242723700,2025-05-22 11:58:13.936107635,Medium,IT Support,Database,Closed
TCK-3225,2025-03-29 09:20:32.099411650,2025-03-30 06:22:14.016872395,Low,HR,Software,Closed
TCK-3226,2025-03-02 09:15:32.247442646,2025-03-02 17:15:07.724155293,Critical,HR,Network,Closed
TCK-3227,2025-01-15 19:45:53.705717262,2025-01-17 01:54:42.286600991,High,Operations,Database,Resolved
TCK-3228,2025-04-10 01:16:35.976544032,2025-04-10 11:15:38.374634792,High,IT Support,Database,Resolved
TCK-3229,2025-02-18 19:52:49.056986364,2025-02-19 01:37:52.937790287,Medium,IT Support,Hardware,Resolved
TCK-3230,2025-04-21 16:30:56.334967478,2025-04-23 03:07:58.334690492,Low,Finance,Network,Closed
TCK-3231,2025-06-25 21:27:03.718987370,2025-06-26 03:46:42.265784458,Low,IT Support,Database,Closed
TCK-3232,2025-01-21 00:52:40.327618860,2025-01-22 21:58:21.247656914,Low,  DevOps ,Database,Closed
TCK-3233,2025-02-08 04:22:54.200923609,2025-02-09 07:24:40.654371826,Low,DevOps,Hardware,Closed
TCK-3234,2025-03-27 03:46:06.256521476,2025-03-27 11:22:52.806648166,High,Operations,Software,Resolved
TCK-3235,2025-06-24 08:24:42.056259894,2025-06-24 19:25:32.315374953,None,Operations,Network,Resolved
TCK-3236,2025-05-19 22:13:05.640550972,2025-05-20 23:12:57.003240057,High,DevOps,Hardware,Closed
TCK-3237,2025-06-11 16:21:00.412068334,2025-06-12 09:11:48.888889552,High,IT Support,Network,Resolved
TCK-3238,2025-03-02 01:38:53.323495531,2025-03-02 14:59:11.125835122,Medium,IT Support,Network,Closed
TCK-3239,2025-06-28 13:36:22.344204704,2025-06-29 08:45:01.262407635,High,IT Support,Software,Closed
TCK-3240,2025-01-19 12:14:15.955429775,2025-01-21 20:14:43.986800219,Critical,Finance,Software,Closed
TCK-3241,2025-01-10 12:50:34.634828960,2025-01-10 19:20:55.436942408,Medium,IT Support,Access,Resolved
TCK-3242,2025-06-04 00:12:12.055944246,2025-06-04 16:35:04.021651521,Low,Operations,Hardware,Closed
TCK-3243,2025-06-16 21:47:03.261459048,2025-06-17 23:01:19.738653511,Low,DevOps,Hardware,Closed
TCK-3244,2025-01-17 07:19:43.480556974,2025-01-18 05:29:14.936641878,Medium,  DevOps ,Network,Closed
TCK-3245,2025-01-21 10:00:23.340751327,2025-01-21 17:10:28.082111412,Low,Operations,Access,Resolved
TCK-3246,2025-01-06 23:18:44.501417794,2025-01-07 07:44:59.691210171,Critical,IT Support,Access,Closed
TCK-3247,2025-01-19 19:28:21.614219645,2025-01-20 08:21:19.565861095,Medium,Finance,Network,Closed
TCK-3248,2025-02-07 16:41:36.990877968,2025-02-08 10:23:19.226788032,Medium,Operations,Software,Closed
TCK-3249,2025-06-24 14:43:51.577288336,2025-06-25 15:12:47.959596874,Low,IT Support,Access,Closed
TCK-3250,2025-05-01 05:09:22.176271510,2025-05-01 11:44:42.387064103,Medium,IT Support,Hardware,Resolved
TCK-3251,2025-05-21 03:20:56.652864366,2025-05-22 13:31:11.868584244,Medium,DevOps,Software,Closed
TCK-3252,2025-05-20 16:55:20.006210552,2025-05-21 21:14:45.024474377,High,Operations,Database,Closed
TCK-3253,2025-04-07 07:31:06.956566346,2025-04-08 11:42:15.883090931,Medium,Finance,Access,Closed
TCK-3254,2025-05-24 13:09:08.581392844,2025-05-26 01:02:02.944528738,None,DevOps,Network,Closed
TCK-3255,2025-04-18 05:53:18.743728808,2025-04-18 20:54:19.275988126,Medium,Operations,Hardware,Resolved
TCK-3256,2025-02-26 14:50:20.909927418,2025-02-27 06:52:07.225094477,Medium,  Operations ,Access,Resolved
TCK-3257,2025-04-11 23:59:44.411566168,2025-04-12 08:46:56.452135724,Critical,HR,Network,Closed
TCK-3258,2025-04-07 00:45:25.531563953,2025-04-07 22:26:03.720960115,None,HR,Hardware,Closed
TCK-3259,2025-05-29 05:19:01.892064956,2025-05-29 11:15:42.727959597,Low,HR,Access,Closed
TCK-3260,2025-06-26 17:03:41.684719560,2025-06-28 08:52:31.895166670,High,Finance,Hardware,Closed
TCK-3261,2025-03-15 23:42:13.977426312,2025-03-16 08:37:33.255438080,Low,Operations,Database,Closed
TCK-3262,2025-05-18 09:50:51.831120026,2025-05-20 12:00:41.003752680,Medium,DevOps,Hardware,Closed
TCK-3263,2025-01-18 22:58:34.238801052,2025-01-19 10:52:25.448994186,Low,HR,Network,Closed
TCK-3264,2025-05-20 19:54:41.457659784,2025-05-21 05:38:02.269592281,Medium,Operations,Access,Closed
TCK-3265,2025-03-08 20:31:15.815318746,2025-03-09 20:34:05.953023189,Medium,Operations,Network,Closed
TCK-3266,2025-01-08 02:09:55.813260407,2025-01-09 06:48:14.780190509,Medium,Operations,Database,Closed
TCK-3267,2025-03-07 09:13:24.568998980,2025-03-08 04:54:14.758368833,Medium,Finance,Software,Closed
TCK-3268,2025-04-20 21:58:36.062333420,2025-04-21 10:09:49.333758800,Medium,  IT Support ,Hardware,Resolved
TCK-3269,2025-01-22 11:09:38.607782168,2025-01-22 16:54:10.261083043,Low,Operations,Network,Closed
TCK-3270,2025-06-16 07:49:44.426275320,2025-06-16 12:13:15.362458411,High,IT Support,Access,Closed
TCK-3271,2025-01-14 23:32:41.371219185,2025-01-16 02:38:32.854793744,Medium,HR,Access,Closed
TCK-3272,2025-06-17 09:37:44.506845400,2025-06-17 22:19:35.607584098,Medium,HR,Software,Closed
TCK-3273,2025-05-08 06:50:02.678935796,2025-05-08 13:55:41.480870478,None,Operations,Access,Closed
TCK-3274,2025-03-01 08:21:23.752041695,2025-03-02 06:12:51.539088053,Low,DevOps,Database,Resolved
TCK-3275,2025-03-12 08:02:29.407571818,2025-03-12 19:23:07.095023254,Medium,Operations,Software,Closed
TCK-3276,2025-05-14 08:17:47.240323636,2025-05-15 06:50:43.764746602,Medium,Finance,Database,Resolved
TCK-3277,2025-04-19 06:21:18.560904536,2025-04-19 21:18:33.899968486,Low,Operations,Hardware,Closed
TCK-3278,2025-05-01 21:29:50.714467308,2025-05-02 17:10:55.346622818,Medium,Operations,Database,Closed
TCK-3279,2025-03-12 01:11:28.116017641,2025-03-12 09:24:03.531235079,High,IT Support,Hardware,Resolved
TCK-3280,2025-03-29 19:21:15.269071779,2025-03-30 12:07:48.053607576,Low,  IT Support ,Database,Closed
TCK-3281,2025-06-28 04:13:39.111757318,2025-06-28 21:47:08.327543835,Medium,HR,Software,Closed
TCK-3282,2025-02-08 12:08:48.482011609,2025-02-09 05:59:53.254263534,Medium,HR,Hardware,Resolved
TCK-3283,2025-03-17 05:08:19.412792188,2025-03-17 20:21:33.296190520,Medium,IT Support,Database,Resolved
TCK-3284,2025-02-22 12:40:34.213150339,2025-02-22 19:40:28.459115861,High,IT Support,Database,Closed
TCK-3285,2025-05-18 17:16:54.210360544,2025-05-18 21:48:16.228012314,High,IT Support,Access,Closed
TCK-3286,2025-05-18 12:32:04.354353288,2025-05-20 21:13:02.751267525,Medium,DevOps,Database,Closed
TCK-3287,2025-02-22 15:21:51.809431501,2025-02-23 06:33:44.554631936,High,HR,Access,Closed
TCK-3288,2025-01-15 15:36:22.204276150,2025-01-16 06:49:51.039847916,High,HR,Database,Resolved
TCK-3289,2025-01-03 01:23:20.987606117,2025-01-03 07:34:55.376956966,Low,IT Support,Network,Resolved
TCK-3290,2025-03-18 22:35:10.692987135,2025-03-19 11:48:32.843392795,None,Operations,Access,Resolved
TCK-3291,2025-03-15 20:39:30.267109909,2025-03-16 09:38:19.090539557,High,IT Support,Software,Resolved
TCK-3292,2025-06-27 21:50:39.392607148,2025-06-28 11:45:04.680324889,Low,  IT Support ,Software,Closed
TCK-3293,2025-03-26 13:32:41.881250313,2025-03-27 16:10:53.377631764,Medium,Operations,Hardware,Closed
TCK-3294,2025-02-16 03:43:38.483636942,2025-02-16 16:21:47.950956671,High,IT Support,Software,Closed
TCK-3295,2025-06-10 10:06:40.266921380,2025-06-10 21:24:31.245358550,Medium,IT Support,Hardware,Closed
TCK-3296,2025-03-30 09:24:48.753012452,2025-03-30 18:29:28.691051414,High,IT Support,Software,Closed
TCK-3297,2025-04-18 20:26:19.478794906,2025-04-19 04:13:30.454301321,Medium,IT Support,Access,Closed
TCK-3298,2025-01-18 05:17:19.784579563,2025-01-18 20:51:25.176585223,Medium,IT Support,Network,Closed
TCK-3299,2025-03-10 22:11:55.966792646,2025-03-11 09:58:43.048717667,Low,HR,Hardware,Resolved
TCK-3300,2025-06-19 23:02:46.585416332,2025-06-21 04:31:29.348889654,Medium,Finance,Network,Closed
TCK-3301,2025-04-17 02:39:47.734696216,2025-04-17 14:42:17.405287517,Medium,Operations,Database,Closed
TCK-3302,2025-03-04 00:14:52.851175564,2025-03-04 13:11:35.439588593,High,Operations,Database,Closed
TCK-3303,2025-04-23 14:52:55.993182536,2025-04-23 22:26:07.990806931,Medium,IT Support,Network,Closed
TCK-3304,2025-06-13 20:58:33.265118862,2025-06-14 17:42:53.816716235,Low,  DevOps ,Access,Resolved
TCK-3305,2025-02-19 07:38:21.818549720,2025-02-20 04:48:02.028940732,Low,HR,Network,Closed
TCK-3306,2025-04-01 22:06:15.205655929,2025-04-02 02:26:10.713018282,Medium,IT Support,Network,Resolved
TCK-3307,2025-06-22 13:32:37.049635618,2025-06-23 08:27:33.181794395,High,Operations,Network,Closed
TCK-3308,2025-02-01 00:45:04.820577536,2025-02-01 09:50:00.863445860,High,IT Support,Hardware,Closed
TCK-3309,2025-05-10 12:56:53.370880058,2025-05-10 18:41:25.285986721,Medium,HR,Hardware,Closed
TCK-3310,2025-04-21 14:33:28.639572780,2025-04-22 04:59:45.243512366,Low,Operations,Network,Closed
TCK-3311,2025-05-03 08:11:47.639499152,2025-05-04 19:25:27.900837318,Low,DevOps,Access,Closed
TCK-3312,2025-03-05 05:16:07.696142044,2025-03-05 22:51:49.138131930,Low,HR,Database,Closed
TCK-3313,2025-02-26 11:57:32.016419512,2025-02-27 10:04:46.989662866,High,Finance,Database,Closed
TCK-3314,2025-05-04 03:47:08.796990336,2025-05-05 23:16:17.185224825,Low,DevOps,Database,Closed
TCK-3315,2025-02-08 19:08:49.169945889,2025-02-09 03:11:41.518597244,Medium,IT Support,Software,Resolved
TCK-3316,2025-03-17 12:54:30.592047247,2025-03-17 21:28:00.196214842,Medium,  IT Support ,Access,Closed
TCK-3317,2025-02-03 20:54:52.095414981,2025-02-04 13:01:06.565608282,None,HR,Hardware,Resolved
TCK-3318,2025-01-02 11:52:36.889150024,2025-01-03 10:26:58.655264043,None,HR,Database,Closed
TCK-3319,2025-06-24 14:38:52.063312056,2025-06-25 00:46:35.747402389,None,HR,Hardware,Closed
TCK-3320,2025-03-19 16:57:24.724064629,2025-03-20 17:15:33.465317423,High,DevOps,Hardware,Closed
TCK-3321,2025-06-24 11:35:25.203457122,2025-06-25 05:07:32.844002856,High,Finance,Hardware,Closed
TCK-3322,2025-01-26 06:11:51.379429231,2025-01-26 21:26:34.549492189,High,Operations,Hardware,Closed
TCK-3323,2025-04-16 17:25:28.154122824,2025-04-17 22:23:50.404638887,High,HR,Network,Closed
TCK-3324,2025-02-06 04:12:28.157969358,2025-02-07 12:49:53.097342603,None,Finance,Hardware,Closed
TCK-3325,2025-05-23 05:07:12.822532850,2025-05-23 22:43:47.263605871,Medium,DevOps,Software,Closed
TCK-3326,2025-05-22 01:35:48.881210686,2025-05-22 19:44:34.447503266,Medium,Finance,Hardware,Closed
TCK-3327,2025-01-21 06:27:46.381859377,2025-01-21 16:42:15.843887619,Medium,IT Support,Database,Closed
TCK-3328,2025-06-14 04:07:06.371133606,2025-06-14 15:33:30.448620474,Medium,  Operations ,Hardware,Closed
TCK-3329,2025-02-05 00:48:00.273304549,2025-02-05 06:42:52.242926006,High,IT Support,Database,Closed
TCK-3330,2025-04-21 08:03:43.616397732,2025-04-22 00:42:51.755612895,High,IT Support,Hardware,Closed
TCK-3331,2025-06-27 09:56:14.059603974,2025-06-27 16:11:31.996673926,Medium,IT Support,Access,Resolved
TCK-3332,2025-06-08 19:57:10.908686490,2025-06-10 00:57:53.652104607,Medium,Operations,Network,Closed
TCK-3333,2025-06-22 04:21:22.216983300,2025-06-23 14:04:27.203098875,None,Operations,Database,Resolved
TCK-3334,2025-03-03 16:01:36.089984193,2025-03-03 21:55:01.767716308,Low,IT Support,Software,Closed
TCK-3335,2025-01-20 00:05:12.387797094,2025-01-20 09:11:11.938097299,Low,HR,Hardware,Closed
TCK-3336,2025-02-03 21:39:30.573397528,2025-02-04 10:01:38.197673860,High,HR,Database,Resolved
TCK-3337,2025-04-01 02:08:16.608231498,2025-04-01 10:22:38.465391891,Low,HR,Network,Resolved
TCK-3338,2025-05-23 18:45:07.956506706,2025-05-24 03:46:56.955665802,Medium,IT Support,Hardware,Closed
TCK-3339,2025-01-28 00:39:49.474347627,2025-01-28 13:28:34.232274202,Low,HR,Network,Closed
TCK-3340,2025-04-29 18:02:24.789719294,2025-04-30 23:22:49.988852029,Low,  Finance ,Software,Closed
TCK-3341,2025-02-28 05:51:18.898022489,2025-02-28 22:56:45.629409424,Medium,IT Support,Database,Closed
TCK-3342,2025-03-03 09:59:34.629842771,2025-03-03 22:47:05.308470143,Medium,IT Support,Software,Closed
TCK-3343,2025-04-30 03:29:04.539416072,2025-04-30 21:37:11.719770105,Medium,HR,Network,Resolved
TCK-3344,2025-03-26 01:26:14.972580641,2025-03-26 13:02:13.214517007,Low,DevOps,Access,Resolved
TCK-3345,2025-05-27 03:59:01.773140258,2025-05-28 02:27:03.958522891,High,Operations,Access,Resolved
TCK-3346,2025-01-29 01:34:04.662276286,2025-01-30 20:09:38.797989024,Low,Operations,Database,Closed
TCK-3347,2025-05-23 04:34:35.491416982,2025-05-23 07:43:42.050709236,Low,HR,Hardware,Closed
TCK-3348,2025-01-12 13:29:46.577789009,2025-01-13 14:54:15.281227208,Low,Operations,Software,Closed
TCK-3349,2025-02-04 22:18:45.945579649,2025-02-05 06:09:42.366516896,Medium,IT Support,Access,Closed
TCK-3350,2025-04-29 02:34:00.359953228,2025-04-29 14:20:08.984527068,Medium,Operations,Access,Closed
TCK-3351,2025-06-03 21:16:43.810060178,2025-06-05 19:33:05.420462786,Medium,DevOps,Hardware,Closed
TCK-3352,2025-02-15 11:34:33.570602356,2025-02-17 05:53:40.226286930,None,  Operations ,Software,Closed
TCK-3353,2025-02-28 21:28:03.853851254,2025-03-02 19:08:42.316728637,Critical,DevOps,Network,Resolved
TCK-3354,2025-04-07 16:21:41.877355380,2025-04-08 12:42:41.601167994,Medium,Finance,Access,Resolved
TCK-3355,2025-02-08 01:59:40.286521630,2025-02-08 07:17:52.204380588,Low,IT Support,Database,Resolved
TCK-3356,2025-05-27 00:11:42.180208888,2025-05-28 09:31:11.359054856,Medium,DevOps,Database,Resolved
TCK-3357,2025-05-20 06:06:37.103129592,2025-05-20 19:15:47.947648855,Low,IT Support,Network,Resolved
TCK-3358,2025-01-27 03:39:36.704491835,2025-01-27 18:29:35.014102886,High,Operations,Hardware,Closed
TCK-3359,2025-03-25 11:44:39.989212262,2025-03-25 19:05:44.603033114,Medium,IT Support,Hardware,Closed
TCK-3360,2025-05-20 11:15:21.427012672,2025-05-21 22:06:23.076974194,High,IT Support,Access,Closed
TCK-3361,2025-03-02 17:15:48.867720307,2025-03-03 17:36:52.031256595,Critical,HR,Access,Closed
TCK-3362,2025-04-24 23:01:17.306906164,2025-04-25 14:07:40.999920302,Medium,IT Support,Access,Resolved
TCK-3363,2025-01-10 00:55:14.464908171,2025-01-10 07:45:46.131058593,Medium,HR,Network,Closed
TCK-3364,2025-04-20 13:32:07.603751954,2025-04-21 02:10:27.555419813,Medium,  Operations ,Network,Closed
TCK-3365,2025-01-28 11:27:39.144969440,2025-01-28 20:17:03.375438821,Low,IT Support,Access,Closed
TCK-3366,2025-05-30 12:07:11.872179948,2025-05-30 17:16:21.156923588,Critical,IT Support,Hardware,Closed
TCK-3367,2025-03-05 23:32:30.057603601,2025-03-07 15:36:33.760855602,Medium,Operations,Software,Closed
TCK-3368,2025-02-20 16:18:45.673148899,2025-02-21 21:03:20.872413982,Low,HR,Access,Resolved
TCK-3369,2025-06-01 08:38:25.365817014,2025-06-02 03:24:13.084686256,High,Finance,Hardware,Closed
TCK-3370,2025-01-10 00:37:19.846812792,2025-01-11 20:32:25.722304763,Low,Operations,Hardware,Closed
TCK-3371,2025-03-13 09:21:00.047247730,2025-03-14 09:47:52.728976789,Low,Finance,Database,Closed
TCK-3372,2025-03-08 14:24:55.063022888,2025-03-11 08:06:47.421445335,Medium,Operations,Software,Closed
TCK-3373,2025-02-21 06:20:15.420329015,2025-02-21 21:36:10.651514796,Medium,HR,Access,Closed
TCK-3374,2025-06-14 02:46:43.371286972,2025-06-15 02:47:19.174457489,Medium,Operations,Software,Closed
TCK-3375,2025-05-16 04:00:38.375972064,2025-05-16 21:07:36.233874700,Medium,IT Support,Access,Closed
TCK-3376,2025-01-12 12:08:53.049513031,2025-01-13 15:02:46.498789760,Low,  HR ,Software,Closed
TCK-3377,2025-05-09 15:26:59.213612406,2025-05-10 23:04:39.597612479,Medium,Finance,Software,Closed
TCK-3378,2025-04-05 21:55:56.118419004,2025-04-06 11:09:52.922161413,Medium,HR,Hardware,Closed
TCK-3379,2025-06-12 03:44:57.493733360,2025-06-13 11:25:51.641154778,None,Finance,Software,Resolved
TCK-3380,2025-02-26 07:55:30.241001671,2025-02-27 00:12:55.977417495,Low,Finance,Software,Closed
TCK-3381,2025-04-14 08:22:47.417928234,2025-04-15 17:49:47.692166186,Low,DevOps,Access,Resolved
TCK-3382,2025-04-01 03:15:46.032771815,2025-04-01 21:03:54.682934119,Critical,DevOps,Hardware,Resolved
TCK-3383,2025-03-30 02:54:11.213651724,2025-03-30 08:43:54.683759210,None,HR,Software,Closed
TCK-3384,2025-03-24 02:22:31.173291691,2025-03-24 16:56:16.467677294,High,HR,Hardware,Resolved
TCK-3385,2025-02-07 00:19:09.603478038,2025-02-08 10:09:17.422487344,Low,Operations,Hardware,Closed
TCK-3386,2025-05-17 00:40:00.714601692,2025-05-17 23:13:33.941835326,Medium,HR,Network,Closed
TCK-3387,2025-03-23 05:46:17.981161417,2025-03-23 23:02:57.636310041,Medium,Operations,Access,Closed
TCK-3388,2025-06-22 12:47:25.108840524,2025-06-24 23:28:27.688278650,High,  Finance ,Network,Closed
TCK-3389,2025-02-16 22:41:32.659702057,2025-02-17 12:14:06.058206951,Low,Operations,Hardware,Closed
TCK-3390,2025-05-03 21:27:12.193879744,2025-05-04 02:53:46.900888062,Low,HR,Software,Closed
TCK-3391,2025-06-19 07:53:52.022547414,2025-06-19 10:45:09.443637770,Medium,IT Support,Access,Closed
TCK-3392,2025-04-30 10:08:23.839546270,2025-04-30 18:00:24.181397521,Low,HR,Database,Resolved
TCK-3393,2025-06-06 19:53:56.259265720,2025-06-07 08:41:07.134891704,Medium,IT Support,Access,Closed
TCK-3394,2025-05-29 22:43:03.886140960,2025-05-30 21:17:12.983215025,High,DevOps,Network,Closed
TCK-3395,2025-03-06 19:42:30.711284988,2025-03-07 13:35:21.190517135,High,HR,Access,Resolved
TCK-3396,2025-04-19 00:32:07.513939050,2025-04-19 19:53:43.428452764,Medium,IT Support,Software,Closed
TCK-3397,2025-01-29 03:02:56.356746202,2025-01-29 07:57:10.165043717,High,IT Support,Access,Closed
TCK-3398,2025-04-07 09:28:18.527681964,2025-04-08 08:20:13.702038175,Low,Operations,Database,Closed
TCK-3399,2025-02-11 11:25:22.505656572,2025-02-12 10:59:24.203321075,Low,Operations,Network,Closed
TCK-3400,2025-05-14 20:56:34.946140434,2025-05-15 06:10:36.702782752,Medium,  HR ,Network,Closed
TCK-3401,2025-04-06 01:12:44.577266322,2025-04-06 17:56:30.656693484,Low,IT Support,Hardware,Resolved
TCK-3402,2025-03-16 00:30:07.943647584,2025-03-16 12:47:58.609276408,Low,HR,Network,Closed
TCK-3403,2025-02-18 09:12:12.439588835,2025-02-18 20:55:27.337856932,Medium,HR,Database,Resolved
TCK-3404,2025-06-29 18:22:38.789595694,2025-07-01 22:06:52.953318265,Critical,Operations,Database,Resolved
TCK-3405,2025-01-13 21:47:22.020802473,2025-01-14 21:09:59.430864797,Critical,Operations,Network,Closed
TCK-3406,2025-01-08 20:10:55.704262276,2025-01-09 18:44:08.058647090,Medium,HR,Access,Closed
TCK-3407,2025-02-09 02:33:07.092480581,2025-02-09 19:17:13.712691877,Low,IT Support,Database,Resolved
TCK-3408,2025-06-24 19:01:58.876579850,2025-06-25 17:25:33.821262009,Low,DevOps,Network,Closed
TCK-3409,2025-06-26 06:18:31.993712398,2025-06-27 08:50:08.184399324,Medium,HR,Network,Resolved
TCK-3410,2025-04-28 21:17:16.131176258,2025-04-29 11:17:34.650065115,Low,Operations,Access,Closed
TCK-3411,2025-06-08 10:03:38.888394006,2025-06-08 16:32:04.363458792,Low,IT Support,Network,Resolved
TCK-3412,2025-02-08 12:18:52.838036050,2025-02-09 00:42:32.554026674,Medium,  HR ,Software,Closed
TCK-3413,2025-06-24 23:13:18.648634850,2025-06-25 05:26:58.966414636,Medium,IT Support,Hardware,Resolved
TCK-3414,2025-01-26 16:49:49.989370509,2025-01-27 19:58:57.117597979,Low,Operations,Database,Closed
TCK-3415,2025-01-19 04:51:38.926601149,2025-01-20 16:17:31.213967124,High,DevOps,Access,Closed
TCK-3416,2025-01-21 04:45:13.858373588,2025-01-21 15:51:41.226314490,High,HR,Access,Closed
TCK-3417,2025-04-14 03:54:45.462734926,2025-04-14 15:49:18.902972926,Medium,IT Support,Hardware,Closed
TCK-3418,2025-05-21 13:48:33.879967150,2025-05-21 21:13:00.398481145,Low,IT Support,Software,Closed
TCK-3419,2025-03-08 00:00:07.950306294,2025-03-08 12:03:14.115887806,Critical,HR,Hardware,Closed
TCK-3420,2025-06-26 00:30:38.402049840,2025-06-26 09:13:12.405209155,Medium,IT Support,Network,Resolved
TCK-3421,2025-03-20 04:41:41.988016260,2025-03-20 15:24:41.840614470,Low,IT Support,Access,Closed
TCK-3422,2025-01-28 01:56:15.861625059,2025-01-29 07:42:38.125680144,Medium,Finance,Network,Closed
TCK-3423,2025-03-25 20:58:34.867790798,2025-03-26 08:49:04.568877351,Medium,HR,Access,Closed
TCK-3424,2025-05-03 05:26:25.996649784,2025-05-03 18:25:23.906650449,Medium,  IT Support ,Access,Resolved
TCK-3425,2025-05-30 19:12:55.338404096,2025-05-31 22:57:10.821772026,Medium,DevOps,Network,Closed
TCK-3426,2025-03-24 13:52:44.445404933,2025-03-24 20:00:18.749163768,Medium,IT Support,Hardware,Closed
TCK-3427,2025-04-17 20:22:53.358716652,2025-04-18 11:15:39.127693224,High,DevOps,Database,Closed
TCK-3428,2025-02-18 02:55:44.963494487,2025-02-19 02:08:41.686683550,Medium,HR,Database,Resolved
TCK-3429,2025-04-27 06:21:33.818658554,2025-04-28 13:33:07.330859437,Low,DevOps,Hardware,Closed
TCK-3430,2025-06-27 11:23:55.672315744,2025-06-28 07:24:01.120300863,Low,Operations,Software,Closed
TCK-3431,2025-01-09 19:54:41.160885370,2025-01-11 13:14:27.069963967,Low,Finance,Hardware,Resolved
TCK-3432,2025-06-09 13:48:44.990806770,2025-06-10 14:13:46.584400500,Medium,DevOps,Hardware,Closed
TCK-3433,2025-04-12 05:03:37.483040513,2025-04-12 09:20:08.751796245,Low,IT Support,Hardware,Resolved
TCK-3434,2025-02-15 09:03:58.353512888,2025-02-16 17:10:00.841021446,Medium,DevOps,Database,Closed
TCK-3435,2025-06-21 21:07:24.770063980,2025-06-22 13:41:14.637862890,Low,HR,Access,Closed
TCK-3436,2025-03-29 00:05:26.121171996,2025-03-29 12:32:30.460344210,High,  HR ,Software,Closed
TCK-3437,2025-03-01 16:54:06.794024494,2025-03-02 22:34:16.051057333,High,HR,Software,Resolved
TCK-3438,2025-02-02 16:04:11.114868121,2025-02-02 21:15:45.483194717,Low,Operations,Software,Closed
TCK-3439,2025-02-14 00:02:00.773911609,2025-02-14 14:54:52.869504679,Medium,IT Support,Network,Closed
TCK-3440,2025-05-30 21:54:28.294830116,2025-06-01 00:38:31.890122815,None,Operations,Hardware,Closed
TCK-3441,2025-04-21 14:15:04.464900562,2025-04-22 12:52:10.168500785,Low,Operations,Access,Closed
TCK-3442,2025-06-14 09:13:15.874282292,2025-06-14 13:50:33.324445683,Critical,Finance,Access,Closed
TCK-3443,2025-02-11 18:06:13.367957885,2025-02-13 16:39:28.535549695,Medium,Finance,Network,Resolved
TCK-3444,2025-01-22 19:19:07.100498115,2025-01-23 03:49:05.838145419,Medium,HR,Database,Closed
TCK-3445,2025-01-02 02:17:53.281732375,2025-01-02 13:18:52.754170074,Low,HR,Network,Closed
TCK-3446,2025-04-02 09:57:50.409003936,2025-04-02 17:46:08.557281233,High,IT Support,Network,Closed
TCK-3447,2025-06-29 16:41:09.381300680,2025-06-30 03:06:23.187340527,Medium,IT Support,Hardware,Closed
TCK-3448,2025-05-06 02:14:59.860667472,2025-05-06 13:57:07.920796836,High,  IT Support ,Database,Resolved
TCK-3449,2025-02-25 12:15:52.694241951,2025-02-26 10:27:18.332265974,High,HR,Network,Closed
TCK-3450,2025-06-07 20:01:44.683223022,2025-06-08 08:48:37.812001587,Medium,IT Support,Access,Resolved
TCK-3451,2025-05-21 17:02:24.680644748,2025-05-23 04:13:09.269715849,Low,DevOps,Hardware,Resolved
TCK-3452,2025-01-03 18:35:36.662822338,2025-01-04 16:45:16.191037503,Low,Operations,Database,Resolved
TCK-3453,2025-05-28 00:50:14.193373982,2025-05-28 09:04:04.536804640,Low,HR,Access,Closed
TCK-3454,2025-02-24 02:16:32.128573090,2025-02-24 14:38:25.614595747,High,Operations,Software,Resolved
TCK-3455,2025-01-27 22:35:21.721204164,2025-01-28 11:53:23.264885322,Low,IT Support,Hardware,Resolved
TCK-3456,2025-02-10 17:44:57.219590984,2025-02-11 15:19:51.415311651,Medium,HR,Access,Closed
TCK-3457,2025-03-26 08:15:53.117642162,2025-03-27 10:06:49.475825579,Low,Operations,Network,Closed
TCK-3458,2025-03-18 11:25:46.001761707,2025-03-18 22:24:32.347458514,High,HR,Network,Closed
TCK-3459,2025-02-21 23:59:35.279867974,2025-02-22 22:22:49.092163703,Medium,HR,Hardware,Resolved
TCK-3460,2025-01-31 23:58:59.346963772,2025-02-01 17:19:45.137172279,None,  DevOps ,Database,Closed
TCK-3461,2025-05-18 04:50:13.240515016,2025-05-20 09:57:46.966516649,High,DevOps,Network,Closed
TCK-3462,2025-06-28 05:16:27.356645432,2025-06-28 21:04:23.171412042,High,Operations,Access,Closed
TCK-3463,2025-05-21 00:03:34.658687026,2025-05-22 17:50:28.555538941,Low,Operations,Software,Closed
TCK-3464,2025-02-23 06:26:51.721227809,2025-02-23 14:51:34.662429383,Low,Operations,Database,Closed
TCK-3465,2025-02-14 01:34:28.967881498,2025-02-14 22:06:08.170058702,Low,IT Support,Hardware,Resolved
TCK-3466,2025-02-09 04:18:59.704577471,2025-02-09 16:10:07.466521600,Medium,HR,Network,Closed
TCK-3467,2025-01-25 14:31:21.798453492,2025-01-25 21:33:13.337510152,High,IT Support,Database,Resolved
TCK-3468,2025-04-10 05:44:52.708814669,2025-04-10 21:24:03.440190364,Low,HR,Software,Closed
TCK-3469,2025-04-19 23:19:46.584618408,2025-04-20 12:01:57.115514226,Low,Operations,Database,Resolved
TCK-3470,2025-05-07 23:46:17.378633112,2025-05-08 07:58:10.516283992,Medium,IT Support,Database,Closed
TCK-3471,2025-05-03 10:31:18.344760404,2025-05-04 07:57:35.841174605,Low,DevOps,Hardware,Closed
TCK-3472,2025-02-22 14:52:47.657079164,2025-02-23 12:42:49.039274081,Medium,  DevOps ,Software,Resolved
TCK-3473,2025-03-01 10:56:36.755931757,2025-03-02 18:11:47.637066278,Low,Finance,Software,Resolved
TCK-3474,2025-05-03 16:08:34.055199240,2025-05-04 03:36:40.030273158,Medium,Operations,Database,Closed
TCK-3475,2025-03-04 21:36:49.709466988,2025-03-05 18:43:36.594782879,Medium,DevOps,Network,Closed
TCK-3476,2025-02-08 06:31:55.844959556,2025-02-08 10:48:39.493261483,Medium,IT Support,Database,Closed
TCK-3477,2025-03-09 09:07:55.862291694,2025-03-10 04:10:31.224278368,Low,Finance,Access,Resolved
TCK-3478,2025-02-18 23:24:12.818652709,2025-02-19 15:46:49.385862021,Low,IT Support,Network,Closed
TCK-3479,2025-01-16 21:30:39.440391322,2025-01-17 13:33:39.292932511,High,Finance,Hardware,Closed
TCK-3480,2025-05-30 10:12:00.208206516,2025-05-30 16:05:45.285554107,High,IT Support,Software,Closed
TCK-3481,2025-06-03 13:26:28.324170228,2025-06-04 23:35:51.142932367,Medium,DevOps,Network,Closed
TCK-3482,2025-02-09 13:19:16.668195309,2025-02-10 15:04:30.978515846,Medium,DevOps,Hardware,Closed
TCK-3483,2025-01-12 15:48:57.247015937,2025-01-13 17:42:47.961843345,Low,IT Support,Database,Closed
TCK-3484,2025-05-13 23:44:04.305685544,2025-05-14 12:49:34.404036319,High,  HR ,Hardware,Closed
TCK-3485,2025-02-08 01:48:13.189427810,2025-02-09 14:27:37.329961508,High,DevOps,Access,Closed
TCK-3486,2025-03-12 19:38:28.731722050,2025-03-13 18:24:14.707852864,Medium,HR,Hardware,Resolved
TCK-3487,2025-01-12 13:03:51.442795784,2025-01-14 14:16:59.206620471,Critical,DevOps,Network,Closed
TCK-3488,2025-02-10 17:29:04.582163184,2025-02-11 13:42:41.578501325,Low,Operations,Software,Closed
TCK-3489,2025-05-23 17:20:16.232582496,2025-05-24 06:26:19.344823438,Medium,HR,Network,Closed
TCK-3490,2025-05-25 18:59:33.542425218,2025-05-26 18:22:38.333565708,None,IT Support,Network,Closed
TCK-3491,2025-02-07 06:36:23.196653672,2025-02-07 14:41:34.306160071,Low,IT Support,Software,Resolved
TCK-3492,2025-03-02 11:08:52.119099236,2025-03-03 06:47:34.487726317,Low,Finance,Access,Closed
TCK-3493,2025-01-25 03:54:35.893745900,2025-01-25 14:11:28.231723834,High,HR,Network,Closed
TCK-3494,2025-01-14 08:25:32.746191112,2025-01-14 16:01:00.532607194,Low,Operations,Software,Closed
TCK-3495,2025-06-28 14:10:54.503101664,2025-06-29 11:35:45.282926207,High,HR,Software,Resolved
TCK-3496,2025-04-29 00:09:57.129759740,2025-04-29 05:43:47.936086224,Low,  Operations ,Network,Closed
TCK-3497,2025-04-08 13:51:24.911052253,2025-04-09 20:46:06.032969466,Medium,DevOps,Software,Closed
TCK-3498,2025-05-18 18:57:12.678303220,2025-05-19 22:56:07.419056354,Medium,DevOps,Database,Resolved
TCK-3499,2025-06-01 05:07:59.987463486,2025-06-03 00:39:12.607599946,Low,HR,Network,Closed
TCK-3500,2025-05-26 05:00:28.072631604,2025-05-26 14:48:44.485794344,Critical,Finance,Access,Closed
TCK-3501,2025-01-03 23:27:01.515356161,2025-01-04 15:03:49.303114990,High,Finance,Database,Resolved
TCK-3502,2025-02-03 15:00:36.432658632,2025-02-04 07:49:33.591608755,Low,Operations,Access,Closed
TCK-3503,2025-04-28 21:11:27.258536508,2025-04-30 01:16:31.935043988,Low,DevOps,Network,Closed
TCK-3504,2025-03-09 15:16:49.377047231,2025-03-09 21:44:17.577137243,High,IT Support,Hardware,Closed
TCK-3505,2025-06-26 20:19:30.189302336,2025-06-27 04:29:15.827380814,High,IT Support,Software,Closed
TCK-3506,2025-04-30 18:32:55.335110126,2025-05-01 11:03:45.576618842,High,DevOps,Database,Closed
TCK-3507,2025-06-22 04:17:28.628556620,2025-06-22 21:16:04.540053154,Medium,HR,Network,Closed
TCK-3508,2025-02-06 06:14:55.682555385,2025-02-06 13:55:24.636863630,Low,  Finance ,Software,Closed
TCK-3509,2025-06-05 12:17:39.701244838,2025-06-06 18:53:50.995161254,High,DevOps,Hardware,Closed
TCK-3510,2025-02-27 20:14:31.060038384,2025-02-28 02:32:16.054993920,High,IT Support,Access,Closed
TCK-3511,2025-06-28 02:55:11.897714370,2025-06-30 06:26:53.778559981,Medium,DevOps,Network,Resolved
TCK-3512,2025-01-29 09:12:54.228081587,2025-01-30 19:22:10.815516234,Medium,HR,Network,Resolved
TCK-3513,2025-04-03 22:35:16.862573655,2025-04-04 13:50:31.477277239,Medium,Operations,Hardware,Closed
TCK-3514,2025-05-23 17:05:18.190234920,2025-05-25 05:10:05.674226309,High,Operations,Access,Closed
TCK-3515,2025-03-19 21:00:55.858353966,2025-03-20 23:28:59.954013245,High,DevOps,Network,Resolved
TCK-3516,2025-03-26 06:07:23.304038282,2025-03-26 11:22:00.162416144,High,IT Support,Software,Closed
TCK-3517,2025-06-27 13:03:25.331705286,2025-06-28 23:03:04.923951432,Medium,HR,Hardware,Closed
TCK-3518,2025-03-18 13:19:52.353483536,2025-03-19 12:41:06.056056461,Medium,Operations,Network,Closed
TCK-3519,2025-04-19 17:35:29.308516636,2025-04-20 18:08:45.264722315,High,Finance,Access,Resolved
TCK-3520,2025-01-10 19:36:40.802819943,2025-01-11 20:59:28.714481679,Low,  Operations ,Database,Closed
TCK-3521,2025-06-01 14:20:51.167429964,2025-06-02 00:05:47.882085138,Medium,IT Support,Network,Closed
TCK-3522,2025-04-27 16:05:09.497729860,2025-04-28 00:17:48.558000105,Medium,IT Support,Access,Closed
TCK-3523,2025-03-14 17:22:00.639722476,2025-03-15 00:40:57.207846705,Critical,HR,Hardware,Closed
TCK-3524,2025-01-03 21:51:08.685372691,2025-01-04 19:15:09.750607685,Low,Finance,Access,Closed
TCK-3525,2025-04-17 12:00:33.497870174,2025-04-17 23:37:02.271110457,Low,IT Support,Access,Closed
TCK-3526,2025-01-03 06:40:54.548585690,2025-01-03 14:40:32.637503335,Low,IT Support,Hardware,Closed
TCK-3527,2025-01-01 05:11:58.603513046,2025-01-03 05:52:25.893390389,Low,DevOps,Database,Closed
TCK-3528,2025-04-21 21:32:44.838546764,2025-04-22 07:50:35.561557051,Low,IT Support,Software,Resolved
TCK-3529,2025-02-04 00:33:13.431186988,2025-02-04 20:32:14.902564742,Medium,DevOps,Database,Closed
TCK-3530,2025-02-04 12:57:15.173215818,2025-02-04 22:15:41.008942026,Critical,Operations,Software,Closed
TCK-3531,2025-04-28 14:07:59.391830830,2025-04-29 12:46:53.196302849,Medium,Finance,Software,Resolved
TCK-3532,2025-01-10 15:58:18.666833148,2025-01-10 22:30:43.014674181,Low,  IT Support ,Software,Closed
TCK-3533,2025-02-26 09:54:43.292052300,2025-02-26 19:58:06.977216598,High,IT Support,Network,Resolved
TCK-3534,2025-01-27 21:32:44.942112680,2025-01-28 14:39:17.320390695,Medium,Finance,Database,Closed
TCK-3535,2025-04-15 10:21:42.903075696,2025-04-16 04:22:22.131696170,Low,Finance,Access,Closed
TCK-3536,2025-04-30 02:49:31.686320460,2025-05-01 20:18:19.177558861,Medium,Finance,Network,Closed
TCK-3537,2025-05-10 19:18:24.795172324,2025-05-11 04:27:38.427527589,High,IT Support,Hardware,Closed
TCK-3538,2025-02-15 22:35:55.885517529,2025-02-16 15:50:24.684466799,High,Finance,Hardware,Closed
TCK-3539,2025-01-17 01:33:32.137452154,2025-01-18 02:16:33.582677260,Medium,Finance,Software,Closed
TCK-3540,2025-01-15 03:54:48.232760395,2025-01-16 15:46:50.688689720,Low,Operations,Network,Closed
TCK-3541,2025-03-18 16:58:28.881505656,2025-03-19 21:21:04.804935695,High,Finance,Network,Resolved
TCK-3542,2025-06-20 06:02:52.249743344,2025-06-21 15:00:10.905547376,Low,Finance,Hardware,Resolved
TCK-3543,2025-02-09 04:35:21.940609726,2025-02-09 16:56:48.554616985,High,Operations,Access,Resolved
TCK-3544,2025-02-16 05:07:25.384063775,2025-02-16 19:19:27.116419896,Medium,  IT Support ,Database,Closed
TCK-3545,2025-01-19 03:50:22.650350318,2025-01-21 01:05:37.381198843,Low,HR,Database,Closed
TCK-3546,2025-04-20 00:03:48.899598402,2025-04-20 05:47:08.386910053,Low,IT Support,Software,Closed
TCK-3547,2025-05-03 09:03:02.935626464,2025-05-03 16:54:53.324148760,Low,HR,Software,Resolved
TCK-3548,2025-04-26 17:27:46.149316140,2025-04-27 08:57:55.807044868,Low,HR,Software,Closed
TCK-3549,2025-06-05 00:04:57.539832438,2025-06-05 13:15:03.716700376,Low,IT Support,Hardware,Closed
TCK-3550,2025-03-29 13:21:34.586325468,2025-03-30 02:55:31.232343949,Medium,HR,Hardware,Closed
TCK-3551,2025-01-25 04:51:15.898009386,2025-01-25 09:52:28.494969416,Medium,IT Support,Database,Closed
TCK-3552,2025-02-22 02:13:48.592715026,2025-02-23 01:26:07.700767678,Medium,Finance,Software,Closed
TCK-3553,2025-04-30 05:41:50.946648862,2025-05-01 23:30:11.564023252,Medium,DevOps,Network,Closed
TCK-3554,2025-04-21 08:41:12.935628738,2025-04-21 15:37:18.166594321,High,IT Support,Access,Closed
TCK-3555,2025-04-06 13:56:00.673762552,2025-04-08 07:55:52.372366428,Critical,DevOps,Hardware,Closed
TCK-3556,2025-05-03 22:24:22.639446464,2025-05-05 06:37:50.853102375,Low,  Operations ,Software,Closed
TCK-3557,2025-04-25 17:31:42.505005552,2025-04-26 03:06:47.887349673,Medium,IT Support,Software,Resolved
TCK-3558,2025-06-08 15:19:24.680958928,2025-06-08 23:42:20.053813658,Low,IT Support,Hardware,Closed
TCK-3559,2025-04-16 11:35:26.702542468,2025-04-17 14:50:25.741108324,Low,Operations,Database,Closed
TCK-3560,2025-05-21 03:33:28.330511054,2025-05-21 19:31:35.199096431,Medium,Finance,Database,Resolved
TCK-3561,2025-02-14 18:24:53.689590508,2025-02-15 09:36:54.935735157,Medium,Finance,Database,Resolved
TCK-3562,2025-05-03 01:44:55.555529184,2025-05-03 09:11:17.122907511,High,IT Support,Database,Closed
TCK-3563,2025-06-12 09:28:42.929087372,2025-06-12 16:07:31.191345036,Medium,IT Support,Network,Resolved
TCK-3564,2025-03-11 10:21:49.163498207,2025-03-11 19:51:58.712730872,Low,HR,Software,Closed
TCK-3565,2025-05-21 05:43:48.321490632,2025-05-22 02:57:27.542349829,High,IT Support,Database,Resolved
TCK-3566,2025-05-11 11:05:23.212191410,2025-05-12 12:16:12.367020493,Low,IT Support,Database,Closed
TCK-3567,2025-01-11 17:09:11.413750583,2025-01-12 00:16:31.256213216,Low,IT Support,Access,Closed
TCK-3568,2025-04-15 16:06:57.231273572,2025-04-16 17:45:56.217460556,Low,  Finance ,Access,Closed
TCK-3569,2025-01-24 10:25:04.758770878,2025-01-25 14:38:20.299113484,None,DevOps,Software,Closed
TCK-3570,2025-06-24 02:49:07.766530154,2025-06-25 03:31:24.515391951,Medium,HR,Hardware,Closed
TCK-3571,2025-05-27 01:16:49.482000606,2025-05-29 12:49:48.129182150,Medium,DevOps,Database,Closed
TCK-3572,2025-01-20 18:00:24.556995211,2025-01-20 23:50:46.018887738,High,HR,Network,Closed
TCK-3573,2025-01-22 21:58:07.067416694,2025-01-23 15:59:03.831581612,Medium,HR,Access,Resolved
TCK-3574,2025-04-18 00:07:37.391601050,2025-04-18 04:32:57.601077175,High,IT Support,Database,Closed
TCK-3575,2025-03-04 01:55:16.436741347,2025-03-05 21:16:47.828808988,Medium,Operations,Hardware,Resolved
TCK-3576,2025-01-07 06:47:35.920304995,2025-01-08 21:25:35.330316751,None,DevOps,Network,Resolved
TCK-3577,2025-04-08 11:53:28.729819642,2025-04-08 23:49:01.303633596,High,Operations,Access,Closed
TCK-3578,2025-03-11 19:29:26.990314291,2025-03-12 08:04:36.417482671,Medium,HR,Hardware,Closed
TCK-3579,2025-01-19 04:39:01.609365341,2025-01-19 20:13:43.725387714,Medium,Operations,Hardware,Closed
TCK-3580,2025-05-25 08:17:45.940365042,2025-05-25 19:20:53.587093377,Critical,  IT Support ,Network,Closed
TCK-3581,2025-06-14 17:07:53.853615990,2025-06-16 21:19:27.736746901,Medium,DevOps,Network,Closed
TCK-3582,2025-05-17 04:29:08.861787750,2025-05-17 14:37:24.835942399,Medium,Operations,Access,Closed
TCK-3583,2025-05-29 00:51:51.765373144,2025-05-30 12:28:26.831824245,High,HR,Network,Closed
TCK-3584,2025-02-08 23:14:21.302122657,2025-02-10 15:24:47.238103225,Medium,Operations,Database,Resolved
TCK-3585,2025-02-17 10:38:06.532686082,2025-02-17 22:15:17.789031711,Low,Operations,Network,Closed
TCK-3586,2025-02-07 12:50:20.306732968,2025-02-07 21:39:14.695312705,Low,IT Support,Hardware,Closed
TCK-3587,2025-05-18 17:04:26.484597250,2025-05-20 11:24:57.155464745,Medium,Operations,Network,Closed
TCK-3588,2025-06-20 15:00:06.411589298,2025-06-21 06:44:48.559092039,Low,IT Support,Access,Resolved
TCK-3589,2025-05-10 00:44:12.239125654,2025-05-10 21:26:24.752252188,Medium,Finance,Database,Closed
TCK-3590,2025-06-08 15:56:11.127406854,2025-06-10 04:44:56.864701513,High,Finance,Network,Resolved
TCK-3591,2025-04-25 23:10:48.323623100,2025-04-30 12:49:39.950702688,Low,Finance,Database,Closed
TCK-3592,2025-03-11 18:41:26.773490443,2025-03-12 13:39:45.122542790,Low,  Operations ,Network,Closed
TCK-3593,2025-03-18 15:17:24.635396106,2025-03-19 04:24:32.377559952,High,Operations,Database,Resolved
TCK-3594,2025-01-14 13:23:18.913067480,2025-01-14 22:39:13.988077707,Medium,IT Support,Network,Closed
TCK-3595,2025-01-06 15:53:42.300466197,2025-01-07 19:36:33.844302758,Low,Finance,Network,Closed
TCK-3596,2025-05-06 04:27:16.596348532,2025-05-06 10:59:37.315215227,High,IT Support,Software,Closed
TCK-3597,2025-03-20 22:00:46.128557881,2025-03-21 15:43:17.350015620,Medium,HR,Hardware,Closed
TCK-3598,2025-04-10 09:34:08.738385597,2025-04-10 14:06:31.735247474,Low,IT Support,Access,Closed
TCK-3599,2025-04-11 09:05:47.723023819,2025-04-11 15:11:26.003447325,Medium,IT Support,Access,Closed
TCK-3600,2025-02-19 22:15:48.648959503,2025-02-21 00:33:41.567803179,Low,Operations,Software,Closed
TCK-3601,2025-03-27 15:51:20.328420240,2025-03-27 19:23:25.277784392,High,IT Support,Network,Closed
TCK-3602,2025-03-26 17:41:02.967376105,2025-03-28 08:10:07.354510794,Medium,Finance,Hardware,Closed
TCK-3603,2025-03-11 22:00:20.144535632,2025-03-12 03:11:53.817588956,Medium,HR,Database,Closed
TCK-3604,2025-05-28 17:19:03.562653448,2025-05-28 20:53:39.209934211,Critical,  IT Support ,Software,Closed
TCK-3605,2025-03-23 05:01:42.585349492,2025-03-23 19:03:14.652197898,Low,Operations,Access,Closed
TCK-3606,2025-04-19 15:44:39.645117122,2025-04-20 01:33:19.028952107,Low,IT Support,Access,Closed
TCK-3607,2025-06-11 04:38:48.912162608,2025-06-11 21:08:09.577690648,Low,IT Support,Access,Resolved
TCK-3608,2025-06-05 22:07:45.302701964,2025-06-06 23:20:43.427893204,Low,Finance,Network,Closed
TCK-3609,2025-06-10 06:37:26.113173576,2025-06-10 14:08:17.092397995,Medium,IT Support,Database,Closed
TCK-3610,2025-02-18 14:25:17.705023897,2025-02-19 23:09:25.932293101,Medium,Finance,Database,Closed
TCK-3611,2025-01-07 07:07:27.658166993,2025-01-07 12:37:25.057826032,Low,IT Support,Database,Closed
TCK-3612,2025-02-16 23:48:30.871972160,2025-02-17 08:55:20.026851860,Low,IT Support,Network,Closed
TCK-3613,2025-02-20 04:00:56.639093261,2025-02-20 17:27:55.229245654,Low,Finance,Access,Closed
TCK-3614,2025-06-13 16:26:11.801226704,2025-06-14 07:14:07.008494682,None,HR,Access,Resolved
TCK-3615,2025-04-27 20:43:42.981096118,2025-04-28 04:41:39.592189422,Medium,IT Support,Network,Closed
TCK-3616,2025-01-15 16:57:39.979733861,2025-01-16 02:27:33.694531911,Medium,  HR ,Hardware,Resolved
TCK-3617,2025-01-25 08:50:07.925164645,2025-01-25 18:04:00.159786498,Low,IT Support,Network,Closed
TCK-3618,2025-01-29 00:31:15.104428801,2025-01-30 03:02:31.761553204,Medium,Finance,Network,Resolved
TCK-3619,2025-04-24 11:25:19.027523092,2025-04-25 12:58:49.538128904,Low,HR,Access,Closed
TCK-3620,2025-05-13 08:59:18.924684912,2025-05-13 19:57:58.268207903,None,Finance,Database,Closed
TCK-3621,2025-06-04 17:39:42.097113042,2025-06-05 23:30:18.234057358,High,DevOps,Access,Closed
TCK-3622,2025-06-19 07:32:59.638138692,2025-06-19 17:15:34.047063503,Medium,HR,Hardware,Closed
TCK-3623,2025-02-06 07:21:49.276473942,2025-02-08 07:15:06.642360979,Medium,DevOps,Software,Resolved
TCK-3624,2025-02-25 18:13:01.682428411,2025-02-26 14:55:06.473989820,Medium,HR,Software,Closed
TCK-3625,2025-02-13 06:11:41.441343606,2025-02-14 22:09:24.371520013,Low,DevOps,Network,Closed
TCK-3626,2025-03-06 13:50:59.897233374,2025-03-06 19:49:42.063214807,Low,IT Support,Software,Closed
TCK-3627,2025-06-14 15:21:11.750654150,2025-06-15 19:22:42.767671637,Medium,Operations,Database,Resolved
TCK-3628,2025-04-14 12:29:10.641040951,2025-04-14 19:05:36.954385330,Low,  HR ,Access,Closed
TCK-3629,2025-05-13 20:59:20.387190610,2025-05-14 02:57:07.464171430,Low,HR,Hardware,Closed
TCK-3630,2025-03-30 05:18:54.360243713,2025-03-30 14:49:33.523159004,Medium,Operations,Hardware,Resolved
TCK-3631,2025-01-06 04:39:58.268203408,2025-01-07 04:45:34.314635916,Critical,Finance,Hardware,Resolved
TCK-3632,2025-01-12 13:19:28.198238008,2025-01-13 01:14:15.775489955,Critical,IT Support,Access,Closed
TCK-3633,2025-04-07 19:49:38.982278160,2025-04-07 21:44:49.079945992,Low,IT Support,Database,Resolved
TCK-3634,2025-05-10 09:10:07.069521040,2025-05-12 08:38:09.944290357,Low,Finance,Hardware,Resolved
TCK-3635,2025-02-08 18:13:40.364126832,2025-02-09 13:26:50.734843467,Medium,Operations,Software,Closed
TCK-3636,2025-05-10 22:38:57.694728314,2025-05-11 12:48:17.382083986,High,DevOps,Database,Resolved
TCK-3637,2025-05-26 22:04:34.109215586,2025-05-27 23:50:40.132853202,None,Finance,Database,Closed
TCK-3638,2025-03-16 03:23:49.583487554,2025-03-18 08:55:39.061066212,High,DevOps,Database,Resolved
TCK-3639,2025-05-15 08:31:51.909191520,2025-05-16 17:35:36.184996262,Medium,Finance,Hardware,Resolved
TCK-3640,2025-03-14 17:24:33.787508208,2025-03-15 08:08:06.754308365,Low,  IT Support ,Database,Closed
TCK-3641,2025-05-03 02:28:28.989284470,2025-05-03 06:46:03.125662733,Low,IT Support,Hardware,Closed
TCK-3642,2025-05-18 12:28:02.111017532,2025-05-19 08:23:10.256445157,Low,Finance,Software,Resolved
TCK-3643,2025-06-28 13:07:22.767927740,2025-06-29 00:27:34.087690559,Medium,Operations,Software,Closed
TCK-3644,2025-03-04 04:06:48.888413046,2025-03-05 00:10:34.167572469,Low,IT Support,Software,Closed
TCK-3645,2025-03-15 23:41:46.219496357,2025-03-16 19:14:42.566863453,High,HR,Software,Resolved
TCK-3646,2025-01-30 19:28:43.163946984,2025-02-05 04:10:46.816943933,High,DevOps,Database,Closed
TCK-3647,2025-02-06 17:35:44.204264900,2025-02-07 07:50:34.462523442,Low,Operations,Database,Closed
TCK-3648,2025-05-05 19:27:59.080409970,2025-05-06 05:21:01.038146248,Critical,HR,Hardware,Closed
TCK-3649,2025-06-15 01:38:13.018082412,2025-06-15 14:51:29.673325766,Medium,HR,Software,Closed
TCK-3650,2025-03-13 00:41:36.208235613,2025-03-13 17:37:33.813060101,Critical,IT Support,Network,Closed
TCK-3651,2025-02-02 08:55:40.837186337,2025-02-02 20:45:09.397729177,Critical,HR,Software,Closed
TCK-3652,2025-02-21 07:37:47.414404323,2025-02-21 22:44:29.071190302,Low,  HR ,Access,Closed
TCK-3653,2025-03-23 21:49:24.113176172,2025-03-24 06:44:39.824521408,Medium,IT Support,Network,Closed
TCK-3654,2025-02-22 07:36:33.922290209,2025-02-23 08:35:53.042172898,Low,Finance,Access,Resolved
TCK-3655,2025-02-12 01:03:41.900711264,2025-02-12 11:18:33.231292244,High,HR,Network,Closed
TCK-3656,2025-05-13 11:27:10.769150100,2025-05-14 10:19:39.366941970,Medium,Finance,Hardware,Closed
TCK-3657,2025-01-02 09:53:24.215134171,2025-01-03 14:13:13.703146584,Critical,DevOps,Database,Closed
TCK-3658,2025-04-08 01:28:33.161136986,2025-04-08 09:56:37.640450353,Low,IT Support,Hardware,Closed
TCK-3659,2025-05-23 21:04:21.382926732,2025-05-25 01:55:23.478221419,Medium,Operations,Network,Closed
TCK-3660,2025-02-17 22:06:22.308809265,2025-02-19 08:21:06.209002610,None,HR,Software,Resolved
TCK-3661,2025-04-19 14:13:09.573038094,2025-04-20 10:35:00.060065669,Medium,DevOps,Hardware,Closed
TCK-3662,2025-05-01 09:38:54.442580744,2025-05-01 16:38:08.097141712,Low,IT Support,Network,Resolved
TCK-3663,2025-04-28 21:42:24.078491960,2025-04-29 09:37:20.982434373,Medium,Operations,Software,Resolved
TCK-3664,2025-03-22 06:04:13.511058458,2025-03-23 01:50:08.210488542,Low,  Operations ,Database,Closed
TCK-3665,2025-03-04 09:13:00.867444118,2025-03-04 15:42:39.565779189,Low,IT Support,Network,Closed
TCK-3666,2025-05-31 11:11:31.183728556,2025-05-31 20:46:29.082804352,Low,IT Support,Access,Closed
TCK-3667,2025-05-17 12:29:11.523261890,2025-05-18 19:44:30.181464273,Low,Operations,Access,Closed
TCK-3668,2025-02-27 19:49:20.456933168,2025-02-28 02:45:05.898932486,High,Finance,Access,Closed
TCK-3669,2025-01-19 13:02:34.511965189,2025-01-20 07:12:04.663443669,Medium,HR,Software,Closed
TCK-3670,2025-01-13 22:12:30.946767936,2025-01-14 12:30:31.909256349,High,Operations,Software,Closed
TCK-3671,2025-01-17 23:16:20.008284253,2025-01-18 17:08:53.226509468,Low,HR,Hardware,Closed
TCK-3672,2025-04-15 21:59:44.305258650,2025-04-16 13:38:42.473206819,Low,Finance,Software,Closed
TCK-3673,2025-01-10 07:10:50.158492447,2025-01-10 22:38:22.853430663,Low,IT Support,Network,Closed
TCK-3674,2025-03-02 15:31:26.759440725,2025-03-04 16:27:56.477671703,Low,DevOps,Access,Resolved
TCK-3675,2025-05-16 13:49:21.764170096,2025-05-17 01:06:58.969908812,Medium,IT Support,Database,Closed
TCK-3676,2025-02-22 23:35:02.685647160,2025-02-23 20:41:46.890743777,Medium,  HR ,Access,Closed
TCK-3677,2025-05-18 09:29:27.216305378,2025-05-18 15:20:44.371787130,None,IT Support,Network,Closed
TCK-3678,2025-05-15 04:25:03.378196124,2025-05-15 10:39:11.077580213,Medium,IT Support,Database,Resolved
TCK-3679,2025-02-14 05:58:23.566711780,2025-02-15 08:11:41.927056124,Low,Operations,Hardware,Closed
TCK-3680,2025-05-12 04:30:42.544802378,2025-05-12 10:18:07.989352617,Low,IT Support,Software,Closed
TCK-3681,2025-05-15 14:23:42.278407710,2025-05-17 16:52:14.545559525,Critical,Finance,Network,Closed
TCK-3682,2025-03-13 13:00:03.451973602,2025-03-13 20:13:52.274254969,Medium,IT Support,Software,Closed
TCK-3683,2025-02-07 21:00:59.363148091,2025-02-08 15:16:00.945190881,High,HR,Hardware,Closed
TCK-3684,2025-04-04 19:53:23.588782349,2025-04-06 12:27:11.907934800,Low,HR,Database,Closed
TCK-3685,2025-06-15 20:26:15.288579054,2025-06-16 02:24:31.749901300,Low,IT Support,Network,Closed
TCK-3686,2025-04-26 03:08:39.422783426,2025-04-26 11:56:29.771910052,Low,IT Support,Database,Resolved
TCK-3687,2025-02-01 03:01:30.683099166,2025-02-02 03:04:47.875297257,High,HR,Network,Closed
TCK-3688,2025-05-03 21:30:35.693455702,2025-05-04 20:21:29.897760557,Low,  HR ,Hardware,Closed
TCK-3689,2025-03-18 21:31:01.480287091,2025-03-19 09:34:13.179261848,Medium,HR,Hardware,Resolved
TCK-3690,2025-04-17 11:24:15.856470762,2025-04-18 01:18:21.746475268,Medium,Operations,Hardware,Closed
TCK-3691,2025-05-13 03:09:23.872679376,2025-05-13 19:10:33.903213248,Medium,Operations,Software,Closed
TCK-3692,2025-04-03 16:34:21.210752646,2025-04-04 10:06:14.344648248,Low,IT Support,Access,Closed
TCK-3693,2025-05-27 12:24:38.772564096,2025-05-28 00:45:40.238583551,Medium,HR,Database,Resolved
TCK-3694,2025-05-10 23:42:43.569532196,2025-05-12 07:56:48.668086225,Low,DevOps,Network,Closed
TCK-3695,2025-04-21 17:07:00.583967878,2025-04-22 07:39:28.512549722,None,Operations,Database,Closed
TCK-3696,2025-01-28 03:25:29.871824730,2025-01-29 05:02:20.913914747,Low,Operations,Access,Closed
TCK-3697,2025-05-31 11:18:00.572896710,2025-06-01 02:38:54.439894625,Low,HR,Software,Closed
TCK-3698,2025-06-18 11:06:43.662893780,2025-06-19 01:56:47.898304780,Low,Finance,Software,Closed
TCK-3699,2025-01-25 15:41:21.605482153,2025-01-26 06:46:58.035569941,High,Finance,Access,Resolved
TCK-3700,2025-03-29 21:12:06.044948712,2025-03-30 03:49:41.259194110,Low,  Operations ,Network,Closed
TCK-3701,2025-02-16 14:23:57.715125286,2025-02-17 10:51:23.016587505,Medium,DevOps,Access,Closed
TCK-3702,2025-05-16 19:32:26.477082382,2025-05-17 08:10:58.335236539,Low,IT Support,Software,Closed
TCK-3703,2025-05-10 21:26:24.099145094,2025-05-11 13:55:00.169959640,Low,IT Support,Software,Resolved
TCK-3704,2025-01-26 08:37:25.395110840,2025-01-27 19:08:26.637715287,Medium,Finance,Database,Resolved
TCK-3705,2025-06-07 20:45:28.122660982,2025-06-09 05:05:15.380821793,Low,Finance,Network,Closed
TCK-3706,2025-02-02 13:48:13.090985891,2025-02-02 21:46:57.205133740,Medium,IT Support,Network,Closed
TCK-3707,2025-05-24 12:09:32.366879368,2025-05-25 00:40:53.205250912,High,IT Support,Software,Resolved
TCK-3708,2025-03-24 06:09:18.552934731,2025-03-24 15:57:47.596419524,High,IT Support,Access,Resolved
TCK-3709,2025-03-01 02:08:10.709416368,2025-03-01 23:05:22.174363137,Low,IT Support,Software,Closed
TCK-3710,2025-01-29 11:35:37.013109368,2025-01-30 10:55:00.691559149,Medium,Finance,Database,Closed
TCK-3711,2025-01-31 04:05:36.911592380,2025-02-01 15:19:22.096981944,Critical,Operations,Access,Resolved
TCK-3712,2025-04-30 03:22:01.906708400,2025-05-01 01:21:03.047521378,High,  HR ,Software,Closed
TCK-3713,2025-04-10 01:51:33.393353619,2025-04-10 22:22:13.161716186,Low,HR,Network,Resolved
TCK-3714,2025-01-22 23:24:32.477519971,2025-01-23 02:31:05.094315374,Medium,IT Support,Database,Closed
TCK-3715,2025-01-21 06:51:17.125536833,2025-01-21 20:22:53.023204271,Critical,IT Support,Software,Closed
TCK-3716,2025-01-14 00:22:54.058866452,2025-01-14 17:16:11.737866591,Medium,Operations,Software,Closed
TCK-3717,2025-05-14 21:04:29.786353358,2025-05-15 21:54:15.226116368,High,DevOps,Hardware,Closed
TCK-3718,2025-05-09 03:19:50.189485906,2025-05-09 15:00:10.388955610,Medium,Finance,Access,Resolved
TCK-3719,2025-01-11 12:25:18.769770352,2025-01-11 20:53:53.405910983,Low,IT Support,Hardware,Closed
TCK-3720,2025-04-11 20:22:00.215684123,2025-04-13 03:53:28.186619464,Low,DevOps,Network,Closed
TCK-3721,2025-01-16 05:48:03.566334313,2025-01-16 18:34:18.944784368,Low,Finance,Access,Resolved
TCK-3722,2025-06-12 16:10:54.224510262,2025-06-13 03:54:37.299679881,Low,Finance,Database,Resolved
TCK-3723,2025-06-13 06:44:50.103089420,2025-06-14 00:51:31.803605883,Critical,HR,Access,Closed
TCK-3724,2025-05-06 16:21:59.457573800,2025-05-07 14:19:25.332215659,Medium,  HR ,Software,Closed
TCK-3725,2025-06-16 17:08:10.106226326,2025-06-17 08:45:12.619291311,High,HR,Software,Closed
TCK-3726,2025-05-27 01:28:37.528993714,2025-05-27 16:35:20.422059300,Medium,IT Support,Software,Closed
TCK-3727,2025-05-30 03:17:11.932817472,2025-05-30 11:25:38.379548844,Medium,IT Support,Access,Closed
TCK-3728,2025-04-13 13:08:16.492063602,2025-04-13 21:24:36.115185267,Low,IT Support,Software,Closed
TCK-3729,2025-02-25 02:10:32.650657968,2025-02-25 11:09:11.860832945,Critical,HR,Software,Closed
TCK-3730,2025-02-09 04:53:31.838290588,2025-02-09 16:07:18.357036753,Medium,Finance,Hardware,Closed
TCK-3731,2025-02-28 21:30:14.742749427,2025-03-02 09:23:53.515019118,Medium,HR,Software,Closed
TCK-3732,2025-04-24 03:06:00.928745092,2025-04-24 18:03:55.012105284,None,IT Support,Hardware,Closed
TCK-3733,2025-02-01 01:52:34.445265468,2025-02-01 17:19:41.226734212,Medium,DevOps,Network,Closed
TCK-3734,2025-02-16 13:19:32.960183625,2025-02-17 22:50:11.283251410,High,DevOps,Access,Closed
TCK-3735,2025-03-26 06:01:22.538195063,2025-03-27 05:19:39.030743952,High,Finance,Hardware,Closed
TCK-3736,2025-02-11 22:46:35.132254821,2025-02-13 01:48:27.375717170,Low,  DevOps ,Access,Closed
TCK-3737,2025-04-16 22:56:26.351424192,2025-04-17 13:36:41.427381492,Low,Operations,Access,Closed
TCK-3738,2025-06-16 04:07:13.594552842,2025-06-17 17:37:51.513951353,None,DevOps,Database,Closed
TCK-3739,2025-05-15 15:44:45.815415022,2025-05-16 04:32:32.396813685,Medium,IT Support,Hardware,Resolved
TCK-3740,2025-04-30 22:57:46.703243894,2025-05-01 16:19:39.506920252,Low,HR,Software,Closed
TCK-3741,2025-04-15 21:21:24.394499726,2025-04-16 05:21:34.920940224,Medium,IT Support,Database,Closed
TCK-3742,2025-03-29 19:56:05.884765873,2025-03-30 03:47:32.441097972,Medium,IT Support,Hardware,Resolved
TCK-3743,2025-02-03 13:57:21.145038228,2025-02-04 03:32:03.044188074,High,IT Support,Hardware,Closed
TCK-3744,2025-06-11 01:08:57.002798614,2025-06-11 23:50:34.884390038,Critical,Operations,Network,Closed
TCK-3745,2025-02-14 17:40:31.903303630,2025-02-15 19:04:56.474250297,Critical,Finance,Software,Closed
TCK-3746,2025-01-17 10:27:15.664095556,2025-01-18 04:08:02.839979370,Critical,Operations,Network,Closed
TCK-3747,2025-05-16 00:03:56.067364668,2025-05-16 10:10:02.103424021,Low,IT Support,Access,Closed
TCK-3748,2025-02-01 14:39:32.789918300,2025-02-02 10:02:38.734239427,High,  Finance ,Software,Closed
TCK-3749,2025-03-08 22:35:26.584864370,2025-03-10 01:44:03.532688696,Low,Operations,Network,Closed
TCK-3750,2025-01-06 02:11:27.204781316,2025-01-06 10:28:59.046264070,Low,HR,Network,Closed
TCK-3751,2025-01-25 16:08:00.642389048,2025-01-26 06:47:11.358534176,High,Operations,Software,Closed
TCK-3752,2025-02-01 04:14:22.865578152,2025-02-01 15:46:38.555537979,Medium,IT Support,Hardware,Closed
TCK-3753,2025-01-10 19:03:06.306770767,2025-01-11 03:06:39.028188965,Critical,HR,Access,Closed
TCK-3754,2025-04-29 04:45:28.989398488,2025-04-29 18:52:35.433820179,Low,DevOps,Database,Resolved
TCK-3755,2025-05-31 15:52:25.240330080,2025-06-01 00:38:45.708912715,High,IT Support,Database,Resolved
TCK-3756,2025-03-09 04:43:21.199803114,2025-03-09 10:48:09.379097340,Low,HR,Database,Closed
TCK-3757,2025-06-07 10:10:13.365921458,2025-06-08 02:21:48.537690028,Low,DevOps,Access,Resolved
TCK-3758,2025-02-08 09:39:25.927559087,2025-02-09 21:25:19.981023366,Medium,Finance,Software,Closed
TCK-3759,2025-02-28 13:41:11.867224396,2025-02-28 21:21:33.724239475,Medium,IT Support,Software,Closed
TCK-3760,2025-01-28 03:11:01.715620730,2025-01-28 19:20:53.459318598,Medium,  IT Support ,Software,Closed
TCK-3761,2025-04-22 16:48:56.607156268,2025-04-22 21:28:09.866692038,Critical,IT Support,Database,Closed
TCK-3762,2025-03-17 13:50:11.877215012,2025-03-18 07:00:38.213090541,Medium,Operations,Hardware,Closed
TCK-3763,2025-04-21 09:23:02.610085208,2025-04-22 02:43:27.750573285,Low,HR,Network,Closed
TCK-3764,2025-05-18 02:26:08.128690344,2025-05-18 07:10:11.179506694,Low,IT Support,Database,Resolved
TCK-3765,2025-04-09 05:26:13.305344414,2025-04-11 09:21:55.977192724,Medium,DevOps,Access,Closed
TCK-3766,2025-04-23 23:21:47.279432604,2025-04-24 22:35:57.582037730,Medium,Operations,Software,Closed
TCK-3767,2025-06-18 08:16:52.889460666,2025-06-18 12:04:58.657527143,Medium,IT Support,Network,Closed
TCK-3768,2025-02-23 19:57:28.143036728,2025-02-24 13:37:16.774593038,Low,Operations,Software,Closed
TCK-3769,2025-03-06 15:35:17.573635239,2025-03-07 13:25:10.678521007,High,Operations,Software,Closed
TCK-3770,2025-05-10 04:28:42.681303608,2025-05-10 10:48:24.702302164,Low,IT Support,Software,Closed
TCK-3771,2025-04-21 00:50:23.401245374,2025-04-21 04:53:44.073262188,Medium,IT Support,Hardware,Resolved
TCK-3772,2025-02-02 03:15:43.731401645,2025-02-03 07:25:19.729473934,Medium,  Finance ,Network,Closed
TCK-3773,2025-03-09 16:57:22.965283143,2025-03-11 11:51:21.670126088,Low,HR,Database,Closed
TCK-3774,2025-03-26 05:03:36.780115567,2025-03-26 19:53:36.930053004,High,Operations,Hardware,Closed
TCK-3775,2025-03-17 11:45:50.760084392,2025-03-18 18:53:04.088336866,Medium,HR,Access,Closed
TCK-3776,2025-02-02 02:08:49.819024378,2025-02-02 07:58:56.816557401,Medium,IT Support,Access,Closed
TCK-3777,2025-06-16 09:32:16.787428846,2025-06-16 19:00:18.904697647,Medium,IT Support,Database,Closed
TCK-3778,2025-05-18 05:13:01.381864712,2025-05-19 02:06:05.279099297,Critical,HR,Network,Closed
TCK-3779,2025-03-28 15:27:25.900941319,2025-03-28 23:55:17.442243549,Medium,IT Support,Database,Resolved
TCK-3780,2025-05-03 09:51:49.112227922,2025-05-03 17:11:16.612052554,Medium,IT Support,Hardware,Resolved
TCK-3781,2025-06-11 12:15:40.117051634,2025-06-12 23:29:07.684915096,Low,Finance,Network,Closed
TCK-3782,2025-01-25 12:16:20.262007155,2025-01-28 20:05:15.211763480,Low,DevOps,Access,Resolved
TCK-3783,2025-02-15 01:36:41.684594917,2025-02-16 06:05:05.541409745,Low,Finance,Network,Closed
TCK-3784,2025-04-08 16:28:09.797335343,2025-04-09 16:25:08.831018300,None,  DevOps ,Network,Closed
TCK-3785,2025-05-24 19:43:29.295271880,2025-05-25 03:27:19.563966002,Medium,IT Support,Network,Closed
TCK-3786,2025-01-07 12:37:16.133906633,2025-01-12 01:53:35.664584176,Critical,DevOps,Database,Closed
TCK-3787,2025-06-27 02:57:30.271853800,2025-06-27 12:03:05.557475592,Low,IT Support,Software,Resolved
TCK-3788,2025-03-23 21:11:47.488027041,2025-03-24 20:13:34.048869702,Medium,DevOps,Hardware,Closed
TCK-3789,2025-03-06 15:52:42.698949036,2025-03-07 09:21:55.615566621,None,DevOps,Network,Resolved
TCK-3790,2025-02-22 16:34:10.457284132,2025-02-23 02:24:08.496030375,Low,Finance,Network,Resolved
TCK-3791,2025-02-01 09:13:15.517386355,2025-02-02 22:24:04.636241848,Medium,DevOps,Database,Closed
TCK-3792,2025-05-23 11:35:57.431679792,2025-05-24 12:34:11.018289098,Critical,Operations,Hardware,Closed
TCK-3793,2025-06-21 23:23:21.090131294,2025-06-22 06:21:35.670944623,Critical,IT Support,Hardware,Closed
TCK-3794,2025-03-16 10:56:43.227355633,2025-03-17 01:02:22.011989015,High,HR,Access,Closed
TCK-3795,2025-06-21 10:27:26.644805752,2025-06-21 20:28:58.771654256,High,Operations,Hardware,Closed
TCK-3796,2025-05-29 06:48:20.515245652,2025-05-29 15:53:23.431021072,Medium,  IT Support ,Hardware,Closed
TCK-3797,2025-03-28 14:08:27.134511702,2025-03-29 13:02:25.692452468,Low,Operations,Network,Resolved
TCK-3798,2025-05-02 07:47:35.137769616,2025-05-03 07:30:54.524221401,High,DevOps,Software,Resolved
TCK-3799,2025-03-20 07:07:53.954459039,2025-03-21 02:55:26.200622371,None,IT Support,Network,Closed
TCK-3800,2025-04-11 13:41:06.444521615,2025-04-12 05:48:21.881110040,Medium,Finance,Database,Closed
TCK-3801,2025-01-11 10:45:36.633311771,2025-01-12 22:28:50.530120299,Low,DevOps,Hardware,Closed
TCK-3802,2025-05-06 07:51:29.567873892,2025-05-08 07:14:08.291888950,Medium,DevOps,Software,Resolved
TCK-3803,2025-01-10 12:12:08.871017294,2025-01-11 18:01:38.386395998,Medium,DevOps,Network,Closed
TCK-3804,2025-05-28 01:48:25.094494390,2025-05-28 18:11:17.356267162,Low,Operations,Access,Resolved
TCK-3805,2025-05-29 11:46:14.646970590,2025-05-30 02:56:39.446022334,High,DevOps,Database,Resolved
TCK-3806,2025-02-12 16:10:25.976074249,2025-02-14 16:28:10.728292819,Medium,Finance,Database,Closed
TCK-3807,2025-02-28 06:13:23.570668765,2025-02-28 14:01:51.547473900,Medium,IT Support,Database,Resolved
TCK-3808,2025-03-28 15:15:39.007338577,2025-03-29 09:50:16.235471504,Low,  HR ,Network,Closed
TCK-3809,2025-04-18 09:35:01.528613952,2025-04-19 19:52:47.700530786,Low,Finance,Software,Closed
TCK-3810,2025-02-21 17:22:04.147411532,2025-02-21 23:34:34.693694446,Medium,IT Support,Software,Closed
TCK-3811,2025-04-17 15:32:28.564835698,2025-04-18 07:50:54.527554544,Medium,Operations,Hardware,Closed
TCK-3812,2025-02-23 14:26:24.562862056,2025-02-25 01:31:10.260117846,Low,Operations,Software,Closed
TCK-3813,2025-01-10 23:43:11.694097135,2025-01-11 04:34:55.199613468,Low,IT Support,Access,Resolved
TCK-3814,2025-01-01 10:55:08.454985847,2025-01-03 15:04:47.248673436,Low,Operations,Database,Closed
TCK-3815,2025-01-19 04:58:21.252747401,2025-01-19 21:51:15.769598550,Medium,Finance,Network,Closed
TCK-3816,2025-05-23 14:31:22.888950812,2025-05-23 22:23:46.937537737,None,HR,Database,Resolved
TCK-3817,2025-06-23 01:22:59.770185658,2025-06-23 10:27:52.558714723,High,IT Support,Database,Resolved
TCK-3818,2025-03-18 20:29:38.331221522,2025-03-19 22:08:10.330966362,High,IT Support,Access,Closed
TCK-3819,2025-04-03 06:47:40.844053510,2025-04-03 12:15:22.942429199,Medium,HR,Database,Closed
TCK-3820,2025-01-27 10:23:02.725429923,2025-01-28 15:16:25.043778105,Medium,  DevOps ,Database,Closed
TCK-3821,2025-04-10 04:27:19.596881801,2025-04-10 15:14:27.242839485,Low,IT Support,Access,Closed
TCK-3822,2025-01-27 00:54:33.036012503,2025-01-27 19:12:52.518114183,High,Operations,Access,Closed
TCK-3823,2025-04-21 00:26:45.278804206,2025-04-21 10:44:03.887392437,Medium,IT Support,Software,Closed
TCK-3824,2025-06-17 23:40:38.798217440,2025-06-18 09:35:39.104531806,High,HR,Database,Closed
TCK-3825,2025-02-05 05:25:03.683240872,2025-02-05 23:34:12.938253603,Medium,Finance,Hardware,Resolved
TCK-3826,2025-05-18 14:54:54.943224050,2025-05-19 13:39:46.479179663,Low,Finance,Hardware,Resolved
TCK-3827,2025-01-05 05:31:49.679670575,2025-01-05 10:21:42.473366136,Low,IT Support,Hardware,Resolved
TCK-3828,2025-03-09 14:08:53.097033850,2025-03-10 04:02:03.578136111,High,HR,Access,Resolved
TCK-3829,2025-01-20 22:26:00.793780076,2025-01-21 05:25:55.335234997,Low,IT Support,Database,Closed
TCK-3830,2025-03-05 10:41:38.067696318,2025-03-05 21:55:11.136483639,Low,HR,Software,Closed
TCK-3831,2025-02-01 05:40:46.174223916,2025-02-02 02:48:28.935796442,Critical,Operations,Database,Closed
TCK-3832,2025-03-09 04:40:39.206391145,2025-03-09 08:05:52.386747723,Medium,  IT Support ,Hardware,Closed
TCK-3833,2025-03-17 03:41:54.680584311,2025-03-17 11:16:42.896491925,Low,IT Support,Network,Closed
TCK-3834,2025-02-24 02:33:13.141488843,2025-02-25 23:47:26.913326527,Low,HR,Hardware,Closed
TCK-3835,2025-04-29 04:36:24.558206104,2025-04-29 22:37:00.895492571,Low,DevOps,Access,Closed
TCK-3836,2025-06-15 09:26:27.101178564,2025-06-17 20:23:37.251000659,Medium,DevOps,Database,Resolved
TCK-3837,2025-03-14 02:34:19.258085196,2025-03-14 11:18:27.027927407,High,IT Support,Access,Closed
TCK-3838,2025-02-04 14:55:20.769499533,2025-02-05 09:02:44.376119866,Low,Finance,Software,Closed
TCK-3839,2025-02-18 17:31:20.335463932,2025-02-19 00:51:33.300258350,High,HR,Database,Resolved
TCK-3840,2025-06-03 17:17:00.807015530,2025-06-04 08:30:38.707550451,Low,HR,Database,Closed
TCK-3841,2025-04-13 21:29:00.976297339,2025-04-16 00:09:19.844415410,Low,Finance,Database,Resolved
TCK-3842,2025-03-23 21:38:51.574437800,2025-03-24 23:09:56.149037428,None,DevOps,Network,Resolved
TCK-3843,2025-01-27 22:25:50.292906828,2025-01-29 04:12:02.862751413,Low,DevOps,Database,Closed
TCK-3844,2025-03-22 22:49:19.099051457,2025-03-24 04:39:11.672209321,Critical,  Operations ,Network,Closed
TCK-3845,2025-02-20 03:05:07.636214077,2025-02-20 19:55:26.807793653,High,HR,Database,Resolved
TCK-3846,2025-06-19 18:27:52.964375288,2025-06-20 05:37:36.971074070,Low,Finance,Hardware,Resolved
TCK-3847,2025-06-09 03:10:58.341633452,2025-06-09 12:06:49.343642470,Medium,IT Support,Software,Resolved
TCK-3848,2025-01-16 02:27:32.330512135,2025-01-17 16:47:55.706039344,Medium,Operations,Database,Closed
TCK-3849,2025-04-03 23:56:35.064990849,2025-04-04 13:52:59.514944672,Critical,HR,Access,Resolved
TCK-3850,2025-02-10 12:15:07.389444180,2025-02-10 16:49:21.262417697,Medium,Operations,Hardware,Closed
TCK-3851,2025-03-15 22:33:25.296281767,2025-03-16 08:52:40.636368405,Medium,IT Support,Access,Resolved
TCK-3852,2025-06-07 19:59:00.068806650,2025-06-08 03:40:49.471117025,Low,IT Support,Access,Closed
TCK-3853,2025-04-05 22:51:45.813306649,2025-04-06 11:17:03.712148341,Medium,DevOps,Network,Resolved
TCK-3854,2025-03-02 03:48:36.242502057,2025-03-02 07:28:51.816255302,Low,IT Support,Software,Closed
TCK-3855,2025-02-07 10:04:39.683040914,2025-02-08 15:23:15.321630004,Low,Operations,Access,Closed
TCK-3856,2025-05-25 01:24:12.213489720,2025-05-25 07:17:49.338437633,None,  IT Support ,Hardware,Closed
TCK-3857,2025-04-23 09:55:04.174946326,2025-04-23 15:19:02.600750274,Low,IT Support,Software,Closed
TCK-3858,2025-03-26 06:02:34.040548747,2025-03-26 14:23:33.599997655,Low,IT Support,Hardware,Closed
TCK-3859,2025-02-09 03:31:56.671277034,2025-02-09 09:41:30.185193872,Medium,IT Support,Access,Closed
TCK-3860,2025-03-02 03:56:39.610891706,2025-03-03 12:32:04.317832477,High,DevOps,Software,Closed
TCK-3861,2025-06-22 18:31:24.972637442,2025-06-23 02:12:15.367102667,Low,IT Support,Database,Closed
TCK-3862,2025-04-04 14:47:18.709645935,2025-04-05 07:48:06.223588016,Low,DevOps,Access,Closed
TCK-3863,2025-03-14 03:01:15.221895070,2025-03-14 16:57:39.746485370,Low,Operations,Access,Resolved
TCK-3864,2025-04-04 20:32:35.602601133,2025-04-05 14:15:42.797974048,Low,HR,Network,Closed
TCK-3865,2025-05-21 05:13:49.243750714,2025-05-21 23:36:41.720901043,Medium,Operations,Hardware,Closed
TCK-3866,2025-03-03 05:16:14.180492615,2025-03-03 22:32:52.896848209,Medium,Operations,Database,Closed
TCK-3867,2025-02-02 04:00:37.592743932,2025-02-04 20:33:20.192977973,Medium,Finance,Software,Resolved
TCK-3868,2025-04-16 06:55:26.512408872,2025-04-16 19:10:29.113909246,Medium,  IT Support ,Access,Closed
TCK-3869,2025-04-30 17:40:54.217337556,2025-05-01 15:25:42.382363602,High,HR,Access,Closed
TCK-3870,2025-05-09 06:56:30.382011364,2025-05-10 11:28:23.192490401,Medium,DevOps,Database,Resolved
TCK-3871,2025-06-08 18:11:11.011594848,2025-06-10 04:47:36.688248857,Critical,DevOps,Access,Closed
TCK-3872,2025-03-08 19:28:19.924957086,2025-03-09 20:27:40.458249935,Medium,DevOps,Hardware,Closed
TCK-3873,2025-01-14 13:31:59.346151725,2025-01-15 10:28:50.160630635,High,HR,Software,Closed
TCK-3874,2025-06-22 12:03:57.172628414,2025-06-23 11:15:00.472351494,Medium,Finance,Database,Resolved
TCK-3875,2025-03-20 07:15:05.495507614,2025-03-20 23:07:17.512906263,Medium,HR,Database,Closed
TCK-3876,2025-04-23 04:28:20.790436538,2025-04-23 19:51:35.354156887,High,HR,Network,Closed
TCK-3877,2025-04-30 22:26:20.385291202,2025-05-01 06:51:43.690578186,Low,IT Support,Software,Resolved
TCK-3878,2025-04-09 08:56:21.197721118,2025-04-12 15:09:16.421573994,Medium,Operations,Database,Closed
TCK-3879,2025-02-06 22:42:45.102458472,2025-02-07 04:48:11.480092314,High,IT Support,Access,Resolved
TCK-3880,2025-05-16 22:13:04.715406232,2025-05-17 08:20:48.517497920,High,  HR ,Software,Resolved
TCK-3881,2025-05-25 16:12:30.704377078,2025-05-27 12:04:11.888961768,Medium,DevOps,Hardware,Closed
TCK-3882,2025-04-10 12:51:16.313743224,2025-04-10 19:10:00.174552920,Medium,IT Support,Database,Closed
TCK-3883,2025-03-29 22:35:03.169415456,2025-03-30 05:55:54.245158290,Low,IT Support,Hardware,Closed
TCK-3884,2025-01-21 12:12:46.624006427,2025-01-21 17:09:01.651674857,Critical,IT Support,Database,Closed
TCK-3885,2025-01-16 02:40:16.239644638,2025-01-17 18:18:29.887519168,Medium,DevOps,Access,Closed
TCK-3886,2025-03-03 02:55:12.478203999,2025-03-04 02:04:54.625529100,High,Operations,Network,Resolved
TCK-3887,2025-02-25 22:51:19.410606500,2025-02-26 10:59:05.847830523,Low,HR,Access,Closed
TCK-3888,2025-06-21 15:47:45.125380794,2025-06-23 02:49:17.567713232,Low,Finance,Hardware,Closed
TCK-3889,2025-05-22 01:15:00.890480220,2025-05-22 10:55:33.167453324,Low,Finance,Software,Resolved
TCK-3890,2025-04-29 18:52:22.639868900,2025-04-30 04:50:43.063987466,Medium,HR,Hardware,Closed
TCK-3891,2025-04-04 04:14:23.080401794,2025-04-04 20:46:23.295848390,Low,Operations,Network,Closed
TCK-3892,2025-01-31 03:01:39.837860882,2025-01-31 16:39:40.529634544,Low,  Finance ,Database,Closed
TCK-3893,2025-06-26 02:55:58.165809984,2025-06-26 10:26:28.212419488,Low,Operations,Database,Closed
TCK-3894,2025-03-09 12:10:32.939031746,2025-03-09 19:27:46.827459992,Low,IT Support,Hardware,Resolved
TCK-3895,2025-01-20 05:55:06.969259551,2025-01-22 01:46:42.101627484,Low,DevOps,Software,Closed
TCK-3896,2025-03-30 21:12:40.426171283,2025-04-01 07:23:02.007639379,Low,Operations,Database,Resolved
TCK-3897,2025-06-07 07:40:17.076606670,2025-06-07 14:08:11.523696818,High,IT Support,Database,Closed
TCK-3898,2025-06-09 17:05:49.659641028,2025-06-10 13:35:07.236637663,Medium,HR,Network,Resolved
TCK-3899,2025-01-02 23:22:21.926509867,2025-01-03 11:03:29.239601338,Medium,IT Support,Network,Closed
TCK-3900,2025-06-09 12:47:51.422373768,2025-06-10 04:25:49.444947640,None,IT Support,Software,Closed
TCK-3901,2025-02-18 20:48:42.550557799,2025-02-19 17:22:35.588173233,Medium,Finance,Database,Closed
TCK-3902,2025-01-08 00:21:38.204436915,2025-01-08 03:49:08.567215968,Critical,IT Support,Access,Closed
TCK-3903,2025-06-02 14:27:14.284683422,2025-06-03 05:09:40.084021205,Low,HR,Hardware,Resolved
TCK-3904,2025-06-05 11:54:15.789128614,2025-06-05 22:44:48.839507911,Medium,  Operations ,Database,Resolved
TCK-3905,2025-04-18 07:43:05.753708226,2025-04-18 13:38:17.266949182,Medium,IT Support,Hardware,Resolved
TCK-3906,2025-04-14 09:33:13.793472966,2025-04-15 12:13:10.269037130,Medium,DevOps,Database,Closed
TCK-3907,2025-05-27 08:40:46.479808314,2025-05-27 15:51:16.469119242,Medium,IT Support,Network,Resolved
TCK-3908,2025-05-22 12:51:26.163750272,2025-05-23 04:05:55.543308307,Low,HR,Software,Resolved
TCK-3909,2025-06-10 05:15:20.322980932,2025-06-11 01:26:17.630359199,High,HR,Access,Resolved
TCK-3910,2025-04-10 11:52:08.305023933,2025-04-10 18:56:28.906502942,Medium,IT Support,Network,Closed
TCK-3911,2025-06-24 04:14:07.586180640,2025-06-24 14:35:42.194318733,Low,IT Support,Software,Resolved
TCK-3912,2025-06-29 07:21:15.514675280,2025-06-30 08:02:11.326843951,Medium,Finance,Network,Closed
TCK-3913,2025-01-21 23:28:21.774698734,2025-01-24 00:57:39.320550470,High,DevOps,Hardware,Resolved
TCK-3914,2025-06-02 22:01:44.548585708,2025-06-03 05:45:50.959426341,Low,IT Support,Database,Resolved
TCK-3915,2025-03-31 23:13:55.752506057,2025-04-01 16:32:08.329260254,Low,Operations,Network,Resolved
TCK-3916,2025-03-11 18:17:11.693238989,2025-03-12 14:36:13.984479877,High,  Finance ,Software,Resolved
TCK-3917,2025-04-21 08:28:20.563295982,2025-04-22 07:03:47.939702021,None,Finance,Database,Closed
TCK-3918,2025-01-11 01:46:16.346538733,2025-01-11 11:22:07.182509682,Low,HR,Hardware,Resolved
TCK-3919,2025-04-02 03:54:43.319065627,2025-04-02 13:02:43.733251333,Critical,HR,Hardware,Closed
TCK-3920,2025-06-06 18:14:50.145054720,2025-06-07 15:10:33.708754659,Medium,HR,Access,Closed
TCK-3921,2025-02-08 10:09:13.498993242,2025-02-09 00:24:29.679986804,Critical,Finance,Database,Closed
TCK-3922,2025-03-18 18:00:15.643454100,2025-03-19 14:53:27.874733452,Medium,Finance,Hardware,Resolved
TCK-3923,2025-06-19 02:33:26.765741744,2025-06-19 16:40:46.153416909,Critical,IT Support,Network,Resolved
TCK-3924,2025-03-19 03:23:44.805554205,2025-03-19 15:17:59.937899933,High,HR,Hardware,Resolved
TCK-3925,2025-03-06 12:08:53.418033458,2025-03-08 11:03:50.792161557,Low,DevOps,Hardware,Closed
TCK-3926,2025-03-21 07:07:05.951614778,2025-03-22 01:20:59.311573745,Low,Finance,Hardware,Closed
TCK-3927,2025-04-04 12:02:09.424881036,2025-04-05 06:21:48.605478635,Medium,DevOps,Access,Closed
TCK-3928,2025-04-24 18:12:09.383932604,2025-04-25 05:14:22.859098265,Low,  Finance ,Software,Closed
TCK-3929,2025-05-25 02:59:34.439857002,2025-05-26 06:22:01.858975380,Medium,HR,Hardware,Closed
TCK-3930,2025-03-23 09:04:53.504046615,2025-03-23 19:16:36.926755743,None,Operations,Software,Resolved
TCK-3931,2025-05-28 03:31:03.502521862,2025-05-29 05:40:14.410444593,Low,Operations,Database,Resolved
TCK-3932,2025-04-07 01:40:23.725347558,2025-04-07 06:49:44.055128346,Medium,IT Support,Software,Closed
TCK-3933,2025-03-02 22:14:08.897242788,2025-03-04 09:00:59.552674689,Medium,Operations,Database,Resolved
TCK-3934,2025-04-29 10:20:51.278913130,2025-05-02 12:11:58.848289263,Medium,Finance,Access,Closed
TCK-3935,2025-05-10 04:33:36.505770778,2025-05-10 08:13:03.785964082,Low,IT Support,Database,Closed
TCK-3936,2025-04-11 10:46:17.668989791,2025-04-12 01:00:53.973543648,Low,Finance,Database,Closed
TCK-3937,2025-01-11 04:34:36.062191218,2025-01-12 07:04:16.312315081,High,Operations,Network,Resolved
TCK-3938,2025-01-31 13:53:38.474501149,2025-02-02 05:57:33.272252669,High,DevOps,Access,Closed
TCK-3939,2025-02-21 08:29:10.155284829,2025-02-21 21:01:16.261749197,High,IT Support,Hardware,Closed
TCK-3940,2025-02-20 20:56:33.423757621,2025-02-21 03:19:21.889804599,High,  IT Support ,Access,Resolved
TCK-3941,2025-05-02 05:10:40.285439332,2025-05-04 05:48:10.466873366,Medium,Operations,Network,Closed
TCK-3942,2025-01-04 07:15:58.386348333,2025-01-04 16:16:58.911562418,High,IT Support,Database,Resolved
TCK-3943,2025-05-17 00:32:42.996674134,2025-05-17 13:52:39.380667132,Medium,Finance,Access,Resolved
TCK-3944,2025-02-17 18:16:46.168197424,2025-02-18 15:51:59.957722395,Low,Finance,Network,Closed
TCK-3945,2025-02-25 19:17:39.752352824,2025-02-25 23:57:03.464530509,Medium,IT Support,Hardware,Closed
TCK-3946,2025-04-06 00:34:13.644183910,2025-04-07 16:26:56.977162649,Low,Operations,Database,Closed
TCK-3947,2025-02-08 20:47:54.945802667,2025-02-09 09:44:13.488220914,Medium,Operations,Access,Resolved
TCK-3948,2025-06-09 04:54:57.868726604,2025-06-09 23:04:51.021311282,Low,HR,Access,Closed
TCK-3949,2025-01-16 08:47:35.256086743,2025-01-17 09:17:33.272882945,Medium,DevOps,Database,Closed
TCK-3950,2025-03-21 23:43:54.498506160,2025-03-22 17:44:33.889743376,Medium,Finance,Access,Resolved
TCK-3951,2025-06-02 21:30:15.134562450,2025-06-03 04:25:47.792620635,High,Operations,Database,Closed
TCK-3952,2025-04-21 20:26:44.246039060,2025-04-23 05:29:13.178795788,Medium,  Finance ,Network,Closed
TCK-3953,2025-02-22 14:51:48.630384635,2025-02-23 18:03:10.998894875,Critical,HR,Database,Closed
TCK-3954,2025-03-17 17:41:02.751339518,2025-03-18 13:17:36.193946505,Low,DevOps,Hardware,Closed
TCK-3955,2025-05-08 04:55:11.003086788,2025-05-08 13:13:55.907159806,Medium,Operations,Database,Closed
TCK-3956,2025-06-25 04:29:11.080795362,2025-06-26 17:05:48.360776316,Medium,Finance,Access,Resolved
TCK-3957,2025-06-10 18:21:33.348236950,2025-06-11 07:58:12.372033563,None,DevOps,Database,Resolved
TCK-3958,2025-03-03 15:18:35.035962723,2025-03-04 06:56:59.086431018,Medium,IT Support,Database,Closed
TCK-3959,2025-06-29 16:12:53.418684760,2025-06-30 07:48:08.769127801,Low,Finance,Database,Closed
TCK-3960,2025-01-01 15:08:24.527235018,2025-01-01 20:02:10.149211932,Low,IT Support,Hardware,Resolved
TCK-3961,2025-01-05 23:21:37.962332471,2025-01-06 15:26:19.995048454,Low,HR,Hardware,Closed
TCK-3962,2025-05-29 06:59:27.691942406,2025-05-29 15:26:27.870834812,Medium,HR,Access,Closed
TCK-3963,2025-02-05 21:40:43.705627625,2025-02-06 19:26:47.773888561,High,DevOps,Access,Closed
TCK-3964,2025-01-11 22:31:23.662098337,2025-01-13 11:31:31.688729269,Low,  DevOps ,Database,Closed
TCK-3965,2025-02-12 16:28:46.834974082,2025-02-12 23:45:08.275802478,Low,Finance,Software,Resolved
TCK-3966,2025-03-18 16:45:09.594710338,2025-03-21 00:26:50.063726558,Low,Finance,Network,Closed
TCK-3967,2025-05-12 12:02:46.637780312,2025-05-13 06:26:36.117022108,Low,Operations,Database,Closed
TCK-3968,2025-04-23 09:07:46.108924348,2025-04-24 01:22:11.679496021,Critical,DevOps,Network,Closed
TCK-3969,2025-02-12 18:31:25.175499658,2025-02-13 03:03:44.818527806,High,HR,Hardware,Closed
TCK-3970,2025-04-01 14:07:42.008860289,2025-04-02 13:26:33.341772011,Low,HR,Access,Resolved
TCK-3971,2025-06-16 17:14:41.767158542,2025-06-17 04:43:29.198495038,Low,IT Support,Software,Resolved
TCK-3972,2025-05-27 16:50:00.947651400,2025-05-29 17:50:43.844188075,Critical,Finance,Access,Closed
TCK-3973,2025-02-28 04:10:47.533704051,2025-02-28 21:35:39.639830337,Low,Finance,Hardware,Closed
TCK-3974,2025-06-26 19:22:58.458203788,2025-06-27 11:51:10.063260680,Medium,HR,Database,Resolved
TCK-3975,2025-05-08 13:14:24.467567158,2025-05-08 23:45:39.191119323,Critical,IT Support,Hardware,Resolved
TCK-3976,2025-01-12 05:46:52.379329790,2025-01-13 16:27:58.323244932,Medium,  Finance ,Software,Closed
TCK-3977,2025-01-07 07:53:39.413064908,2025-01-07 22:49:45.374006301,Low,IT Support,Database,Resolved
TCK-3978,2025-01-31 07:31:20.423003986,2025-02-01 00:38:19.715420785,Low,Finance,Database,Closed
TCK-3979,2025-05-12 00:20:14.459915884,2025-05-13 05:37:02.183906640,Critical,DevOps,Software,Resolved
TCK-3980,2025-02-03 01:45:07.774701439,2025-02-03 12:13:06.700368431,Low,HR,Access,Closed
TCK-3981,2025-04-03 01:37:22.234735779,2025-04-03 09:54:07.768476822,Medium,IT Support,Database,Resolved
TCK-3982,2025-01-17 18:53:01.389052295,2025-01-19 05:37:25.107379620,High,Finance,Access,Closed
TCK-3983,2025-06-15 18:13:41.526575194,2025-06-16 04:56:35.940804116,High,Finance,Network,Closed
TCK-3984,2025-03-03 21:54:35.462451642,2025-03-05 05:15:17.775915855,Medium,Operations,Software,Closed
TCK-3985,2025-06-13 11:07:49.743630930,2025-06-14 04:40:08.197015714,Low,DevOps,Network,Closed
TCK-3986,2025-06-20 01:51:45.982992786,2025-06-20 09:09:06.767187791,Medium,IT Support,Database,Closed
TCK-3987,2025-01-02 02:28:32.723022363,2025-01-03 12:00:08.913517434,Low,Operations,Software,Closed
TCK-3988,2025-03-25 13:03:50.431314681,2025-03-26 17:55:49.438846227,Low,  Finance ,Database,Resolved
TCK-3989,2025-01-05 10:30:50.978353598,2025-01-06 23:14:59.914187178,High,DevOps,Software,Resolved
TCK-3990,2025-06-13 13:33:09.901542792,2025-06-13 18:15:47.007666571,Low,IT Support,Access,Resolved
TCK-3991,2025-04-04 07:31:14.135712123,2025-04-04 22:03:23.830875936,Low,Finance,Hardware,Resolved
TCK-3992,2025-01-14 11:45:29.285487022,2025-01-15 16:34:34.061036438,Low,Operations,Hardware,Closed
TCK-3993,2025-01-20 20:23:43.678157168,2025-01-21 06:58:20.434922828,Medium,HR,Software,Resolved
TCK-3994,2025-03-11 00:45:32.348911078,2025-03-11 07:23:44.358406676,High,IT Support,Network,Resolved
TCK-3995,2025-06-19 05:48:42.167559176,2025-06-21 08:00:32.734820411,High,DevOps,Software,Closed
TCK-3996,2025-05-05 17:22:03.125186794,2025-05-05 22:23:45.501836647,Medium,IT Support,Access,Closed
TCK-3997,2025-06-06 04:06:48.606973388,2025-06-06 20:21:34.955969434,Medium,HR,Network,Closed
TCK-3998,2025-03-07 23:05:33.763879363,2025-03-08 07:46:37.338572483,Medium,IT Support,Software,Resolved
TCK-3999,2025-01-08 18:40:59.455401573,2025-01-10 01:38:29.692476449,Low,DevOps,Software,Closed
TCK-4000,2025-06-25 09:03:07.893803048,2025-06-25 22:56:31.133007534,Medium,  Operations ,Database,Closed
TCK-4001,2025-01-04 02:11:14.350781171,2025-01-04 20:31:15.976397997,Medium,Finance,Access,Closed
TCK-4002,2025-06-20 13:51:18.508717096,2025-06-20 18:48:45.196400666,Low,IT Support,Access,Closed
TCK-4003,2025-03-08 08:41:11.295701899,2025-03-09 07:35:58.082160835,Low,Operations,Hardware,Resolved
TCK-4004,2025-01-02 19:35:25.978900301,2025-01-03 08:28:42.802853264,Medium,Operations,Database,Resolved
TCK-4005,2025-05-05 01:09:33.267779554,2025-05-06 16:55:35.613861701,Medium,Finance,Network,Closed
TCK-4006,2025-06-26 11:56:02.808295620,2025-06-27 15:38:30.461543071,Medium,DevOps,Hardware,Closed
TCK-4007,2025-06-23 19:30:11.241570238,2025-06-24 00:30:36.513408697,High,IT Support,Access,Closed
TCK-4008,2025-01-29 23:14:52.398220011,2025-01-30 15:13:47.697633424,Medium,Operations,Software,Closed
TCK-4009,2025-02-02 14:59:25.879940842,2025-02-02 21:54:43.405893194,Critical,IT Support,Database,Closed
TCK-4010,2025-04-12 19:07:41.200164953,2025-04-14 00:56:25.738143803,Medium,Operations,Access,Resolved
TCK-4011,2025-04-25 17:09:24.660613302,2025-04-26 00:13:29.168366517,Medium,IT Support,Access,Closed
TCK-4012,2025-05-14 02:17:07.393331542,2025-05-14 14:39:13.274503074,Low,  HR ,Database,Closed
TCK-4013,2025-02-02 14:08:15.206062838,2025-02-03 18:53:54.289876815,Low,HR,Access,Closed
TCK-4014,2025-06-22 14:54:38.213360484,2025-06-23 14:07:07.712817985,High,Operations,Hardware,Closed
TCK-4015,2025-04-25 23:21:12.913810228,2025-04-27 07:57:46.094321783,Low,HR,Database,Closed
TCK-4016,2025-06-02 11:14:33.682274868,2025-06-04 09:13:19.878070485,Low,Finance,Access,Resolved
TCK-4017,2025-04-08 05:05:02.004099440,2025-04-08 14:11:47.449367712,Medium,HR,Access,Closed
TCK-4018,2025-03-16 13:40:33.533717854,2025-03-17 03:37:11.546312122,Low,IT Support,Database,Resolved
TCK-4019,2025-06-25 21:25:48.563365378,2025-06-28 01:57:25.279367116,Medium,Finance,Software,Resolved
TCK-4020,2025-04-15 18:45:51.558990092,2025-04-16 13:03:23.346639746,Low,IT Support,Network,Resolved
TCK-4021,2025-06-06 00:53:37.959692830,2025-06-07 00:10:00.430094710,Medium,HR,Database,Closed
TCK-4022,2025-06-21 14:13:23.348288542,2025-06-22 19:25:19.621438171,High,Operations,Software,Closed
TCK-4023,2025-05-02 13:31:55.159238668,2025-05-03 01:44:16.047770476,Medium,HR,Access,Closed
TCK-4024,2025-04-09 19:24:54.328322433,2025-04-10 01:00:26.295665726,Medium,  IT Support ,Hardware,Closed
TCK-4025,2025-01-01 15:10:00.753362438,2025-01-02 03:04:26.246676693,Medium,HR,Access,Closed
TCK-4026,2025-01-08 04:53:05.452773021,2025-01-08 18:22:12.168694758,High,DevOps,Access,Closed
TCK-4027,2025-02-06 03:40:38.112026961,2025-02-07 14:54:09.805943716,High,Operations,Software,Closed
TCK-4028,2025-02-03 11:33:23.132224438,2025-02-04 03:10:44.868725751,Low,Operations,Database,Resolved
TCK-4029,2025-02-15 20:33:28.782947995,2025-02-17 06:53:18.947605710,Low,Operations,Network,Closed
TCK-4030,2025-02-24 21:19:03.485474021,2025-02-25 01:54:34.697308185,Low,IT Support,Network,Closed
TCK-4031,2025-03-06 19:28:58.555700926,2025-03-07 19:52:56.034097477,Low,HR,Database,Closed
TCK-4032,2025-03-17 16:43:22.155951167,2025-03-18 11:51:08.434617629,Low,Finance,Database,Closed
TCK-4033,2025-01-18 19:06:09.295667940,2025-01-18 23:34:29.231796361,Low,IT Support,Hardware,Closed
TCK-4034,2025-01-08 15:00:12.765729666,2025-01-09 10:10:43.997396198,High,IT Support,Database,Closed
TCK-4035,2025-05-02 07:26:24.071983660,2025-05-02 22:13:35.865675597,Medium,IT Support,Hardware,Closed
TCK-4036,2025-04-07 17:17:11.195959545,2025-04-08 09:04:21.631554818,Low,  HR ,Database,Resolved
TCK-4037,2025-03-21 22:42:10.632927300,2025-03-23 06:14:00.525518223,Medium,DevOps,Hardware,Resolved
TCK-4038,2025-04-25 04:46:49.965050214,2025-04-25 15:22:10.572671918,High,IT Support,Database,Resolved
TCK-4039,2025-05-29 23:34:30.140829462,2025-05-30 19:24:53.136972064,Medium,Operations,Database,Resolved
TCK-4040,2025-03-18 23:38:00.122575214,2025-03-19 05:21:11.286166140,Medium,IT Support,Network,Resolved
TCK-4041,2025-04-26 09:38:09.920488384,2025-04-27 10:51:51.318163079,Low,DevOps,Access,Closed
TCK-4042,2025-06-21 15:25:55.225084388,2025-06-22 14:05:16.854610044,Medium,IT Support,Access,Closed
TCK-4043,2025-06-01 03:10:40.159638994,2025-06-03 09:11:45.545283616,Medium,HR,Hardware,Closed
TCK-4044,2025-03-18 16:19:24.604933471,2025-03-20 21:50:27.348103610,Medium,Finance,Software,Resolved
TCK-4045,2025-04-27 01:10:36.261694882,2025-04-28 08:17:40.911328487,Medium,Finance,Network,Resolved
TCK-4046,2025-02-01 20:56:46.977636695,2025-02-02 08:56:23.690409341,Medium,HR,Database,Closed
TCK-4047,2025-04-11 21:27:21.019488437,2025-04-12 06:58:58.876112355,Medium,HR,Network,Resolved
TCK-4048,2025-06-26 15:20:17.583785062,2025-06-27 01:11:04.441348355,Medium,  HR ,Software,Closed
TCK-4049,2025-04-04 07:07:16.671629626,2025-04-04 13:34:01.634662276,Low,IT Support,Network,Closed
TCK-4050,2025-06-16 23:23:50.829005170,2025-06-18 00:19:00.809636785,Medium,IT Support,Software,Closed
TCK-4051,2025-03-15 07:41:12.683666711,2025-03-16 18:43:23.167648816,High,HR,Software,Closed
TCK-4052,2025-06-29 19:00:34.752375384,2025-06-30 07:21:14.718563427,High,IT Support,Software,Closed
TCK-4053,2025-04-15 06:13:49.987858980,2025-04-15 11:29:18.955360334,None,IT Support,Software,Closed
TCK-4054,2025-01-08 14:36:07.398357254,2025-01-09 18:44:01.788443061,Low,Operations,Software,Closed
TCK-4055,2025-04-16 14:46:50.598144468,2025-04-17 18:17:39.386032199,Low,DevOps,Database,Closed
TCK-4056,2025-02-19 10:09:14.563209086,2025-02-19 16:17:17.404262660,Medium,Operations,Network,Resolved
TCK-4057,2025-01-06 20:19:09.520302234,2025-01-07 06:07:53.086104145,Low,IT Support,Access,Closed
TCK-4058,2025-05-28 18:05:10.594611404,2025-05-28 23:39:57.005044287,Low,IT Support,Access,Closed
TCK-4059,2025-02-19 15:09:07.314324716,2025-02-20 11:50:54.407808638,Medium,DevOps,Database,Resolved
TCK-4060,2025-05-24 09:05:23.112531144,2025-05-24 16:35:22.009500265,Low,  IT Support ,Hardware,Closed
TCK-4061,2025-02-21 21:05:59.850129643,2025-02-22 03:43:31.145342704,Low,IT Support,Software,Closed
TCK-4062,2025-02-04 23:29:23.455444937,2025-02-05 17:11:02.986055896,None,Operations,Network,Closed
TCK-4063,2025-06-25 07:24:06.048472056,2025-06-26 00:40:32.697344359,Low,Operations,Software,Closed
TCK-4064,2025-03-07 02:18:28.137246064,2025-03-07 09:21:13.918142837,Low,Operations,Software,Resolved
TCK-4065,2025-04-19 05:56:42.840364032,2025-04-20 00:07:23.187923683,Low,IT Support,Access,Closed
TCK-4066,2025-04-20 19:07:12.176250660,2025-04-21 00:19:06.919971592,High,IT Support,Software,Closed
TCK-4067,2025-04-11 21:14:43.594762299,2025-04-12 16:30:02.790137465,High,DevOps,Network,Closed
TCK-4068,2025-06-14 15:29:08.203241930,2025-06-14 22:41:52.525714007,Low,IT Support,Network,Resolved
TCK-4069,2025-05-02 09:35:07.541897540,2025-05-03 02:38:10.864516451,Low,Operations,Access,Closed
TCK-4070,2025-03-14 16:07:35.679839875,2025-03-16 18:56:24.455205453,High,Finance,Database,Resolved
TCK-4071,2025-06-05 05:28:59.740121510,2025-06-06 02:04:44.346706117,Low,Operations,Access,Closed
TCK-4072,2025-02-02 14:11:30.207051478,2025-02-03 09:02:27.614358242,None,  HR ,Access,Closed
TCK-4073,2025-04-08 23:06:10.054357212,2025-04-09 08:51:12.405162893,Medium,IT Support,Software,Resolved
TCK-4074,2025-06-21 02:22:39.384469298,2025-06-21 22:35:09.929263787,Low,Operations,Hardware,Closed
TCK-4075,2025-04-23 13:43:03.939900178,2025-04-25 01:54:36.945239922,High,DevOps,Database,Closed
TCK-4076,2025-05-28 01:18:13.341785274,2025-05-28 13:05:52.981827378,Low,DevOps,Database,Closed
TCK-4077,2025-04-28 15:22:56.403678840,2025-04-28 22:53:01.909554570,Low,IT Support,Database,Resolved
TCK-4078,2025-06-01 02:04:55.669741272,2025-06-01 17:16:50.268647513,Low,IT Support,Software,Closed
TCK-4079,2025-06-20 00:11:15.507353230,2025-06-29 06:44:16.239973888,High,DevOps,Access,Closed
TCK-4080,2025-02-19 03:01:18.706589122,2025-02-19 16:26:19.717812587,Low,Finance,Software,Closed
TCK-4081,2025-01-31 12:56:09.135704492,2025-02-02 03:14:19.792649280,Medium,DevOps,Network,Resolved
TCK-4082,2025-03-29 02:50:24.149171661,2025-03-29 09:13:43.746769297,Low,IT Support,Hardware,Closed
TCK-4083,2025-05-07 08:02:44.461970204,2025-05-09 10:09:16.334714416,High,Operations,Hardware,Closed
TCK-4084,2025-02-10 21:27:58.369489825,2025-02-11 09:55:01.108713953,Low,  Finance ,Software,Closed
TCK-4085,2025-01-01 17:43:05.757089958,2025-01-02 18:19:14.176013957,Low,Operations,Access,Resolved
TCK-4086,2025-03-03 17:28:46.921492442,2025-03-04 00:30:20.998559821,Medium,HR,Database,Resolved
TCK-4087,2025-06-24 09:28:20.385195046,2025-06-24 16:43:14.679330473,High,IT Support,Network,Closed
TCK-4088,2025-05-06 02:15:33.947342128,2025-05-06 19:57:11.678095860,High,Operations,Network,Closed
TCK-4089,2025-03-14 05:43:33.304173915,2025-03-14 20:14:13.166514380,Low,IT Support,Hardware,Resolved
TCK-4090,2025-02-04 15:55:43.465938061,2025-02-05 00:12:55.786756499,High,HR,Access,Resolved
TCK-4091,2025-03-06 02:18:26.606233825,2025-03-07 21:30:01.450367178,Medium,DevOps,Database,Resolved
TCK-4092,2025-01-31 13:42:22.866701008,2025-02-01 04:02:25.085511339,Low,HR,Hardware,Closed
TCK-4093,2025-01-20 03:14:28.133059020,2025-01-21 07:19:17.369528099,High,Finance,Access,Closed
TCK-4094,2025-06-13 05:07:37.378248358,2025-06-13 18:51:08.046940313,Medium,IT Support,Database,Closed
TCK-4095,2025-06-29 13:50:58.062415366,2025-06-29 23:19:42.960154853,Medium,Operations,Software,Closed
TCK-4096,2025-01-30 12:58:27.764593730,2025-02-01 11:27:59.707100546,Critical,  DevOps ,Access,Resolved
TCK-4097,2025-01-10 19:32:14.835675006,2025-01-11 01:55:59.075868811,Medium,IT Support,Network,Closed
TCK-4098,2025-03-01 08:26:18.178337894,2025-03-01 23:08:26.402596714,Low,IT Support,Access,Resolved
TCK-4099,2025-03-25 02:22:03.579201531,2025-03-25 19:09:11.703300027,High,HR,Access,Closed
TCK-4100,2025-02-06 20:49:40.034523688,2025-02-07 04:28:56.462209046,Low,IT Support,Access,Closed
TCK-4101,2025-02-24 06:09:20.228291181,2025-02-25 00:23:47.061646158,Medium,Finance,Database,Closed
TCK-4102,2025-02-06 03:45:41.681476660,2025-02-08 02:32:59.819185873,Low,DevOps,Database,Closed
TCK-4103,2025-05-20 08:48:20.360261484,2025-05-21 11:28:49.496971015,Low,HR,Software,Resolved
TCK-4104,2025-05-09 06:20:12.173381400,2025-05-09 12:50:55.227198639,Medium,IT Support,Software,Closed
TCK-4105,2025-04-25 06:59:25.973114788,2025-04-25 15:02:56.899391178,Medium,HR,Database,Resolved
TCK-4106,2025-03-11 16:46:52.113295793,2025-03-13 03:26:52.116858836,Medium,Finance,Database,Closed
TCK-4107,2025-06-13 15:03:24.719318998,2025-06-13 19:10:35.941091293,High,IT Support,Hardware,Closed
TCK-4108,2025-06-24 12:22:50.085952630,2025-06-24 21:45:05.541731999,Low,  Operations ,Access,Closed
TCK-4109,2025-02-01 06:07:18.589950407,2025-02-01 16:42:08.730316268,Medium,Operations,Access,Resolved
TCK-4110,2025-02-10 03:24:52.599237527,2025-02-10 18:02:18.078021242,High,Operations,Network,Resolved
TCK-4111,2025-04-05 14:43:33.747461749,2025-04-05 19:05:00.774450887,High,IT Support,Database,Resolved
TCK-4112,2025-01-17 10:12:08.853477478,2025-01-17 19:29:44.046047928,Medium,Finance,Database,Closed
TCK-4113,2025-03-20 13:27:25.498497050,2025-03-20 18:16:30.041139158,Medium,IT Support,Software,Closed
TCK-4114,2025-04-15 17:20:17.749822948,2025-04-16 05:03:30.028402189,Medium,IT Support,Software,Closed
TCK-4115,2025-04-04 23:21:28.178327804,2025-04-05 15:46:23.337613841,Medium,DevOps,Access,Resolved
TCK-4116,2025-03-01 13:31:30.284029461,2025-03-02 10:11:31.487994630,Low,Finance,Access,Closed
TCK-4117,2025-04-08 15:21:57.176112721,2025-04-09 13:51:49.083439978,Medium,IT Support,Database,Resolved
TCK-4118,2025-06-22 14:01:12.440633600,2025-06-22 22:18:49.250317798,Low,IT Support,Access,Closed
TCK-4119,2025-02-07 01:59:42.671539480,2025-02-07 12:04:58.928959589,None,IT Support,Database,Closed
TCK-4120,2025-04-28 20:52:17.285743544,2025-04-29 02:10:04.684395785,High,  IT Support ,Network,Resolved
TCK-4121,2025-01-08 19:28:25.387514918,2025-01-09 20:32:49.272516151,Low,IT Support,Network,Closed
TCK-4122,2025-01-12 22:55:07.922495276,2025-01-13 05:24:12.220660957,Low,IT Support,Hardware,Closed
TCK-4123,2025-04-10 07:53:52.543125194,2025-04-10 20:34:02.382446916,High,HR,Software,Resolved
TCK-4124,2025-01-19 21:20:14.132460270,2025-01-21 20:40:12.034440432,High,Finance,Hardware,Closed
TCK-4125,2025-01-05 00:32:17.253614485,2025-01-05 16:58:28.663311724,None,Operations,Network,Closed
TCK-4126,2025-01-31 20:56:10.139422041,2025-02-01 15:22:20.461153918,Low,Operations,Access,Resolved
TCK-4127,2025-04-12 16:08:54.307385381,2025-04-12 23:31:54.222204024,Low,IT Support,Software,Resolved
TCK-4128,2025-05-07 14:25:58.524678438,2025-05-08 17:27:09.910205808,Critical,DevOps,Software,Resolved
TCK-4129,2025-02-06 10:42:26.629526742,2025-02-07 16:11:37.136954414,Low,Finance,Hardware,Closed
TCK-4130,2025-05-01 06:52:50.767461530,2025-05-02 15:10:59.777408367,High,Finance,Software,Resolved
TCK-4131,2025-02-02 20:17:51.901255214,2025-02-03 14:03:34.305685780,Low,Finance,Network,Closed
TCK-4132,2025-04-21 10:08:09.898969312,2025-04-22 07:16:17.157624230,High,  DevOps ,Access,Resolved
TCK-4133,2025-03-16 03:39:56.941739463,2025-03-16 16:56:23.173471594,Low,Operations,Hardware,Closed
TCK-4134,2025-04-28 16:24:49.969156406,2025-04-28 20:37:55.954745922,Medium,IT Support,Access,Closed
TCK-4135,2025-06-29 02:37:40.406557254,2025-06-29 10:45:16.576045110,Medium,Operations,Hardware,Resolved
TCK-4136,2025-06-18 19:22:09.443296804,2025-06-19 23:47:38.179685316,None,Finance,Database,Resolved
TCK-4137,2025-01-01 18:29:49.897867083,2025-01-03 09:40:10.340714211,Low,Finance,Software,Closed
TCK-4138,2025-06-09 09:05:43.663362580,2025-06-10 12:55:09.607291659,Low,Operations,Database,Closed
TCK-4139,2025-01-12 23:14:24.846557969,2025-01-13 01:49:24.753300182,Low,IT Support,Software,Resolved
TCK-4140,2025-06-21 13:09:40.507957910,2025-06-22 01:43:25.202023862,High,HR,Database,Closed
TCK-4141,2025-02-20 17:29:12.961358296,2025-02-21 11:21:13.247407995,Medium,DevOps,Access,Closed
TCK-4142,2025-03-10 18:23:25.682556086,2025-03-11 13:43:54.207342781,Medium,Operations,Network,Closed
TCK-4143,2025-01-17 11:52:37.366892919,2025-01-18 02:29:00.417917627,Low,Operations,Hardware,Closed
TCK-4144,2025-01-21 05:01:05.937531202,2025-01-21 16:26:44.912246966,Medium,  IT Support ,Software,Closed
TCK-4145,2025-05-11 19:31:09.270446378,2025-05-12 09:35:02.054103936,Medium,HR,Hardware,Resolved
TCK-4146,2025-06-19 23:30:54.930357432,2025-06-20 11:31:41.594575103,Low,DevOps,Network,Closed
TCK-4147,2025-04-20 22:26:00.593529422,2025-04-21 09:31:55.946978190,High,Operations,Database,Closed
TCK-4148,2025-05-09 20:28:19.441472966,2025-05-10 21:02:34.934372621,Low,Finance,Access,Closed
TCK-4149,2025-05-18 03:42:33.467974932,2025-05-18 18:33:49.364743033,Medium,HR,Hardware,Closed
TCK-4150,2025-02-17 07:21:27.597847349,2025-02-17 16:16:15.118810407,High,Operations,Database,Closed
TCK-4151,2025-01-09 03:23:31.220071182,2025-01-09 07:20:04.521986017,Critical,IT Support,Software,Resolved
TCK-4152,2025-01-01 08:05:24.913430909,2025-01-02 09:17:20.540090225,High,Finance,Hardware,Closed
TCK-4153,2025-03-05 02:48:17.648500898,2025-03-05 09:50:36.583790973,Low,HR,Hardware,Resolved
TCK-4154,2025-02-13 11:07:31.676954209,2025-02-13 17:17:26.545083738,Medium,HR,Software,Closed
TCK-4155,2025-01-12 05:12:45.259964935,2025-01-12 19:37:14.988098340,Low,Operations,Network,Closed
TCK-4156,2025-02-02 07:33:44.004861505,2025-02-03 07:50:41.724526796,Low,  DevOps ,Database,Closed
TCK-4157,2025-01-23 09:50:06.865863124,2025-01-23 15:18:50.147960593,Medium,IT Support,Hardware,Closed
TCK-4158,2025-06-14 16:16:28.575361344,2025-06-15 09:30:26.040852169,High,Finance,Database,Closed
TCK-4159,2025-01-26 05:57:15.703716995,2025-01-26 14:30:48.124182844,Low,IT Support,Access,Closed
TCK-4160,2025-04-07 18:38:28.911936386,2025-04-08 04:32:51.220846158,Low,HR,Database,Closed
TCK-4161,2025-04-17 18:13:03.813904384,2025-04-18 03:01:24.823213819,Medium,IT Support,Database,Closed
TCK-4162,2025-04-08 19:52:28.046284672,2025-04-09 07:36:52.294888531,Low,HR,Software,Resolved
TCK-4163,2025-01-18 19:55:25.664927045,2025-01-19 15:29:51.690088077,Medium,Operations,Database,Closed
TCK-4164,2025-02-27 09:12:32.121944573,2025-02-27 22:23:42.352607247,Low,IT Support,Network,Closed
TCK-4165,2025-01-10 05:29:16.210466959,2025-01-11 03:05:29.630871262,Low,HR,Database,Closed
TCK-4166,2025-03-13 05:17:38.504025906,2025-03-15 16:19:36.417918043,Medium,DevOps,Access,Resolved
TCK-4167,2025-02-03 22:44:50.579135799,2025-02-04 11:40:19.471341824,High,IT Support,Database,Closed
TCK-4168,2025-04-12 02:15:09.157638675,2025-04-13 05:51:22.682508158,Medium,  Finance ,Software,Closed
TCK-4169,2025-05-05 16:55:56.141141212,2025-05-06 04:21:55.856326660,High,HR,Access,Closed
TCK-4170,2025-04-06 18:45:28.065903595,2025-04-07 09:35:07.478618663,Low,Operations,Software,Closed
TCK-4171,2025-03-20 03:54:09.105700427,2025-03-20 09:22:58.534243180,Critical,IT Support,Network,Closed
TCK-4172,2025-03-11 17:16:49.361163281,2025-03-12 01:47:58.737843513,Medium,IT Support,Network,Closed
TCK-4173,2025-06-01 12:06:30.377444602,2025-06-02 00:09:17.159096574,High,IT Support,Software,Closed
TCK-4174,2025-02-09 11:40:12.147895080,2025-02-09 17:35:00.630581288,Medium,IT Support,Network,Closed
TCK-4175,2025-05-13 03:49:23.616352968,2025-05-13 12:09:59.448674126,Low,IT Support,Software,Resolved
TCK-4176,2025-05-17 08:19:25.114358330,2025-05-17 21:09:08.701994259,Low,Operations,Hardware,Resolved
TCK-4177,2025-03-17 10:56:38.513074462,2025-03-18 21:21:53.806549945,Medium,DevOps,Database,Closed
TCK-4178,2025-02-23 12:20:18.919157143,2025-02-24 06:57:13.838478322,Low,Finance,Hardware,Closed
TCK-4179,2025-03-26 16:44:21.190987007,2025-03-27 05:10:31.730265424,Critical,Operations,Network,Closed
TCK-4180,2025-01-17 18:41:02.975483247,2025-01-18 00:44:03.510057855,Low,  IT Support ,Software,Resolved
TCK-4181,2025-01-09 06:25:03.861226807,2025-01-09 17:21:00.489151979,Low,IT Support,Software,Closed
TCK-4182,2025-01-21 02:07:32.957875821,2025-01-21 15:39:18.903403988,Low,HR,Software,Closed
TCK-4183,2025-02-03 16:27:59.529300541,2025-02-03 23:19:39.181041008,Low,IT Support,Software,Closed
TCK-4184,2025-04-01 18:02:37.909897245,2025-04-02 14:33:25.830728094,Medium,Operations,Database,Closed
TCK-4185,2025-06-02 20:16:12.965577772,2025-06-03 10:54:03.042535498,Medium,Operations,Access,Closed
TCK-4186,2025-02-12 09:58:29.547259132,2025-02-13 10:54:56.058660312,High,HR,Hardware,Closed
TCK-4187,2025-06-18 07:53:59.591133892,2025-06-18 16:37:33.248088659,Low,HR,Network,Closed
TCK-4188,2025-06-21 21:12:07.799757174,2025-06-22 19:30:56.037048602,Critical,Finance,Software,Closed
TCK-4189,2025-06-22 14:28:04.414552630,2025-06-23 02:36:19.007015623,Low,Finance,Hardware,Resolved
TCK-4190,2025-05-31 18:16:15.649686188,2025-06-01 06:12:35.809697151,Critical,HR,Access,Closed
TCK-4191,2025-03-07 11:43:27.034486150,2025-03-08 01:06:34.710359779,Low,DevOps,Hardware,Closed
TCK-4192,2025-01-14 01:59:40.183912793,2025-01-15 23:00:58.444921457,High,  DevOps ,Network,Closed
TCK-4193,2025-04-13 09:17:48.916432528,2025-04-14 06:07:44.385072103,Medium,HR,Software,Closed
TCK-4194,2025-04-11 13:30:13.816111859,2025-04-12 10:31:14.669389467,Medium,HR,Network,Closed
TCK-4195,2025-06-02 23:53:43.130088430,2025-06-03 18:09:25.383379311,Low,Operations,Software,Closed
TCK-4196,2025-06-29 06:40:52.824313828,2025-06-30 02:38:51.946353638,Medium,DevOps,Access,Resolved
TCK-4197,2025-04-02 11:14:22.431623415,2025-04-03 08:00:57.408893428,Low,DevOps,Network,Closed
TCK-4198,2025-03-04 03:16:53.090730725,2025-03-04 21:32:57.975947741,Medium,IT Support,Hardware,Resolved
TCK-4199,2025-02-03 11:05:43.418123064,2025-02-04 16:12:19.288045065,Medium,HR,Access,Closed
TCK-4200,2025-01-01 20:44:06.875559749,2025-01-02 15:52:21.846306094,High,Operations,Network,Resolved
TCK-4201,2025-04-02 15:22:16.145587048,2025-04-03 05:16:49.478355970,None,Operations,Software,Closed
TCK-4202,2025-04-10 23:50:26.304558769,2025-04-11 16:41:27.955627978,Low,IT Support,Access,Resolved
TCK-4203,2025-05-29 11:44:03.238120164,2025-05-30 09:38:22.870696927,Low,DevOps,Software,Closed
TCK-4204,2025-04-01 19:46:21.004668835,2025-04-02 15:57:16.585666566,Low,  Operations ,Database,Resolved
TCK-4205,2025-06-14 23:08:35.758454510,2025-06-16 23:18:33.079681985,High,Finance,Hardware,Closed
TCK-4206,2025-04-24 01:19:14.227638966,2025-04-24 21:43:35.018052497,Critical,DevOps,Software,Closed
TCK-4207,2025-06-01 06:15:09.176814286,2025-06-02 19:20:24.834344208,None,Finance,Network,Resolved
TCK-4208,2025-01-27 16:39:48.579730083,2025-01-28 11:05:06.238487337,Critical,HR,Database,Closed
TCK-4209,2025-06-03 23:03:07.498461598,2025-06-04 16:41:59.728210849,High,Operations,Access,Closed
TCK-4210,2025-05-02 12:37:17.224310730,2025-05-02 17:47:38.098308289,None,IT Support,Network,Resolved
TCK-4211,2025-01-31 15:24:24.120480916,2025-02-01 03:56:13.298218200,Medium,Operations,Access,Closed
TCK-4212,2025-02-04 03:46:42.856286761,2025-02-04 13:36:07.959372198,Critical,IT Support,Database,Closed
TCK-4213,2025-06-16 18:28:57.627375730,2025-06-17 03:19:03.062973211,High,Operations,Network,Resolved
TCK-4214,2025-01-06 19:10:13.285724199,2025-01-07 04:14:40.499511970,Low,IT Support,Software,Resolved
TCK-4215,2025-03-25 06:09:03.438134821,2025-03-25 17:17:29.420164703,Low,IT Support,Network,Closed
TCK-4216,2025-02-26 10:12:47.709055147,2025-02-27 00:07:27.126556572,Low,  IT Support ,Hardware,Resolved
TCK-4217,2025-04-30 17:08:04.346855552,2025-04-30 21:21:32.344825924,High,IT Support,Software,Closed
TCK-4218,2025-06-01 03:11:56.235472962,2025-06-03 02:30:45.022680140,Medium,Finance,Hardware,Resolved
TCK-4219,2025-03-06 20:50:00.546447770,2025-03-09 06:01:19.565497409,Low,Finance,Network,Closed
TCK-4220,2025-03-18 20:13:01.262044764,2025-03-19 18:18:50.914605427,High,Operations,Network,Closed
TCK-4221,2025-06-26 17:53:05.384565994,2025-06-26 22:56:35.472420469,Low,IT Support,Access,Closed
TCK-4222,2025-05-22 02:31:09.558530962,2025-05-22 09:43:59.645247626,High,IT Support,Network,Resolved
TCK-4223,2025-06-11 11:55:18.644251220,2025-06-11 20:13:19.003594278,High,IT Support,Software,Closed
TCK-4224,2025-03-20 23:27:10.055574145,2025-03-21 09:11:00.998808624,None,IT Support,Hardware,Resolved
TCK-4225,2025-02-12 03:12:33.124360960,2025-02-13 10:33:06.460242610,Low,DevOps,Database,Closed
TCK-4226,2025-03-16 03:15:00.613690097,2025-03-16 13:01:59.503479425,Critical,IT Support,Hardware,Resolved
TCK-4227,2025-05-09 21:31:01.506115698,2025-05-10 11:05:13.853556796,Low,HR,Access,Closed
TCK-4228,2025-01-20 16:44:21.656009150,2025-01-21 02:26:38.904645192,Medium,  IT Support ,Database,Resolved
TCK-4229,2025-02-18 16:25:35.530547946,2025-02-18 23:10:41.896718870,Medium,IT Support,Database,Resolved
TCK-4230,2025-01-09 09:28:01.523978653,2025-01-10 00:40:00.592189950,Medium,Operations,Network,Closed
TCK-4231,2025-03-19 19:44:32.026634622,2025-03-20 09:14:15.966367403,None,Operations,Access,Closed
TCK-4232,2025-05-29 22:33:56.085954946,2025-05-30 20:44:04.566891597,Medium,IT Support,Access,Resolved
TCK-4233,2025-01-05 10:32:49.680410663,2025-01-06 04:13:11.112877182,Critical,IT Support,Network,Resolved
TCK-4234,2025-05-02 13:23:51.488905046,2025-05-03 08:08:30.925273838,Low,HR,Software,Closed
TCK-4235,2025-06-17 20:22:55.840437678,2025-06-18 12:52:17.853294200,Medium,IT Support,Network,Closed
TCK-4236,2025-02-12 15:31:42.102221906,2025-02-13 04:11:56.831664170,Medium,IT Support,Access,Closed
TCK-4237,2025-05-05 20:30:09.042996384,2025-05-07 06:26:36.528275791,Low,DevOps,Database,Resolved
TCK-4238,2025-06-25 12:26:24.765910316,2025-06-25 20:55:08.969610498,None,Operations,Software,Closed
TCK-4239,2025-06-23 05:02:28.391491108,2025-06-23 20:49:47.444548390,High,Operations,Access,Closed
TCK-4240,2025-02-12 06:53:38.809989236,2025-02-12 18:54:14.091521241,Medium,  HR ,Access,Resolved
TCK-4241,2025-01-19 01:25:48.539554092,2025-01-19 09:29:18.470666734,High,HR,Network,Closed
TCK-4242,2025-01-27 16:34:50.029357285,2025-01-28 01:08:31.898220486,Medium,Operations,Hardware,Closed
TCK-4243,2025-05-07 08:47:38.716234274,2025-05-08 07:49:21.221054205,Low,Operations,Access,Resolved
TCK-4244,2025-05-11 15:16:42.031049340,2025-05-12 20:05:39.059488117,Medium,Finance,Hardware,Resolved
TCK-4245,2025-05-02 08:42:07.006441752,2025-05-02 13:26:36.647670279,Medium,IT Support,Software,Resolved
TCK-4246,2025-03-02 11:51:31.086167287,2025-03-03 00:15:19.304193861,None,Operations,Database,Closed
TCK-4247,2025-01-31 13:26:10.967118315,2025-02-01 14:48:49.066917560,Low,HR,Hardware,Closed
TCK-4248,2025-04-15 12:53:16.502041440,2025-04-16 08:52:33.795252660,Medium,DevOps,Hardware,Closed
TCK-4249,2025-03-29 01:29:58.292426340,2025-03-29 21:06:15.344860855,Low,Operations,Hardware,Resolved
TCK-4250,2025-05-12 04:33:48.656046062,2025-05-12 20:56:02.554672926,Low,Operations,Hardware,Closed
TCK-4251,2025-03-21 10:40:31.943718784,2025-03-21 21:37:28.334697790,Medium,IT Support,Hardware,Closed
TCK-4252,2025-03-02 22:55:24.531763956,2025-03-03 10:39:19.638021037,Low,  Operations ,Software,Resolved
TCK-4253,2025-02-22 19:49:38.835087392,2025-02-23 04:43:08.623621919,High,IT Support,Access,Closed
TCK-4254,2025-02-08 01:33:06.417413658,2025-02-08 17:00:06.097596040,Medium,HR,Database,Resolved
TCK-4255,2025-02-17 20:01:27.642454958,2025-02-18 05:33:40.073263046,Low,IT Support,Access,Closed
TCK-4256,2025-01-18 01:40:02.984903464,2025-01-18 20:23:36.298690247,Medium,Operations,Software,Closed
TCK-4257,2025-03-04 10:25:20.233966090,2025-03-04 20:31:14.249600657,Low,IT Support,Software,Closed
TCK-4258,2025-01-07 13:58:53.721868726,2025-01-09 08:27:56.060106517,High,HR,Hardware,Closed
TCK-4259,2025-02-03 13:18:28.151130714,2025-02-08 04:52:33.683085669,Low,DevOps,Software,Closed
TCK-4260,2025-05-15 10:02:53.954721362,2025-05-15 16:13:22.825701423,Low,IT Support,Software,Resolved
TCK-4261,2025-02-28 14:01:33.711898835,2025-02-28 19:40:25.470225932,Medium,Operations,Hardware,Closed
TCK-4262,2025-05-01 06:47:02.088031652,2025-05-02 01:54:31.622280575,None,HR,Software,Resolved
TCK-4263,2025-05-10 00:56:22.698888856,2025-05-10 10:16:09.267351365,High,IT Support,Software,Resolved
TCK-4264,2025-04-15 14:43:14.450169830,2025-04-17 08:21:58.359252027,Low,  Finance ,Software,Closed
TCK-4265,2025-06-22 13:34:27.273714676,2025-06-22 23:22:31.744950443,Low,IT Support,Network,Closed
TCK-4266,2025-01-04 20:37:12.805722657,2025-01-05 11:14:32.884304501,Medium,HR,Access,Resolved
TCK-4267,2025-05-13 22:58:46.021946786,2025-05-15 06:37:55.924588534,High,Operations,Network,Closed
TCK-4268,2025-06-22 13:57:29.886561226,2025-06-23 23:54:14.389815339,Medium,Operations,Access,Closed
TCK-4269,2025-06-05 05:00:49.934896912,2025-06-05 14:00:45.630880700,Medium,Operations,Hardware,Closed
TCK-4270,2025-01-31 05:17:47.142951567,2025-01-31 10:56:49.330122936,Low,IT Support,Hardware,Resolved
TCK-4271,2025-02-28 19:51:49.402826937,2025-03-01 03:55:35.738057862,Low,IT Support,Access,Closed
TCK-4272,2025-02-01 00:59:31.013758789,2025-02-02 02:43:40.719340132,Medium,Finance,Access,Closed
TCK-4273,2025-04-19 05:39:07.674046278,2025-04-19 21:43:44.322886596,Low,Operations,Database,Closed
TCK-4274,2025-05-09 04:39:07.495745064,2025-05-10 11:05:33.596872731,Low,Finance,Access,Closed
TCK-4275,2025-02-27 01:45:31.261134281,2025-02-28 18:04:25.537480165,Low,Finance,Access,Closed
TCK-4276,2025-04-08 02:40:06.238603763,2025-04-10 12:38:39.596726560,Medium,  Finance ,Hardware,Closed
TCK-4277,2025-05-05 08:46:36.705747224,2025-05-06 03:44:37.758908079,Low,HR,Hardware,Resolved
TCK-4278,2025-03-17 20:11:16.827935024,2025-03-18 05:27:38.565496335,Medium,HR,Software,Closed
TCK-4279,2025-06-03 17:20:49.529643302,2025-06-04 16:06:23.923360601,Critical,Finance,Software,Closed
TCK-4280,2025-05-19 21:05:44.593596132,2025-05-20 10:46:14.421078238,Low,HR,Hardware,Resolved
TCK-4281,2025-01-12 15:21:18.537964074,2025-01-13 02:20:58.387116055,Medium,IT Support,Software,Closed
TCK-4282,2025-04-22 19:15:40.651460574,2025-04-24 08:54:05.180805943,High,DevOps,Network,Closed
TCK-4283,2025-02-12 08:36:22.968526026,2025-02-15 23:01:24.515194435,Low,DevOps,Network,Closed
TCK-4284,2025-04-11 08:28:44.052105466,2025-04-11 19:45:09.892314114,Low,HR,Software,Resolved
TCK-4285,2025-06-22 05:45:29.059827890,2025-06-22 16:03:40.094072488,Low,IT Support,Software,Closed
TCK-4286,2025-06-08 05:32:52.294796594,2025-06-10 03:38:16.569690885,Medium,HR,Access,Resolved
TCK-4287,2025-03-14 19:30:39.101246528,2025-03-15 13:47:44.351986185,Medium,Finance,Access,Resolved
TCK-4288,2025-02-22 11:20:23.524971384,2025-02-23 20:40:23.963602226,Low,  DevOps ,Network,Closed
TCK-4289,2025-02-12 04:37:58.137037244,2025-02-12 09:55:56.593382229,High,IT Support,Network,Closed
TCK-4290,2025-04-06 20:27:51.254453400,2025-04-07 05:19:13.314122550,High,IT Support,Access,Resolved
TCK-4291,2025-01-21 13:33:11.945069292,2025-01-22 10:32:23.288901154,Low,DevOps,Access,Closed
TCK-4292,2025-04-09 20:52:04.926410522,2025-04-10 20:50:03.066259140,High,HR,Access,Closed
TCK-4293,2025-01-01 05:45:40.761360797,2025-01-02 01:08:14.082388885,Low,Operations,Software,Resolved
TCK-4294,2025-02-28 07:01:49.457359379,2025-03-01 02:27:00.416491461,Medium,DevOps,Hardware,Closed
TCK-4295,2025-02-09 14:06:58.448693200,2025-02-10 03:03:23.693588942,Low,IT Support,Network,Closed
TCK-4296,2025-06-24 19:39:54.621470082,2025-06-25 15:21:25.276704211,Medium,Operations,Database,Closed
TCK-4297,2025-05-11 21:41:12.553952314,2025-05-12 11:22:27.186585462,Low,IT Support,Access,Closed
TCK-4298,2025-03-04 22:30:09.372948721,2025-03-05 06:30:08.483300323,Medium,HR,Software,Closed
TCK-4299,2025-01-17 17:05:26.785724210,2025-01-18 22:33:08.291514122,Low,Finance,Network,Closed
TCK-4300,2025-04-04 00:34:42.848628584,2025-04-04 21:28:55.162884809,High,  HR ,Access,Closed
TCK-4301,2025-02-08 10:05:41.450382610,2025-02-09 11:10:50.015238666,Low,DevOps,Software,Closed
TCK-4302,2025-04-07 13:22:32.297811260,2025-04-07 22:58:01.459725577,Low,Operations,Network,Closed
TCK-4303,2025-05-31 08:45:55.332190136,2025-05-31 22:40:22.830557266,Low,HR,Network,Closed
TCK-4304,2025-04-21 20:13:25.770280744,2025-04-22 11:55:51.950643108,Low,IT Support,Database,Closed
TCK-4305,2025-04-25 01:57:57.500763874,2025-04-26 02:53:57.638420985,High,HR,Database,Closed
TCK-4306,2025-04-08 09:15:03.055504844,2025-04-08 20:42:45.864789574,None,HR,Network,Closed
TCK-4307,2025-06-16 21:47:15.118683676,2025-06-17 02:15:45.394063623,High,IT Support,Software,Closed
TCK-4308,2025-06-17 17:49:10.548109222,2025-06-18 05:15:56.633532407,High,HR,Access,Closed
TCK-4309,2025-04-03 06:57:51.223095884,2025-04-03 18:11:55.978737372,Low,HR,Access,Closed
TCK-4310,2025-02-25 00:52:51.544055780,2025-02-26 07:30:30.346804466,Low,Finance,Network,Closed
TCK-4311,2025-03-24 17:24:57.115437112,2025-03-25 10:29:42.829237944,Medium,Operations,Access,Resolved
TCK-4312,2025-02-03 13:55:48.650466215,2025-02-04 06:44:28.709063161,None,  Finance ,Database,Closed
TCK-4313,2025-04-25 13:00:26.791826924,2025-04-26 03:46:17.506050830,Medium,IT Support,Access,Resolved
TCK-4314,2025-04-01 00:23:56.006085292,2025-04-01 09:31:01.745394413,Medium,IT Support,Hardware,Closed
TCK-4315,2025-01-19 14:15:29.030952128,2025-01-20 12:38:09.931723770,Low,Operations,Database,Closed
TCK-4316,2025-02-05 13:50:18.291972257,2025-02-05 19:49:56.482202035,Low,HR,Database,Closed
TCK-4317,2025-03-28 08:00:36.182815041,2025-03-28 10:32:21.582173015,Medium,IT Support,Network,Closed
TCK-4318,2025-06-09 18:23:03.983659684,2025-06-10 06:19:28.246673739,High,Finance,Network,Closed
TCK-4319,2025-04-12 22:48:28.487254826,2025-04-13 18:04:30.215570602,Low,Finance,Access,Resolved
TCK-4320,2025-05-03 16:13:52.323242138,2025-05-04 16:14:35.182770141,High,Operations,Access,Resolved
TCK-4321,2025-03-03 00:36:12.005617284,2025-03-03 03:14:18.570490297,Critical,IT Support,Network,Closed
TCK-4322,2025-04-13 20:29:49.984623931,2025-04-16 02:49:42.402845049,Critical,Finance,Software,Resolved
TCK-4323,2025-03-22 12:40:51.001667225,2025-03-23 08:16:59.836688266,Critical,Operations,Access,Closed
TCK-4324,2025-04-29 15:26:28.401115396,2025-05-01 15:48:30.097540623,Low,  Finance ,Software,Closed
TCK-4325,2025-01-10 02:29:11.203660769,2025-01-10 18:13:05.906504669,None,Finance,Database,Resolved
TCK-4326,2025-03-30 19:03:24.962948292,2025-04-01 02:34:34.786536176,Medium,Finance,Hardware,Closed
TCK-4327,2025-02-23 06:41:17.306238974,2025-02-24 01:28:17.290758315,High,Operations,Software,Closed
TCK-4328,2025-02-28 17:07:10.072994045,2025-03-01 05:54:45.387598916,Low,IT Support,Access,Closed
TCK-4329,2025-06-22 23:09:47.895590970,2025-06-23 15:10:39.029741542,Medium,Operations,Network,Closed
TCK-4330,2025-02-02 21:14:29.727287424,2025-02-03 20:02:47.690526927,Low,Operations,Network,Closed
TCK-4331,2025-02-26 00:34:46.168102339,2025-02-27 19:05:26.978798128,Low,Finance,Hardware,Closed
TCK-4332,2025-04-02 18:44:09.337766518,2025-04-03 00:52:25.675072166,Critical,IT Support,Hardware,Closed
TCK-4333,2025-06-05 08:16:35.097622948,2025-06-05 17:52:15.237596050,High,IT Support,Database,Closed
TCK-4334,2025-03-17 00:00:53.134025473,2025-03-17 12:04:36.163409332,Medium,DevOps,Software,Closed
TCK-4335,2025-05-14 21:29:52.848372836,2025-05-16 08:18:31.345351470,Medium,Finance,Hardware,Closed
TCK-4336,2025-06-04 03:32:09.975436608,2025-06-07 13:54:50.794784377,High,  DevOps ,Database,Closed
TCK-4337,2025-02-25 19:16:14.365741394,2025-02-26 08:25:15.943849085,Low,Finance,Database,Closed
TCK-4338,2025-03-12 16:40:50.854394017,2025-03-13 09:52:36.722386920,High,Operations,Database,Closed
TCK-4339,2025-03-06 04:19:22.390801317,2025-03-07 08:16:42.034623215,Medium,Operations,Access,Closed
TCK-4340,2025-05-30 21:56:13.535625908,2025-06-01 05:25:40.472483691,Medium,DevOps,Hardware,Resolved
TCK-4341,2025-01-08 23:34:42.397102405,2025-01-09 19:07:38.614082818,None,Operations,Network,Closed
TCK-4342,2025-02-25 12:22:44.773463632,2025-02-26 03:10:57.821008042,Medium,Operations,Database,Resolved
TCK-4343,2025-05-03 07:02:41.887719460,2025-05-03 13:54:24.867677082,Medium,IT Support,Network,Resolved
TCK-4344,2025-04-12 18:42:57.305240210,2025-04-13 08:18:48.742643802,Critical,HR,Access,Resolved
TCK-4345,2025-03-20 12:46:12.115735534,2025-03-21 13:47:09.104108252,Critical,Finance,Software,Resolved
TCK-4346,2025-04-08 04:34:34.829746969,2025-04-08 09:17:05.025424716,None,IT Support,Access,Resolved
TCK-4347,2025-02-05 13:33:55.478802006,2025-02-05 21:47:21.833261785,Medium,IT Support,Access,Closed
TCK-4348,2025-03-19 12:41:44.899247778,2025-03-20 19:48:18.617134398,Low,  HR ,Hardware,Resolved
TCK-4349,2025-04-01 07:21:24.809910581,2025-04-01 14:14:59.432802980,Low,IT Support,Database,Closed
TCK-4350,2025-06-12 05:08:13.224637964,2025-06-12 09:42:56.932940413,Low,IT Support,Access,Closed
TCK-4351,2025-02-16 22:48:28.451927440,2025-02-17 11:58:21.131438365,High,HR,Database,Closed
TCK-4352,2025-06-06 05:01:08.865669030,2025-06-07 02:42:19.551419627,Low,DevOps,Network,Closed
TCK-4353,2025-04-26 23:07:22.265645672,2025-04-27 08:20:28.484357287,Medium,Operations,Software,Closed
TCK-4354,2025-01-04 15:52:20.604763330,2025-01-05 00:59:05.712922505,Critical,IT Support,Software,Resolved
TCK-4355,2025-05-11 10:24:26.551459370,2025-05-11 16:21:59.433353387,None,IT Support,Network,Closed
TCK-4356,2025-01-07 09:35:02.799642904,2025-01-07 22:45:18.268370750,Low,Operations,Hardware,Closed
TCK-4357,2025-06-29 12:41:11.284208420,2025-06-30 04:01:07.229750564,Low,HR,Network,Closed
TCK-4358,2025-06-07 01:47:25.766973508,2025-06-07 13:10:23.124771593,High,Finance,Network,Closed
TCK-4359,2025-02-23 12:31:29.961742790,2025-02-23 20:03:36.724012875,Medium,Operations,Hardware,Closed
TCK-4360,2025-02-16 08:00:59.452019162,2025-02-17 18:16:51.575789962,High,  Finance ,Hardware,Closed
TCK-4361,2025-03-10 15:49:31.708906430,2025-03-10 19:03:44.936736520,High,IT Support,Access,Closed
TCK-4362,2025-03-06 02:38:28.644570218,2025-03-06 13:41:12.834457873,Medium,Operations,Database,Closed
TCK-4363,2025-03-09 00:29:57.751529446,2025-03-09 03:57:19.781330202,Medium,IT Support,Software,Closed
TCK-4364,2025-02-27 06:57:16.845250160,2025-02-28 07:15:55.574280743,Medium,DevOps,Hardware,Resolved
TCK-4365,2025-04-22 19:17:46.743305250,2025-04-23 17:35:31.848994453,Medium,Operations,Hardware,Closed
TCK-4366,2025-01-30 13:37:08.498183144,2025-01-31 04:38:22.028044276,Medium,HR,Access,Closed
TCK-4367,2025-06-02 06:38:21.060120396,2025-06-03 10:44:44.661668703,High,IT Support,Access,Closed
TCK-4368,2025-05-27 05:34:43.431655016,2025-05-27 20:12:55.124803270,Critical,IT Support,Database,Closed
TCK-4369,2025-03-27 18:24:26.848565166,2025-03-28 05:42:26.446123967,Low,Operations,Hardware,Closed
TCK-4370,2025-06-03 11:47:36.420011974,2025-06-03 16:27:54.802880362,None,IT Support,Hardware,Closed
TCK-4371,2025-02-14 11:40:00.129111121,2025-02-17 09:19:58.565399868,Medium,Operations,Access,Closed
TCK-4372,2025-01-04 03:52:57.967108093,2025-01-04 18:20:32.194612330,High,  IT Support ,Network,Closed
TCK-4373,2025-04-22 10:58:41.650063808,2025-04-23 11:08:48.809443814,Low,Operations,Database,Closed
TCK-4374,2025-03-24 10:10:07.097115254,2025-03-25 11:36:10.610709422,Low,Finance,Hardware,Closed
TCK-4375,2025-04-13 02:09:03.023993380,2025-04-14 06:14:29.072803771,Low,Finance,Software,Resolved
TCK-4376,2025-06-11 21:08:46.489054204,2025-06-12 08:49:24.335789557,Low,Finance,Software,Closed
TCK-4377,2025-06-24 14:04:42.520097552,2025-06-24 23:16:22.067017052,Low,IT Support,Access,Resolved
TCK-4378,2025-04-25 04:50:15.229479138,2025-04-25 13:38:44.710046245,High,IT Support,Software,Closed
TCK-4379,2025-05-18 12:43:12.533385122,2025-05-19 00:10:25.421032945,Medium,Operations,Access,Closed
TCK-4380,2025-01-16 02:03:08.757592378,2025-01-16 12:54:01.479745577,None,HR,Network,Closed
TCK-4381,2025-01-29 22:17:28.776232695,2025-01-31 04:34:54.143248453,Medium,HR,Access,Closed
TCK-4382,2025-05-12 23:26:41.126628692,2025-05-13 07:25:44.652327852,Low,IT Support,Hardware,Closed
TCK-4383,2025-03-19 15:29:55.577746206,2025-03-20 15:26:28.292650331,Medium,IT Support,Software,Resolved
TCK-4384,2025-03-22 06:34:11.885329317,2025-03-22 10:07:47.448316148,None,  IT Support ,Hardware,Resolved
TCK-4385,2025-02-25 13:11:06.664794310,2025-02-26 13:03:44.419983381,Medium,DevOps,Software,Resolved
TCK-4386,2025-04-20 07:46:46.475845872,2025-04-20 11:42:03.207462129,Low,IT Support,Software,Closed
TCK-4387,2025-02-03 07:54:46.786312782,2025-02-03 17:44:42.629048958,Critical,Operations,Access,Closed
TCK-4388,2025-04-23 20:16:41.975889706,2025-04-24 01:53:46.524739386,Low,IT Support,Database,Closed
TCK-4389,2025-02-01 06:48:39.826167247,2025-02-02 03:53:05.203351236,Medium,Operations,Software,Closed
TCK-4390,2025-01-12 11:43:42.491805465,2025-01-13 03:57:18.437519278,Medium,HR,Software,Closed
TCK-4391,2025-03-01 11:08:42.774647797,2025-03-02 09:13:04.533891564,Low,DevOps,Database,Resolved
TCK-4392,2025-02-11 14:31:34.598937151,2025-02-12 00:42:10.229198912,Low,DevOps,Hardware,Closed
TCK-4393,2025-06-10 00:26:37.962828082,2025-06-11 06:10:18.659926761,Critical,HR,Software,Closed
TCK-4394,2025-01-10 21:23:56.114564880,2025-01-12 00:16:17.248802967,Critical,DevOps,Access,Closed
TCK-4395,2025-02-01 18:58:16.146912758,2025-02-02 12:42:41.433303341,Medium,DevOps,Database,Closed
TCK-4396,2025-04-09 18:28:07.306027586,2025-04-10 22:34:44.634048336,Low,  Finance ,Database,Closed
TCK-4397,2025-03-28 14:12:36.952059910,2025-03-29 17:20:49.916860558,Low,Finance,Software,Closed
TCK-4398,2025-01-09 06:04:50.589763358,2025-01-09 13:18:51.317828968,Low,IT Support,Hardware,Closed
TCK-4399,2025-01-02 07:19:49.760491526,2025-01-03 02:43:05.370308059,Medium,Operations,Hardware,Resolved
TCK-4400,2025-06-27 20:27:12.633379804,2025-06-28 01:13:28.152942506,Low,IT Support,Network,Closed
TCK-4401,2025-04-29 14:09:57.259980650,2025-04-30 02:35:41.218504202,Low,IT Support,Network,Closed
TCK-4402,2025-03-07 18:33:16.147781012,2025-03-08 13:23:11.083826934,Medium,DevOps,Access,Closed
TCK-4403,2025-03-26 16:16:02.315658729,2025-03-27 02:45:27.626641647,High,HR,Software,Resolved
TCK-4404,2025-02-17 23:29:47.473305070,2025-02-19 09:23:05.866130999,Critical,Finance,Hardware,Resolved
TCK-4405,2025-03-04 01:51:17.083996798,2025-03-05 22:35:06.401631679,Medium,Finance,Network,Closed
TCK-4406,2025-04-27 19:52:19.554955262,2025-04-30 16:22:29.602442961,High,DevOps,Software,Resolved
TCK-4407,2025-06-08 21:44:49.095985350,2025-06-11 02:18:12.030984981,Medium,DevOps,Software,Closed
TCK-4408,2025-02-03 03:26:30.118958587,2025-02-03 10:40:12.680596853,Medium,  IT Support ,Hardware,Resolved
TCK-4409,2025-06-01 06:21:42.131752476,2025-06-01 10:17:43.015167810,High,IT Support,Software,Resolved
TCK-4410,2025-01-22 21:07:28.702268120,2025-01-24 01:47:32.288512191,High,HR,Database,Resolved
TCK-4411,2025-02-08 16:45:59.061246660,2025-02-09 09:38:03.607542889,Medium,IT Support,Network,Closed
TCK-4412,2025-01-07 16:35:50.079748094,2025-01-07 22:40:17.807520497,Medium,IT Support,Access,Closed
TCK-4413,2025-01-26 08:18:26.079270327,2025-01-27 06:48:52.098567507,Critical,HR,Network,Closed
TCK-4414,2025-06-15 02:44:58.518256914,2025-06-15 23:30:01.354961746,Medium,Finance,Software,Closed
TCK-4415,2025-03-24 16:46:31.387409024,2025-03-26 06:54:20.598911890,Medium,Operations,Database,Closed
TCK-4416,2025-01-14 23:30:59.482376954,2025-01-15 10:29:36.977124998,High,HR,Network,Closed
TCK-4417,2025-06-22 18:01:11.785181926,2025-06-24 18:25:46.216307431,Low,Operations,Hardware,Closed
TCK-4418,2025-06-08 05:14:48.370262526,2025-06-08 17:50:22.505354207,Medium,IT Support,Database,Resolved
TCK-4419,2025-05-16 20:13:42.564541332,2025-05-17 17:06:34.084201828,None,IT Support,Network,Resolved
TCK-4420,2025-06-18 00:36:08.860368420,2025-06-18 20:01:53.798065597,Medium,  Finance ,Software,Resolved
TCK-4421,2025-02-09 14:57:32.752837804,2025-02-10 12:59:58.940844908,Low,Operations,Hardware,Closed
TCK-4422,2025-05-31 13:06:55.244892864,2025-06-01 04:12:19.312558812,Medium,Finance,Software,Closed
TCK-4423,2025-05-05 04:45:43.085702170,2025-05-05 17:43:28.095781821,Low,IT Support,Software,Closed
TCK-4424,2025-06-06 13:21:35.849276690,2025-06-08 03:45:54.709868860,Medium,Finance,Hardware,Closed
TCK-4425,2025-05-24 10:39:28.670429378,2025-05-26 22:19:52.342655911,Low,Operations,Database,Resolved
TCK-4426,2025-03-04 08:51:31.222525982,2025-03-05 07:45:52.226456972,Medium,Operations,Network,Closed
TCK-4427,2025-05-20 09:24:06.047692358,2025-05-21 11:15:16.122745307,Medium,Operations,Database,Closed
TCK-4428,2025-02-17 05:48:40.424021014,2025-02-18 06:18:31.507335568,Medium,DevOps,Hardware,Resolved
TCK-4429,2025-03-01 03:31:05.319412309,2025-03-02 03:06:49.580516510,Medium,Operations,Network,Closed
TCK-4430,2025-01-20 10:09:09.714251725,2025-01-21 01:02:19.581107946,Low,Operations,Hardware,Closed
TCK-4431,2025-06-18 07:31:51.531728250,2025-06-19 16:22:47.491914498,Low,DevOps,Access,Closed
TCK-4432,2025-02-22 09:08:04.307601179,2025-02-23 11:52:06.205676649,Medium,  Finance ,Access,Closed
TCK-4433,2025-04-04 17:05:20.578346419,2025-04-05 04:59:44.195169366,Low,HR,Database,Resolved
TCK-4434,2025-03-12 10:33:28.272722228,2025-03-13 11:50:28.295358472,High,Finance,Hardware,Resolved
TCK-4435,2025-06-22 18:53:22.131314614,2025-06-23 06:39:35.845655936,High,HR,Network,Closed
TCK-4436,2025-03-02 07:24:44.706435278,2025-03-02 14:26:33.058096348,Low,IT Support,Database,Closed
TCK-4437,2025-05-21 03:19:04.614765658,2025-05-22 10:09:16.573195244,Low,Operations,Access,Closed
TCK-4438,2025-06-03 23:23:52.036824112,2025-06-05 09:14:22.187953601,Low,DevOps,Access,Resolved
TCK-4439,2025-03-20 09:49:12.248823982,2025-03-21 22:41:40.460152616,Medium,DevOps,Access,Closed
TCK-4440,2025-03-10 01:42:08.058371986,2025-03-10 08:33:16.467085829,Low,HR,Database,Resolved
TCK-4441,2025-05-15 14:15:43.007144230,2025-05-16 12:30:23.698579273,Low,Operations,Network,Closed
TCK-4442,2025-06-14 07:42:38.285722552,2025-06-14 18:47:31.719403219,Medium,IT Support,Access,Resolved
TCK-4443,2025-05-16 21:18:18.312739448,2025-05-17 22:42:24.596631349,None,DevOps,Database,Resolved
TCK-4444,2025-02-10 21:11:09.237684694,2025-02-14 13:06:44.892307977,Medium,  DevOps ,Database,Resolved
TCK-4445,2025-06-09 21:29:22.088151194,2025-06-10 03:13:10.966821165,High,Operations,Software,Resolved
TCK-4446,2025-03-11 18:21:10.091977628,2025-03-13 06:37:04.561531675,Low,Finance,Software,Closed
TCK-4447,2025-04-14 17:18:39.811970435,2025-04-16 04:18:05.476425453,Low,Finance,Network,Resolved
TCK-4448,2025-05-30 15:48:06.751240242,2025-05-31 15:23:59.658384322,Low,Operations,Access,Closed
TCK-4449,2025-02-03 21:51:55.422612454,2025-02-04 07:08:53.813097572,None,IT Support,Software,Resolved
TCK-4450,2025-05-22 05:05:01.630057306,2025-05-22 23:47:05.541601564,Low,HR,Network,Closed
TCK-4451,2025-04-18 07:25:23.833106856,2025-04-19 11:12:26.151311805,Medium,Operations,Software,Closed
TCK-4452,2025-06-10 19:14:09.213702964,2025-06-11 07:45:25.748188137,Medium,Operations,Access,Resolved
TCK-4453,2025-01-31 22:54:43.689470780,2025-02-01 15:24:12.773569536,High,HR,Database,Closed
TCK-4454,2025-03-17 17:20:50.150460519,2025-03-18 21:37:55.860733211,Low,DevOps,Access,Resolved
TCK-4455,2025-05-30 21:52:55.780265056,2025-05-31 02:48:05.538650074,Medium,IT Support,Software,Closed
TCK-4456,2025-01-04 11:04:51.452159534,2025-01-05 12:50:39.865144308,None,  Operations ,Access,Closed
TCK-4457,2025-01-21 04:42:35.655939277,2025-01-21 18:17:03.783263765,Medium,Operations,Database,Closed
TCK-4458,2025-06-28 07:14:30.188792738,2025-06-28 15:45:12.331250023,Medium,Operations,Hardware,Resolved
TCK-4459,2025-02-20 11:18:10.265437131,2025-02-21 01:02:59.258031102,Medium,Operations,Database,Closed
TCK-4460,2025-06-25 14:20:47.748794922,2025-06-25 20:02:50.838100228,High,IT Support,Software,Resolved
TCK-4461,2025-02-02 20:32:10.681286896,2025-02-03 10:45:05.086739508,Low,IT Support,Database,Closed
TCK-4462,2025-03-06 23:55:40.777650083,2025-03-07 19:21:39.275169358,Low,Operations,Network,Closed
TCK-4463,2025-05-16 12:23:45.600919530,2025-05-18 00:19:32.375950062,High,Operations,Access,Closed
TCK-4464,2025-04-29 09:36:09.789368152,2025-04-29 15:41:36.858200960,Medium,IT Support,Hardware,Closed
TCK-4465,2025-04-15 14:26:55.563696672,2025-04-17 04:22:45.707216434,Critical,Finance,Hardware,Closed
TCK-4466,2025-04-06 09:09:51.982119477,2025-04-08 19:54:01.707986304,Medium,HR,Access,Closed
TCK-4467,2025-06-01 19:39:45.779874040,2025-06-02 17:10:11.717578734,Medium,Operations,Access,Closed
TCK-4468,2025-02-12 06:58:40.049184923,2025-02-13 20:40:17.990269698,Low,  Finance ,Network,Resolved
TCK-4469,2025-03-21 15:28:27.856603199,2025-03-22 03:29:50.808682613,High,IT Support,Database,Resolved
TCK-4470,2025-01-28 23:33:14.047617223,2025-01-29 03:43:42.757219072,Medium,IT Support,Hardware,Closed
TCK-4471,2025-04-18 06:28:03.696803914,2025-04-19 15:18:19.951222177,Medium,Finance,Software,Closed
TCK-4472,2025-02-15 02:21:06.886267571,2025-02-15 23:19:57.175952690,Low,Operations,Access,Closed
TCK-4473,2025-03-02 02:11:51.784668337,2025-03-02 18:00:19.556061970,Critical,Operations,Access,Closed
TCK-4474,2025-03-26 19:48:11.144929109,2025-03-27 11:33:00.631749407,Low,Finance,Hardware,Closed
TCK-4475,2025-01-05 19:38:56.148855044,2025-01-07 06:18:41.938343823,Low,Finance,Access,Closed
TCK-4476,2025-01-17 13:10:18.779440867,2025-01-18 08:14:08.053560387,None,DevOps,Hardware,Closed
TCK-4477,2025-05-04 11:12:51.240454230,2025-05-06 15:31:28.559208413,High,Operations,Software,Resolved
TCK-4478,2025-03-19 05:09:01.140118673,2025-03-19 20:11:04.200610607,Medium,HR,Software,Closed
TCK-4479,2025-06-05 15:53:37.532542374,2025-06-05 23:35:47.738481324,Critical,HR,Hardware,Closed
TCK-4480,2025-05-06 00:58:59.000674590,2025-05-06 07:33:24.112052658,Low,  IT Support ,Access,Closed
TCK-4481,2025-01-02 10:59:45.844499158,2025-01-03 02:39:32.833150237,Low,Operations,Network,Closed
TCK-4482,2025-04-22 00:11:50.168090482,2025-04-23 04:35:36.401919897,Medium,IT Support,Network,Closed
TCK-4483,2025-01-17 20:53:29.116960709,2025-01-18 16:48:38.856556928,Low,DevOps,Database,Closed
TCK-4484,2025-05-21 13:37:52.812101766,2025-05-22 06:36:54.686393692,Critical,Operations,Network,Closed
TCK-4485,2025-06-28 11:18:47.568107262,2025-06-29 01:04:08.300515923,High,Operations,Access,Closed
TCK-4486,2025-04-06 14:46:43.648043987,2025-04-07 09:00:18.695582849,Low,HR,Network,Closed
TCK-4487,2025-05-03 21:36:26.787019114,2025-05-04 04:09:18.757203620,Critical,IT Support,Database,Closed
TCK-4488,2025-02-12 17:11:49.830235176,2025-02-12 22:00:23.072817828,Low,IT Support,Software,Resolved
TCK-4489,2025-03-20 18:25:20.110858997,2025-03-21 07:18:04.353071873,Medium,HR,Hardware,Closed
TCK-4490,2025-06-04 02:19:54.606940240,2025-06-04 09:39:00.254603958,Critical,IT Support,Network,Resolved
TCK-4491,2025-01-31 03:16:01.683349699,2025-01-31 16:39:13.219859044,High,Operations,Hardware,Closed
TCK-4492,2025-02-17 19:06:49.738505228,2025-02-18 18:47:33.579784762,Medium,  DevOps ,Hardware,Closed
TCK-4493,2025-03-22 04:16:24.518048341,2025-03-24 12:19:42.871562441,Low,DevOps,Software,Closed
TCK-4494,2025-05-09 04:54:54.765958104,2025-05-09 20:15:20.856492434,Low,Operations,Database,Closed
TCK-4495,2025-03-09 15:49:07.264982319,2025-03-09 20:38:23.228704550,Medium,IT Support,Access,Resolved
TCK-4496,2025-06-16 23:48:12.415185276,2025-06-18 00:24:28.603630219,Medium,DevOps,Access,Closed
TCK-4497,2025-01-18 00:03:16.061331120,2025-01-19 07:54:29.552125929,Low,DevOps,Access,Closed
TCK-4498,2025-03-08 17:52:26.880217468,2025-03-08 22:13:54.395493816,Medium,IT Support,Database,Resolved
TCK-4499,2025-05-08 14:40:54.527558816,2025-05-10 21:55:13.510087073,High,Finance,Database,Closed
TCK-4500,2025-02-10 16:15:46.179567531,2025-02-11 05:22:44.867627831,Medium,IT Support,Database,Closed
TCK-4501,2025-04-29 03:42:17.063539874,2025-05-01 05:47:29.902188653,Low,Finance,Network,Resolved
TCK-4502,2025-01-30 13:25:02.134351684,2025-02-01 03:07:55.234705739,None,DevOps,Hardware,Closed
TCK-4503,2025-01-11 01:50:05.390168946,2025-01-11 04:49:07.282667952,Low,IT Support,Database,Resolved
TCK-4504,2025-01-22 18:47:16.426874987,2025-01-25 13:35:04.639378205,High,  DevOps ,Database,Closed
TCK-4505,2025-06-17 09:32:03.347302062,2025-06-17 21:13:21.195178604,Low,Operations,Network,Closed
TCK-4506,2025-04-10 07:33:49.731475903,2025-04-11 04:31:46.709124424,Medium,DevOps,Hardware,Resolved
TCK-4507,2025-05-24 08:12:49.500259502,2025-05-24 23:34:05.476165017,Medium,HR,Access,Resolved
TCK-4508,2025-03-01 21:04:02.798075357,2025-03-03 21:52:12.940027814,Medium,Finance,Software,Resolved
TCK-4509,2025-04-17 16:17:07.291914466,2025-04-18 06:40:40.421079495,Medium,IT Support,Database,Closed
TCK-4510,2025-03-31 02:11:35.583380030,2025-04-01 00:31:59.883446890,Low,HR,Database,Closed
TCK-4511,2025-06-20 05:35:16.744624476,2025-06-20 12:51:39.119835205,Medium,IT Support,Software,Resolved
TCK-4512,2025-05-15 13:31:20.739913524,2025-05-16 15:50:18.938866925,Medium,DevOps,Database,Closed
TCK-4513,2025-05-12 11:56:39.005034796,2025-05-13 17:04:14.042113595,Low,Finance,Database,Resolved
TCK-4514,2025-01-09 08:14:46.046241915,2025-01-10 13:17:39.071045582,None,DevOps,Database,Resolved
TCK-4515,2025-04-09 22:34:22.692345403,2025-04-11 22:55:54.014867112,High,DevOps,Software,Resolved
TCK-4516,2025-03-26 01:24:11.091081024,2025-03-26 14:16:33.562097731,Critical,  IT Support ,Network,Closed
TCK-4517,2025-06-17 00:16:42.930259536,2025-06-17 19:21:49.613131614,Medium,HR,Network,Closed
TCK-4518,2025-02-16 07:43:02.600323605,2025-02-16 10:07:16.580646776,Low,IT Support,Software,Resolved
TCK-4519,2025-02-18 13:40:49.865583098,2025-02-18 22:44:32.103183205,Medium,IT Support,Network,Resolved
TCK-4520,2025-03-16 01:00:56.862605094,2025-03-16 09:03:55.910097397,High,IT Support,Access,Resolved
TCK-4521,2025-02-13 19:21:25.782895960,2025-02-14 10:48:06.083675677,Low,HR,Access,Resolved
TCK-4522,2025-01-24 06:04:28.289761672,2025-01-24 11:54:13.914974983,Medium,IT Support,Software,Closed
TCK-4523,2025-06-04 08:01:55.695113254,2025-06-04 12:24:53.545050763,Medium,IT Support,Hardware,Closed
TCK-4524,2025-04-11 11:45:16.507529698,2025-04-11 22:28:10.151669149,Low,IT Support,Database,Resolved
TCK-4525,2025-06-05 01:05:13.005212526,2025-06-05 08:11:59.585222350,Medium,IT Support,Hardware,Closed
TCK-4526,2025-05-30 14:30:07.871558278,2025-06-01 07:49:17.946286618,None,DevOps,Database,Closed
TCK-4527,2025-02-20 18:25:22.701688965,2025-02-21 11:56:26.682165157,High,Finance,Network,Resolved
TCK-4528,2025-04-09 14:13:32.734131109,2025-04-12 05:09:02.503911076,Low,  DevOps ,Network,Resolved
TCK-4529,2025-01-15 23:30:01.713013575,2025-01-16 22:55:29.230186709,Medium,HR,Access,Closed
TCK-4530,2025-06-14 17:53:17.300446356,2025-06-15 03:44:53.071467888,Low,IT Support,Hardware,Closed
TCK-4531,2025-03-14 18:24:53.744693261,2025-03-15 16:26:11.910674583,Medium,Finance,Software,Resolved
TCK-4532,2025-03-12 20:40:52.011842060,2025-03-13 18:25:38.909118065,Critical,HR,Database,Resolved
TCK-4533,2025-02-24 11:54:11.523850408,2025-02-24 22:14:47.444959427,Medium,IT Support,Network,Closed
TCK-4534,2025-03-24 22:04:02.557740865,2025-03-25 07:38:39.546290159,High,IT Support,Database,Resolved
TCK-4535,2025-02-15 07:36:01.979554808,2025-02-15 21:55:05.819866681,Medium,IT Support,Software,Closed
TCK-4536,2025-03-09 11:21:42.546535905,2025-03-10 04:42:26.417343601,Medium,IT Support,Database,Closed
TCK-4537,2025-05-24 23:46:16.499592082,2025-05-25 07:21:46.095599906,Medium,HR,Access,Resolved
TCK-4538,2025-05-31 03:59:01.591756594,2025-05-31 14:37:47.018121733,High,Operations,Software,Closed
TCK-4539,2025-02-24 18:04:05.892078683,2025-02-24 23:49:21.131766904,Medium,IT Support,Software,Closed
TCK-4540,2025-03-26 10:08:32.423956958,2025-03-26 14:09:09.328016032,None,  IT Support ,Database,Closed
TCK-4541,2025-06-07 06:54:05.160707374,2025-06-08 06:38:40.909873629,High,Finance,Database,Closed
TCK-4542,2025-01-10 11:32:55.656615449,2025-01-10 23:01:23.741328802,High,IT Support,Network,Closed
TCK-4543,2025-06-10 01:06:22.448958454,2025-06-10 15:09:17.918273331,High,HR,Database,Closed
TCK-4544,2025-02-09 10:52:34.943585062,2025-02-10 10:36:38.861434569,Low,DevOps,Software,Resolved
TCK-4545,2025-05-03 03:17:22.326021974,2025-05-03 18:13:06.156978709,Medium,IT Support,Database,Closed
TCK-4546,2025-04-15 20:37:23.982173304,2025-04-16 05:44:31.864018790,Medium,IT Support,Network,Resolved
TCK-4547,2025-04-10 12:42:14.515839249,2025-04-11 05:33:37.740415955,Medium,HR,Hardware,Closed
TCK-4548,2025-06-04 16:26:10.215355878,2025-06-05 17:43:29.691161916,High,HR,Access,Closed
TCK-4549,2025-01-19 06:47:29.977961772,2025-01-19 23:42:57.478035189,Low,Operations,Software,Resolved
TCK-4550,2025-03-04 11:09:39.849864292,2025-03-07 07:47:40.301649839,Low,Finance,Network,Closed
TCK-4551,2025-04-07 21:15:06.711153795,2025-04-08 04:02:48.016784273,Critical,IT Support,Access,Closed
TCK-4552,2025-05-27 00:46:04.256568810,2025-05-29 01:38:48.305302635,Low,  Operations ,Database,Resolved
TCK-4553,2025-02-08 23:02:02.833218315,2025-02-09 10:05:25.663103359,Low,Operations,Database,Resolved
TCK-4554,2025-05-25 12:39:24.893052744,2025-05-25 23:40:01.077923481,Medium,IT Support,Hardware,Closed
TCK-4555,2025-03-13 22:26:17.679745689,2025-03-14 11:29:32.600130720,High,Operations,Database,Closed
TCK-4556,2025-02-04 00:06:28.295256831,2025-02-04 14:59:07.253344249,Medium,IT Support,Access,Resolved
TCK-4557,2025-05-17 14:49:17.121777040,2025-05-18 02:00:05.089294946,None,HR,Network,Closed
TCK-4558,2025-01-17 08:40:59.715732167,2025-01-17 18:30:49.939041046,Low,IT Support,Hardware,Closed
TCK-4559,2025-04-03 15:47:42.201621288,2025-04-04 02:03:07.791821581,High,HR,Access,Closed
TCK-4560,2025-01-12 11:56:36.190620088,2025-01-13 10:37:54.493576129,Low,HR,Network,Closed
TCK-4561,2025-03-06 03:43:30.483413912,2025-03-06 21:22:34.404197618,Low,Finance,Access,Resolved
TCK-4562,2025-04-19 04:39:06.378147420,2025-04-20 00:22:28.334528846,Medium,IT Support,Database,Closed
TCK-4563,2025-04-11 02:25:08.901209138,2025-04-11 11:02:56.867221733,Low,HR,Access,Closed
TCK-4564,2025-03-14 20:06:41.059253374,2025-03-15 03:21:26.096148828,Medium,  HR ,Hardware,Closed
TCK-4565,2025-03-19 05:29:14.402254343,2025-03-20 20:54:51.360364475,Medium,Finance,Access,Closed
TCK-4566,2025-02-10 19:38:40.093711121,2025-02-11 09:02:06.107622857,Low,Operations,Software,Closed
TCK-4567,2025-03-24 01:24:46.015171648,2025-03-24 19:20:51.949972104,High,Operations,Database,Resolved
TCK-4568,2025-06-21 14:03:39.516170414,2025-06-22 10:54:54.423995299,Medium,Finance,Access,Resolved
TCK-4569,2025-06-03 01:57:23.777373508,2025-06-03 18:02:17.960556467,None,DevOps,Network,Resolved
TCK-4570,2025-01-27 03:24:21.579875299,2025-01-27 17:04:11.020450097,Critical,HR,Database,Closed
TCK-4571,2025-01-06 08:39:10.804414962,2025-01-07 18:31:59.394204661,Low,Operations,Network,Closed
TCK-4572,2025-06-18 00:49:30.111369040,2025-06-19 17:16:55.593559640,Medium,Finance,Hardware,Closed
TCK-4573,2025-04-05 19:33:32.110145387,2025-04-07 06:22:05.463997506,Medium,DevOps,Software,Resolved
TCK-4574,2025-04-07 19:27:33.825618033,2025-04-10 01:31:15.043372985,High,DevOps,Access,Closed
TCK-4575,2025-05-21 12:42:06.269227836,2025-05-21 21:03:42.998919122,Critical,HR,Database,Resolved
TCK-4576,2025-02-26 15:27:22.921646871,2025-02-26 22:40:47.506019579,Medium,  IT Support ,Access,Resolved
TCK-4577,2025-03-28 17:50:26.510537506,2025-03-29 11:08:53.791007008,Low,HR,Access,Resolved
TCK-4578,2025-06-24 08:37:25.625258062,2025-06-25 07:34:37.834722172,Medium,Finance,Database,Closed
TCK-4579,2025-05-01 23:40:56.379172796,2025-05-02 12:14:01.332699011,Critical,HR,Software,Closed
TCK-4580,2025-01-28 16:10:42.737598463,2025-01-28 23:58:08.959852795,High,HR,Software,Resolved
TCK-4581,2025-01-24 23:32:22.384652662,2025-01-25 08:11:36.185915293,High,Finance,Hardware,Closed
TCK-4582,2025-02-06 18:25:25.521594899,2025-02-07 15:47:51.917515149,Medium,HR,Database,Resolved
TCK-4583,2025-05-19 00:11:39.960591000,2025-05-20 11:12:11.455658963,Low,DevOps,Database,Resolved
TCK-4584,2025-02-23 04:01:43.163729261,2025-02-24 02:19:15.429793681,None,HR,Network,Closed
TCK-4585,2025-01-04 20:23:59.343490840,2025-01-05 07:48:40.841045569,Critical,HR,Network,Closed
TCK-4586,2025-06-19 22:49:59.701240054,2025-06-20 08:46:33.936982271,Low,HR,Network,Resolved
TCK-4587,2025-01-31 13:09:43.051773650,2025-02-01 13:44:32.290325060,Low,Finance,Software,Resolved
TCK-4588,2025-01-02 17:17:28.910974762,2025-01-03 06:19:12.764334458,Medium,  IT Support ,Hardware,Closed
TCK-4589,2025-02-12 16:24:30.680265439,2025-02-12 23:58:46.686291900,High,IT Support,Hardware,Resolved
TCK-4590,2025-02-12 07:19:27.697261215,2025-02-14 05:36:44.005419363,Medium,DevOps,Access,Closed
TCK-4591,2025-03-17 23:03:45.661152685,2025-03-18 04:12:07.053775532,Low,IT Support,Hardware,Closed
TCK-4592,2025-06-15 16:05:02.659488574,2025-06-16 08:41:17.332127433,Medium,Operations,Network,Closed
TCK-4593,2025-06-08 06:04:43.841300530,2025-06-08 23:27:31.501308187,Low,Operations,Database,Closed
TCK-4594,2025-03-24 05:47:04.119086719,2025-03-25 08:00:08.044973554,Medium,HR,Access,Resolved
TCK-4595,2025-03-15 23:05:15.322432575,2025-03-16 19:03:24.037724492,Medium,Operations,Software,Resolved
TCK-4596,2025-04-10 21:38:21.312856887,2025-04-11 17:59:23.071905898,Critical,IT Support,Hardware,Closed
TCK-4597,2025-02-13 19:43:16.794184901,2025-02-14 04:53:48.345441645,Medium,Operations,Database,Resolved
TCK-4598,2025-01-10 09:26:20.995060874,2025-01-11 00:35:31.952421547,Medium,HR,Network,Closed
TCK-4599,2025-06-19 01:26:53.765734608,2025-06-19 21:08:14.922268310,Medium,Operations,Software,Closed
TCK-4600,2025-02-03 14:32:22.612809790,2025-02-04 02:07:45.365486869,Medium,  IT Support ,Software,Resolved
TCK-4601,2025-02-05 17:05:28.141229381,2025-02-06 05:04:35.691138570,Low,Operations,Hardware,Closed
TCK-4602,2025-03-27 01:01:43.034336593,2025-03-27 20:45:41.619232455,Medium,IT Support,Database,Closed
TCK-4603,2025-03-30 11:46:10.738956823,2025-03-30 20:19:29.731496512,Low,IT Support,Network,Resolved
TCK-4604,2025-01-04 07:38:08.829265938,2025-01-04 12:34:18.022709705,Critical,IT Support,Network,Closed
TCK-4605,2025-01-27 15:09:52.097412792,2025-01-27 23:35:47.894702471,High,IT Support,Network,Closed
TCK-4606,2025-03-10 01:37:43.738256656,2025-03-10 22:34:40.247126236,Medium,Finance,Network,Closed
TCK-4607,2025-05-04 01:42:59.745475904,2025-05-05 11:53:53.043659394,Critical,IT Support,Hardware,Resolved
TCK-4608,2025-02-11 02:46:03.840650266,2025-02-13 07:10:13.728082730,Critical,DevOps,Hardware,Resolved
TCK-4609,2025-03-18 03:25:20.667951893,2025-03-19 11:12:06.462327714,Critical,DevOps,Database,Closed
TCK-4610,2025-04-11 07:43:50.446470492,2025-04-12 00:45:03.934917267,Low,Operations,Access,Resolved
TCK-4611,2025-06-09 22:43:10.476381438,2025-06-10 12:23:41.719278824,High,IT Support,Hardware,Resolved
TCK-4612,2025-02-28 16:37:28.452191422,2025-03-01 16:01:23.147126095,Medium,  HR ,Network,Closed
TCK-4613,2025-01-25 00:58:18.150708895,2025-01-25 06:41:08.115733497,High,Finance,Database,Closed
TCK-4614,2025-03-30 01:39:21.657159603,2025-03-30 21:14:25.864557194,Low,HR,Network,Closed
TCK-4615,2025-05-15 09:50:14.349390532,2025-05-15 18:27:25.243144585,Medium,IT Support,Hardware,Closed
TCK-4616,2025-01-20 18:35:38.941684110,2025-01-21 03:56:19.542411063,Medium,Operations,Database,Closed
TCK-4617,2025-03-18 10:37:57.662871128,2025-03-20 00:40:41.103408626,High,Finance,Network,Closed
TCK-4618,2025-01-04 04:49:54.516914142,2025-01-07 08:09:12.325198846,High,Finance,Access,Resolved
TCK-4619,2025-01-07 00:58:32.392978049,2025-01-07 12:12:15.354675986,Low,IT Support,Software,Closed
TCK-4620,2025-03-28 22:21:30.704745583,2025-03-30 05:33:49.563082920,Low,Operations,Software,Resolved
TCK-4621,2025-02-23 16:12:44.380843255,2025-02-24 13:09:43.405149347,High,IT Support,Network,Closed
TCK-4622,2025-06-02 02:51:48.714132170,2025-06-02 08:28:32.478332510,Medium,IT Support,Software,Closed
TCK-4623,2025-04-19 09:18:23.768878616,2025-04-19 21:33:09.462730165,Medium,DevOps,Access,Resolved
TCK-4624,2025-03-23 16:59:25.421026986,2025-03-24 04:47:42.402133226,High,  IT Support ,Access,Closed
TCK-4625,2025-03-15 10:16:50.890636417,2025-03-15 17:47:27.564638766,High,IT Support,Network,Resolved
TCK-4626,2025-03-31 12:06:01.707908088,2025-03-31 16:22:34.714406161,Low,IT Support,Access,Resolved
TCK-4627,2025-01-08 06:41:44.703019309,2025-01-09 12:30:26.962807565,Medium,DevOps,Software,Resolved
TCK-4628,2025-06-10 16:52:02.279054104,2025-06-12 04:06:59.902897671,High,Finance,Network,Closed
TCK-4629,2025-06-29 16:40:10.677974520,2025-06-30 09:22:39.374451249,High,Operations,Software,Resolved
TCK-4630,2025-02-02 16:01:27.765802481,2025-02-03 08:33:20.668889423,Low,Finance,Access,Closed
TCK-4631,2025-01-22 16:03:15.868174886,2025-01-22 23:39:20.366147062,Low,IT Support,Access,Resolved
TCK-4632,2025-01-26 20:15:16.711552553,2025-01-27 10:19:01.309186242,Low,HR,Database,Closed
TCK-4633,2025-04-29 23:38:12.809660878,2025-04-30 05:02:53.713174785,Critical,HR,Hardware,Closed
TCK-4634,2025-04-30 01:25:27.919586448,2025-04-30 09:20:19.611482944,Medium,IT Support,Hardware,Resolved
TCK-4635,2025-06-02 15:01:56.571753846,2025-06-02 22:16:58.405595607,Medium,HR,Network,Closed
TCK-4636,2025-05-16 07:53:23.992805092,2025-05-18 02:59:20.452619650,Low,  DevOps ,Software,Resolved
TCK-4637,2025-03-22 22:39:33.800239972,2025-03-23 02:33:13.713870848,Low,IT Support,Hardware,Closed
TCK-4638,2025-04-21 07:32:06.583063840,2025-04-21 21:38:18.638390518,Medium,IT Support,Network,Closed
TCK-4639,2025-05-04 21:23:23.193563258,2025-05-05 04:19:01.810282061,Medium,IT Support,Access,Closed
TCK-4640,2025-04-03 07:01:17.585875822,2025-04-03 13:30:02.268864144,Medium,IT Support,Hardware,Closed
TCK-4641,2025-03-27 14:48:44.110191854,2025-03-29 02:43:45.799225561,Low,DevOps,Software,Closed
TCK-4642,2025-04-27 02:49:15.474634544,2025-04-27 12:01:49.315974961,Medium,HR,Database,Closed
TCK-4643,2025-04-11 08:17:24.185669366,2025-04-12 00:36:49.317746760,High,HR,Database,Closed
TCK-4644,2025-04-26 21:49:50.732584078,2025-04-27 14:49:14.353033439,Low,Finance,Hardware,Closed
TCK-4645,2025-04-21 07:31:57.444678234,2025-04-21 13:58:02.218448265,Critical,IT Support,Database,Closed
TCK-4646,2025-05-10 10:55:44.909108358,2025-05-11 04:19:10.394149544,Low,HR,Network,Closed
TCK-4647,2025-04-26 16:54:40.168591288,2025-04-27 00:56:50.351551378,Low,HR,Software,Resolved
TCK-4648,2025-04-04 13:17:15.149072381,2025-04-04 22:51:12.334506675,Medium,  Operations ,Access,Resolved
TCK-4649,2025-05-03 17:21:44.009094778,2025-05-05 04:27:31.225611965,Critical,DevOps,Software,Resolved
TCK-4650,2025-03-22 21:45:43.522563777,2025-03-23 21:56:05.181135142,Low,Finance,Access,Closed
TCK-4651,2025-02-13 12:01:10.906325891,2025-02-14 03:28:09.756876391,Medium,HR,Database,Closed
TCK-4652,2025-01-01 06:07:36.159522653,2025-01-02 10:59:15.918814505,Medium,Finance,Network,Closed
TCK-4653,2025-04-11 19:02:42.416412154,2025-04-12 03:47:32.975388197,Low,IT Support,Access,Resolved
TCK-4654,2025-04-17 07:37:50.084217586,2025-04-17 19:09:03.237993469,Low,IT Support,Database,Closed
TCK-4655,2025-06-24 23:15:05.500191910,2025-06-25 08:10:33.186250785,Critical,IT Support,Access,Closed
TCK-4656,2025-03-07 01:35:11.051834174,2025-03-07 06:47:28.495561853,Low,HR,Hardware,Resolved
TCK-4657,2025-03-12 22:39:20.192465904,2025-03-13 06:10:01.437817793,Medium,Operations,Software,Resolved
TCK-4658,2025-02-06 07:46:27.089033742,2025-02-08 06:58:19.010451724,None,Operations,Network,Resolved
TCK-4659,2025-01-13 16:42:29.359530830,2025-01-14 23:42:33.369784765,Low,DevOps,Database,Closed
TCK-4660,2025-05-20 02:30:55.472985790,2025-05-21 07:27:47.383715795,Medium,  Operations ,Network,Closed
TCK-4661,2025-02-14 22:37:19.912605182,2025-02-15 13:45:53.700062583,Low,Operations,Software,Closed
TCK-4662,2025-04-20 14:28:08.398739150,2025-04-20 22:43:33.518209650,Low,IT Support,Access,Closed
TCK-4663,2025-05-04 19:10:46.248803328,2025-05-05 01:57:19.772671291,Low,IT Support,Access,Closed
TCK-4664,2025-03-26 19:44:32.960759705,2025-03-29 09:30:26.641156760,Medium,Operations,Network,Closed
TCK-4665,2025-06-07 17:50:28.061798884,2025-06-08 09:57:28.598054582,High,HR,Access,Closed
TCK-4666,2025-03-21 21:11:37.366916742,2025-03-22 15:56:40.769838244,Medium,Finance,Access,Resolved
TCK-4667,2025-02-21 06:48:18.905545531,2025-02-21 10:31:38.576516408,Critical,IT Support,Access,Closed
TCK-4668,2025-06-11 06:47:13.413099152,2025-06-12 05:35:27.560716304,Low,IT Support,Hardware,Resolved
TCK-4669,2025-06-05 01:57:27.748655322,2025-06-05 15:02:40.166626023,Low,HR,Database,Resolved
TCK-4670,2025-01-30 12:39:09.256932375,2025-01-31 00:59:03.711687647,Low,IT Support,Database,Resolved
TCK-4671,2025-01-05 16:09:05.757440178,2025-01-06 05:11:31.787913067,Low,IT Support,Software,Closed
TCK-4672,2025-01-17 04:44:15.372349301,2025-01-18 00:10:34.127721143,Low,  Finance ,Access,Closed
TCK-4673,2025-02-21 13:53:05.142308962,2025-02-22 01:46:54.611435435,Medium,IT Support,Network,Closed
TCK-4674,2025-06-25 00:09:44.436687084,2025-06-25 13:28:10.230809082,High,Operations,Access,Closed
TCK-4675,2025-04-11 12:47:23.213957151,2025-04-11 17:58:12.107706441,None,IT Support,Software,Closed
TCK-4676,2025-03-09 04:29:26.456519188,2025-03-09 19:42:21.372698872,Low,IT Support,Access,Closed
TCK-4677,2025-06-09 23:15:12.703417432,2025-06-10 12:22:25.151706981,High,HR,Hardware,Resolved
TCK-4678,2025-03-23 13:32:56.227153626,2025-03-24 21:18:00.434501280,High,Finance,Software,Closed
TCK-4679,2025-02-26 17:49:51.148892680,2025-02-27 11:16:11.133549021,Medium,HR,Database,Resolved
TCK-4680,2025-06-19 10:04:06.111052464,2025-06-20 19:46:23.249952849,Low,Finance,Database,Resolved
TCK-4681,2025-06-02 21:54:58.744628528,2025-06-03 01:49:10.278214611,None,IT Support,Hardware,Resolved
TCK-4682,2025-06-01 20:38:50.574523146,2025-06-02 14:55:53.072692260,Medium,Finance,Database,Closed
TCK-4683,2025-04-03 05:04:12.323916914,2025-04-03 12:17:49.642879459,None,IT Support,Hardware,Closed
TCK-4684,2025-05-23 02:22:25.978377956,2025-05-23 14:15:04.404015836,Medium,  Operations ,Database,Closed
TCK-4685,2025-02-02 06:48:23.443282311,2025-02-03 05:06:46.607679680,Medium,Operations,Database,Closed
TCK-4686,2025-04-14 04:19:23.435914701,2025-04-16 12:26:23.614974019,Low,DevOps,Access,Closed
TCK-4687,2025-06-27 02:12:51.792125032,2025-06-28 06:02:11.715040988,None,HR,Software,Resolved
TCK-4688,2025-02-22 08:56:25.511415340,2025-02-22 16:06:51.921791905,Low,IT Support,Database,Resolved
TCK-4689,2025-05-23 23:36:07.424459844,2025-05-24 09:26:17.023410702,Low,IT Support,Software,Closed
TCK-4690,2025-03-30 06:52:00.188899862,2025-03-31 13:28:54.716260324,Medium,Finance,Software,Resolved
TCK-4691,2025-01-08 03:57:37.985469902,2025-01-09 04:31:03.438222234,Medium,Operations,Database,Closed
TCK-4692,2025-05-18 08:14:37.674829260,2025-05-19 00:02:14.679537774,Low,Finance,Software,Closed
TCK-4693,2025-01-31 08:13:07.333586138,2025-02-01 05:20:29.662382581,Medium,IT Support,Hardware,Resolved
TCK-4694,2025-04-24 15:57:56.916048530,2025-04-25 14:31:59.204248437,Medium,HR,Network,Closed
TCK-4695,2025-01-16 10:04:09.545818522,2025-01-16 23:45:20.004240987,Medium,IT Support,Hardware,Resolved
TCK-4696,2025-06-20 10:28:01.765857246,2025-06-22 19:03:02.327085058,Low,  DevOps ,Database,Resolved
TCK-4697,2025-02-22 12:14:49.893428973,2025-02-23 11:45:27.067040272,Medium,Operations,Hardware,Closed
TCK-4698,2025-02-10 18:19:38.884966845,2025-02-11 12:52:29.583421551,Low,DevOps,Network,Resolved
TCK-4699,2025-01-24 05:52:09.356039631,2025-01-24 13:47:55.265319822,Low,IT Support,Hardware,Closed
TCK-4700,2025-06-20 06:43:46.110808872,2025-06-20 14:36:48.785298510,High,Operations,Software,Closed
TCK-4701,2025-05-09 03:25:27.002447178,2025-05-10 01:34:32.625611576,Low,Operations,Database,Closed
TCK-4702,2025-05-14 11:58:30.141343714,2025-05-15 01:01:22.954036035,Low,HR,Software,Resolved
TCK-4703,2025-03-31 21:25:39.738585563,2025-04-01 21:26:10.683571814,Medium,Finance,Software,Resolved
TCK-4704,2025-03-27 10:49:26.516526558,2025-03-29 19:25:22.193665220,Low,DevOps,Database,Resolved
TCK-4705,2025-01-20 19:17:30.371003444,2025-01-21 19:57:33.690469057,Low,DevOps,Database,Closed
TCK-4706,2025-04-11 18:30:48.718522239,2025-04-12 16:06:42.359839617,Medium,Finance,Access,Closed
TCK-4707,2025-02-14 10:40:45.331931908,2025-02-14 19:16:23.376950612,High,IT Support,Network,Closed
TCK-4708,2025-06-25 21:16:04.215711912,2025-06-26 00:39:18.945627160,High,  IT Support ,Software,Closed
TCK-4709,2025-05-24 09:13:46.779115570,2025-05-25 12:22:05.573799812,Medium,DevOps,Software,Closed
TCK-4710,2025-03-16 08:07:32.520119788,2025-03-16 10:34:42.056894239,Medium,IT Support,Database,Closed
TCK-4711,2025-01-28 05:47:39.255170721,2025-01-29 00:04:34.150274035,High,Finance,Database,Closed
TCK-4712,2025-05-22 08:37:58.460590368,2025-05-23 22:12:18.817347524,Low,Finance,Hardware,Closed
TCK-4713,2025-01-22 23:16:20.185648626,2025-01-23 21:46:59.863316178,Low,Operations,Software,Closed
TCK-4714,2025-02-04 01:55:18.534386440,2025-02-05 00:56:48.241546263,Medium,DevOps,Software,Closed
TCK-4715,2025-02-08 01:46:07.091958225,2025-02-08 16:15:40.603229384,Medium,HR,Database,Resolved
TCK-4716,2025-04-11 05:46:03.206423163,2025-04-11 14:03:48.021270287,High,HR,Software,Resolved
TCK-4717,2025-05-22 16:05:05.082858176,2025-05-23 00:34:29.249786920,Low,IT Support,Network,Resolved
TCK-4718,2025-02-26 13:50:24.993926413,2025-03-01 03:18:04.434628032,Low,HR,Access,Resolved
TCK-4719,2025-01-16 05:46:24.951609301,2025-01-17 03:09:52.285999963,Critical,IT Support,Database,Closed
TCK-4720,2025-03-25 14:48:22.184731768,2025-03-26 05:23:05.057063969,Medium,  HR ,Database,Closed
TCK-4721,2025-05-15 15:50:10.470519318,2025-05-16 18:22:43.277321168,Medium,Finance,Software,Closed
TCK-4722,2025-02-09 21:35:16.087695062,2025-02-10 16:35:00.054425788,Low,DevOps,Access,Closed
TCK-4723,2025-02-09 14:04:26.571108347,2025-02-09 19:46:00.023815295,Low,IT Support,Access,Resolved
TCK-4724,2025-06-20 12:01:14.729296048,2025-06-21 05:02:23.359582770,Low,HR,Database,Resolved
TCK-4725,2025-06-21 17:56:38.764157456,2025-06-22 17:47:17.877332389,Medium,DevOps,Database,Closed
TCK-4726,2025-06-28 06:48:43.065021636,2025-06-28 20:10:13.091523780,None,IT Support,Database,Closed
TCK-4727,2025-05-26 09:05:22.123690980,2025-05-27 03:43:19.233443224,High,IT Support,Network,Closed
TCK-4728,2025-02-03 20:57:20.198899889,2025-02-04 06:59:36.950644791,Medium,IT Support,Software,Closed
TCK-4729,2025-02-08 03:45:36.611470112,2025-02-08 22:41:58.175507827,High,Operations,Network,Resolved
TCK-4730,2025-03-03 05:46:22.956156240,2025-03-03 09:26:28.149620862,Medium,IT Support,Database,Resolved
TCK-4731,2025-02-27 06:19:57.127298449,2025-03-01 03:23:00.264387366,Medium,DevOps,Access,Closed
TCK-4732,2025-06-22 04:11:59.553661198,2025-06-22 12:12:56.194724515,Low,  HR ,Software,Resolved
TCK-4733,2025-05-23 00:47:58.581776100,2025-05-23 15:24:16.753061819,Medium,Operations,Software,Closed
TCK-4734,2025-05-11 07:43:04.735696486,2025-05-11 21:27:06.127056616,Low,IT Support,Database,Closed
TCK-4735,2025-02-03 11:21:40.060552066,2025-02-04 11:07:26.116093814,Medium,HR,Database,Resolved
TCK-4736,2025-06-13 17:09:01.499202950,2025-06-14 07:24:20.026336787,High,Operations,Database,Resolved
TCK-4737,2025-05-30 00:24:00.142080014,2025-05-30 20:22:11.006386830,Low,Finance,Database,Resolved
TCK-4738,2025-01-30 10:55:57.916331869,2025-01-31 04:12:12.576651804,Low,Finance,Database,Closed
TCK-4739,2025-06-06 19:27:21.002657044,2025-06-07 05:20:42.180781545,Low,Operations,Database,Closed
TCK-4740,2025-02-19 00:06:33.685633569,2025-02-19 22:40:43.075260287,Medium,DevOps,Software,Closed
TCK-4741,2025-01-15 13:21:26.287180913,2025-01-16 00:17:37.777308484,Low,Finance,Network,Resolved
TCK-4742,2025-04-29 05:28:20.510908994,2025-04-30 15:56:46.785756764,Medium,Finance,Access,Resolved
TCK-4743,2025-04-28 16:26:10.062745110,2025-04-29 02:47:22.787208938,Low,IT Support,Database,Resolved
TCK-4744,2025-01-18 02:06:22.612764492,2025-01-18 13:21:21.101222584,Medium,  IT Support ,Access,Closed
TCK-4745,2025-02-27 09:26:23.332581730,2025-02-27 14:42:51.157569792,Low,IT Support,Software,Resolved
TCK-4746,2025-06-28 16:57:30.516998136,2025-06-29 02:51:41.271885623,None,Operations,Access,Resolved
TCK-4747,2025-05-03 02:48:11.525319876,2025-05-03 17:23:17.814021986,Medium,HR,Software,Closed
TCK-4748,2025-05-12 09:55:28.991014976,2025-05-13 00:35:13.992762303,High,HR,Hardware,Closed
TCK-4749,2025-02-08 07:48:09.625718162,2025-02-09 12:36:07.231109692,High,DevOps,Network,Closed
TCK-4750,2025-01-15 04:20:18.768252875,2025-01-16 07:09:40.201075246,Medium,DevOps,Hardware,Closed
TCK-4751,2025-02-19 20:12:55.078851063,2025-02-22 21:08:10.266690633,Low,DevOps,Software,Resolved
TCK-4752,2025-02-14 19:14:27.686524521,2025-02-15 12:48:43.580962815,Medium,HR,Hardware,Closed
TCK-4753,2025-02-12 05:13:49.854833721,2025-02-14 05:26:50.932920816,Medium,Operations,Software,Closed
TCK-4754,2025-02-04 16:41:55.213987239,2025-02-05 08:43:48.218041241,Medium,IT Support,Hardware,Closed
TCK-4755,2025-04-14 10:56:40.501072848,2025-04-15 06:51:50.878560482,Low,IT Support,Software,Closed
TCK-4756,2025-03-01 01:24:25.256292012,2025-03-01 06:22:26.791463818,Low,  IT Support ,Network,Closed
TCK-4757,2025-05-28 15:53:25.674019194,2025-05-29 10:59:35.240923365,Low,HR,Network,Closed
TCK-4758,2025-02-03 02:39:10.242362516,2025-02-03 14:05:44.260936495,Low,HR,Network,Resolved
TCK-4759,2025-03-25 15:11:20.206147604,2025-03-26 01:51:14.682618088,Critical,Finance,Software,Closed
TCK-4760,2025-01-03 11:00:06.672098395,2025-01-04 04:57:37.544136979,Low,IT Support,Access,Resolved
TCK-4761,2025-03-28 16:52:03.478823147,2025-03-29 14:01:17.714466289,Medium,Finance,Hardware,Closed
TCK-4762,2025-01-11 01:13:16.011070929,2025-01-11 11:50:31.143430354,High,Operations,Hardware,Closed
TCK-4763,2025-06-25 23:45:56.056643354,2025-06-26 06:40:27.444913529,High,IT Support,Hardware,Closed
TCK-4764,2025-05-23 07:21:28.784771220,2025-05-23 16:53:40.300172499,Medium,HR,Hardware,Closed
TCK-4765,2025-03-30 05:16:53.684650154,2025-03-30 11:17:25.194156376,Low,IT Support,Network,Closed
TCK-4766,2025-01-16 14:03:26.594405255,2025-01-17 06:10:10.126580592,Low,Operations,Access,Closed
TCK-4767,2025-04-17 15:21:51.495172522,2025-04-19 01:06:11.302794879,Medium,HR,Hardware,Closed
TCK-4768,2025-05-17 13:51:33.850915600,2025-05-17 19:57:03.540350758,Medium,  IT Support ,Access,Closed
TCK-4769,2025-02-04 07:53:54.718729798,2025-02-05 03:23:04.686076345,Low,IT Support,Software,Closed
TCK-4770,2025-04-13 06:39:36.115927057,2025-04-14 10:10:35.944968257,Low,Operations,Software,Closed
TCK-4771,2025-05-27 13:23:27.891650362,2025-05-29 03:11:02.567294525,Critical,DevOps,Hardware,Closed
TCK-4772,2025-05-19 06:49:49.437955512,2025-05-20 03:28:18.716708072,Low,HR,Database,Resolved
TCK-4773,2025-05-25 12:55:31.861869962,2025-05-26 13:35:36.137242961,Medium,Finance,Network,Closed
TCK-4774,2025-06-08 06:40:37.903573882,2025-06-09 16:55:02.181972638,None,Operations,Hardware,Closed
TCK-4775,2025-06-18 18:47:12.052784082,2025-06-20 11:56:49.597549582,Medium,DevOps,Network,Closed
TCK-4776,2025-03-14 23:51:05.005725391,2025-03-15 10:30:34.931527134,Medium,Finance,Hardware,Resolved
TCK-4777,2025-04-13 09:04:57.082435787,2025-04-14 05:57:22.983348367,Low,Operations,Network,Closed
TCK-4778,2025-05-23 07:38:56.949061340,2025-05-24 10:17:15.624975838,None,Operations,Database,Closed
TCK-4779,2025-05-06 11:38:38.386484820,2025-05-07 14:28:23.095859866,Low,DevOps,Database,Resolved
TCK-4780,2025-06-29 04:38:50.589967620,2025-06-29 19:46:21.727823733,Medium,  HR ,Software,Resolved
TCK-4781,2025-01-03 11:05:14.829979425,2025-01-03 21:32:22.768217718,Critical,HR,Hardware,Closed
TCK-4782,2025-03-05 22:10:31.764591177,2025-03-06 02:26:38.224110304,Low,IT Support,Database,Closed
TCK-4783,2025-02-20 14:02:26.309354189,2025-02-21 01:19:32.726659111,High,Finance,Database,Resolved
TCK-4784,2025-02-17 05:12:16.101774394,2025-02-17 16:33:53.766714022,None,Finance,Hardware,Closed
TCK-4785,2025-02-10 01:19:43.177422671,2025-02-10 13:12:19.726574936,Medium,IT Support,Hardware,Closed
TCK-4786,2025-05-08 15:24:53.972358442,2025-05-08 20:35:49.915252550,Medium,Operations,Software,Resolved
TCK-4787,2025-01-16 06:09:39.328377805,2025-01-16 16:20:11.829185826,High,HR,Database,Resolved
TCK-4788,2025-05-14 11:45:00.585486798,2025-05-14 17:32:47.677355728,Medium,IT Support,Network,Closed
TCK-4789,2025-05-05 19:35:58.695037084,2025-05-06 22:31:14.371145157,High,DevOps,Hardware,Closed
TCK-4790,2025-02-15 03:28:25.868653940,2025-02-15 06:50:00.772982000,Medium,IT Support,Hardware,Closed
TCK-4791,2025-02-15 12:14:30.995784587,2025-02-15 22:38:38.649479474,Low,IT Support,Hardware,Closed
TCK-4792,2025-04-24 04:40:39.823277696,2025-04-24 14:12:05.404946235,Low,  Operations ,Hardware,Closed
TCK-4793,2025-05-18 04:34:45.032482158,2025-05-19 23:44:15.089077783,Low,Finance,Database,Resolved
TCK-4794,2025-06-07 18:25:04.254734708,2025-06-08 00:38:47.926254697,Low,IT Support,Network,Closed
TCK-4795,2025-06-03 09:14:34.497064806,2025-06-04 02:24:09.518054570,Low,Operations,Software,Closed
TCK-4796,2025-06-23 16:17:40.325236244,2025-06-24 10:19:42.713621371,Medium,Operations,Access,Closed
TCK-4797,2025-04-15 15:34:57.892273422,2025-04-16 01:11:12.534695012,Low,IT Support,Database,Closed
TCK-4798,2025-06-13 13:23:31.289965274,2025-06-13 22:03:02.882915386,High,IT Support,Database,Closed
TCK-4799,2025-05-26 12:46:38.425745908,2025-05-27 03:18:57.872613948,High,Operations,Access,Closed
TCK-4800,2025-06-11 00:57:50.893331538,2025-06-11 11:03:16.549543105,Medium,IT Support,Access,Closed
TCK-4801,2025-01-03 02:13:36.903190021,2025-01-04 17:21:49.040666670,Medium,DevOps,Hardware,Closed
TCK-4802,2025-06-23 20:42:03.329497092,2025-06-24 13:24:45.251628749,Low,Finance,Network,Resolved
TCK-4803,2025-03-27 05:39:01.092588430,2025-03-28 20:00:58.618454902,Medium,DevOps,Database,Closed
TCK-4804,2025-05-24 16:09:01.853867958,2025-05-25 07:34:28.341423660,Medium,  IT Support ,Database,Resolved
TCK-4805,2025-01-23 21:31:18.463941168,2025-01-25 17:38:33.816626570,High,DevOps,Software,Closed
TCK-4806,2025-03-13 06:27:55.922098924,2025-03-14 05:05:56.397905565,Low,HR,Access,Closed
TCK-4807,2025-02-18 20:42:36.231302450,2025-02-19 12:11:04.926059754,High,HR,Access,Closed
TCK-4808,2025-02-22 11:57:57.198830573,2025-02-22 17:17:19.115182727,High,IT Support,Database,Closed
TCK-4809,2025-01-23 04:27:51.401476113,2025-01-23 10:08:04.520409028,Medium,IT Support,Access,Closed
TCK-4810,2025-05-26 00:53:59.123708844,2025-05-26 22:01:18.368609935,Low,Operations,Hardware,Closed
TCK-4811,2025-01-02 15:55:36.476364927,2025-01-03 14:40:41.282544250,Medium,HR,Software,Closed
TCK-4812,2025-02-26 06:01:24.867033869,2025-02-27 16:15:02.968273759,Medium,IT Support,Database,Closed
TCK-4813,2025-02-01 09:27:12.768101686,2025-02-02 14:51:43.260315989,Medium,Operations,Software,Resolved
TCK-4814,2025-04-17 00:38:53.604340910,2025-04-17 05:22:57.329842204,Medium,IT Support,Hardware,Closed
TCK-4815,2025-02-15 18:22:13.365461386,2025-02-16 06:38:06.738214369,Low,Operations,Software,Resolved
TCK-4816,2025-02-16 14:52:23.964821006,2025-02-18 11:14:25.911157187,Low,  HR ,Access,Resolved
TCK-4817,2025-03-29 21:37:14.815415197,2025-03-30 19:37:49.369848694,Low,Finance,Database,Closed
TCK-4818,2025-04-28 11:36:59.939830076,2025-04-29 12:42:20.423996428,Low,Finance,Software,Closed
TCK-4819,2025-01-22 20:02:10.765397424,2025-01-23 04:49:16.379017463,Low,HR,Network,Closed
TCK-4820,2025-02-01 14:12:34.108743396,2025-02-02 21:15:55.892206358,Low,HR,Database,Resolved
TCK-4821,2025-02-14 11:47:41.627933937,2025-02-15 06:01:51.943906886,Low,HR,Software,Closed
TCK-4822,2025-06-25 06:35:32.225962522,2025-06-25 23:13:30.054125486,High,Finance,Database,Closed
TCK-4823,2025-03-13 11:41:55.679112297,2025-03-13 20:20:17.400434695,High,HR,Software,Closed
TCK-4824,2025-04-18 19:38:13.889493724,2025-04-19 05:32:54.306031449,Low,IT Support,Software,Resolved
TCK-4825,2025-02-13 11:27:53.823358888,2025-02-13 20:09:17.707973047,Low,IT Support,Access,Closed
TCK-4826,2025-03-30 06:47:06.535249252,2025-03-31 04:18:42.891464755,High,HR,Software,Closed
TCK-4827,2025-01-14 08:11:41.400050419,2025-01-15 02:51:40.512956047,Medium,HR,Network,Resolved
TCK-4828,2025-01-07 06:05:09.853384028,2025-01-08 03:33:04.567514214,Low,  Finance ,Access,Resolved
TCK-4829,2025-03-26 08:55:43.809127348,2025-03-26 15:24:18.862308162,High,IT Support,Network,Resolved
TCK-4830,2025-03-13 18:12:29.239486344,2025-03-14 07:19:00.312135802,Low,HR,Network,Closed
TCK-4831,2025-01-25 15:19:22.731847304,2025-01-26 09:55:34.190587819,Medium,Finance,Hardware,Resolved
TCK-4832,2025-05-04 18:26:17.422575250,2025-05-05 17:23:38.692910481,None,Finance,Network,Resolved
TCK-4833,2025-06-28 17:20:35.090465362,2025-06-29 07:39:37.052586945,Low,HR,Software,Closed
TCK-4834,2025-03-13 05:11:39.363251273,2025-03-13 14:15:28.653647005,Critical,HR,Database,Closed
TCK-4835,2025-04-23 10:05:35.905787318,2025-04-24 05:33:27.377184182,Low,HR,Access,Closed
TCK-4836,2025-06-23 08:03:21.855652482,2025-06-24 09:48:53.260327910,Medium,DevOps,Access,Closed
TCK-4837,2025-05-30 16:13:51.891493802,2025-05-30 21:48:38.590073820,Medium,IT Support,Access,Resolved
TCK-4838,2025-03-25 10:32:44.176803369,2025-03-26 12:32:52.315894627,High,DevOps,Database,Resolved
TCK-4839,2025-05-13 17:57:16.462320664,2025-05-14 14:16:20.797379923,Low,Operations,Network,Resolved
TCK-4840,2025-01-24 01:32:36.145976149,2025-01-24 20:18:23.216994554,Medium,  Operations ,Hardware,Closed
TCK-4841,2025-04-03 04:17:19.160173005,2025-04-03 14:47:09.709985572,High,IT Support,Software,Resolved
TCK-4842,2025-02-20 05:32:25.430702373,2025-02-21 03:47:31.279700384,Medium,HR,Access,Resolved
TCK-4843,2025-01-30 00:13:37.674161097,2025-01-31 03:29:42.298751622,Low,HR,Software,Closed
TCK-4844,2025-03-18 17:32:00.654070526,2025-03-19 03:20:15.716876443,Low,IT Support,Network,Resolved
TCK-4845,2025-01-24 13:58:58.350551571,2025-01-25 00:31:41.062358942,Medium,Operations,Hardware,Resolved
TCK-4846,2025-05-06 19:36:56.402329600,2025-05-07 22:42:46.459065958,Critical,DevOps,Access,Resolved
TCK-4847,2025-03-24 02:57:25.165117474,2025-03-24 13:51:03.580284925,Medium,Operations,Network,Closed
TCK-4848,2025-04-06 14:32:41.325645652,2025-04-08 23:46:33.841413920,Medium,Finance,Hardware,Closed
TCK-4849,2025-01-27 08:20:38.598167178,2025-01-28 07:18:15.675455344,Low,IT Support,Access,Resolved
TCK-4850,2025-01-26 03:48:48.873326026,2025-01-26 23:28:11.529672734,Medium,HR,Network,Closed
TCK-4851,2025-04-16 00:21:16.849165448,2025-04-16 13:24:40.695265492,Low,IT Support,Software,Closed
TCK-4852,2025-06-27 07:14:31.598243550,2025-06-28 03:38:54.254574692,Medium,  Operations ,Database,Closed
TCK-4853,2025-01-18 07:48:09.070513108,2025-01-19 21:01:43.705147578,None,DevOps,Access,Closed
TCK-4854,2025-02-21 10:21:35.177055030,2025-02-21 18:27:28.779675361,High,Operations,Hardware,Closed
TCK-4855,2025-06-06 12:03:48.180397228,2025-06-06 20:15:17.667378984,Low,IT Support,Hardware,Resolved
TCK-4856,2025-01-14 00:12:54.334593444,2025-01-14 09:21:18.500692203,Medium,HR,Database,Closed
TCK-4857,2025-06-07 15:49:34.738698828,2025-06-08 12:32:43.054636779,Low,Operations,Database,Closed
TCK-4858,2025-04-05 08:54:55.613444131,2025-04-05 22:41:54.467687464,Low,HR,Network,Resolved
TCK-4859,2025-03-15 11:42:44.868103775,2025-03-18 04:33:46.546211247,Low,Finance,Database,Resolved
TCK-4860,2025-02-25 17:49:12.136793842,2025-02-27 08:33:52.078988699,Low,Finance,Access,Resolved
TCK-4861,2025-02-23 11:32:46.043204197,2025-02-24 08:17:52.131687583,Medium,Operations,Database,Closed
TCK-4862,2025-02-25 01:04:01.762254294,2025-02-25 13:29:34.515428237,Medium,HR,Access,Resolved
TCK-4863,2025-06-09 06:20:57.515092966,2025-06-10 01:59:57.483582615,Critical,IT Support,Software,Closed
TCK-4864,2025-05-11 06:47:43.419678266,2025-05-11 15:10:08.528621097,Low,  IT Support ,Database,Closed
TCK-4865,2025-05-01 13:12:12.217790054,2025-05-02 05:57:53.277198147,Medium,HR,Software,Resolved
TCK-4866,2025-05-24 18:35:46.764501516,2025-05-25 09:05:58.151471291,Low,HR,Hardware,Closed
TCK-4867,2025-02-16 06:44:07.239040463,2025-02-16 21:26:30.916047327,Low,Operations,Database,Closed
TCK-4868,2025-04-22 05:56:41.813495464,2025-04-23 00:16:35.475986377,None,Operations,Hardware,Resolved
TCK-4869,2025-03-24 19:29:10.148274053,2025-03-24 22:40:23.379282963,Medium,IT Support,Software,Closed
TCK-4870,2025-05-21 20:08:52.310633408,2025-05-22 02:41:50.511886142,Critical,HR,Hardware,Closed
TCK-4871,2025-02-25 15:59:11.030080536,2025-02-26 02:06:36.431158472,Medium,IT Support,Software,Closed
TCK-4872,2025-04-26 18:31:53.849560618,2025-04-27 13:09:01.139850703,Low,IT Support,Network,Closed
TCK-4873,2025-06-08 19:09:27.428582858,2025-06-10 00:19:01.933995840,Low,Finance,Software,Closed
TCK-4874,2025-03-14 09:17:24.205783531,2025-03-14 15:13:09.164402021,High,IT Support,Network,Closed
TCK-4875,2025-01-12 23:48:26.702738760,2025-01-13 06:42:33.998721138,Low,HR,Hardware,Closed
TCK-4876,2025-04-03 21:20:22.389059561,2025-04-04 09:55:20.423386044,None,  IT Support ,Software,Closed
TCK-4877,2025-03-04 06:36:04.130374867,2025-03-05 05:56:46.701909028,Medium,DevOps,Network,Closed
TCK-4878,2025-05-02 00:00:49.118269666,2025-05-03 00:50:31.475173508,Low,Operations,Software,Resolved
TCK-4879,2025-06-21 04:27:44.045690322,2025-06-21 14:47:30.054675699,Medium,IT Support,Access,Closed
TCK-4880,2025-03-29 09:49:40.561486965,2025-03-30 08:41:27.531917479,Low,Operations,Access,Closed
TCK-4881,2025-03-25 21:56:30.459378863,2025-03-26 22:51:24.812728542,Low,Finance,Hardware,Closed
TCK-4882,2025-04-28 19:48:22.812577590,2025-04-30 09:21:41.200844089,High,DevOps,Access,Closed
TCK-4883,2025-01-19 15:06:33.175887164,2025-01-19 23:06:59.033218109,Medium,IT Support,Database,Resolved
TCK-4884,2025-02-15 15:08:48.250161827,2025-02-16 13:42:36.881098595,Medium,DevOps,Network,Resolved
TCK-4885,2025-06-15 09:59:26.470182198,2025-06-16 05:08:21.986373932,Low,DevOps,Database,Closed
TCK-4886,2025-05-01 14:09:07.523033292,2025-05-01 23:33:33.695402139,Low,DevOps,Access,Closed
TCK-4887,2025-01-03 10:04:41.772030089,2025-01-04 02:31:11.666284486,Medium,Operations,Hardware,Closed
TCK-4888,2025-02-06 19:58:55.349237877,2025-02-08 10:27:32.575444203,Medium,  Operations ,Database,Closed
TCK-4889,2025-05-03 21:51:25.161281438,2025-05-04 18:18:47.186407309,High,HR,Hardware,Closed
TCK-4890,2025-05-18 14:12:16.398253154,2025-05-19 17:39:32.359844977,Medium,Finance,Software,Closed
TCK-4891,2025-06-01 04:11:36.074226700,2025-06-01 16:39:50.027118745,High,Operations,Database,Closed
TCK-4892,2025-02-22 14:12:13.646197562,2025-02-23 19:50:28.744291302,Low,Operations,Software,Closed
TCK-4893,2025-06-17 14:02:36.729308654,2025-06-18 03:25:16.361038594,Low,HR,Database,Resolved
TCK-4894,2025-04-10 12:43:50.088923382,2025-04-12 18:34:38.044939114,Low,Finance,Network,Closed
TCK-4895,2025-05-06 09:02:54.876176510,2025-05-07 00:02:59.157725499,High,Finance,Hardware,Closed
TCK-4896,2025-04-18 09:54:42.793953128,2025-04-18 15:45:14.166315967,High,IT Support,Software,Closed
TCK-4897,2025-01-23 02:14:13.330299697,2025-01-23 18:16:34.590007856,Low,Finance,Access,Closed
TCK-4898,2025-06-23 08:39:19.182753650,2025-06-23 17:14:03.435005761,Low,Operations,Database,Closed
TCK-4899,2025-01-23 02:49:21.018513862,2025-01-23 18:09:27.734948224,Medium,Finance,Software,Closed
TCK-4900,2025-02-15 21:05:24.186106727,2025-02-16 12:02:31.656553394,High,  HR ,Database,Resolved
TCK-4901,2025-05-27 10:52:20.793227788,2025-05-27 20:49:05.354590046,High,HR,Database,Resolved
TCK-4902,2025-04-22 08:20:19.945265130,2025-04-22 12:50:47.868019753,Low,DevOps,Database,Closed
TCK-4903,2025-05-31 20:48:15.819933104,2025-06-01 11:20:55.490936711,Medium,IT Support,Software,Closed
TCK-4904,2025-04-03 19:58:49.201593146,2025-04-04 06:32:08.211273331,High,Finance,Software,Closed
TCK-4905,2025-03-09 20:36:38.796421906,2025-03-10 15:40:32.927769731,Low,HR,Database,Closed
TCK-4906,2025-06-15 22:22:21.208967152,2025-06-16 16:39:20.495131916,Medium,Operations,Access,Closed
TCK-4907,2025-01-07 12:36:36.041990089,2025-01-09 05:32:33.632050824,Low,HR,Hardware,Closed
TCK-4908,2025-06-04 02:28:57.186930568,2025-06-05 08:06:51.921848373,Low,Operations,Database,Resolved
TCK-4909,2025-02-11 13:07:58.195240380,2025-02-12 00:09:58.936944815,None,HR,Access,Closed
TCK-4910,2025-06-02 18:32:27.369229708,2025-06-03 00:31:28.587481526,Critical,IT Support,Hardware,Closed
TCK-4911,2025-01-26 01:19:45.731859405,2025-01-26 19:20:54.342497252,Medium,IT Support,Database,Closed
TCK-4912,2025-04-15 10:32:45.323315286,2025-04-15 14:36:35.180605827,Low,  IT Support ,Hardware,Resolved
TCK-4913,2025-06-09 20:37:34.356466412,2025-06-11 06:43:50.290294312,High,DevOps,Database,Closed
TCK-4914,2025-03-27 05:41:28.588571545,2025-03-28 10:43:26.746701838,Low,DevOps,Software,Closed
TCK-4915,2025-05-15 09:10:04.910990366,2025-05-15 21:07:43.545311621,Low,HR,Database,Closed
TCK-4916,2025-05-25 20:10:53.000889644,2025-05-27 01:25:05.682975304,Medium,Finance,Database,Resolved
TCK-4917,2025-05-13 13:39:17.933963350,2025-05-14 05:16:00.124874481,Medium,HR,Database,Resolved
TCK-4918,2025-06-16 13:25:28.067873754,2025-06-17 12:02:59.423189087,Low,Operations,Database,Closed
TCK-4919,2025-03-22 10:19:25.953045931,2025-03-23 12:35:12.737841801,Medium,Finance,Access,Closed
TCK-4920,2025-02-01 03:54:06.829896502,2025-02-02 18:06:05.783563230,Low,DevOps,Network,Closed
TCK-4921,2025-01-09 14:32:37.662700965,2025-01-10 05:25:20.656023346,Critical,HR,Access,Resolved
TCK-4922,2025-02-14 08:42:23.892602479,2025-02-15 02:19:31.138770079,Critical,Finance,Access,Resolved
TCK-4923,2025-01-26 18:36:47.580345525,2025-01-27 03:07:48.860906573,High,IT Support,Software,Closed
TCK-4924,2025-04-11 10:20:18.826789040,2025-04-12 08:01:38.344880014,Medium,  DevOps ,Database,Resolved
TCK-4925,2025-02-03 06:57:49.884316856,2025-02-03 12:43:03.923806606,Low,IT Support,Access,Resolved
TCK-4926,2025-01-08 00:11:37.015764300,2025-01-08 15:24:31.835911858,High,Operations,Hardware,Closed
TCK-4927,2025-01-07 11:28:33.818565522,2025-01-08 04:25:57.764075332,Critical,Operations,Database,Closed
TCK-4928,2025-05-30 16:22:48.838570328,2025-05-31 10:42:00.248422870,Low,Operations,Software,Closed
TCK-4929,2025-04-17 11:03:49.333801922,2025-04-18 00:30:14.313204775,Medium,IT Support,Software,Closed
TCK-4930,2025-03-06 10:55:42.615045818,2025-03-07 11:05:23.554565996,Low,DevOps,Hardware,Closed
TCK-4931,2025-06-10 23:03:54.520696320,2025-06-11 08:26:39.561523933,Medium,IT Support,Software,Closed
TCK-4932,2025-01-13 15:14:57.700612762,2025-01-14 10:20:36.888723123,Medium,Operations,Database,Closed
TCK-4933,2025-06-26 10:59:28.875063150,2025-06-26 17:15:40.325782886,None,IT Support,Network,Closed
TCK-4934,2025-04-21 22:22:49.922037378,2025-04-22 13:06:49.914468302,Low,HR,Network,Resolved
TCK-4935,2025-02-03 00:33:56.077723531,2025-02-04 06:16:58.689120490,Medium,Operations,Access,Closed
TCK-4936,2025-05-03 05:34:42.627289814,2025-05-03 21:09:59.072945464,None,  HR ,Software,Resolved
TCK-4937,2025-05-18 09:48:25.352153966,2025-05-18 19:19:36.093682042,Medium,IT Support,Database,Resolved
TCK-4938,2025-03-19 06:45:38.966982285,2025-03-19 12:44:05.050372363,High,IT Support,Hardware,Closed
TCK-4939,2025-06-05 02:15:10.292330754,2025-06-06 16:15:21.952357752,Low,HR,Hardware,Closed
TCK-4940,2025-01-28 03:09:50.398274706,2025-01-28 20:52:49.704114157,None,Finance,Database,Closed
TCK-4941,2025-02-20 04:34:42.099798965,2025-02-20 18:02:36.184529062,Low,DevOps,Database,Closed
TCK-4942,2025-01-17 19:53:13.207354209,2025-01-18 08:57:17.618289040,None,IT Support,Hardware,Closed
TCK-4943,2025-02-07 22:59:32.177125540,2025-02-08 12:24:00.103518523,Low,HR,Software,Closed
TCK-4944,2025-02-12 23:18:30.482842128,2025-02-13 06:36:48.120137881,Medium,IT Support,Access,Resolved
TCK-4945,2025-06-15 04:10:31.385214436,2025-06-15 10:38:46.021197585,Low,IT Support,Access,Closed
TCK-4946,2025-01-15 01:26:01.879457981,2025-01-16 23:19:22.879652724,Medium,Operations,Access,Resolved
TCK-4947,2025-03-18 22:25:59.949159257,2025-03-19 19:55:30.075589615,Low,Operations,Database,Closed
TCK-4948,2025-04-06 19:57:44.383752950,2025-04-07 07:09:05.211593218,None,  IT Support ,Hardware,Closed
TCK-4949,2025-06-11 18:21:14.372731206,2025-06-12 03:34:26.337471990,Low,IT Support,Hardware,Closed
TCK-4950,2025-06-29 14:02:51.592619192,2025-06-29 23:46:35.287032637,Medium,IT Support,Hardware,Closed
TCK-4951,2025-05-16 14:38:11.963233286,2025-05-18 15:56:22.850506628,Low,Finance,Hardware,Closed
TCK-4952,2025-06-24 17:49:01.485329546,2025-06-25 21:09:46.062286651,High,DevOps,Hardware,Closed
TCK-4953,2025-05-22 16:16:36.813197908,2025-05-22 20:22:45.825703620,Medium,IT Support,Network,Closed
TCK-4954,2025-06-23 09:02:07.472387470,2025-06-23 22:09:17.380391274,None,IT Support,Database,Closed
TCK-4955,2025-05-08 07:24:34.329888166,2025-05-09 23:08:55.436230955,Medium,DevOps,Database,Closed
TCK-4956,2025-01-15 08:34:40.792615057,2025-01-16 17:17:51.685280418,Low,DevOps,Network,Resolved
TCK-4957,2025-03-14 08:17:42.748110105,2025-03-15 02:15:49.242058047,Low,HR,Access,Closed
TCK-4958,2025-04-27 09:18:00.957696018,2025-04-27 16:21:43.287114871,High,IT Support,Software,Resolved
TCK-4959,2025-03-05 03:06:14.259032511,2025-03-05 11:41:32.499013124,Medium,IT Support,Database,Closed
TCK-4960,2025-02-19 05:01:06.694505485,2025-02-19 21:52:17.066685168,High,  Operations ,Database,Closed
TCK-4961,2025-04-14 22:21:53.402453830,2025-04-15 08:55:45.545869577,Low,HR,Network,Closed
TCK-4962,2025-06-18 00:43:41.186476268,2025-06-18 16:07:56.991658442,Medium,IT Support,Database,Closed
TCK-4963,2025-01-07 07:07:18.096923220,2025-01-07 16:00:20.194312142,Critical,Operations,Database,Resolved
TCK-4964,2025-05-19 11:04:43.677476440,2025-05-20 14:45:11.462806661,Low,IT Support,Access,Closed
TCK-4965,2025-05-11 02:10:54.628150040,2025-05-12 16:10:22.902769422,Low,Finance,Network,Closed
TCK-4966,2025-06-23 12:16:43.671638642,2025-06-23 18:06:57.653996377,High,HR,Database,Closed
TCK-4967,2025-06-17 12:40:20.929715718,2025-06-17 20:16:16.408889163,Low,IT Support,Hardware,Closed
TCK-4968,2025-05-18 04:50:40.804911288,2025-05-18 21:23:23.689924057,Medium,Operations,Network,Closed
TCK-4969,2025-04-04 16:09:57.108343774,2025-04-05 09:26:22.438636213,Medium,HR,Access,Closed
TCK-4970,2025-02-06 18:26:08.987887701,2025-02-07 13:20:18.251963585,None,DevOps,Software,Closed
TCK-4971,2025-04-09 03:25:05.891399333,2025-04-09 21:42:31.864587733,Critical,Operations,Database,Closed
TCK-4972,2025-05-18 18:19:14.209438456,2025-05-19 02:19:16.079274500,Medium,  IT Support ,Hardware,Closed
TCK-4973,2025-06-11 05:17:27.594944514,2025-06-11 22:14:02.954091775,Low,Finance,Hardware,Closed
TCK-4974,2025-05-23 03:33:21.167242460,2025-05-23 09:02:20.710448696,Low,IT Support,Software,Closed
TCK-4975,2025-02-05 03:33:11.376091271,2025-02-07 04:37:48.405519442,Critical,DevOps,Network,Resolved
TCK-4976,2025-04-18 22:38:41.558874780,2025-04-19 04:43:28.376924222,Medium,HR,Access,Closed
TCK-4977,2025-03-01 18:59:21.642631664,2025-03-02 17:50:51.270499732,High,Operations,Database,Closed
TCK-4978,2025-01-02 15:46:06.539259279,2025-01-03 04:25:59.583321864,Medium,IT Support,Database,Resolved
TCK-4979,2025-02-06 00:57:15.993385334,2025-02-06 13:41:04.056759484,Low,HR,Database,Resolved
TCK-4980,2025-01-21 09:06:47.547765003,2025-01-22 10:15:47.696329262,Low,Finance,Hardware,Closed
TCK-4981,2025-06-01 16:32:47.809285814,2025-06-03 12:22:51.920731531,Low,Finance,Network,Closed
TCK-4982,2025-02-16 12:44:49.233402772,2025-02-16 18:43:20.444671786,High,IT Support,Software,Resolved
TCK-4983,2025-02-21 05:53:42.812139263,2025-02-21 12:11:13.127941008,High,IT Support,Network,Closed
TCK-4984,2025-06-22 18:55:33.564616248,2025-06-23 14:02:59.082440458,Low,  Finance ,Access,Closed
TCK-4985,2025-03-10 05:39:16.716855749,2025-03-12 13:10:10.067249476,Medium,DevOps,Access,Closed
TCK-4986,2025-01-02 17:24:35.875525624,2025-01-03 09:37:46.006325515,High,IT Support,Software,Closed
TCK-4987,2025-02-21 02:12:55.299079115,2025-02-21 09:16:52.957545940,Medium,HR,Hardware,Resolved
TCK-4988,2025-01-22 11:22:27.077519387,2025-01-23 10:51:33.112925912,Medium,HR,Software,Closed
TCK-4989,2025-01-19 12:07:58.752116000,2025-01-21 10:49:07.851907318,Low,DevOps,Access,Resolved
TCK-4990,2025-01-14 22:44:42.336191176,2025-01-15 17:13:41.946506989,Critical,IT Support,Hardware,Closed
TCK-4991,2025-04-17 18:52:51.280167468,2025-04-18 05:11:08.944996603,Medium,IT Support,Network,Closed
TCK-4992,2025-02-04 01:58:55.797891561,2025-02-05 01:56:45.365661393,High,Finance,Access,Closed
TCK-4993,2025-03-07 00:34:07.932925794,2025-03-07 15:38:18.223697003,High,IT Support,Hardware,Resolved
TCK-4994,2025-06-05 03:54:59.521254020,2025-06-06 00:03:22.504252451,High,HR,Hardware,Resolved
TCK-4995,2025-03-18 09:08:26.750111679,2025-03-20 04:46:06.297653398,None,HR,Database,Resolved
TCK-4996,2025-06-14 19:47:11.876003068,2025-06-15 18:43:12.241812125,High,  HR ,Network,Closed
TCK-4997,2025-03-31 15:05:32.606408468,2025-04-01 06:25:31.880257144,Low,HR,Hardware,Closed
TCK-4998,2025-03-13 18:58:27.033987882,2025-03-14 04:58:53.484790120,Low,Operations,Software,Resolved
TCK-4999,2025-05-16 01:40:48.594114590,2025-05-16 08:02:14.961448497,Low,IT Support,Network,Resolved
TCK-5000,2025-01-14 04:06:59.136039968,2025-01-14 12:53:44.539904511,Low,Operations,Network,Resolved
TCK-5001,2025-01-17 02:32:47.812142555,2025-01-18 00:32:55.704511795,Low,Finance,Access,Closed
TCK-5002,2025-04-28 08:31:35.198929884,2025-04-29 23:27:15.035903264,Medium,Finance,Network,Resolved
TCK-5003,2025-03-29 15:35:01.972296789,2025-03-30 00:04:05.856160618,Low,IT Support,Network,Closed
TCK-5004,2025-05-23 06:35:37.972964358,2025-05-23 20:45:39.860540604,Medium,IT Support,Database,Closed
TCK-5005,2025-06-14 22:17:24.062366602,2025-06-15 08:21:10.416753060,Critical,IT Support,Network,Resolved
TCK-5006,2025-03-11 21:44:41.681547907,2025-03-12 09:21:10.536046735,High,HR,Hardware,Closed
TCK-5007,2025-04-18 08:29:28.733444418,2025-04-18 23:19:38.220353173,Critical,HR,Software,Resolved
TCK-5008,2025-04-01 03:00:33.955472659,2025-04-02 01:48:06.017525811,Low,  Operations ,Database,Closed
TCK-5009,2025-06-26 16:33:28.916551116,2025-06-27 01:40:14.925825368,Medium,IT Support,Database,Closed
TCK-5010,2025-05-30 14:17:04.703209768,2025-05-30 23:26:59.244204631,Low,IT Support,Database,Closed
TCK-5011,2025-06-14 02:42:24.839129404,2025-06-14 12:22:26.000407222,Medium,HR,Database,Closed
TCK-5012,2025-02-15 18:44:57.042006900,2025-02-16 09:14:43.209579237,Medium,Operations,Access,Resolved
TCK-5013,2025-05-20 01:18:50.933024668,2025-05-21 03:36:25.147824356,Low,IT Support,Database,Closed
TCK-5014,2025-02-17 18:50:39.595163436,2025-02-19 04:06:45.476536852,Low,Operations,Access,Resolved
TCK-5015,2025-02-07 13:46:03.879878319,2025-02-07 17:50:08.595479189,High,IT Support,Access,Closed
TCK-5016,2025-06-19 23:13:47.314963126,2025-06-20 08:43:20.339315092,High,DevOps,Network,Resolved
TCK-5017,2025-01-04 11:23:42.288796262,2025-01-05 19:35:55.847900649,Medium,DevOps,Software,Closed
TCK-5018,2025-06-23 18:28:45.119373658,2025-06-24 07:45:59.108489255,Low,IT Support,Network,Closed
TCK-5019,2025-01-27 20:48:41.021969914,2025-01-28 03:21:55.886654602,Medium,IT Support,Access,Resolved
TCK-5020,2025-05-28 11:58:21.048048906,2025-05-29 11:38:21.366725871,Low,  HR ,Network,Resolved
TCK-5021,2025-02-19 15:59:07.545315139,2025-02-20 00:44:34.008412073,None,IT Support,Hardware,Closed
TCK-5022,2025-03-05 03:02:02.596202672,2025-03-05 19:37:29.045762906,High,Operations,Database,Resolved
TCK-5023,2025-02-09 00:23:35.926479510,2025-02-10 12:08:59.150752025,Low,Finance,Database,Closed
TCK-5024,2025-04-16 09:25:14.388665750,2025-04-16 23:13:02.728612213,Low,Operations,Access,Resolved
TCK-5025,2025-03-04 15:46:21.954842458,2025-03-05 13:00:02.670144048,Medium,Finance,Network,Closed
TCK-5026,2025-04-29 07:56:16.550221002,2025-04-30 03:47:25.239466262,Low,HR,Hardware,Closed
TCK-5027,2025-01-03 19:35:47.088635010,2025-01-04 03:57:50.481467394,Critical,IT Support,Hardware,Resolved
TCK-5028,2025-01-12 14:05:58.188425896,2025-01-15 05:43:40.735984004,High,Finance,Hardware,Resolved
TCK-5029,2025-01-18 22:32:10.247276379,2025-01-19 18:37:29.365007655,Low,HR,Access,Closed
TCK-5030,2025-03-17 10:03:09.793944714,2025-03-18 10:42:09.951154316,Low,Operations,Network,Closed
TCK-5031,2025-05-27 15:55:10.077207948,2025-05-28 00:12:41.953222600,High,IT Support,Hardware,Resolved
TCK-5032,2025-06-09 20:55:42.862204608,2025-06-10 10:05:31.256247921,Medium,  IT Support ,Hardware,Closed
TCK-5033,2025-02-14 01:34:56.629427128,2025-02-15 03:57:51.958465992,Medium,DevOps,Network,Resolved
TCK-5034,2025-04-14 09:16:37.951365145,2025-04-14 19:03:58.200988220,Low,IT Support,Network,Closed
TCK-5035,2025-05-19 07:20:12.366355322,2025-05-20 02:56:34.322027017,Low,DevOps,Database,Resolved
TCK-5036,2025-02-21 23:44:35.294109754,2025-02-24 03:52:17.157808113,Medium,DevOps,Software,Resolved
TCK-5037,2025-03-15 14:54:48.321722521,2025-03-16 19:14:41.844760827,Medium,Finance,Software,Closed
TCK-5038,2025-04-05 07:34:06.800168223,2025-04-07 08:04:18.060799899,Low,Operations,Hardware,Resolved
TCK-5039,2025-01-25 06:39:33.611337958,2025-01-27 18:11:30.304396602,Low,Operations,Network,Resolved
TCK-5040,2025-01-05 16:14:36.632023335,2025-01-07 13:38:58.669332131,Medium,DevOps,Database,Closed
TCK-5041,2025-01-28 12:07:15.946517941,2025-01-28 20:55:00.968512264,High,IT Support,Access,Closed
TCK-5042,2025-04-23 20:00:27.517734950,2025-04-24 04:51:20.899492298,Low,HR,Software,Resolved
TCK-5043,2025-01-14 06:01:51.203371817,2025-01-15 10:19:39.473061980,High,Operations,Software,Closed
TCK-5044,2025-02-04 03:29:17.866149195,2025-02-04 19:15:45.471826933,Low,  HR ,Network,Closed
TCK-5045,2025-03-02 19:31:43.630333363,2025-03-03 14:06:43.246496538,Low,HR,Access,Resolved
TCK-5046,2025-01-15 00:23:55.240092609,2025-01-16 10:07:12.645216222,High,HR,Software,Closed
TCK-5047,2025-02-04 12:08:27.065105738,2025-02-05 00:03:36.595673897,Medium,Operations,Database,Resolved
TCK-5048,2025-06-14 00:41:07.758271564,2025-06-14 20:12:47.559104207,Low,DevOps,Software,Closed
TCK-5049,2025-01-04 11:22:20.104394067,2025-01-04 18:55:28.412715581,Low,IT Support,Network,Closed
TCK-5050,2025-04-28 14:49:33.284759680,2025-04-30 13:33:55.173101854,Low,DevOps,Network,Closed
TCK-5051,2025-03-11 04:38:47.693592955,2025-03-12 04:24:06.749179317,High,Operations,Access,Closed
TCK-5052,2025-05-02 01:50:33.195652236,2025-05-02 17:29:53.365867266,Low,Finance,Software,Closed
TCK-5053,2025-04-16 23:08:53.635091668,2025-04-18 01:25:26.500406573,Low,Operations,Access,Resolved
TCK-5054,2025-02-10 05:30:52.627723428,2025-02-10 18:57:08.469562960,Low,Finance,Software,Resolved
TCK-5055,2025-06-02 11:56:41.950741340,2025-06-02 17:32:10.298782948,Medium,IT Support,Hardware,Resolved
TCK-5056,2025-03-30 13:10:56.830340715,2025-03-31 12:18:29.342493787,High,  Finance ,Software,Closed
TCK-5057,2025-05-29 01:21:20.166142312,2025-05-29 07:48:03.231234092,Low,IT Support,Network,Closed
TCK-5058,2025-03-15 01:58:26.962799185,2025-03-17 02:20:45.434008582,Medium,DevOps,Network,Closed
TCK-5059,2025-06-27 05:50:29.734489796,2025-06-28 17:36:50.348686572,Low,DevOps,Hardware,Closed
TCK-5060,2025-05-19 16:30:50.503412160,2025-05-20 13:03:49.453744585,Medium,IT Support,Software,Closed
TCK-5061,2025-06-23 20:54:17.589910742,2025-06-24 04:25:00.025651316,Low,IT Support,Software,Resolved
TCK-5062,2025-04-03 13:53:25.400006125,2025-04-04 12:56:17.622869919,Low,Finance,Network,Resolved
TCK-5063,2025-03-27 06:20:44.489384973,2025-03-27 21:54:51.528003784,Medium,IT Support,Hardware,Closed
TCK-5064,2025-05-16 23:33:37.642626410,2025-05-18 05:10:57.852975602,High,DevOps,Network,Closed
TCK-5065,2025-06-08 10:51:29.722384866,2025-06-09 04:47:56.042976137,High,IT Support,Hardware,Closed
TCK-5066,2025-06-23 13:06:35.417301160,2025-06-24 00:14:56.932301284,Medium,IT Support,Network,Resolved
TCK-5067,2025-02-28 10:03:51.242617436,2025-02-28 19:37:27.457459269,Low,DevOps,Database,Resolved
TCK-5068,2025-05-24 18:24:13.532400720,2025-05-26 02:50:10.060529176,Low,  Operations ,Software,Closed
TCK-5069,2025-02-07 21:59:20.334427866,2025-02-09 12:39:28.494803839,Medium,Finance,Access,Resolved
TCK-5070,2025-04-09 04:52:52.240585165,2025-04-10 03:43:48.715846192,High,HR,Database,Closed
TCK-5071,2025-02-02 08:56:38.404059865,2025-02-02 15:52:02.035671003,None,Operations,Network,Resolved
TCK-5072,2025-03-04 12:45:23.769941270,2025-03-05 01:40:40.434347621,Medium,Operations,Hardware,Closed
TCK-5073,2025-06-17 15:28:05.326794856,2025-06-18 04:52:42.226852502,Medium,Operations,Access,Resolved
TCK-5074,2025-01-27 07:06:42.562871034,2025-01-27 18:55:55.331458072,Medium,Operations,Hardware,Closed
TCK-5075,2025-04-24 19:58:18.721142576,2025-04-26 14:58:39.296691428,Low,Operations,Hardware,Resolved
TCK-5076,2025-04-17 17:33:44.852566976,2025-04-18 07:40:44.949799218,Medium,HR,Software,Closed
TCK-5077,2025-01-22 17:35:22.861330157,2025-01-23 01:56:08.560781627,Low,IT Support,Network,Closed
TCK-5078,2025-02-28 16:13:46.088692566,2025-03-02 00:31:00.753272154,Low,Finance,Software,Closed
TCK-5079,2025-04-12 08:04:48.358221414,2025-04-12 19:22:44.870944573,Low,IT Support,Hardware,Closed
TCK-5080,2025-02-03 16:36:41.726989000,2025-02-03 20:00:31.327054313,Medium,  Operations ,Software,Closed
TCK-5081,2025-05-25 02:41:39.104532106,2025-05-25 08:50:48.744462251,Medium,IT Support,Database,Resolved
TCK-5082,2025-06-24 23:42:58.036284430,2025-06-25 08:35:51.660333786,High,Operations,Hardware,Closed
TCK-5083,2025-02-08 15:45:38.188216365,2025-02-09 21:41:22.400107161,High,Finance,Hardware,Resolved
TCK-5084,2025-02-03 15:27:34.876423036,2025-02-03 22:48:59.221372197,None,IT Support,Database,Resolved
TCK-5085,2025-03-23 21:19:10.236593859,2025-03-24 05:53:06.574330450,Low,IT Support,Hardware,Closed
TCK-5086,2025-05-15 14:20:45.590081780,2025-05-15 17:21:09.311298579,Medium,IT Support,Access,Closed
TCK-5087,2025-02-20 16:30:52.690378629,2025-02-21 07:55:52.494478437,Medium,Operations,Access,Closed
TCK-5088,2025-01-04 13:52:52.340060104,2025-01-06 08:40:06.144693189,High,Finance,Network,Closed
TCK-5089,2025-04-08 10:04:23.207167566,2025-04-09 03:16:15.871396575,Low,IT Support,Network,Closed
TCK-5090,2025-06-22 04:30:52.029917168,2025-06-23 15:36:39.861636965,Low,Finance,Software,Resolved
TCK-5091,2025-03-12 10:18:57.655288817,2025-03-12 17:35:55.575732241,Low,HR,Software,Closed
TCK-5092,2025-03-17 14:58:52.586655578,2025-03-18 17:38:07.335253340,None,  HR ,Database,Closed
TCK-5093,2025-06-24 09:39:19.504557518,2025-06-26 06:10:39.487195873,Critical,DevOps,Database,Resolved
TCK-5094,2025-05-06 00:42:17.576018880,2025-05-06 14:05:48.290719082,Medium,HR,Hardware,Closed
TCK-5095,2025-05-10 10:49:21.744040732,2025-05-10 15:58:53.792005894,High,HR,Network,Closed
TCK-5096,2025-04-12 06:52:21.587530844,2025-04-12 20:33:55.346705665,Low,IT Support,Network,Resolved
TCK-5097,2025-06-25 10:18:42.447345134,2025-06-25 16:38:00.449894754,Low,IT Support,Network,Resolved
TCK-5098,2025-05-04 23:54:11.565786248,2025-05-05 10:00:33.884954043,High,IT Support,Network,Resolved
TCK-5099,2025-06-11 02:32:29.352963596,2025-06-11 11:20:13.877020319,Low,IT Support,Software,Closed
TCK-5100,2025-05-06 21:19:00.119883054,2025-05-08 12:09:40.704928710,Low,Operations,Access,Closed
TCK-5101,2025-05-13 07:42:01.307917838,2025-05-13 21:02:15.292650464,High,HR,Database,Resolved
TCK-5102,2025-02-22 06:34:30.661156218,2025-02-23 00:26:22.826392582,Medium,Operations,Database,Closed
TCK-5103,2025-02-24 15:01:40.711510913,2025-02-25 09:44:37.980400117,None,IT Support,Network,Closed
TCK-5104,2025-05-21 22:29:37.270206406,2025-05-22 04:36:35.899631528,Low,  IT Support ,Network,Resolved
TCK-5105,2025-02-23 09:46:16.209170279,2025-02-24 12:49:01.231165869,Medium,Operations,Software,Closed
TCK-5106,2025-04-12 07:10:00.141105419,2025-04-13 11:14:09.913203402,Low,DevOps,Software,Resolved
TCK-5107,2025-02-14 21:12:07.139221029,2025-02-15 02:21:03.403190855,Critical,IT Support,Database,Closed
TCK-5108,2025-05-28 01:22:05.538342648,2025-05-29 08:23:10.340208379,Low,DevOps,Network,Closed
TCK-5109,2025-01-20 21:21:57.014293035,2025-01-21 22:48:12.000693905,Medium,Operations,Network,Closed
TCK-5110,2025-05-30 07:12:34.141573404,2025-05-31 18:37:39.771938088,Low,Operations,Database,Resolved
TCK-5111,2025-04-19 11:47:33.857494224,2025-04-21 01:25:10.633888596,High,Operations,Software,Closed
TCK-5112,2025-02-03 15:26:57.085630706,2025-02-03 22:47:03.791070835,Low,IT Support,Database,Resolved
TCK-5113,2025-04-08 13:35:34.315391149,2025-04-08 18:46:52.857663473,Low,IT Support,Software,Closed
TCK-5114,2025-02-20 20:23:41.910649839,2025-02-21 11:44:35.657454611,Medium,Operations,Software,Closed
TCK-5115,2025-02-28 05:22:43.989728684,2025-02-28 13:14:39.520182287,Medium,HR,Software,Resolved
TCK-5116,2025-03-05 06:36:04.102914683,2025-03-06 10:24:29.935302760,Low,  DevOps ,Network,Resolved
TCK-5117,2025-01-12 09:32:20.928913535,2025-01-12 21:30:33.178986938,Low,HR,Database,Closed
TCK-5118,2025-06-27 11:21:16.115810844,2025-06-27 23:35:00.563593519,Critical,IT Support,Software,Closed
TCK-5119,2025-01-06 16:13:46.536696797,2025-01-07 00:21:38.769273673,Low,Finance,Access,Closed
TCK-5120,2025-04-30 05:59:11.371761898,2025-04-30 11:52:35.503074212,Low,IT Support,Software,Closed
TCK-5121,2025-03-08 19:42:12.377923560,2025-03-09 08:13:37.236094731,Low,Operations,Software,Closed
TCK-5122,2025-04-27 06:45:52.044803062,2025-04-28 15:21:07.819652490,None,Operations,Software,Closed
TCK-5123,2025-03-06 02:59:32.832018103,2025-03-06 20:45:16.266814660,Low,DevOps,Hardware,Closed
TCK-5124,2025-05-02 06:36:10.050617772,2025-05-03 10:02:34.050076188,High,Finance,Access,Closed
TCK-5125,2025-05-12 06:17:50.643251948,2025-05-12 23:10:49.464657711,Critical,Operations,Network,Closed
TCK-5126,2025-05-05 07:11:14.663495276,2025-05-06 13:30:35.992082765,Medium,Operations,Database,Closed
TCK-5127,2025-01-21 12:18:56.734081984,2025-01-23 06:04:27.351122167,Low,DevOps,Database,Closed
TCK-5128,2025-04-29 05:46:43.585349654,2025-04-29 14:48:35.995748375,Medium,  IT Support ,Database,Closed
TCK-5129,2025-02-20 09:32:46.369110121,2025-02-20 15:59:15.103443664,High,IT Support,Network,Closed
TCK-5130,2025-01-06 04:25:18.915094274,2025-01-06 07:47:18.573033459,High,IT Support,Software,Resolved
TCK-5131,2025-03-16 16:04:06.609217011,2025-03-17 01:41:10.462189208,High,IT Support,Access,Resolved
TCK-5132,2025-03-20 00:54:22.334804714,2025-03-21 00:22:25.349330054,Low,Operations,Database,Closed
TCK-5133,2025-03-26 02:11:32.121897249,2025-03-26 10:22:56.831107836,Medium,Operations,Hardware,Resolved
TCK-5134,2025-05-07 20:50:25.420156420,2025-05-08 06:33:14.300089407,Low,Operations,Hardware,Closed
TCK-5135,2025-02-25 14:12:18.919783524,2025-02-25 23:50:53.681133956,Medium,IT Support,Access,Resolved
TCK-5136,2025-02-26 18:00:42.539792204,2025-02-27 23:02:21.571574074,Medium,Finance,Database,Resolved
TCK-5137,2025-01-11 21:35:08.689064084,2025-01-12 06:14:19.869976419,Low,HR,Software,Closed
TCK-5138,2025-05-04 15:04:03.551112186,2025-05-05 04:34:35.137553631,Low,Operations,Database,Closed
TCK-5139,2025-04-13 05:00:31.373446330,2025-04-13 12:11:40.783303389,Low,Operations,Software,Resolved
TCK-5140,2025-03-04 21:30:59.352613792,2025-03-06 01:47:18.756267711,Medium,  HR ,Database,Closed
TCK-5141,2025-05-07 22:24:59.000122700,2025-05-08 02:51:14.604069158,Critical,IT Support,Hardware,Resolved
TCK-5142,2025-04-07 17:23:07.715976394,2025-04-08 04:31:57.937506796,Medium,IT Support,Network,Closed
TCK-5143,2025-03-26 11:08:17.398178633,2025-03-27 11:12:49.028611790,High,Finance,Access,Resolved
TCK-5144,2025-04-03 00:55:19.303017839,2025-04-05 11:59:44.239665841,Low,DevOps,Software,Closed
TCK-5145,2025-04-25 13:01:26.044153264,2025-04-26 01:08:11.337803051,Low,Operations,Network,Resolved
TCK-5146,2025-04-29 19:12:40.506344172,2025-04-30 03:58:32.171443817,Low,IT Support,Software,Resolved
TCK-5147,2025-02-22 00:17:52.003276434,2025-02-22 06:22:18.646943067,Low,HR,Access,Resolved
TCK-5148,2025-01-26 08:00:40.787459215,2025-01-26 17:18:20.548187081,Medium,Finance,Network,Closed
TCK-5149,2025-01-29 04:39:34.785874947,2025-01-30 13:40:14.275381125,Critical,Finance,Network,Closed
TCK-5150,2025-04-26 02:10:07.057563482,2025-04-26 05:39:01.585727551,Medium,IT Support,Access,Closed
TCK-5151,2025-06-07 02:48:45.340250344,2025-06-07 10:23:45.464180344,Medium,IT Support,Access,Closed
TCK-5152,2025-03-15 17:01:26.120830022,2025-03-17 09:38:46.936748159,Low,  Finance ,Software,Resolved
TCK-5153,2025-01-31 12:19:37.533443799,2025-02-01 08:57:13.507871358,Low,HR,Network,Closed
TCK-5154,2025-05-17 04:31:22.053466028,2025-05-17 10:37:10.739259281,Low,IT Support,Access,Closed
TCK-5155,2025-05-30 20:21:16.306171264,2025-05-31 00:11:45.037950338,Medium,IT Support,Software,Closed
TCK-5156,2025-06-08 12:06:58.155417272,2025-06-09 11:20:18.950799425,Medium,Operations,Database,Closed
TCK-5157,2025-04-20 05:30:42.382466380,2025-04-22 18:09:41.500489228,Low,DevOps,Access,Closed
TCK-5158,2025-06-04 22:20:50.555603494,2025-06-05 20:36:32.711831769,Medium,DevOps,Network,Closed
TCK-5159,2025-01-03 18:35:33.433789636,2025-01-04 06:38:18.282446841,Medium,Operations,Database,Closed
TCK-5160,2025-01-20 07:15:31.189119629,2025-01-20 21:06:13.020645916,Low,Operations,Access,Closed
TCK-5161,2025-01-17 15:55:42.994794239,2025-01-18 03:14:26.455820428,Medium,IT Support,Hardware,Closed
TCK-5162,2025-05-09 06:27:08.049529608,2025-05-10 15:43:16.991918020,High,Operations,Network,Closed
TCK-5163,2025-01-13 12:35:35.897669741,2025-01-13 20:14:01.024139440,Low,HR,Network,Resolved
TCK-5164,2025-03-31 08:17:38.720596007,2025-03-31 16:48:14.380864519,Medium,  Operations ,Software,Closed
TCK-5165,2025-03-27 02:05:37.687591569,2025-03-28 23:50:45.648369364,Low,HR,Hardware,Closed
TCK-5166,2025-02-25 22:14:21.198377763,2025-02-26 06:01:04.953565018,High,IT Support,Access,Closed
TCK-5167,2025-06-06 16:09:01.202939536,2025-06-07 01:47:45.734785904,Critical,IT Support,Hardware,Resolved
TCK-5168,2025-01-31 16:16:17.155637698,2025-02-01 02:19:06.444679803,Medium,HR,Access,Closed
TCK-5169,2025-03-05 10:38:21.222976978,2025-03-05 21:29:55.698408018,Low,IT Support,Software,Resolved
TCK-5170,2025-05-20 08:25:15.168356594,2025-05-20 22:09:28.550270720,Medium,IT Support,Database,Closed
TCK-5171,2025-01-06 11:25:27.833444356,2025-01-07 23:26:15.321337751,Low,DevOps,Hardware,Closed
TCK-5172,2025-05-02 03:08:44.624631526,2025-05-03 13:03:15.869494890,Low,HR,Network,Closed
TCK-5173,2025-05-27 22:50:17.440375146,2025-05-28 14:07:30.457054728,Medium,Operations,Access,Resolved
TCK-5174,2025-06-17 19:23:49.429611176,2025-06-18 22:34:43.746808042,Low,DevOps,Hardware,Closed
TCK-5175,2025-06-07 17:36:05.352923574,2025-06-09 04:24:14.497863394,Low,DevOps,Access,Closed
TCK-5176,2025-02-27 11:44:21.784997472,2025-02-28 10:27:01.645977455,High,  Operations ,Hardware,Closed
TCK-5177,2025-04-16 13:05:35.125854558,2025-04-17 16:33:02.856722253,Medium,Finance,Network,Closed
TCK-5178,2025-01-14 21:54:28.405476044,2025-01-15 05:22:44.155880317,Low,HR,Access,Resolved
TCK-5179,2025-02-16 09:59:54.295178630,2025-02-17 02:36:00.083354912,Medium,HR,Access,Resolved
TCK-5180,2025-01-17 23:02:26.434281234,2025-01-18 10:49:03.918146111,Critical,HR,Database,Closed
TCK-5181,2025-02-26 17:36:32.736474446,2025-02-27 07:04:16.534963298,Low,Operations,Software,Closed
TCK-5182,2025-06-07 12:48:31.543710154,2025-06-08 07:06:12.554918304,Medium,Operations,Hardware,Closed
TCK-5183,2025-03-04 11:45:38.690614599,2025-03-04 20:32:26.823788726,High,HR,Network,Resolved
TCK-5184,2025-04-12 03:23:59.297878183,2025-04-12 08:13:04.299033360,Medium,IT Support,Database,Closed
TCK-5185,2025-03-20 00:12:18.949883560,2025-03-20 05:04:22.945562223,Low,Operations,Database,Closed
TCK-5186,2025-03-24 14:31:09.785893931,2025-03-25 10:52:54.042132203,Low,IT Support,Software,Closed
TCK-5187,2025-06-24 12:33:04.550162154,2025-06-25 12:19:00.561336325,High,Operations,Network,Closed
TCK-5188,2025-02-23 07:23:14.290439519,2025-02-24 00:21:59.449053600,None,  Operations ,Hardware,Closed
TCK-5189,2025-04-23 22:02:30.150024360,2025-04-24 15:35:30.626984330,High,Finance,Access,Resolved
TCK-5190,2025-03-17 14:40:14.637299560,2025-03-17 20:29:13.163521922,None,Finance,Software,Resolved
TCK-5191,2025-01-12 00:09:05.407653615,2025-01-12 21:41:14.760560357,Medium,DevOps,Access,Resolved
TCK-5192,2025-03-30 01:54:33.093420118,2025-03-30 22:13:13.609028012,Critical,HR,Database,Closed
TCK-5193,2025-05-27 09:38:35.453309524,2025-05-29 00:53:08.442880806,Medium,Finance,Access,Closed
TCK-5194,2025-01-18 18:36:46.168937617,2025-01-19 19:25:46.373011485,Critical,Operations,Hardware,Closed
TCK-5195,2025-01-13 12:38:12.410707397,2025-01-13 21:50:14.353494731,Low,IT Support,Hardware,Closed
TCK-5196,2025-01-28 15:41:17.405156083,2025-01-29 08:00:06.607161145,High,IT Support,Access,Closed
TCK-5197,2025-05-18 14:12:30.532326488,2025-05-18 21:25:15.062899572,Low,IT Support,Access,Closed
TCK-5198,2025-05-11 07:39:36.214218964,2025-05-12 08:05:26.372261112,Low,HR,Software,Closed
TCK-5199,2025-04-12 16:52:36.342027832,2025-04-13 07:43:40.654862081,Medium,Operations,Hardware,Closed
TCK-5200,2025-03-26 06:44:17.036448619,2025-03-26 22:30:28.642573618,Low,  Finance ,Access,Closed
TCK-5201,2025-06-09 21:34:03.070255178,2025-06-10 02:42:29.968094071,Low,IT Support,Network,Resolved
TCK-5202,2025-05-19 00:08:04.556258320,2025-05-19 05:07:35.420592553,None,IT Support,Software,Closed
TCK-5203,2025-05-27 03:35:25.892245674,2025-05-28 22:41:25.616336790,Medium,DevOps,Software,Closed
TCK-5204,2025-05-27 09:17:35.310605376,2025-05-27 15:09:22.785188758,Critical,IT Support,Software,Closed
TCK-5205,2025-04-26 16:32:17.190602920,2025-04-27 01:00:35.199138060,None,HR,Software,Closed
TCK-5206,2025-03-24 10:37:23.437361590,2025-03-25 12:20:32.703008115,Medium,Operations,Access,Resolved
TCK-5207,2025-06-05 15:24:28.408212034,2025-06-06 12:36:55.565520038,Low,Operations,Database,Closed
TCK-5208,2025-06-16 16:21:07.358565756,2025-06-17 06:06:23.366028395,Low,IT Support,Network,Closed
TCK-5209,2025-01-05 06:50:31.584753750,2025-01-05 17:49:31.068635656,Medium,IT Support,Database,Closed
TCK-5210,2025-01-10 06:43:01.389036740,2025-01-10 12:32:59.746504840,Medium,IT Support,Database,Closed
TCK-5211,2025-06-22 13:46:15.753520018,2025-06-23 08:28:08.984313982,Medium,Operations,Access,Closed
TCK-5212,2025-02-19 21:20:01.866504917,2025-02-20 16:29:45.694396470,Medium,  Operations ,Software,Closed
TCK-5213,2025-06-07 04:57:21.525427760,2025-06-07 10:19:26.932904470,Low,IT Support,Software,Closed
TCK-5214,2025-03-11 23:35:41.690087734,2025-03-12 09:57:21.682242107,Medium,Operations,Access,Resolved
TCK-5215,2025-01-22 10:30:44.095940698,2025-01-23 03:56:39.591854097,Low,Finance,Access,Closed
TCK-5216,2025-01-15 11:30:52.649655566,2025-01-16 11:02:47.523064706,High,IT Support,Hardware,Closed
TCK-5217,2025-01-29 04:06:50.846499259,2025-01-29 15:39:58.517907230,Low,HR,Software,Closed
TCK-5218,2025-02-14 23:32:18.966577256,2025-02-16 08:52:48.640998042,Medium,Operations,Network,Closed
TCK-5219,2025-03-29 22:23:57.440332209,2025-03-30 05:07:25.115878733,Low,IT Support,Hardware,Resolved
TCK-5220,2025-05-07 06:28:15.349599066,2025-05-08 04:37:01.306858355,High,HR,Database,Closed
TCK-5221,2025-06-27 13:14:30.661499384,2025-06-28 17:30:23.979296845,Low,Operations,Software,Closed
TCK-5222,2025-03-21 11:18:32.871633188,2025-03-23 13:13:19.845676348,Low,DevOps,Access,Closed
TCK-5223,2025-04-04 06:33:32.223320045,2025-04-05 12:18:06.271482753,Medium,Finance,Access,Closed
TCK-5224,2025-04-04 22:14:37.787912391,2025-04-06 10:05:00.556923505,Critical,  Operations ,Access,Closed
TCK-5225,2025-04-08 02:21:23.096548382,2025-04-09 07:57:31.167804027,Critical,Finance,Software,Resolved
TCK-5226,2025-04-04 04:38:22.699288597,2025-04-05 14:05:17.285652598,Low,HR,Network,Closed
TCK-5227,2025-01-02 13:54:24.990722946,2025-01-02 21:54:52.949346199,High,Operations,Access,Closed
TCK-5228,2025-01-01 07:27:04.433452242,2025-01-02 00:21:08.781630180,Low,HR,Software,Closed
TCK-5229,2025-01-18 13:55:06.579497463,2025-01-18 23:42:43.498904365,Low,IT Support,Database,Closed
TCK-5230,2025-01-19 06:43:28.296530589,2025-01-19 22:03:49.502195584,Medium,Finance,Hardware,Closed
TCK-5231,2025-05-07 21:09:16.728064988,2025-05-08 21:12:19.227858425,Low,Operations,Software,Closed
TCK-5232,2025-02-06 21:14:14.137688828,2025-02-07 03:58:41.551919789,High,HR,Software,Resolved
TCK-5233,2025-06-11 01:09:53.757159290,2025-06-11 23:30:59.286604364,Critical,DevOps,Access,Closed
TCK-5234,2025-06-17 03:34:45.637581806,2025-06-17 06:42:27.883948375,Low,IT Support,Hardware,Resolved
TCK-5235,2025-06-25 15:51:33.190957018,2025-06-26 22:48:53.496200414,Low,HR,Hardware,Closed
TCK-5236,2025-06-19 00:49:52.453602938,2025-06-19 08:24:07.133943712,Medium,  IT Support ,Access,Closed
TCK-5237,2025-02-18 22:33:27.182476895,2025-02-21 22:57:03.422462171,Medium,Finance,Network,Closed
TCK-5238,2025-04-02 18:14:09.488829026,2025-04-04 06:50:22.644457260,Critical,Finance,Software,Closed
TCK-5239,2025-02-01 13:57:55.696502826,2025-02-02 07:43:53.587698298,Critical,HR,Access,Resolved
TCK-5240,2025-05-26 02:49:32.557241680,2025-05-26 16:15:09.288646946,Medium,Operations,Network,Closed
TCK-5241,2025-06-09 22:01:29.878400982,2025-06-10 06:26:25.427043207,Low,HR,Access,Resolved
TCK-5242,2025-06-03 05:34:04.028754952,2025-06-04 13:23:23.346752534,High,Finance,Database,Closed
TCK-5243,2025-03-20 00:08:42.786133177,2025-03-20 13:50:47.182079452,Low,HR,Network,Closed
TCK-5244,2025-05-17 13:28:16.254648818,2025-05-17 20:44:24.342628151,None,HR,Network,Closed
TCK-5245,2025-01-18 13:32:31.245250142,2025-01-19 04:03:44.865019042,Low,DevOps,Hardware,Closed
TCK-5246,2025-01-08 05:51:26.672670586,2025-01-08 11:07:13.720734189,Medium,IT Support,Software,Closed
TCK-5247,2025-05-16 13:58:52.715329848,2025-05-17 11:06:29.758105425,Low,IT Support,Access,Closed
TCK-5248,2025-03-18 13:32:05.226359689,2025-03-20 19:58:11.890209096,Medium,  Operations ,Access,Closed
TCK-5249,2025-06-29 04:46:22.165229780,2025-06-30 15:07:07.297179882,Medium,DevOps,Software,Resolved
TCK-5250,2025-01-18 12:08:17.564985240,2025-01-19 03:26:09.883751753,Medium,HR,Software,Resolved
TCK-5251,2025-06-04 00:18:41.703235954,2025-06-04 07:29:45.387247579,High,IT Support,Hardware,Resolved
TCK-5252,2025-03-28 09:31:36.635106879,2025-03-28 18:25:34.969509581,Medium,HR,Software,Closed
TCK-5253,2025-05-29 21:17:19.840476294,2025-05-31 09:05:21.566615472,Low,Operations,Database,Closed
TCK-5254,2025-05-28 01:59:23.492310092,2025-05-28 23:40:47.729342715,Critical,IT Support,Hardware,Closed
TCK-5255,2025-06-14 21:05:07.605183028,2025-06-15 08:36:02.089439208,High,Operations,Network,Closed
TCK-5256,2025-02-23 14:42:43.375521471,2025-02-24 20:27:15.413571713,Low,DevOps,Software,Closed
TCK-5257,2025-06-20 23:07:59.545041072,2025-06-21 10:28:22.423047736,High,HR,Network,Closed
TCK-5258,2025-01-28 07:12:04.567481710,2025-01-28 18:42:36.681151187,None,HR,Hardware,Closed
TCK-5259,2025-01-15 18:06:18.429133964,2025-01-16 19:47:51.149047553,Medium,HR,Database,Closed
TCK-5260,2025-03-19 16:34:44.526174774,2025-03-19 20:59:23.871621910,Low,  IT Support ,Database,Closed
TCK-5261,2025-05-30 02:21:18.808317936,2025-05-31 17:29:53.670742102,Medium,DevOps,Software,Closed
TCK-5262,2025-03-27 05:10:45.423611346,2025-03-28 01:36:59.656198865,Low,HR,Database,Closed
TCK-5263,2025-05-30 06:31:06.408954556,2025-05-30 19:44:39.141849938,Medium,HR,Access,Closed
TCK-5264,2025-05-12 08:14:49.203713036,2025-05-13 12:22:44.196397220,Medium,Operations,Hardware,Closed
TCK-5265,2025-02-07 16:43:50.261232694,2025-02-08 08:01:07.043507433,Critical,HR,Database,Resolved
TCK-5266,2025-06-20 19:10:07.030436462,2025-06-22 04:14:55.965080710,Medium,Operations,Hardware,Closed
TCK-5267,2025-01-11 22:34:28.734524481,2025-01-12 02:32:43.556277250,Low,IT Support,Hardware,Resolved
TCK-5268,2025-06-11 16:34:06.011721098,2025-06-12 13:08:51.474742579,High,Finance,Access,Resolved
TCK-5269,2025-02-24 19:11:44.518698297,2025-02-26 01:06:08.433867251,Low,DevOps,Software,Resolved
TCK-5270,2025-04-01 00:38:22.989372738,2025-04-01 05:22:16.828647548,Low,Operations,Hardware,Resolved
TCK-5271,2025-03-18 00:33:36.324241823,2025-03-18 18:34:17.749848568,Medium,DevOps,Access,Closed
TCK-5272,2025-01-31 22:19:31.029171880,2025-02-01 03:59:03.823140348,Low,  IT Support ,Database,Closed
TCK-5273,2025-03-06 11:11:40.066279132,2025-03-07 10:00:28.049990113,None,HR,Network,Resolved
TCK-5274,2025-02-04 17:28:36.353225552,2025-02-05 06:07:04.161888635,Medium,Operations,Software,Closed
TCK-5275,2025-02-06 16:47:22.466362067,2025-02-07 04:44:48.328544632,High,Operations,Network,Closed
TCK-5276,2025-02-03 16:05:07.913882267,2025-02-04 13:27:19.666592770,Low,HR,Access,Resolved
TCK-5277,2025-03-30 00:33:18.299150234,2025-03-30 06:52:43.213061988,High,HR,Hardware,Resolved
TCK-5278,2025-05-24 15:03:48.627535980,2025-05-24 18:04:51.795433469,Medium,IT Support,Access,Resolved
TCK-5279,2025-04-13 09:57:01.965054819,2025-04-13 21:48:06.996970216,Medium,HR,Software,Closed
TCK-5280,2025-06-10 18:39:08.865142694,2025-06-10 22:46:26.199927804,None,IT Support,Software,Resolved
TCK-5281,2025-04-25 13:52:19.886345216,2025-04-26 01:58:47.251384627,Medium,Finance,Database,Closed
TCK-5282,2025-05-05 01:56:57.478318264,2025-05-05 13:16:18.118110497,Medium,IT Support,Access,Closed
TCK-5283,2025-05-01 04:03:47.636714352,2025-05-01 17:14:04.926609690,Low,IT Support,Software,Resolved
TCK-5284,2025-03-22 21:39:49.372393543,2025-03-24 00:22:02.859015598,Low,  Operations ,Access,Resolved
TCK-5285,2025-05-05 01:56:37.362855688,2025-05-06 09:16:46.115848997,Critical,Operations,Database,Closed
TCK-5286,2025-01-13 13:08:14.873085283,2025-01-15 22:47:48.936883981,High,DevOps,Database,Closed
TCK-5287,2025-06-04 18:33:30.091232392,2025-06-05 00:46:04.207987221,Medium,Operations,Access,Closed
TCK-5288,2025-05-21 00:08:54.454839804,2025-05-21 17:56:06.380026952,Critical,HR,Software,Closed
TCK-5289,2025-02-14 03:23:36.310419068,2025-02-14 22:11:37.132595964,Medium,Finance,Hardware,Resolved
TCK-5290,2025-05-19 05:54:00.728559490,2025-05-19 18:17:14.468110546,Medium,Operations,Hardware,Closed
TCK-5291,2025-01-03 06:36:57.736973087,2025-01-03 17:51:53.903867972,Medium,IT Support,Database,Resolved
TCK-5292,2025-02-09 02:30:18.695222652,2025-02-09 10:04:58.805173142,Medium,Operations,Software,Closed
TCK-5293,2025-01-12 17:23:34.335809773,2025-01-13 06:18:30.357180417,Low,DevOps,Database,Resolved
TCK-5294,2025-05-21 10:34:49.007241498,2025-05-22 06:04:21.906223779,Medium,HR,Database,Closed
TCK-5295,2025-05-17 01:22:34.799126276,2025-05-17 12:13:26.757198132,None,IT Support,Database,Closed
TCK-5296,2025-05-27 10:54:27.442166070,2025-05-27 20:00:32.621207711,Low,  IT Support ,Database,Resolved
TCK-5297,2025-01-01 19:21:39.294598624,2025-01-02 00:50:07.662391077,Low,IT Support,Access,Closed
TCK-5298,2025-04-01 05:19:31.365302602,2025-04-02 01:55:21.406735883,Low,HR,Access,Resolved
TCK-5299,2025-05-07 20:53:32.543789618,2025-05-08 22:11:06.936440287,Low,Operations,Software,Closed
TCK-5300,2025-01-28 23:19:58.354149168,2025-01-29 08:12:11.747203426,Medium,IT Support,Software,Closed
TCK-5301,2025-04-27 23:05:45.394276340,2025-04-28 16:18:11.238886353,Low,DevOps,Network,Closed
TCK-5302,2025-01-16 03:21:20.264464232,2025-01-16 23:09:46.429523240,Medium,Finance,Hardware,Closed
TCK-5303,2025-02-02 15:19:39.714134278,2025-02-03 18:41:36.056043079,Medium,Operations,Access,Closed
TCK-5304,2025-03-27 15:26:32.066796036,2025-03-29 15:00:55.441476003,High,Finance,Software,Closed
TCK-5305,2025-04-28 15:24:05.254496500,2025-04-28 22:37:15.770627074,None,IT Support,Database,Resolved
TCK-5306,2025-01-27 06:09:16.662386992,2025-01-27 18:41:17.281391405,Medium,HR,Access,Resolved
TCK-5307,2025-02-03 08:09:53.241082746,2025-02-04 00:46:00.682175199,Low,Operations,Hardware,Resolved
TCK-5308,2025-02-06 19:12:29.900605191,2025-02-07 23:19:05.317423201,Low,  Finance ,Access,Resolved
TCK-5309,2025-02-12 23:11:14.914678513,2025-02-13 17:30:36.551515438,High,Finance,Hardware,Closed
TCK-5310,2025-02-10 18:42:45.452280881,2025-02-10 20:42:44.202859183,Medium,IT Support,Network,Closed
TCK-5311,2025-03-13 03:02:38.935355246,2025-03-15 11:19:33.514764320,Low,DevOps,Software,Resolved
TCK-5312,2025-04-28 16:22:16.649812716,2025-04-29 13:13:20.904997110,Low,IT Support,Hardware,Closed
TCK-5313,2025-03-20 20:17:50.291307272,2025-03-21 19:07:14.609300432,High,DevOps,Network,Closed
TCK-5314,2025-05-20 16:12:26.228878260,2025-05-21 10:23:36.382276929,Medium,DevOps,Access,Closed
TCK-5315,2025-05-10 11:14:23.804512856,2025-05-10 19:10:36.448260711,Medium,IT Support,Software,Closed
TCK-5316,2025-01-23 18:35:46.567291224,2025-01-24 16:54:13.425219764,Low,Finance,Hardware,Closed
TCK-5317,2025-01-09 18:59:44.925884209,2025-01-10 08:58:42.877482181,Medium,IT Support,Hardware,Closed
TCK-5318,2025-06-08 00:42:27.203321874,2025-06-08 15:18:03.039515045,High,HR,Software,Closed
TCK-5319,2025-01-15 08:52:12.747185807,2025-01-15 20:58:50.002121075,Critical,Operations,Access,Closed
TCK-5320,2025-01-27 16:49:30.938552978,2025-01-28 02:08:09.550936337,High,  Operations ,Access,Resolved
TCK-5321,2025-01-04 23:36:56.701479852,2025-01-06 23:24:18.617059834,Medium,DevOps,Database,Closed
TCK-5322,2025-04-24 02:24:47.153124664,2025-04-25 02:42:16.630391730,Medium,Operations,Access,Closed
TCK-5323,2025-04-15 19:50:26.998238636,2025-04-16 19:58:20.733802214,Medium,HR,Software,Resolved
TCK-5324,2025-06-27 15:25:25.820401094,2025-06-28 06:31:19.569271898,Low,Finance,Network,Closed
TCK-5325,2025-06-09 15:32:52.627524660,2025-06-12 21:16:30.657712466,Critical,DevOps,Software,Closed
TCK-5326,2025-03-15 22:50:33.096183108,2025-03-16 02:23:49.353811951,Medium,IT Support,Hardware,Closed
TCK-5327,2025-03-08 21:15:02.997871744,2025-03-10 17:27:13.010988171,Medium,DevOps,Database,Closed
TCK-5328,2025-02-23 10:24:02.837122328,2025-02-23 13:40:20.545512522,None,IT Support,Database,Closed
TCK-5329,2025-01-28 10:23:52.420429131,2025-01-29 02:54:01.155591567,None,Finance,Network,Closed
TCK-5330,2025-01-25 20:31:17.027474444,2025-01-26 15:04:24.229395712,Medium,IT Support,Hardware,Closed
TCK-5331,2025-01-24 19:27:56.226965383,2025-01-25 08:20:47.592015934,Low,IT Support,Access,Resolved
TCK-5332,2025-01-21 12:58:32.703768780,2025-01-21 23:46:55.479448983,Medium,  HR ,Access,Closed
TCK-5333,2025-02-13 07:00:43.283490910,2025-02-13 20:53:56.487778730,Critical,Operations,Access,Closed
TCK-5334,2025-02-25 04:48:30.538629587,2025-02-25 19:44:28.236098965,Low,HR,Software,Resolved
TCK-5335,2025-06-23 02:01:16.157597220,2025-06-23 13:00:46.127877840,None,IT Support,Access,Resolved
TCK-5336,2025-04-15 03:00:15.999581328,2025-04-16 12:39:33.977260977,Low,Operations,Hardware,Closed
TCK-5337,2025-06-27 18:24:49.485230544,2025-06-28 19:05:26.557877885,Medium,DevOps,Database,Resolved
TCK-5338,2025-03-09 01:03:25.972584871,2025-03-09 07:24:00.717557906,Medium,HR,Software,Resolved
TCK-5339,2025-03-24 08:56:49.390030987,2025-03-24 18:08:27.769497957,Low,IT Support,Access,Closed
TCK-5340,2025-02-28 10:10:47.307338421,2025-02-28 21:28:36.073892798,Critical,HR,Hardware,Resolved
TCK-5341,2025-02-02 22:04:28.746743187,2025-02-03 02:30:38.286723696,Medium,IT Support,Network,Closed
TCK-5342,2025-01-26 18:28:17.535356911,2025-01-27 22:54:11.947613318,Low,Finance,Hardware,Closed
TCK-5343,2025-06-20 02:44:31.684307402,2025-06-21 00:45:56.773925256,Medium,Finance,Database,Resolved
TCK-5344,2025-06-27 15:01:19.723334250,2025-06-28 12:00:12.123584952,High,  Operations ,Hardware,Resolved
TCK-5345,2025-01-09 02:00:32.489703793,2025-01-09 11:05:18.713875113,Low,HR,Hardware,Closed
TCK-5346,2025-01-28 01:29:39.043828433,2025-01-29 08:44:40.057067735,High,Finance,Software,Resolved
TCK-5347,2025-03-18 05:37:26.683465504,2025-03-18 14:56:27.278758350,Low,Operations,Database,Resolved
TCK-5348,2025-02-03 12:57:38.224108223,2025-02-04 05:09:26.338564180,Low,Finance,Access,Closed
TCK-5349,2025-03-07 11:57:47.881685289,2025-03-08 03:54:16.642975354,Low,Operations,Database,Resolved
TCK-5350,2025-01-24 05:41:46.433017018,2025-01-26 16:13:43.468733769,Low,Finance,Network,Resolved
TCK-5351,2025-03-24 04:07:50.840537282,2025-03-25 06:46:50.388810473,Low,Operations,Database,Closed
TCK-5352,2025-02-18 21:43:14.670664320,2025-02-19 22:03:13.887897065,None,HR,Software,Closed
TCK-5353,2025-03-05 08:13:47.427158693,2025-03-07 23:11:29.346821528,Low,DevOps,Access,Closed
TCK-5354,2025-01-17 23:25:50.355548650,2025-01-22 12:28:43.027386629,Low,Operations,Database,Closed
TCK-5355,2025-03-19 01:30:47.444644124,2025-03-19 19:53:29.038220995,Low,Operations,Access,Closed
TCK-5356,2025-06-26 23:40:22.365674334,2025-06-27 16:57:54.976193928,Medium,  IT Support ,Software,Closed
TCK-5357,2025-03-01 04:33:31.545096272,2025-03-02 10:25:25.777209880,High,Operations,Hardware,Closed
TCK-5358,2025-06-07 18:10:28.082349550,2025-06-08 23:47:33.492771305,High,Operations,Network,Resolved
TCK-5359,2025-06-01 18:37:13.050531552,2025-06-02 15:15:33.709297197,Low,IT Support,Database,Resolved
TCK-5360,2025-06-21 08:53:32.521358220,2025-06-21 15:47:04.920496076,Medium,IT Support,Access,Closed
TCK-5361,2025-05-23 05:16:23.134777854,2025-05-23 19:18:02.617413494,Medium,Operations,Database,Resolved
TCK-5362,2025-04-29 17:27:29.854418690,2025-04-30 22:12:21.378845233,Medium,Finance,Software,Closed
TCK-5363,2025-06-04 04:26:41.276625420,2025-06-04 20:52:24.127417948,Medium,Operations,Hardware,Resolved
TCK-5364,2025-01-14 14:47:06.073583101,2025-01-15 00:45:08.599561825,High,IT Support,Software,Closed
TCK-5365,2025-03-25 07:25:42.380755858,2025-03-26 22:44:56.200438855,Low,Operations,Access,Closed
TCK-5366,2025-06-28 01:35:13.022941396,2025-06-28 08:16:46.150772706,Low,IT Support,Database,Closed
TCK-5367,2025-05-19 12:40:21.552935676,2025-05-20 00:51:58.129250734,Low,HR,Access,Closed
TCK-5368,2025-06-23 04:09:56.279234894,2025-06-23 13:26:22.908910421,Medium,  IT Support ,Software,Closed
TCK-5369,2025-05-21 08:01:13.506587866,2025-05-21 15:36:12.253376138,Low,IT Support,Database,Resolved
TCK-5370,2025-06-07 11:29:24.357660226,2025-06-07 14:45:16.048070556,Medium,IT Support,Access,Closed
TCK-5371,2025-05-08 04:12:28.841579226,2025-05-08 14:49:57.633986396,Critical,HR,Database,Resolved
TCK-5372,2025-05-17 21:22:07.172696912,2025-05-18 09:21:17.354468725,Medium,IT Support,Network,Closed
TCK-5373,2025-04-05 04:07:44.409023914,2025-04-06 09:15:58.290399353,Medium,HR,Software,Closed
TCK-5374,2025-06-16 08:42:24.723061396,2025-06-16 18:48:43.891660544,High,Operations,Software,Closed
TCK-5375,2025-05-29 12:10:05.138014520,2025-05-29 20:07:17.413942151,High,HR,Network,Closed
TCK-5376,2025-06-01 21:34:58.986031912,2025-06-02 11:59:57.632562752,Medium,HR,Hardware,Resolved
TCK-5377,2025-05-02 03:23:57.538177390,2025-05-02 12:04:40.978065779,Medium,Finance,Access,Resolved
TCK-5378,2025-02-24 19:47:07.337100896,2025-02-25 02:35:23.461260397,High,IT Support,Hardware,Resolved
TCK-5379,2025-01-07 09:55:14.577907446,2025-01-07 17:28:36.416697228,Low,Operations,Database,Closed
TCK-5380,2025-06-18 10:01:48.572577236,2025-06-19 02:53:03.506275691,Medium,  IT Support ,Access,Closed
TCK-5381,2025-04-16 12:02:23.664623088,2025-04-16 17:49:32.418537069,Low,IT Support,Access,Closed
TCK-5382,2025-02-23 15:58:39.487295877,2025-02-25 09:06:35.049147497,None,Operations,Access,Resolved
TCK-5383,2025-01-27 20:15:49.197244908,2025-01-29 03:40:25.889393678,Low,Operations,Network,Closed
TCK-5384,2025-05-30 07:32:24.269867736,2025-05-31 05:58:46.934921707,Low,DevOps,Software,Closed
TCK-5385,2025-05-31 13:46:02.064048746,2025-06-01 00:17:56.266810168,Medium,Operations,Network,Resolved
TCK-5386,2025-05-27 14:40:27.920366026,2025-05-28 18:48:54.177263469,High,DevOps,Network,Closed
TCK-5387,2025-04-27 02:45:26.025467460,2025-04-27 10:49:26.098267132,Medium,IT Support,Network,Resolved
TCK-5388,2025-03-07 21:11:11.307828854,2025-03-08 07:17:33.283601888,High,IT Support,Hardware,Closed
TCK-5389,2025-02-24 17:35:01.068902557,2025-02-24 23:20:54.848185151,Medium,IT Support,Network,Closed
TCK-5390,2025-01-02 12:57:23.784877782,2025-01-03 01:18:06.339404529,Medium,IT Support,Software,Closed
TCK-5391,2025-05-31 01:11:04.752719514,2025-05-31 21:44:17.688843083,High,Operations,Access,Resolved
TCK-5392,2025-01-16 17:42:33.311421127,2025-01-17 08:53:31.991097464,Low,  Operations ,Hardware,Closed
TCK-5393,2025-04-24 12:51:41.729530018,2025-04-24 18:48:55.756000135,Critical,IT Support,Network,Closed
TCK-5394,2025-04-01 17:36:13.573257054,2025-04-02 21:51:59.476281686,High,DevOps,Network,Closed
TCK-5395,2025-04-05 19:17:52.910022614,2025-04-06 11:34:57.623366558,Critical,Finance,Access,Resolved
TCK-5396,2025-06-16 19:23:58.170226490,2025-06-17 04:09:05.473105808,High,IT Support,Access,Resolved
TCK-5397,2025-01-06 16:34:36.655290357,2025-01-07 01:26:52.190670900,High,IT Support,Hardware,Closed
TCK-5398,2025-05-20 05:03:15.877426668,2025-05-20 14:44:33.786491094,Low,IT Support,Software,Closed
TCK-5399,2025-01-10 08:51:58.899408360,2025-01-11 05:25:23.052448561,Low,IT Support,Hardware,Closed
TCK-5400,2025-01-07 20:49:24.879506986,2025-01-08 04:46:44.115030130,Low,IT Support,Access,Resolved
TCK-5401,2025-03-19 08:48:44.841494772,2025-03-20 14:33:27.873857878,Low,Operations,Software,Resolved
TCK-5402,2025-01-12 08:29:05.111381818,2025-01-12 18:01:07.357109892,High,IT Support,Network,Closed
TCK-5403,2025-05-23 01:06:06.730507368,2025-05-23 13:42:25.921832461,Low,HR,Network,Resolved
TCK-5404,2025-04-06 07:42:45.232418940,2025-04-07 12:55:10.344405882,Low,  DevOps ,Database,Resolved
TCK-5405,2025-01-06 05:26:51.147924812,2025-01-06 22:55:32.929881198,High,Operations,Access,Closed
TCK-5406,2025-01-08 06:57:46.676166812,2025-01-09 18:37:02.323241063,Critical,DevOps,Database,Closed
TCK-5407,2025-04-21 06:43:40.974508384,2025-04-21 11:59:22.177967528,High,IT Support,Hardware,Resolved
TCK-5408,2025-05-26 02:24:10.988223514,2025-05-26 09:13:40.482868373,High,HR,Hardware,Resolved
TCK-5409,2025-03-20 19:17:38.310385278,2025-03-21 20:15:36.409693083,Medium,Operations,Software,Closed
TCK-5410,2025-04-10 19:47:18.603722030,2025-04-11 09:06:23.958738968,Critical,IT Support,Access,Closed
TCK-5411,2025-05-24 23:15:47.669384070,2025-05-25 11:36:13.360256789,Medium,IT Support,Software,Resolved
TCK-5412,2025-04-20 21:23:12.018698372,2025-04-21 16:50:12.767714016,None,Operations,Software,Resolved
TCK-5413,2025-02-10 10:57:51.216069960,2025-02-11 13:22:50.164986207,Low,Operations,Hardware,Resolved
TCK-5414,2025-04-21 08:23:05.106322132,2025-04-22 04:40:16.567480518,High,HR,Hardware,Resolved
TCK-5415,2025-04-24 02:10:02.147382202,2025-04-24 23:13:13.976347542,Medium,HR,Access,Closed
TCK-5416,2025-05-13 03:20:31.766663284,2025-05-13 12:34:53.427231304,Medium,  HR ,Hardware,Closed
TCK-5417,2025-04-22 18:10:35.364883372,2025-04-22 23:05:16.957095135,High,IT Support,Access,Resolved
TCK-5418,2025-06-24 11:07:33.612883406,2025-06-24 22:49:07.022476099,High,HR,Database,Resolved
TCK-5419,2025-02-05 12:17:07.777167849,2025-02-05 20:42:42.952892725,High,IT Support,Network,Resolved
TCK-5420,2025-06-21 04:42:42.248627170,2025-06-21 12:14:35.957037596,Low,IT Support,Database,Resolved
TCK-5421,2025-04-07 21:37:35.753923453,2025-04-08 09:45:22.021030822,Low,DevOps,Hardware,Closed
TCK-5422,2025-05-01 22:51:01.896976872,2025-05-03 17:25:24.362012687,Low,Operations,Network,Resolved
TCK-5423,2025-01-18 21:40:26.763576456,2025-01-19 19:02:12.769090226,Low,Finance,Network,Closed
TCK-5424,2025-03-10 12:05:17.040312320,2025-03-11 03:34:07.565111734,Low,HR,Software,Resolved
TCK-5425,2025-05-19 11:43:04.485795262,2025-05-20 14:10:29.274947843,High,HR,Network,Closed
TCK-5426,2025-05-08 05:51:20.106819498,2025-05-08 08:29:13.753158800,Medium,IT Support,Access,Resolved
TCK-5427,2025-01-08 05:24:07.764748459,2025-01-08 11:59:00.135166007,High,IT Support,Hardware,Closed
TCK-5428,2025-04-09 09:17:13.985909147,2025-04-09 16:17:29.044323285,Medium,  IT Support ,Hardware,Closed
TCK-5429,2025-01-16 21:21:42.457044703,2025-01-17 18:04:11.107633082,Medium,Finance,Software,Closed
TCK-5430,2025-06-29 06:05:59.186578780,2025-06-29 22:36:15.112762422,Low,Operations,Software,Resolved
TCK-5431,2025-06-11 12:19:16.544869798,2025-06-13 01:25:59.583165820,High,Operations,Hardware,Closed
TCK-5432,2025-01-04 19:04:06.430984606,2025-01-05 14:57:12.840730525,High,HR,Software,Resolved
TCK-5433,2025-06-04 13:21:58.251093716,2025-06-06 15:24:55.067888681,Low,DevOps,Network,Closed
TCK-5434,2025-06-15 11:56:09.147884356,2025-06-15 20:38:18.647858403,Low,IT Support,Network,Resolved
TCK-5435,2025-03-05 15:19:41.957306853,2025-03-05 19:33:02.231791438,Low,IT Support,Access,Closed
TCK-5436,2025-05-10 12:14:49.739302854,2025-05-10 17:16:01.079927793,High,HR,Software,Closed
TCK-5437,2025-03-21 13:53:17.461023378,2025-03-22 01:17:32.069780788,High,Finance,Hardware,Closed
TCK-5438,2025-04-28 22:36:15.600131304,2025-04-30 11:42:49.406702803,Medium,DevOps,Database,Resolved
TCK-5439,2025-03-03 06:10:16.271645473,2025-03-03 14:48:26.229401544,Low,IT Support,Hardware,Resolved
TCK-5440,2025-02-28 01:27:21.248120589,2025-03-01 05:21:49.243833906,Low,  DevOps ,Database,Closed
TCK-5441,2025-03-18 09:33:15.839513069,2025-03-19 05:55:51.414695625,Low,Finance,Database,Closed
TCK-5442,2025-01-27 04:51:09.782563698,2025-01-28 04:05:38.134814085,Low,IT Support,Access,Closed
TCK-5443,2025-05-30 14:31:13.174899070,2025-05-30 23:55:49.758097102,Low,HR,Database,Closed
TCK-5444,2025-03-04 18:22:29.668664173,2025-03-05 16:57:24.751916782,Low,HR,Network,Closed
TCK-5445,2025-03-14 00:38:45.862343704,2025-03-15 07:40:32.655237527,Medium,DevOps,Network,Closed
TCK-5446,2025-06-10 22:18:57.336743754,2025-06-11 06:33:39.023647550,Medium,IT Support,Access,Closed
TCK-5447,2025-03-31 09:24:53.556310441,2025-04-02 05:32:18.056479451,Medium,Finance,Hardware,Resolved
TCK-5448,2025-04-08 23:10:36.798224621,2025-04-10 04:40:49.212945082,Medium,HR,Hardware,Resolved
TCK-5449,2025-06-22 04:04:18.836533436,2025-06-23 01:48:22.843215960,Medium,Finance,Hardware,Closed
TCK-5450,2025-06-09 14:39:28.710670872,2025-06-10 11:50:00.394129161,Medium,HR,Hardware,Closed
TCK-5451,2025-01-31 12:05:46.256633011,2025-02-01 09:41:17.034029484,Low,Operations,Network,Closed
TCK-5452,2025-03-27 04:17:20.145286370,2025-03-28 04:52:48.733668603,High,  Finance ,Network,Closed
TCK-5453,2025-06-24 19:59:58.928968738,2025-06-25 23:08:02.602249154,Critical,Finance,Access,Resolved
TCK-5454,2025-03-09 00:37:20.670051229,2025-03-09 22:35:56.789722626,Low,DevOps,Access,Resolved
TCK-5455,2025-03-08 21:11:44.983643943,2025-03-09 04:29:22.448190512,Low,IT Support,Access,Closed
TCK-5456,2025-02-05 02:31:50.164784928,2025-02-05 15:59:42.244852943,Critical,Operations,Hardware,Closed
TCK-5457,2025-01-21 13:52:33.070780635,2025-01-22 03:12:56.469582663,Critical,IT Support,Hardware,Closed
TCK-5458,2025-05-14 06:07:00.105837028,2025-05-14 19:39:23.771422776,Low,HR,Network,Closed
TCK-5459,2025-05-19 14:31:53.849245984,2025-05-19 23:56:21.103320665,Low,Operations,Network,Closed
TCK-5460,2025-06-24 10:08:09.608398656,2025-06-24 20:01:33.580178618,High,HR,Software,Closed
TCK-5461,2025-05-20 05:10:00.016000206,2025-05-20 08:48:07.721535189,Low,Operations,Software,Closed
TCK-5462,2025-02-13 19:16:57.987210527,2025-02-14 19:29:31.819893846,Critical,DevOps,Hardware,Closed
TCK-5463,2025-01-08 05:18:13.025542992,2025-01-08 13:57:54.449811734,Low,IT Support,Network,Closed
TCK-5464,2025-06-27 09:05:22.201716956,2025-06-28 01:54:18.168393865,High,  Operations ,Hardware,Closed
TCK-5465,2025-03-03 06:44:49.217094157,2025-03-04 20:57:55.741256274,Low,HR,Database,Closed
TCK-5466,2025-02-26 03:43:01.427909007,2025-02-26 15:02:52.083657841,Low,IT Support,Software,Resolved
TCK-5467,2025-06-13 01:43:35.422022396,2025-06-13 12:48:29.421976698,None,IT Support,Access,Closed
TCK-5468,2025-04-16 07:37:53.622171624,2025-04-16 21:15:45.520361569,Low,DevOps,Hardware,Closed
TCK-5469,2025-02-08 16:14:36.495701741,2025-02-09 18:04:36.544967145,Low,DevOps,Database,Closed
TCK-5470,2025-06-10 00:53:44.766722956,2025-06-11 01:12:00.466459286,High,DevOps,Access,Resolved
TCK-5471,2025-06-28 19:19:08.017811370,2025-06-29 16:14:38.167620712,Low,DevOps,Database,Closed
TCK-5472,2025-01-16 14:27:04.983017719,2025-01-16 20:08:58.000345091,Low,IT Support,Network,Closed
TCK-5473,2025-06-05 04:55:37.323360282,2025-06-05 10:40:36.922463686,Low,HR,Network,Resolved
TCK-5474,2025-03-12 07:01:40.130387696,2025-03-12 16:32:19.597951071,Medium,Operations,Network,Resolved
TCK-5475,2025-04-05 07:59:34.688072266,2025-04-06 05:58:35.010607556,High,HR,Access,Closed
TCK-5476,2025-06-14 16:00:18.055096980,2025-06-15 05:13:32.614862848,Critical,  HR ,Access,Closed
TCK-5477,2025-06-25 04:59:53.252694624,2025-06-25 16:01:18.305014936,Medium,HR,Network,Resolved
TCK-5478,2025-02-17 04:32:53.134677648,2025-02-17 22:29:58.044409723,Medium,Operations,Access,Closed
TCK-5479,2025-02-08 07:30:55.189968579,2025-02-09 15:46:58.952641528,Medium,Operations,Network,Closed
TCK-5480,2025-01-15 11:49:53.519215192,2025-01-15 20:20:58.008043662,High,IT Support,Hardware,Resolved
TCK-5481,2025-04-12 02:58:00.204601571,2025-04-12 21:34:18.115405296,High,HR,Network,Closed
TCK-5482,2025-01-03 10:46:15.558048792,2025-01-03 22:33:31.817909280,Critical,Operations,Software,Resolved
TCK-5483,2025-03-16 03:24:02.324429734,2025-03-16 16:36:42.255760862,None,Operations,Hardware,Closed
TCK-5484,2025-01-14 05:01:08.226972037,2025-01-14 15:09:52.916286354,Low,IT Support,Network,Closed
TCK-5485,2025-03-14 22:34:31.376117002,2025-03-17 13:41:34.808537232,Medium,Finance,Software,Resolved
TCK-5486,2025-01-08 04:30:25.407458755,2025-01-08 21:52:50.478825709,Medium,IT Support,Network,Resolved
TCK-5487,2025-05-31 08:08:18.836987574,2025-06-01 03:08:33.682777982,Low,HR,Hardware,Closed
TCK-5488,2025-02-07 18:04:20.833732576,2025-02-08 20:29:58.393621612,Low,  Finance ,Network,Closed
TCK-5489,2025-03-01 02:17:37.063486247,2025-03-02 14:33:38.028322469,High,Operations,Access,Closed
TCK-5490,2025-06-06 14:36:26.443222606,2025-06-07 03:15:14.973589565,Medium,IT Support,Network,Closed
TCK-5491,2025-05-15 07:52:09.785838454,2025-05-15 13:35:12.973140407,Medium,Operations,Hardware,Closed
TCK-5492,2025-02-09 10:14:44.600257293,2025-02-09 20:52:22.121679492,Medium,Operations,Database,Closed
TCK-5493,2025-01-13 22:36:19.758961378,2025-01-15 03:37:06.483219376,High,Finance,Network,Closed
TCK-5494,2025-05-09 19:42:38.577654240,2025-05-10 05:44:12.452541757,Low,Finance,Access,Closed
TCK-5495,2025-03-12 07:50:06.068301477,2025-03-12 19:19:34.211678492,Medium,Operations,Hardware,Closed
TCK-5496,2025-05-18 21:27:56.146286576,2025-05-19 07:28:23.134790132,Medium,HR,Software,Closed
TCK-5497,2025-03-22 03:40:24.299979272,2025-03-22 11:09:05.580084212,Critical,IT Support,Database,Closed
TCK-5498,2025-03-04 06:43:49.526544843,2025-03-04 14:05:33.241359299,Medium,IT Support,Network,Closed
TCK-5499,2025-03-23 05:12:26.508519190,2025-03-23 17:29:45.899748762,Critical,HR,Hardware,Closed
TCK-5500,2025-05-15 17:46:29.345150364,2025-05-16 20:58:10.599496463,Medium,  Operations ,Access,Closed
TCK-5501,2025-06-12 09:35:29.896275898,2025-06-13 01:21:22.053626807,None,Operations,Access,Resolved
TCK-5502,2025-01-09 22:59:39.441345526,2025-01-10 06:00:25.875974104,High,IT Support,Hardware,Closed
TCK-5503,2025-04-05 08:09:42.689161606,2025-04-05 12:29:29.326353147,Medium,IT Support,Access,Closed
TCK-5504,2025-01-06 21:50:56.593112464,2025-01-07 21:32:51.475555553,Medium,HR,Database,Closed
TCK-5505,2025-03-26 07:31:45.244218827,2025-03-26 13:36:18.205995622,Medium,IT Support,Software,Closed
TCK-5506,2025-06-09 08:25:18.558114994,2025-06-09 22:38:56.597360814,High,Finance,Access,Closed
TCK-5507,2025-03-07 02:04:11.823368656,2025-03-07 11:31:32.129481119,Medium,IT Support,Access,Closed
TCK-5508,2025-06-17 20:11:08.948646164,2025-06-18 08:27:09.636231454,Medium,Operations,Software,Closed
TCK-5509,2025-04-24 12:13:42.951110278,2025-04-25 12:03:36.574138387,Medium,DevOps,Database,Closed
TCK-5510,2025-06-18 03:33:03.906668834,2025-06-18 13:13:25.235487292,High,IT Support,Database,Closed
TCK-5511,2025-05-17 06:57:35.358415506,2025-05-17 19:01:15.980790495,Low,HR,Database,Resolved
TCK-5512,2025-01-19 14:50:23.711721551,2025-01-20 17:50:27.015133511,Low,  IT Support ,Access,Resolved
TCK-5513,2025-02-11 14:34:26.068334753,2025-02-12 07:54:46.417566641,Low,Operations,Access,Closed
TCK-5514,2025-03-12 22:48:58.909682688,2025-03-13 23:19:53.412046411,Low,Operations,Database,Closed
TCK-5515,2025-01-31 14:51:42.229051806,2025-01-31 20:14:24.546669141,Medium,HR,Access,Closed
TCK-5516,2025-03-31 02:01:05.277486624,2025-03-31 13:43:24.587619376,High,Operations,Network,Closed
TCK-5517,2025-03-26 20:18:37.557469582,2025-03-27 14:18:47.835508269,Medium,DevOps,Access,Resolved
TCK-5518,2025-06-22 03:02:23.047721832,2025-06-22 08:18:51.103672296,Low,IT Support,Database,Closed
TCK-5519,2025-03-20 01:42:16.034798246,2025-03-20 12:10:02.455722075,Medium,IT Support,Hardware,Closed
TCK-5520,2025-05-22 09:54:28.060286942,2025-05-24 13:56:06.557095447,None,DevOps,Database,Closed
TCK-5521,2025-06-19 13:03:12.793530214,2025-06-20 10:26:18.583245901,Low,Operations,Hardware,Closed
TCK-5522,2025-06-07 20:35:30.299307422,2025-06-09 00:16:13.791528429,None,DevOps,Access,Resolved
TCK-5523,2025-02-07 13:26:38.896404276,2025-02-08 02:34:29.002251230,Low,Operations,Access,Closed
TCK-5524,2025-03-31 06:50:56.915431120,2025-04-02 01:36:12.890735649,Low,  Finance ,Hardware,Closed
TCK-5525,2025-03-04 14:14:09.094266237,2025-03-06 06:14:07.688483281,High,HR,Database,Closed
TCK-5526,2025-03-13 23:23:22.426773976,2025-03-15 01:36:04.083831758,Medium,Finance,Software,Closed
TCK-5527,2025-03-06 22:41:07.761773923,2025-03-09 00:16:10.257357617,High,DevOps,Software,Closed
TCK-5528,2025-05-29 17:52:18.436641666,2025-05-30 15:14:35.734628006,High,Operations,Database,Resolved
TCK-5529,2025-03-23 09:14:26.585264303,2025-03-23 21:38:32.038110743,Low,IT Support,Access,Closed
TCK-5530,2025-04-05 06:21:34.255069391,2025-04-05 11:06:28.239602053,Medium,IT Support,Hardware,Closed
TCK-5531,2025-06-26 20:10:21.296796104,2025-06-27 02:49:54.384820970,Medium,IT Support,Hardware,Resolved
TCK-5532,2025-01-11 19:06:37.641122463,2025-01-12 05:28:07.996676492,High,IT Support,Database,Closed
TCK-5533,2025-03-29 19:58:37.214025726,2025-03-30 22:00:47.492718411,Medium,HR,Database,Resolved
TCK-5534,2025-05-20 07:56:47.666425998,2025-05-20 19:54:12.339820263,Low,Operations,Network,Closed
TCK-5535,2025-01-28 05:01:10.773743299,2025-01-28 11:31:55.745499045,Medium,Operations,Hardware,Closed
TCK-5536,2025-04-21 01:48:59.359448964,2025-04-21 12:53:06.219058465,None,  HR ,Network,Closed
TCK-5537,2025-02-13 02:29:16.251320027,2025-02-14 08:18:55.930848968,Low,Operations,Access,Closed
TCK-5538,2025-06-06 03:11:08.768868474,2025-06-06 07:02:09.395627030,Low,IT Support,Hardware,Closed
TCK-5539,2025-02-28 21:04:13.996302033,2025-03-01 01:47:22.554374499,Low,IT Support,Database,Closed
TCK-5540,2025-03-01 05:33:04.928442946,2025-03-01 14:44:25.935143147,High,IT Support,Database,Closed
TCK-5541,2025-04-18 16:11:51.198710280,2025-04-19 09:11:00.594235997,Low,Operations,Access,Closed
TCK-5542,2025-02-03 00:59:30.347080820,2025-02-03 12:26:01.901673765,Low,IT Support,Software,Closed
TCK-5543,2025-02-21 06:43:08.112220405,2025-02-21 11:19:02.258960219,Medium,IT Support,Network,Closed
TCK-5544,2025-03-16 23:50:58.533057088,2025-03-17 11:55:11.820663794,Low,HR,Database,Closed
TCK-5545,2025-03-05 15:42:56.047554997,2025-03-07 12:15:00.511938823,Low,Finance,Hardware,Closed
TCK-5546,2025-04-05 11:28:10.494422818,2025-04-05 16:09:03.885916590,Medium,IT Support,Hardware,Resolved
TCK-5547,2025-04-18 22:26:43.520560562,2025-04-20 12:06:50.622933115,Medium,Operations,Hardware,Resolved
TCK-5548,2025-04-13 00:00:12.240722559,2025-04-13 10:33:32.656850962,Low,  Operations ,Access,Closed
TCK-5549,2025-04-28 18:00:25.588098530,2025-04-30 07:28:13.753902305,Low,Finance,Software,Closed
TCK-5550,2025-02-25 09:28:40.482284821,2025-02-26 11:12:14.619049061,Medium,DevOps,Network,Closed
TCK-5551,2025-01-23 18:09:40.684714996,2025-01-23 22:57:23.346316979,High,IT Support,Hardware,Resolved
TCK-5552,2025-05-17 22:41:18.884336110,2025-05-18 05:19:07.166832799,Medium,IT Support,Hardware,Resolved
TCK-5553,2025-06-03 03:22:16.510672366,2025-06-04 20:04:49.291760489,Medium,DevOps,Database,Resolved
TCK-5554,2025-02-16 06:16:00.923523266,2025-02-16 20:25:06.035255569,Low,HR,Software,Resolved
TCK-5555,2025-03-15 06:38:14.102169523,2025-03-16 14:07:30.895679618,Low,Operations,Database,Resolved
TCK-5556,2025-03-31 17:49:08.462217212,2025-04-02 06:43:12.479003146,High,Operations,Access,Closed
TCK-5557,2025-04-06 23:58:19.058493667,2025-04-07 09:56:05.076397012,Low,Operations,Access,Closed
TCK-5558,2025-04-29 16:59:51.140755162,2025-04-30 09:32:19.365101318,Medium,DevOps,Network,Closed
TCK-5559,2025-01-08 11:43:33.485141957,2025-01-09 03:52:14.317684065,High,DevOps,Access,Closed
TCK-5560,2025-05-10 20:46:51.590679434,2025-05-11 12:24:33.003494187,High,  Finance ,Network,Resolved
TCK-5561,2025-01-12 03:42:53.100543788,2025-01-12 18:28:42.524644348,High,IT Support,Database,Closed
TCK-5562,2025-03-26 07:00:23.804448441,2025-03-28 00:01:51.816974201,Medium,DevOps,Hardware,Closed
TCK-5563,2025-05-29 23:32:21.500372108,2025-05-30 06:00:42.266067552,Low,IT Support,Hardware,Closed
TCK-5564,2025-03-23 05:15:00.552105619,2025-03-23 13:42:11.153096082,None,IT Support,Software,Closed
TCK-5565,2025-01-27 20:04:03.772843789,2025-01-30 10:37:42.894546351,Critical,DevOps,Access,Closed
TCK-5566,2025-06-27 07:20:46.357532686,2025-06-28 05:24:46.628797789,Low,IT Support,Software,Closed
TCK-5567,2025-06-10 01:42:47.506178944,2025-06-10 11:23:24.928939821,High,IT Support,Software,Resolved
TCK-5568,2025-05-19 20:04:29.623915418,2025-05-19 22:19:25.537324218,Medium,IT Support,Hardware,Closed
TCK-5569,2025-03-16 01:43:48.448288520,2025-03-17 13:41:53.390410325,Medium,DevOps,Access,Closed
TCK-5570,2025-02-03 02:12:48.744582359,2025-02-04 06:56:16.469476946,Low,Operations,Hardware,Closed
TCK-5571,2025-06-19 10:53:46.693420532,2025-06-20 07:02:09.245423804,Medium,Operations,Software,Resolved
TCK-5572,2025-04-06 19:45:24.719594546,2025-04-07 07:58:47.704409709,Low,  IT Support ,Access,Resolved
TCK-5573,2025-06-03 10:10:32.119946168,2025-06-04 15:27:51.864727769,Medium,Finance,Hardware,Closed
TCK-5574,2025-03-03 13:51:01.529570589,2025-03-04 03:03:55.427798184,Low,Finance,Network,Closed
TCK-5575,2025-03-02 08:26:43.907219927,2025-03-02 17:33:44.514649102,Medium,HR,Network,Resolved
TCK-5576,2025-06-27 09:32:05.555442656,2025-06-27 21:37:42.057609946,Medium,HR,Database,Closed
TCK-5577,2025-04-04 22:19:07.570191904,2025-04-05 12:47:55.839468013,High,IT Support,Database,Closed
TCK-5578,2025-01-26 07:48:15.231882326,2025-01-27 04:56:29.962209743,Low,DevOps,Access,Resolved
TCK-5579,2025-02-09 12:59:40.592173689,2025-02-10 11:36:10.958804161,Critical,Operations,Database,Closed
TCK-5580,2025-03-28 17:59:57.433115593,2025-03-30 06:04:57.747893714,Medium,DevOps,Access,Resolved
TCK-5581,2025-01-08 15:28:27.599915773,2025-01-09 22:51:34.789142309,High,HR,Software,Closed
TCK-5582,2025-03-25 06:08:48.540603329,2025-03-26 06:08:29.482704635,Medium,Finance,Network,Closed
TCK-5583,2025-03-17 09:49:27.976030145,2025-03-17 20:00:47.833216342,High,Finance,Access,Resolved
TCK-5584,2025-05-21 06:43:57.598248660,2025-05-22 07:36:22.557379249,Medium,  Operations ,Software,Closed
TCK-5585,2025-03-05 21:20:57.431736688,2025-03-09 15:38:17.563080418,Medium,DevOps,Network,Closed
TCK-5586,2025-06-26 20:36:38.339463848,2025-06-27 16:53:11.626791347,Low,HR,Hardware,Resolved
TCK-5587,2025-02-02 12:55:33.784967645,2025-02-02 18:39:32.510950123,None,IT Support,Software,Closed
TCK-5588,2025-04-17 09:03:44.924624434,2025-04-17 19:32:30.289016300,High,Operations,Hardware,Closed
TCK-5589,2025-01-17 03:30:03.467072376,2025-01-17 18:42:52.368805958,Medium,Finance,Database,Closed
TCK-5590,2025-05-13 02:17:32.679074408,2025-05-15 03:18:09.268224436,Low,Operations,Access,Closed
TCK-5591,2025-06-29 01:20:09.356739782,2025-06-29 08:33:09.597769185,High,IT Support,Network,Resolved
TCK-5592,2025-05-28 10:40:44.094313384,2025-05-28 23:36:08.819998879,None,Operations,Database,Closed
TCK-5593,2025-04-11 00:38:21.465282125,2025-04-11 13:45:28.074483380,Low,HR,Software,Resolved
TCK-5594,2025-03-29 06:04:57.590280010,2025-03-29 18:12:06.599830518,Critical,HR,Database,Closed
TCK-5595,2025-05-31 07:19:45.957622002,2025-06-01 22:44:47.121077072,Low,Operations,Hardware,Closed
TCK-5596,2025-06-18 11:24:28.965421184,2025-06-19 02:09:39.123852283,None,  Finance ,Hardware,Closed
TCK-5597,2025-06-28 01:22:19.889211942,2025-06-28 16:42:39.691430079,High,IT Support,Access,Resolved
TCK-5598,2025-03-13 09:02:58.067082857,2025-03-14 00:08:35.961682123,Low,HR,Database,Closed
TCK-5599,2025-06-28 08:45:48.568004256,2025-06-29 00:18:21.635878014,Low,IT Support,Network,Resolved
TCK-5600,2025-01-29 01:36:05.073807427,2025-01-29 20:21:17.355398520,Medium,IT Support,Hardware,Closed
TCK-5601,2025-02-15 15:20:06.115293051,2025-02-16 16:53:46.100132018,Medium,Finance,Software,Closed
TCK-5602,2025-01-17 00:32:58.771861553,2025-01-18 03:01:53.032125000,Critical,DevOps,Database,Closed
TCK-5603,2025-02-18 21:54:37.408366658,2025-02-19 12:35:17.236443950,High,HR,Network,Closed
TCK-5604,2025-05-19 05:29:24.802763310,2025-05-20 04:51:22.891256926,Medium,Finance,Network,Closed
TCK-5605,2025-06-03 12:37:59.618391250,2025-06-04 02:10:16.585584560,Critical,DevOps,Network,Closed
TCK-5606,2025-05-21 04:48:58.416635194,2025-05-23 10:03:42.218641521,Medium,Finance,Network,Closed
TCK-5607,2025-04-24 14:12:14.982064012,2025-04-24 23:48:56.325801353,High,IT Support,Hardware,Closed
TCK-5608,2025-04-03 12:20:07.202752184,2025-04-04 05:39:55.109683837,High,  DevOps ,Access,Resolved
TCK-5609,2025-05-08 13:36:09.105850630,2025-05-08 18:39:10.779600665,Critical,HR,Database,Resolved
TCK-5610,2025-03-12 08:24:03.358203834,2025-03-12 12:50:07.996879060,Low,HR,Hardware,Closed
TCK-5611,2025-06-01 10:27:07.482523364,2025-06-01 22:56:48.484723604,Medium,IT Support,Access,Closed
TCK-5612,2025-05-02 21:27:40.341526966,2025-05-03 07:52:53.322256456,Medium,HR,Network,Closed
TCK-5613,2025-05-06 14:30:58.670985042,2025-05-06 21:17:13.467650172,Medium,IT Support,Software,Closed
TCK-5614,2025-04-07 11:14:36.565143316,2025-04-07 22:05:35.714260920,Medium,IT Support,Network,Closed
TCK-5615,2025-06-09 08:11:21.162452156,2025-06-09 19:09:35.279764647,High,HR,Access,Closed
TCK-5616,2025-02-15 08:42:13.138176624,2025-02-16 16:54:09.529994078,Low,Finance,Access,Resolved
TCK-5617,2025-03-10 14:33:28.305071061,2025-03-11 23:04:12.673720181,Medium,DevOps,Software,Closed
TCK-5618,2025-05-20 23:24:57.243627420,2025-05-21 13:01:51.490997137,Low,HR,Hardware,Resolved
TCK-5619,2025-03-30 16:40:30.832603460,2025-03-31 06:47:43.837540394,Low,DevOps,Software,Closed
TCK-5620,2025-06-10 01:24:16.336773016,2025-06-10 21:58:49.653679850,Medium,  DevOps ,Network,Closed
TCK-5621,2025-03-04 08:26:42.220951879,2025-03-05 17:33:30.790687971,Low,Finance,Database,Closed
TCK-5622,2025-03-08 11:30:22.785483115,2025-03-08 17:33:00.950747228,Low,IT Support,Hardware,Resolved
TCK-5623,2025-06-09 23:20:18.996540798,2025-06-11 08:13:29.721306106,Medium,Operations,Database,Closed
TCK-5624,2025-03-25 14:04:47.219471103,2025-03-29 18:16:54.317728169,Low,DevOps,Database,Closed
TCK-5625,2025-04-03 21:39:29.533517074,2025-04-04 22:39:01.510391109,Low,Operations,Hardware,Closed
TCK-5626,2025-03-01 21:32:21.300900486,2025-03-03 03:29:35.165905116,High,HR,Network,Closed
TCK-5627,2025-02-19 19:12:50.940769082,2025-02-20 21:01:24.465827697,High,Operations,Access,Closed
TCK-5628,2025-04-29 01:41:54.350958674,2025-04-29 15:28:43.466207395,Low,Operations,Network,Resolved
TCK-5629,2025-01-22 13:42:41.968288802,2025-01-23 09:36:22.474729338,Low,Operations,Access,Resolved
TCK-5630,2025-06-08 06:27:28.115676604,2025-06-09 05:43:03.403040596,Critical,IT Support,Access,Closed
TCK-5631,2025-05-21 06:09:27.182970958,2025-05-21 17:05:13.364785367,Low,HR,Hardware,Closed
TCK-5632,2025-02-04 08:01:56.997152644,2025-02-04 22:36:11.349567682,Medium,  Finance ,Hardware,Closed
TCK-5633,2025-05-05 22:09:58.197463640,2025-05-06 15:44:54.305218166,Medium,DevOps,Software,Closed
TCK-5634,2025-04-19 11:22:27.191834192,2025-04-19 18:59:53.600211591,High,IT Support,Database,Closed
TCK-5635,2025-02-03 05:11:29.109056289,2025-02-03 23:57:40.521828780,None,DevOps,Database,Closed
TCK-5636,2025-02-19 04:14:20.926093215,2025-02-20 13:02:00.047018818,Medium,HR,Database,Closed
TCK-5637,2025-03-15 14:49:18.106068593,2025-03-16 10:52:41.270285245,Medium,Operations,Database,Closed
TCK-5638,2025-05-06 20:43:43.018537608,2025-05-08 12:33:18.956563507,Medium,Finance,Software,Closed
TCK-5639,2025-04-25 23:17:06.453922076,2025-04-26 20:23:11.572414439,None,Finance,Access,Resolved
TCK-5640,2025-04-06 19:15:16.351068006,2025-04-07 12:47:02.767498253,Critical,DevOps,Software,Closed
TCK-5641,2025-05-19 07:32:00.766509460,2025-05-19 14:54:42.692517780,Medium,HR,Hardware,Closed
TCK-5642,2025-05-17 10:17:27.726355092,2025-05-18 05:58:43.252023466,High,DevOps,Network,Closed
TCK-5643,2025-04-22 05:09:05.563976204,2025-04-22 15:15:52.625581467,Low,IT Support,Access,Closed
TCK-5644,2025-05-22 15:47:49.776800802,2025-05-23 23:34:12.314968007,Medium,  Finance ,Access,Closed
TCK-5645,2025-03-02 04:01:04.004566262,2025-03-03 13:08:31.961804264,Low,Finance,Software,Closed
TCK-5646,2025-06-08 14:59:52.664473162,2025-06-08 23:32:55.869855533,Low,Operations,Hardware,Resolved
TCK-5647,2025-04-21 16:24:41.654391782,2025-04-22 00:54:35.394487926,Medium,IT Support,Hardware,Closed
TCK-5648,2025-05-29 00:36:37.366810920,2025-05-29 19:10:09.863184053,Critical,DevOps,Access,Resolved
TCK-5649,2025-04-09 07:55:32.637698496,2025-04-09 18:18:54.967354596,Medium,IT Support,Software,Closed
TCK-5650,2025-02-09 07:39:11.586063957,2025-02-09 18:27:13.862831241,Medium,IT Support,Database,Closed
TCK-5651,2025-04-08 15:12:42.321205055,2025-04-09 04:50:45.698990039,Low,Finance,Access,Closed
TCK-5652,2025-03-08 19:12:08.595053499,2025-03-09 18:14:34.663070414,Medium,HR,Database,Closed
TCK-5653,2025-05-06 13:11:45.008448894,2025-05-09 20:05:17.560281107,Medium,Finance,Network,Resolved
TCK-5654,2025-03-27 15:25:45.049058612,2025-03-28 12:59:07.086215132,Medium,HR,Hardware,Resolved
TCK-5655,2025-05-31 12:00:26.342235400,2025-05-31 19:50:33.703713004,Low,IT Support,Access,Closed
TCK-5656,2025-05-03 01:16:23.711630448,2025-05-03 22:11:12.716871346,Medium,  Finance ,Network,Closed
TCK-5657,2025-05-04 05:13:55.022503150,2025-05-04 21:26:43.362093253,Medium,Operations,Database,Closed
TCK-5658,2025-02-09 02:06:39.746453042,2025-02-09 07:55:18.228686227,Medium,IT Support,Access,Resolved
TCK-5659,2025-06-27 03:57:32.368472548,2025-06-28 07:45:15.976729092,Low,Finance,Network,Closed
TCK-5660,2025-06-01 12:02:12.854590192,2025-06-01 22:13:27.083827397,Medium,Operations,Access,Resolved
TCK-5661,2025-05-23 00:30:03.964687922,2025-05-23 07:29:54.207009198,Medium,Operations,Network,Resolved
TCK-5662,2025-03-01 10:31:47.181688746,2025-03-02 02:22:39.952940859,High,HR,Network,Closed
TCK-5663,2025-04-07 09:55:43.465080150,2025-04-08 10:41:24.831462615,High,Finance,Database,Closed
TCK-5664,2025-01-25 16:17:08.780931959,2025-01-26 10:41:57.647285925,Critical,Finance,Hardware,Closed
TCK-5665,2025-04-07 22:12:58.389058404,2025-04-08 11:07:02.916941251,Medium,Finance,Software,Closed
TCK-5666,2025-01-27 06:14:29.561308083,2025-01-27 16:03:59.844948252,Low,IT Support,Network,Closed
TCK-5667,2025-04-10 13:07:24.549726278,2025-04-11 04:03:23.998555382,High,Finance,Hardware,Closed
TCK-5668,2025-04-27 18:28:42.680169092,2025-04-28 11:16:13.698812449,Medium,  Operations ,Software,Closed
TCK-5669,2025-03-12 05:38:47.682670482,2025-03-14 01:09:02.833962409,Low,Operations,Database,Closed
TCK-5670,2025-03-31 17:42:49.947808272,2025-04-01 13:22:43.696030646,High,HR,Access,Closed
TCK-5671,2025-06-07 14:49:21.485115160,2025-06-08 06:27:22.356702701,Low,DevOps,Hardware,Resolved
TCK-5672,2025-01-20 12:59:34.026418091,2025-01-21 01:56:41.091930015,Low,Finance,Access,Closed
TCK-5673,2025-05-23 12:17:09.951930602,2025-05-23 21:27:23.220394847,High,IT Support,Access,Resolved
TCK-5674,2025-01-31 17:39:34.777092846,2025-02-01 00:47:55.406163006,High,HR,Software,Resolved
TCK-5675,2025-01-07 14:34:42.548577580,2025-01-08 01:58:22.489372875,High,DevOps,Hardware,Closed
TCK-5676,2025-02-03 09:40:56.221890983,2025-02-03 20:46:28.541633078,Low,IT Support,Network,Resolved
TCK-5677,2025-05-18 16:59:11.690421056,2025-05-20 05:22:56.792937599,High,DevOps,Software,Closed
TCK-5678,2025-03-14 22:08:40.692534847,2025-03-15 20:41:35.485620756,High,Operations,Hardware,Closed
TCK-5679,2025-06-07 01:17:19.077991820,2025-06-07 21:49:07.234512446,High,Operations,Network,Closed
TCK-5680,2025-04-05 10:44:11.680466598,2025-04-05 18:57:48.565918004,High,  IT Support ,Access,Closed
TCK-5681,2025-01-05 00:07:17.473158299,2025-01-05 06:13:32.479565084,Medium,IT Support,Database,Closed
TCK-5682,2025-05-10 00:12:10.056529164,2025-05-11 16:19:48.016821594,Low,DevOps,Database,Resolved
TCK-5683,2025-01-20 20:12:22.196432611,2025-01-21 14:28:17.593552386,High,IT Support,Software,Resolved
TCK-5684,2025-05-23 02:07:12.059599848,2025-05-23 21:11:20.091231906,Medium,Finance,Network,Closed
TCK-5685,2025-01-31 06:12:10.854570159,2025-01-31 14:43:36.829421216,Low,HR,Network,Closed
TCK-5686,2025-03-04 04:19:42.192047345,2025-03-04 09:08:49.551454426,High,IT Support,Database,Closed
TCK-5687,2025-05-18 00:41:33.273533604,2025-05-18 06:12:11.979818011,Medium,IT Support,Network,Closed
TCK-5688,2025-06-21 18:16:46.071473310,2025-06-22 14:11:54.254200131,Medium,Operations,Hardware,Closed
TCK-5689,2025-03-08 20:35:40.800457981,2025-03-09 07:13:47.680052799,Medium,DevOps,Hardware,Resolved
TCK-5690,2025-05-30 07:00:32.224533848,2025-05-31 00:41:45.250729854,Low,HR,Database,Closed
TCK-5691,2025-02-04 08:13:21.312680243,2025-02-05 03:48:57.954379670,Low,HR,Access,Closed
TCK-5692,2025-05-26 07:00:59.786189140,2025-05-26 12:47:43.606322424,High,  HR ,Access,Closed
TCK-5693,2025-04-29 08:22:27.609553216,2025-04-29 19:24:22.070828229,Low,Operations,Access,Resolved
TCK-5694,2025-02-04 16:39:07.024166754,2025-02-05 07:25:44.784687772,Low,HR,Database,Closed
TCK-5695,2025-02-24 10:49:01.591385153,2025-02-25 15:40:16.376532340,None,DevOps,Software,Resolved
TCK-5696,2025-01-24 17:15:00.859461104,2025-01-25 16:35:26.696680405,Low,Operations,Network,Closed
TCK-5697,2025-03-10 22:25:02.956072200,2025-03-11 15:11:27.742483146,Medium,Operations,Hardware,Resolved
TCK-5698,2025-02-06 15:45:43.666749210,2025-02-07 07:45:35.730283519,Critical,IT Support,Hardware,Closed
TCK-5699,2025-04-26 22:04:16.174861124,2025-04-28 00:28:19.833478383,Medium,DevOps,Software,Closed
TCK-5700,2025-06-29 00:15:43.380838130,2025-06-29 05:27:41.341303198,High,IT Support,Network,Closed
TCK-5701,2025-01-03 03:52:46.504286475,2025-01-03 08:52:26.846750912,None,IT Support,Access,Resolved
TCK-5702,2025-04-08 08:46:24.936244069,2025-04-09 10:46:25.823062923,High,Operations,Hardware,Closed
TCK-5703,2025-04-14 06:14:22.925082199,2025-04-15 00:30:29.792335941,Medium,Operations,Access,Closed
TCK-5704,2025-06-14 13:22:55.097115986,2025-06-15 08:52:33.019136376,Medium,  HR ,Access,Closed
TCK-5705,2025-04-02 01:56:34.966295413,2025-04-02 21:14:13.994721285,Medium,HR,Database,Closed
TCK-5706,2025-04-08 20:47:24.478317756,2025-04-09 05:42:51.004079958,High,Finance,Database,Closed
TCK-5707,2025-03-26 21:32:24.366259100,2025-03-27 02:20:48.729989470,High,IT Support,Network,Closed
TCK-5708,2025-02-18 09:39:59.744540158,2025-02-19 00:22:26.904945576,High,Finance,Hardware,Closed
TCK-5709,2025-01-11 02:02:45.080287105,2025-01-11 14:00:54.328695671,Medium,Operations,Database,Resolved
TCK-5710,2025-03-15 13:24:04.273727371,2025-03-16 00:54:33.979189775,Medium,HR,Network,Closed
TCK-5711,2025-01-10 11:11:42.560735032,2025-01-11 10:35:49.362509487,Low,HR,Software,Closed
TCK-5712,2025-04-10 02:07:38.885133954,2025-04-10 17:36:13.426860534,Low,IT Support,Access,Closed
TCK-5713,2025-02-25 07:30:30.739704143,2025-02-26 04:40:15.507720403,High,Finance,Hardware,Closed
TCK-5714,2025-04-07 01:09:44.548523453,2025-04-07 17:02:13.735996534,Low,Operations,Hardware,Resolved
TCK-5715,2025-01-25 04:09:46.390273943,2025-01-25 14:08:32.306950651,Low,HR,Network,Closed
TCK-5716,2025-06-17 20:57:41.227178522,2025-06-18 15:46:56.308091782,High,  Operations ,Database,Closed
TCK-5717,2025-06-11 00:19:54.379688588,2025-06-12 10:38:07.011311305,Low,DevOps,Access,Closed
TCK-5718,2025-02-04 04:47:05.711113928,2025-02-05 02:02:15.109466645,Critical,HR,Access,Resolved
TCK-5719,2025-03-03 19:40:45.493788442,2025-03-05 17:53:23.214349948,Low,DevOps,Hardware,Resolved
TCK-5720,2025-04-21 10:17:19.587841986,2025-04-21 14:46:48.926679495,Critical,HR,Hardware,Closed
TCK-5721,2025-01-18 05:21:51.896021454,2025-01-18 13:14:24.745480430,Medium,IT Support,Access,Closed
TCK-5722,2025-03-05 19:43:58.753998377,2025-03-06 12:42:51.644315279,Low,IT Support,Software,Resolved
TCK-5723,2025-02-15 04:48:18.284609182,2025-02-15 16:12:41.731117777,Medium,HR,Network,Closed
TCK-5724,2025-06-14 19:01:56.165002066,2025-06-15 10:03:24.628449052,Critical,IT Support,Software,Closed
TCK-5725,2025-06-03 10:50:45.415569718,2025-06-03 18:08:18.253870925,Medium,IT Support,Database,Resolved
TCK-5726,2025-04-15 08:52:38.792182264,2025-04-16 18:42:39.087960816,Medium,DevOps,Software,Closed
TCK-5727,2025-04-04 15:53:46.231026721,2025-04-05 05:46:23.180140405,None,Finance,Software,Closed
TCK-5728,2025-06-17 12:44:07.556770018,2025-06-18 02:52:33.652953308,Low,  Finance ,Database,Closed
TCK-5729,2025-06-17 20:05:16.880886536,2025-06-18 08:18:17.356311288,High,IT Support,Network,Closed
TCK-5730,2025-06-24 11:30:22.109469022,2025-06-25 00:42:58.165825881,Low,IT Support,Access,Resolved
TCK-5731,2025-01-23 13:38:12.405650534,2025-01-23 22:14:59.451435884,Medium,IT Support,Software,Closed
TCK-5732,2025-01-29 21:36:35.072988823,2025-01-30 10:52:18.664164060,Low,Finance,Network,Closed
TCK-5733,2025-05-02 19:30:09.137869596,2025-05-04 03:11:20.396434919,Medium,DevOps,Database,Resolved
TCK-5734,2025-04-08 10:59:48.980236309,2025-04-09 13:37:19.825724718,Low,HR,Network,Closed
TCK-5735,2025-01-04 07:46:21.752899605,2025-01-05 04:05:25.982800488,Low,IT Support,Software,Resolved
TCK-5736,2025-01-12 03:43:55.759709005,2025-01-12 19:05:45.644287591,Medium,Operations,Access,Resolved
TCK-5737,2025-06-09 20:30:26.104888938,2025-06-10 02:41:58.417318703,Medium,HR,Database,Closed
TCK-5738,2025-06-06 09:31:18.612228536,2025-06-07 07:08:15.432746517,Medium,HR,Database,Closed
TCK-5739,2025-03-06 07:24:37.378882494,2025-03-06 23:05:25.615668035,Medium,Operations,Software,Resolved
TCK-5740,2025-06-10 09:20:19.194503674,2025-06-12 00:35:53.392408076,Low,  Finance ,Network,Closed
TCK-5741,2025-04-17 20:40:34.757036168,2025-04-18 06:27:32.010631269,Critical,IT Support,Access,Closed
TCK-5742,2025-05-26 01:30:44.622437962,2025-05-26 06:58:38.228745228,Medium,IT Support,Database,Resolved
TCK-5743,2025-03-18 22:30:08.018683652,2025-03-20 06:25:05.840823302,Low,DevOps,Software,Closed
TCK-5744,2025-01-21 09:52:50.786868020,2025-01-22 02:13:51.225357828,Medium,IT Support,Software,Closed
TCK-5745,2025-03-20 01:42:03.278270844,2025-03-20 09:35:24.240175467,High,IT Support,Hardware,Resolved
TCK-5746,2025-03-24 07:32:06.458447756,2025-03-24 12:36:06.101724076,Low,IT Support,Hardware,Closed
TCK-5747,2025-04-10 04:04:44.102609057,2025-04-10 07:55:11.859274359,Low,IT Support,Network,Closed
TCK-5748,2025-01-20 00:07:02.351089664,2025-01-20 09:46:09.359056739,High,HR,Software,Resolved
TCK-5749,2025-06-28 10:51:21.774147558,2025-06-29 06:48:48.772288687,Medium,Finance,Network,Closed
TCK-5750,2025-02-13 22:40:15.837189007,2025-02-14 20:04:04.329084473,Medium,HR,Network,Closed
TCK-5751,2025-02-05 17:44:46.979808869,2025-02-06 01:51:14.790386955,Critical,HR,Access,Closed
TCK-5752,2025-04-05 19:47:18.994047525,2025-04-07 10:55:57.471098085,Low,  Operations ,Hardware,Resolved
TCK-5753,2025-04-07 16:44:21.605949308,2025-04-08 01:57:47.569935827,Medium,Operations,Network,Closed
TCK-5754,2025-03-21 04:01:32.114782615,2025-03-25 07:28:59.055177045,Low,DevOps,Access,Closed
TCK-5755,2025-05-19 22:34:26.659650358,2025-05-23 00:02:04.098948348,Low,DevOps,Access,Closed
TCK-5756,2025-04-03 23:56:49.240131229,2025-04-04 09:04:07.133482197,Low,IT Support,Hardware,Closed
TCK-5757,2025-04-20 17:53:03.718414792,2025-04-21 04:38:00.645586210,Medium,Finance,Hardware,Closed
TCK-5758,2025-05-11 06:35:03.785861882,2025-05-11 20:23:46.595739573,Low,HR,Software,Closed
TCK-5759,2025-01-05 12:06:30.379521253,2025-01-06 13:39:23.886775724,Medium,DevOps,Network,Resolved
TCK-5760,2025-04-13 17:10:58.326940536,2025-04-14 00:41:30.620215858,None,HR,Access,Closed
TCK-5761,2025-06-09 03:43:12.416543600,2025-06-10 15:34:31.577059985,High,DevOps,Software,Resolved
TCK-5762,2025-01-04 03:07:09.729976348,2025-01-04 19:20:57.155695988,Low,Finance,Network,Closed
TCK-5763,2025-03-14 22:23:12.078312547,2025-03-15 04:19:55.420470384,Low,IT Support,Network,Closed
TCK-5764,2025-06-16 17:18:09.305601068,2025-06-17 09:33:35.023864954,Medium,  Operations ,Software,Resolved
TCK-5765,2025-03-05 13:37:37.264298028,2025-03-06 12:52:56.321450083,Medium,DevOps,Access,Closed
TCK-5766,2025-03-24 13:42:30.673962146,2025-03-28 05:20:00.411408616,None,DevOps,Software,Closed
TCK-5767,2025-06-26 16:15:31.744625152,2025-06-26 22:45:41.262640587,None,IT Support,Network,Closed
TCK-5768,2025-02-05 21:04:44.654399323,2025-02-07 03:37:17.046025761,Medium,Finance,Software,Resolved
TCK-5769,2025-01-12 17:54:08.701272092,2025-01-13 09:10:26.918488583,Low,HR,Software,Closed
TCK-5770,2025-06-04 16:42:20.133075004,2025-06-05 02:50:42.427573595,Critical,IT Support,Network,Closed
TCK-5771,2025-06-06 07:46:12.986534756,2025-06-07 01:22:05.844007765,High,HR,Hardware,Closed
TCK-5772,2025-03-26 23:22:34.484943565,2025-03-27 12:34:59.680889750,Medium,IT Support,Access,Resolved
TCK-5773,2025-04-03 13:22:29.977470756,2025-04-04 17:21:58.900097058,Medium,Finance,Network,Resolved
TCK-5774,2025-05-31 10:41:00.660296586,2025-06-01 02:34:24.653518012,Medium,HR,Hardware,Closed
TCK-5775,2025-05-13 22:34:37.314696846,2025-05-14 23:48:14.224288051,Critical,Finance,Software,Closed
TCK-5776,2025-02-17 17:26:37.282478949,2025-02-18 01:22:31.112623738,Low,  IT Support ,Hardware,Resolved
TCK-5777,2025-01-04 00:58:45.458072255,2025-01-04 09:58:49.295964220,High,HR,Network,Resolved
TCK-5778,2025-03-28 08:18:16.927721703,2025-03-28 16:32:59.670338260,Low,IT Support,Network,Closed
TCK-5779,2025-06-04 14:30:04.495439414,2025-06-05 00:05:27.769139209,Critical,IT Support,Software,Closed
TCK-5780,2025-06-11 06:00:20.891885402,2025-06-11 16:23:56.288251251,Medium,IT Support,Network,Resolved
TCK-5781,2025-06-22 02:53:49.816928346,2025-06-22 12:11:56.317695768,Low,IT Support,Database,Closed
TCK-5782,2025-06-08 07:42:47.471353974,2025-06-08 23:44:02.718928719,Low,Operations,Hardware,Closed
TCK-5783,2025-04-15 09:47:17.371996026,2025-04-15 18:02:56.394051711,Medium,IT Support,Database,Closed
TCK-5784,2025-03-22 00:41:46.279319840,2025-03-22 11:27:44.875487959,Low,HR,Database,Resolved
TCK-5785,2025-05-20 11:21:04.813298310,2025-05-21 03:57:31.786965325,Medium,HR,Hardware,Closed
TCK-5786,2025-05-14 04:01:46.057653756,2025-05-15 07:47:04.765713777,Low,DevOps,Network,Closed
TCK-5787,2025-04-07 20:46:46.624626778,2025-04-09 06:42:30.727531080,Low,DevOps,Hardware,Closed
TCK-5788,2025-01-16 17:15:15.298029311,2025-01-17 16:40:31.777487108,Medium,  HR ,Software,Closed
TCK-5789,2025-06-16 16:40:17.105230160,2025-06-17 02:37:52.583105684,Medium,HR,Database,Closed
TCK-5790,2025-03-24 00:12:10.663225849,2025-03-24 11:39:28.149322994,Medium,IT Support,Database,Closed
TCK-5791,2025-03-07 09:36:06.976361742,2025-03-08 17:07:15.575593109,Medium,DevOps,Network,Closed
TCK-5792,2025-04-24 07:43:52.129664738,2025-04-25 07:04:57.676056885,Medium,IT Support,Hardware,Closed
TCK-5793,2025-05-02 06:58:47.972068826,2025-05-02 14:36:31.252207579,Medium,IT Support,Access,Closed
TCK-5794,2025-02-07 22:10:18.485655247,2025-02-08 10:12:17.094169930,Low,IT Support,Network,Closed
TCK-5795,2025-05-31 15:34:32.914484438,2025-06-01 05:53:06.858878218,Low,HR,Network,Resolved
TCK-5796,2025-02-22 04:31:41.680637300,2025-02-22 08:46:26.310736503,Low,IT Support,Network,Resolved
TCK-5797,2025-02-03 14:28:28.415819453,2025-02-04 09:21:31.738150209,Medium,Finance,Hardware,Closed
TCK-5798,2025-03-15 03:38:50.511593144,2025-03-15 16:50:54.545576451,Medium,IT Support,Network,Resolved
TCK-5799,2025-05-12 12:01:10.378117380,2025-05-13 02:31:03.899359705,Medium,Operations,Software,Resolved
TCK-5800,2025-06-23 18:46:45.591095822,2025-06-23 21:34:48.802983495,High,  IT Support ,Software,Resolved
TCK-5801,2025-05-26 16:05:42.223504530,2025-05-27 00:27:45.509702424,Low,IT Support,Database,Closed
TCK-5802,2025-06-19 06:18:17.969526822,2025-06-20 00:15:32.765360420,Medium,DevOps,Database,Resolved
TCK-5803,2025-01-26 07:25:01.464998144,2025-01-26 16:29:46.223724640,Low,IT Support,Hardware,Closed
TCK-5804,2025-01-13 19:29:01.575927901,2025-01-16 00:41:37.635241580,High,Finance,Access,Closed
TCK-5805,2025-04-11 09:17:04.457172550,2025-04-12 11:43:49.628287805,Medium,Operations,Database,Closed
TCK-5806,2025-02-22 06:05:06.456300822,2025-02-23 00:24:44.889791108,High,IT Support,Database,Closed
TCK-5807,2025-05-30 01:11:50.939618132,2025-05-31 00:36:32.663186110,Critical,DevOps,Database,Closed
TCK-5808,2025-05-01 22:59:15.376048974,2025-05-02 06:54:01.492945166,High,IT Support,Database,Closed
TCK-5809,2025-06-24 17:32:44.406307076,2025-06-25 11:56:05.895069159,High,DevOps,Network,Resolved
TCK-5810,2025-02-15 20:42:10.716333243,2025-02-16 02:44:26.899227546,Low,IT Support,Database,Closed
TCK-5811,2025-03-29 10:35:14.546452574,2025-03-30 06:05:23.695707358,Low,DevOps,Hardware,Closed
TCK-5812,2025-04-01 05:21:31.904919094,2025-04-01 09:46:52.897465496,Critical,  IT Support ,Network,Closed
TCK-5813,2025-02-13 01:14:37.513621914,2025-02-14 12:52:39.892108964,Critical,Operations,Network,Closed
TCK-5814,2025-04-17 05:12:12.548837496,2025-04-17 13:48:41.378791843,Medium,Finance,Hardware,Resolved
TCK-5815,2025-03-21 18:59:43.655504333,2025-03-24 08:29:47.968877744,Medium,DevOps,Access,Closed
TCK-5816,2025-03-22 09:50:13.638754515,2025-03-24 19:38:19.442450273,High,DevOps,Database,Closed
TCK-5817,2025-03-07 07:01:20.349268065,2025-03-08 14:28:39.651769400,Low,Finance,Software,Closed
TCK-5818,2025-01-04 01:08:05.288921921,2025-01-04 18:53:27.533476471,Low,DevOps,Access,Closed
TCK-5819,2025-04-04 23:27:05.124498799,2025-04-05 03:18:17.679850445,Medium,IT Support,Database,Closed
TCK-5820,2025-03-02 08:16:14.340811550,2025-03-02 14:43:55.806731691,Low,IT Support,Software,Closed
TCK-5821,2025-01-01 05:42:06.602444295,2025-01-01 17:19:14.362577797,Medium,IT Support,Network,Closed
TCK-5822,2025-02-25 10:19:00.541558367,2025-02-26 00:32:18.908137723,High,HR,Network,Resolved
TCK-5823,2025-02-20 03:40:27.836211900,2025-02-20 12:06:06.594985460,Low,HR,Network,Resolved
TCK-5824,2025-03-12 19:41:45.678933984,2025-03-14 03:39:20.416699078,Critical,  Operations ,Database,Closed
TCK-5825,2025-01-24 17:36:02.142934109,2025-01-25 13:19:58.489750946,None,IT Support,Hardware,Resolved
TCK-5826,2025-04-02 09:11:38.840724833,2025-04-03 01:15:57.667440247,High,Operations,Network,Resolved
TCK-5827,2025-05-05 15:20:32.362361956,2025-05-06 00:19:11.787947065,None,IT Support,Network,Closed
TCK-5828,2025-04-24 10:24:05.969936712,2025-04-24 17:04:46.747849742,Medium,HR,Network,Resolved
TCK-5829,2025-05-25 16:13:16.944596052,2025-05-26 06:51:10.432087456,Medium,Operations,Database,Resolved
TCK-5830,2025-03-23 08:40:32.894775086,2025-03-24 16:17:56.651355756,High,Finance,Software,Resolved
TCK-5831,2025-04-04 10:28:34.590243453,2025-04-05 15:43:57.949848480,Medium,Finance,Access,Closed
TCK-5832,2025-05-26 20:56:10.984238908,2025-05-27 10:54:04.161456036,Medium,Operations,Network,Closed
TCK-5833,2025-03-18 23:40:08.608580798,2025-03-19 07:04:47.649016441,Medium,IT Support,Access,Resolved
TCK-5834,2025-05-07 06:54:33.089638532,2025-05-07 21:18:09.154574660,Medium,Operations,Hardware,Closed
TCK-5835,2025-03-20 05:28:56.038302209,2025-03-20 12:52:38.829266206,High,IT Support,Hardware,Closed
TCK-5836,2025-03-17 04:37:13.297043822,2025-03-17 22:10:01.004419834,Medium,  HR ,Hardware,Closed
TCK-5837,2025-05-17 20:05:17.872677502,2025-05-18 01:23:51.609222277,High,HR,Network,Closed
TCK-5838,2025-02-01 11:17:43.709330516,2025-02-01 19:29:07.046190548,Medium,IT Support,Access,Closed
TCK-5839,2025-03-02 22:41:29.035635352,2025-03-03 08:49:00.723977089,Medium,IT Support,Software,Closed
TCK-5840,2025-02-10 08:25:27.247967816,2025-02-11 07:43:51.702643602,Low,DevOps,Database,Closed
TCK-5841,2025-03-06 15:21:17.833032071,2025-03-07 15:44:54.782466891,High,DevOps,Access,Closed
TCK-5842,2025-02-11 11:13:09.237436405,2025-02-11 22:33:21.336766750,Low,HR,Database,Closed
TCK-5843,2025-04-15 07:01:56.374659654,2025-04-15 13:43:18.623878812,None,IT Support,Access,Closed
TCK-5844,2025-05-24 16:05:52.322312730,2025-05-25 00:37:22.476660858,High,IT Support,Network,Closed
TCK-5845,2025-05-22 14:10:06.328060810,2025-05-23 05:18:52.302812319,Medium,HR,Software,Closed
TCK-5846,2025-03-07 14:38:39.000662820,2025-03-08 01:29:22.011945291,None,DevOps,Network,Closed
TCK-5847,2025-06-27 23:26:41.832467558,2025-06-28 11:13:34.207969415,Medium,IT Support,Hardware,Closed
TCK-5848,2025-04-17 21:27:03.079904614,2025-04-18 18:38:38.088716348,Low,  Finance ,Software,Closed
TCK-5849,2025-03-13 21:24:33.493256040,2025-03-14 19:45:11.082649199,Medium,IT Support,Access,Resolved
TCK-5850,2025-05-31 09:31:46.870762648,2025-06-01 02:36:50.536621551,Low,DevOps,Network,Resolved
TCK-5851,2025-05-12 09:03:20.644618352,2025-05-12 18:15:33.273236296,Medium,HR,Database,Closed
TCK-5852,2025-05-15 20:52:10.038288472,2025-05-16 19:00:20.705002621,Medium,Finance,Network,Closed
TCK-5853,2025-02-05 07:19:19.167061171,2025-02-06 00:46:51.530257807,High,HR,Network,Resolved
TCK-5854,2025-03-26 07:09:39.628195769,2025-03-26 13:56:52.316972783,Medium,Operations,Access,Closed
TCK-5855,2025-06-05 03:05:51.090584222,2025-06-05 08:42:46.597578889,Medium,IT Support,Access,Closed
TCK-5856,2025-04-01 17:26:39.094642433,2025-04-02 04:52:05.899253594,Low,IT Support,Hardware,Closed
TCK-5857,2025-05-04 00:30:57.065684176,2025-05-04 19:48:44.569812668,Medium,DevOps,Software,Closed
TCK-5858,2025-04-16 19:52:25.416148882,2025-04-19 09:22:17.272733027,Low,DevOps,Network,Closed
TCK-5859,2025-06-01 14:58:52.762596278,2025-06-02 15:41:14.298197779,Low,DevOps,Database,Closed
TCK-5860,2025-02-21 05:18:10.179972443,2025-02-21 16:47:01.435355691,High,  Operations ,Access,Closed
TCK-5861,2025-04-14 14:03:11.521688746,2025-04-15 23:17:40.461096779,Low,Finance,Access,Closed
TCK-5862,2025-01-23 04:22:25.556888471,2025-01-23 23:21:46.981807581,Low,IT Support,Hardware,Closed
TCK-5863,2025-05-05 05:42:37.999230124,2025-05-05 23:11:50.087879730,Low,HR,Software,Closed
TCK-5864,2025-05-12 18:06:03.822061378,2025-05-13 20:46:07.884695794,Medium,HR,Hardware,Closed
TCK-5865,2025-01-08 17:03:26.019131303,2025-01-10 10:40:54.292856365,High,Operations,Access,Closed
TCK-5866,2025-05-02 15:25:01.066342424,2025-05-03 00:22:22.309297921,None,HR,Database,Closed
TCK-5867,2025-03-16 15:27:41.277586309,2025-03-17 05:03:01.735732529,High,IT Support,Hardware,Closed
TCK-5868,2025-01-23 08:05:54.617257779,2025-01-23 16:30:06.860808919,Medium,Operations,Network,Closed
TCK-5869,2025-03-17 14:00:02.181806568,2025-03-18 20:17:59.637101137,Low,Finance,Access,Resolved
TCK-5870,2025-02-04 23:05:10.522625686,2025-02-05 12:47:19.755528752,Low,HR,Access,Closed
TCK-5871,2025-03-16 19:13:01.843581819,2025-03-17 11:02:29.012071539,Medium,IT Support,Hardware,Resolved
TCK-5872,2025-03-11 04:20:40.562811023,2025-03-11 19:37:09.155906078,Medium,  IT Support ,Database,Closed
TCK-5873,2025-05-13 21:51:06.737629566,2025-05-14 09:09:13.048117650,Medium,IT Support,Hardware,Closed
TCK-5874,2025-05-20 08:36:40.360603212,2025-05-20 18:28:44.553651933,Low,IT Support,Database,Closed
TCK-5875,2025-04-20 06:21:49.632988470,2025-04-21 05:34:23.366643822,Low,Operations,Access,Closed
TCK-5876,2025-01-05 02:00:25.769621424,2025-01-05 20:34:18.373203435,Low,Operations,Hardware,Closed
TCK-5877,2025-06-17 14:00:58.484112098,2025-06-18 07:28:25.768910469,High,Operations,Software,Resolved
TCK-5878,2025-05-04 12:31:39.972059954,2025-05-05 17:44:18.068295651,Low,HR,Hardware,Closed
TCK-5879,2025-01-07 03:43:27.637174328,2025-01-09 09:14:51.701048368,Medium,Finance,Hardware,Closed
TCK-5880,2025-05-28 09:21:29.248577960,2025-05-28 17:16:36.839789501,Low,IT Support,Software,Closed
TCK-5881,2025-02-06 01:08:59.238174276,2025-02-06 17:08:28.801385833,Medium,HR,Software,Closed
TCK-5882,2025-04-15 06:14:07.940209852,2025-04-16 07:45:23.456352752,Low,Finance,Network,Closed
TCK-5883,2025-03-25 23:51:37.721465310,2025-03-26 03:39:26.998850670,Low,IT Support,Software,Closed
TCK-5884,2025-03-17 13:42:12.743186153,2025-03-17 20:53:14.937417709,Low,  IT Support ,Database,Closed
TCK-5885,2025-06-10 03:33:47.775374630,2025-06-13 00:32:41.411863501,Low,DevOps,Network,Resolved
TCK-5886,2025-03-20 17:24:02.806381784,2025-03-21 03:09:40.971763053,Low,HR,Database,Closed
TCK-5887,2025-01-14 13:29:11.716497640,2025-01-16 17:17:58.965284817,High,Operations,Network,Closed
TCK-5888,2025-06-20 09:28:45.485646942,2025-06-21 00:45:10.636470461,Low,IT Support,Network,Closed
TCK-5889,2025-06-15 16:42:43.916238688,2025-06-16 14:42:50.124163000,Low,Operations,Database,Closed
TCK-5890,2025-05-04 04:44:57.188373024,2025-05-04 23:32:44.109648440,Medium,HR,Access,Closed
TCK-5891,2025-03-26 05:17:44.597509253,2025-03-26 10:40:08.875424918,Medium,IT Support,Access,Resolved
TCK-5892,2025-01-17 17:09:10.523217642,2025-01-18 08:55:02.541901232,Low,Operations,Hardware,Closed
TCK-5893,2025-05-23 08:01:54.740116910,2025-05-24 01:30:24.389742985,Medium,IT Support,Access,Closed
TCK-5894,2025-01-14 14:03:52.525122498,2025-01-15 00:30:29.031872037,High,HR,Hardware,Closed
TCK-5895,2025-01-13 08:21:22.517089305,2025-01-13 22:48:19.272568474,Low,IT Support,Access,Resolved
TCK-5896,2025-04-07 17:29:53.517617052,2025-04-07 21:46:04.476069249,Medium,  IT Support ,Hardware,Closed
TCK-5897,2025-01-29 19:45:14.391351524,2025-01-30 00:25:23.498012860,Low,IT Support,Hardware,Closed
TCK-5898,2025-01-02 09:23:41.117677107,2025-01-03 07:23:18.631469960,Low,IT Support,Software,Closed
TCK-5899,2025-03-18 03:51:00.078846468,2025-03-19 10:40:01.516882251,None,DevOps,Hardware,Closed
TCK-5900,2025-01-25 16:46:42.385999745,2025-01-25 23:16:19.325978188,Low,IT Support,Database,Closed
TCK-5901,2025-01-29 21:25:35.738445310,2025-01-31 01:29:38.743978010,Low,HR,Database,Closed
TCK-5902,2025-01-14 20:15:14.253611924,2025-01-15 12:06:03.267233481,None,IT Support,Hardware,Closed
TCK-5903,2025-02-06 22:00:18.057909582,2025-02-07 20:30:26.477327185,High,HR,Database,Closed
TCK-5904,2025-05-09 18:53:29.963851302,2025-05-10 18:12:19.038288654,Medium,DevOps,Access,Closed
TCK-5905,2025-05-26 14:33:57.481851092,2025-05-26 21:55:47.990866232,Medium,IT Support,Database,Closed
TCK-5906,2025-03-23 10:56:43.231943684,2025-03-24 23:10:20.030151708,High,DevOps,Software,Resolved
TCK-5907,2025-04-02 04:18:44.944587808,2025-04-02 16:20:26.981685243,High,IT Support,Database,Closed
TCK-5908,2025-01-06 21:04:11.098009038,2025-01-07 16:04:10.574845086,Low,  Finance ,Access,Resolved
TCK-5909,2025-01-13 11:26:46.496846719,2025-01-14 07:03:01.368719971,Medium,Operations,Access,Resolved
TCK-5910,2025-02-16 08:41:33.269301287,2025-02-17 20:07:37.078070657,Low,DevOps,Hardware,Closed
TCK-5911,2025-04-08 21:38:28.238930870,2025-04-10 07:53:36.879034184,Low,Operations,Network,Closed
TCK-5912,2025-05-14 02:51:39.465126610,2025-05-15 05:06:33.670878569,Medium,Operations,Access,Closed
TCK-5913,2025-04-19 21:36:47.609929090,2025-04-20 01:36:52.953031526,Medium,IT Support,Hardware,Resolved
TCK-5914,2025-03-12 13:59:32.400754531,2025-03-12 21:37:52.369130734,Low,IT Support,Hardware,Resolved
TCK-5915,2025-01-22 07:09:35.983344805,2025-01-23 02:38:38.516864437,Low,DevOps,Database,Closed
TCK-5916,2025-05-21 12:56:25.348965570,2025-05-22 07:48:17.808795166,Medium,HR,Database,Closed
TCK-5917,2025-03-07 11:33:20.674468536,2025-03-08 10:05:06.313077198,Medium,HR,Hardware,Resolved
TCK-5918,2025-05-13 11:45:12.033236344,2025-05-14 13:31:46.309140074,High,Finance,Software,Closed
TCK-5919,2025-04-03 08:04:06.949451844,2025-04-03 20:29:13.153935575,High,HR,Hardware,Resolved
TCK-5920,2025-05-13 23:01:12.256993506,2025-05-15 07:06:39.450800453,None,  DevOps ,Database,Closed
TCK-5921,2025-06-13 07:29:27.259710398,2025-06-14 10:41:19.013331960,Medium,Finance,Access,Resolved
TCK-5922,2025-06-15 18:50:51.033668728,2025-06-16 07:55:03.146800767,Medium,Operations,Software,Closed
TCK-5923,2025-04-07 07:39:40.642569385,2025-04-08 00:30:57.690260795,High,DevOps,Network,Closed
TCK-5924,2025-04-03 01:42:58.088835214,2025-04-03 04:45:56.497417113,High,IT Support,Access,Closed
TCK-5925,2025-02-17 19:43:51.495500125,2025-02-18 11:44:53.074403468,High,IT Support,Database,Resolved
TCK-5926,2025-06-18 10:39:18.979943540,2025-06-19 04:51:19.208762183,Medium,HR,Access,Closed
TCK-5927,2025-03-24 10:12:38.888288504,2025-03-24 20:23:59.763749393,Low,IT Support,Access,Closed
TCK-5928,2025-01-23 23:11:38.953397289,2025-01-25 21:18:55.248057513,High,Finance,Database,Resolved
TCK-5929,2025-03-19 21:17:06.832272104,2025-03-20 13:49:58.914486130,High,DevOps,Access,Resolved
TCK-5930,2025-01-23 20:52:12.147701437,2025-01-24 02:49:55.788376016,High,HR,Hardware,Closed
TCK-5931,2025-04-01 10:56:12.753566031,2025-04-02 04:08:40.533333532,Low,HR,Software,Closed
TCK-5932,2025-04-12 00:42:36.807043811,2025-04-13 12:36:22.022408672,Low,  DevOps ,Database,Closed
TCK-5933,2025-03-02 19:06:17.602748239,2025-03-03 01:04:47.698725067,Medium,HR,Software,Resolved
TCK-5934,2025-01-13 21:31:50.352528049,2025-01-14 14:31:37.449967558,High,HR,Hardware,Closed
TCK-5935,2025-06-19 19:56:06.986168134,2025-06-20 07:33:35.836854604,Critical,HR,Database,Closed
TCK-5936,2025-05-20 04:53:07.620894298,2025-05-21 01:35:30.686491410,Low,DevOps,Hardware,Closed
TCK-5937,2025-05-31 23:57:58.564015642,2025-06-01 15:12:08.101220488,Medium,Operations,Network,Closed
TCK-5938,2025-03-08 00:52:17.267939440,2025-03-08 08:05:56.674806487,Low,Finance,Network,Closed
TCK-5939,2025-05-17 22:47:24.178862496,2025-05-18 17:01:06.759339927,Medium,Finance,Network,Closed
TCK-5940,2025-03-29 08:48:39.265671309,2025-03-29 18:47:45.650762773,Medium,HR,Software,Closed
TCK-5941,2025-02-06 04:40:50.411690826,2025-02-06 23:26:30.885727377,High,HR,Network,Resolved
TCK-5942,2025-01-23 09:30:32.357660981,2025-01-24 08:08:43.301436783,Critical,Finance,Network,Closed
TCK-5943,2025-03-04 02:37:11.119696628,2025-03-04 22:09:50.087314691,Low,HR,Hardware,Closed
TCK-5944,2025-01-25 18:13:30.437661372,2025-01-26 01:04:21.926323659,Medium,  Finance ,Access,Closed
TCK-5945,2025-06-29 16:31:19.117925676,2025-06-30 12:53:58.612529357,Medium,DevOps,Access,Resolved
TCK-5946,2025-01-09 20:29:47.176088407,2025-01-10 20:15:54.555522810,Low,Operations,Network,Resolved
TCK-5947,2025-03-21 09:44:25.257387878,2025-03-22 06:44:03.968745112,None,Finance,Access,Closed
TCK-5948,2025-03-23 09:02:38.460215254,2025-03-24 22:26:02.473009209,High,Finance,Network,Resolved
TCK-5949,2025-02-24 02:43:47.753302217,2025-02-24 12:40:04.763301055,Low,Finance,Network,Closed
TCK-5950,2025-04-13 20:14:19.549874414,2025-04-14 16:42:19.537935820,Medium,HR,Software,Resolved
TCK-5951,2025-01-27 23:54:02.679604823,2025-01-28 06:04:32.405557066,Low,IT Support,Database,Closed
TCK-5952,2025-05-22 02:30:05.342892658,2025-05-22 12:19:42.886868104,Medium,HR,Access,Closed
TCK-5953,2025-03-01 20:10:26.914187271,2025-03-03 01:43:06.867436438,Medium,Operations,Network,Closed
TCK-5954,2025-04-17 10:35:59.956548476,2025-04-18 11:59:09.071144824,Low,HR,Access,Resolved
TCK-5955,2025-05-09 19:33:41.399313352,2025-05-11 12:39:43.595661525,High,Finance,Software,Resolved
TCK-5956,2025-06-10 00:39:43.014317386,2025-06-11 16:00:52.499093171,Medium,  HR ,Software,Closed
TCK-5957,2025-05-31 10:36:06.211704616,2025-06-01 20:30:49.976715213,None,Operations,Network,Resolved
TCK-5958,2025-04-20 11:53:42.005066558,2025-04-20 17:36:20.653835909,Low,IT Support,Access,Closed
TCK-5959,2025-03-11 21:51:30.741330209,2025-03-13 00:09:23.474202841,High,Finance,Access,Closed
TCK-5960,2025-04-01 13:50:39.029005839,2025-04-02 04:52:39.183021467,High,Operations,Access,Resolved
TCK-5961,2025-05-19 08:56:03.506627136,2025-05-20 08:22:41.610799161,Low,IT Support,Software,Closed
TCK-5962,2025-06-07 22:59:48.277884924,2025-06-08 13:45:55.122806479,Low,IT Support,Hardware,Closed
TCK-5963,2025-01-19 16:20:16.547003601,2025-01-20 14:37:48.162664697,Critical,Finance,Hardware,Resolved
TCK-5964,2025-03-11 06:34:44.594291968,2025-03-12 04:36:16.076367657,Medium,HR,Access,Closed
TCK-5965,2025-05-20 16:49:25.338526762,2025-05-20 21:24:50.774628324,Medium,IT Support,Access,Resolved
TCK-5966,2025-03-19 16:44:08.211861282,2025-03-21 03:52:04.129895030,Critical,DevOps,Database,Resolved
TCK-5967,2025-03-01 19:13:26.186758846,2025-03-02 10:33:08.678077423,Low,Finance,Network,Closed
TCK-5968,2025-03-16 00:54:50.580995489,2025-03-16 14:14:22.938017107,Medium,  DevOps ,Software,Resolved
TCK-5969,2025-04-19 12:17:21.502021328,2025-04-20 09:18:36.204916292,Medium,HR,Database,Closed
TCK-5970,2025-06-29 23:09:29.601568882,2025-06-30 21:31:26.844360990,Medium,HR,Access,Closed
TCK-5971,2025-03-30 17:43:38.257433678,2025-04-01 08:41:22.398663519,Low,DevOps,Hardware,Closed
TCK-5972,2025-02-07 12:41:46.074488660,2025-02-08 05:07:21.022294470,Medium,Operations,Hardware,Closed
TCK-5973,2025-01-30 07:29:49.938740481,2025-01-30 20:30:15.425126427,High,Finance,Database,Resolved
TCK-5974,2025-01-08 14:57:03.272753195,2025-01-08 19:42:24.628760304,Medium,IT Support,Hardware,Closed
TCK-5975,2025-04-11 14:05:25.637449736,2025-04-11 22:50:11.411305736,Medium,HR,Hardware,Closed
TCK-5976,2025-04-09 00:33:05.166834351,2025-04-09 08:06:50.920821478,Low,IT Support,Network,Resolved
TCK-5977,2025-02-06 22:36:38.029287368,2025-02-07 13:10:07.608067098,High,IT Support,Access,Closed
TCK-5978,2025-05-06 03:49:22.929150322,2025-05-06 18:16:00.765782968,Medium,IT Support,Database,Closed
TCK-5979,2025-05-14 09:34:56.711424796,2025-05-14 13:18:36.309872307,None,IT Support,Software,Resolved
TCK-5980,2025-02-16 15:18:15.290102594,2025-02-17 13:13:25.007530792,Low,  DevOps ,Software,Closed
TCK-5981,2025-03-03 22:30:39.530190462,2025-03-04 04:26:26.707042411,Medium,IT Support,Access,Resolved
TCK-5982,2025-06-28 06:50:15.448344536,2025-06-28 11:54:50.083459875,Low,Operations,Software,Closed
TCK-5983,2025-03-09 08:49:21.004014618,2025-03-10 17:20:18.757962004,Medium,Finance,Hardware,Closed
TCK-5984,2025-05-17 22:39:47.599150896,2025-05-18 14:34:43.305678263,Low,Operations,Network,Closed
TCK-5985,2025-03-23 11:46:25.834948827,2025-03-23 19:48:22.808436950,High,IT Support,Database,Resolved
TCK-5986,2025-05-23 19:14:58.762893898,2025-05-25 19:16:09.216724204,Critical,Finance,Database,Closed
TCK-5987,2025-05-19 10:10:49.409547740,2025-05-20 04:59:34.729347925,Low,Operations,Hardware,Resolved
TCK-5988,2025-05-01 04:42:21.703887626,2025-05-02 00:27:32.682128620,Low,Finance,Access,Closed
TCK-5989,2025-06-03 20:38:32.841588850,2025-06-05 05:15:19.752674893,High,Finance,Network,Closed
TCK-5990,2025-06-19 01:25:26.032337760,2025-06-21 06:03:39.958716114,Medium,DevOps,Software,Closed
TCK-5991,2025-04-15 09:31:40.599670808,2025-04-16 06:24:14.603031753,Medium,Operations,Database,Resolved
TCK-5992,2025-02-12 17:51:56.445128141,2025-02-13 13:54:28.127988686,Low,  HR ,Database,Resolved
TCK-5993,2025-03-13 18:04:37.611488654,2025-03-14 10:48:48.768668256,Medium,Operations,Access,Resolved
TCK-5994,2025-05-17 11:52:50.456558736,2025-05-17 20:02:23.317059008,Low,IT Support,Network,Closed
TCK-5995,2025-04-28 03:48:59.960646418,2025-04-29 12:37:08.113672260,Medium,DevOps,Software,Closed
TCK-5996,2025-02-02 00:05:19.761366748,2025-02-02 05:55:18.020455303,Medium,IT Support,Database,Resolved
TCK-5997,2025-01-10 05:21:17.343909197,2025-01-10 16:02:37.589300286,High,HR,Database,Closed
TCK-5998,2025-05-03 22:23:38.702766194,2025-05-05 23:11:18.083641847,Low,Finance,Software,Resolved
TCK-5999,2025-02-15 04:39:40.981704379,2025-02-17 05:47:07.751681438,Medium,Operations,Network,Resolved
TCK-6000,2025-03-31 22:34:31.630474240,2025-04-02 06:03:18.326991818,Low,HR,Network,Closed
TCK-6001,2025-05-15 09:56:45.806115866,2025-05-15 17:16:24.249330165,Critical,HR,Network,Closed
TCK-6002,2025-04-12 06:43:13.772767292,2025-04-12 21:57:45.173703181,Medium,DevOps,Database,Resolved
TCK-6003,2025-01-15 23:52:01.772554657,2025-01-16 07:41:47.651167043,Low,HR,Hardware,Resolved
TCK-6004,2025-02-03 09:42:23.842457853,2025-02-04 18:51:40.337435060,Low,  DevOps ,Database,Closed
TCK-6005,2025-02-09 11:29:51.918048854,2025-02-09 13:35:04.939531500,Low,IT Support,Access,Resolved
TCK-6006,2025-02-16 09:58:24.872684628,2025-02-17 04:13:31.919664287,Low,Finance,Access,Resolved
TCK-6007,2025-04-12 18:32:33.551614242,2025-04-14 20:03:18.123681165,Medium,Finance,Database,Closed
TCK-6008,2025-04-01 17:07:55.807844520,2025-04-02 07:01:25.629753824,Low,IT Support,Database,Closed
TCK-6009,2025-02-06 13:39:04.916640177,2025-02-07 00:39:36.584209763,None,HR,Software,Closed
TCK-6010,2025-01-13 03:50:12.925422845,2025-01-13 10:40:51.721781042,Low,IT Support,Network,Closed
TCK-6011,2025-01-31 20:35:13.643990815,2025-02-02 05:07:17.013136991,High,Finance,Software,Closed
TCK-6012,2025-06-27 04:31:38.173844518,2025-06-28 09:15:32.820602733,Low,Operations,Access,Closed
TCK-6013,2025-03-26 08:07:22.163156977,2025-03-26 21:54:39.185300602,Low,Operations,Access,Closed
TCK-6014,2025-06-06 02:55:57.289127252,2025-06-06 10:29:33.614699105,None,IT Support,Hardware,Closed
TCK-6015,2025-06-02 18:36:38.361633850,2025-06-03 01:00:55.954983955,High,IT Support,Network,Resolved
TCK-6016,2025-04-03 01:45:52.157662611,2025-04-03 06:07:58.313267455,Medium,  IT Support ,Network,Resolved
TCK-6017,2025-05-08 04:53:27.241978374,2025-05-08 17:36:48.150885563,Medium,HR,Access,Closed
TCK-6018,2025-02-04 16:41:19.265938501,2025-02-05 08:12:46.826950568,None,Operations,Software,Closed
TCK-6019,2025-05-04 21:52:25.555023278,2025-05-05 14:22:43.660857861,Medium,DevOps,Database,Resolved
TCK-6020,2025-02-19 00:42:04.976702679,2025-02-20 01:33:54.593716546,Low,Operations,Network,Closed
TCK-6021,2025-05-30 18:30:29.728720554,2025-05-31 12:35:23.974145826,Low,HR,Database,Closed
TCK-6022,2025-01-16 01:41:17.718109767,2025-01-17 21:35:07.087879282,Medium,DevOps,Access,Closed
TCK-6023,2025-05-20 03:57:32.640711834,2025-05-20 20:38:46.319296123,Medium,Finance,Hardware,Closed
TCK-6024,2025-01-18 23:43:38.770955171,2025-01-19 11:13:32.657870968,High,DevOps,Access,Resolved
TCK-6025,2025-06-08 14:44:15.012180292,2025-06-09 13:28:31.794909497,Low,Operations,Database,Closed
TCK-6026,2025-02-24 18:09:48.666035578,2025-02-25 00:15:42.540818625,Critical,IT Support,Access,Resolved
TCK-6027,2025-04-28 18:58:45.609845098,2025-04-29 00:25:28.282998911,Medium,IT Support,Network,Closed
TCK-6028,2025-03-29 18:00:35.437102592,2025-03-30 07:04:39.300284830,Medium,  Finance ,Database,Closed
TCK-6029,2025-03-07 22:25:46.515119896,2025-03-08 05:50:11.165833674,Low,IT Support,Database,Closed
TCK-6030,2025-04-27 04:18:31.389669736,2025-04-28 11:33:18.592054577,None,HR,Hardware,Resolved
TCK-6031,2025-06-20 13:17:57.393532854,2025-06-21 03:16:46.362880241,Medium,Operations,Network,Resolved
TCK-6032,2025-01-08 10:17:07.111170119,2025-01-08 20:43:24.559097116,Medium,Operations,Software,Closed
TCK-6033,2025-06-15 09:26:39.614694038,2025-06-16 10:22:51.541188303,Critical,Operations,Hardware,Closed
TCK-6034,2025-04-20 15:13:57.898886802,2025-04-21 00:29:59.519266504,Critical,IT Support,Network,Closed
TCK-6035,2025-05-26 07:35:52.005560302,2025-05-26 12:31:09.014340971,Low,HR,Software,Closed
TCK-6036,2025-03-11 02:20:23.275809885,2025-03-12 03:24:23.815039273,Critical,Operations,Database,Resolved
TCK-6037,2025-03-26 22:21:41.944674568,2025-03-30 16:13:07.652843432,High,DevOps,Hardware,Closed
TCK-6038,2025-06-06 09:26:06.892011702,2025-06-06 16:06:37.755894913,Low,Finance,Database,Closed
TCK-6039,2025-03-16 16:08:35.626482368,2025-03-17 08:51:19.257746956,Low,DevOps,Database,Closed
TCK-6040,2025-04-07 05:43:45.582081770,2025-04-07 11:37:34.056611869,Medium,  Finance ,Database,Closed
TCK-6041,2025-01-04 15:14:31.443807545,2025-01-05 08:34:36.942588826,Medium,Operations,Network,Resolved
TCK-6042,2025-01-29 13:08:36.186793233,2025-01-30 03:05:25.128237877,High,IT Support,Software,Resolved
TCK-6043,2025-04-26 12:05:08.572024086,2025-04-27 07:03:38.559011893,Low,Operations,Network,Resolved
TCK-6044,2025-05-10 01:20:24.765345416,2025-05-11 13:26:34.739068222,High,Operations,Database,Closed
TCK-6045,2025-04-15 20:50:09.768872534,2025-04-17 00:06:07.996916049,High,Operations,Hardware,Closed
TCK-6046,2025-01-26 19:05:57.684158297,2025-01-28 04:21:28.913084293,Medium,HR,Database,Resolved
TCK-6047,2025-03-22 04:09:05.225242487,2025-03-23 12:18:12.712851812,Critical,Operations,Software,Closed
TCK-6048,2025-03-05 22:00:33.806480328,2025-03-06 09:37:05.778985821,High,HR,Network,Resolved
TCK-6049,2025-03-31 05:15:25.222433694,2025-03-31 23:52:03.628662324,Low,Operations,Software,Closed
TCK-6050,2025-06-06 15:49:17.145385274,2025-06-06 21:19:36.551236482,High,IT Support,Network,Closed
TCK-6051,2025-05-20 15:43:17.094019354,2025-05-21 13:33:09.798638624,None,Finance,Software,Resolved
TCK-6052,2025-01-16 02:50:04.725604200,2025-01-16 11:36:05.525628455,Low,  IT Support ,Software,Closed
TCK-6053,2025-06-10 06:08:08.643790024,2025-06-10 14:16:56.751016124,None,IT Support,Network,Closed
TCK-6054,2025-03-26 22:02:02.734682056,2025-03-28 01:48:55.974281712,Low,HR,Network,Closed
TCK-6055,2025-05-14 21:29:04.077267048,2025-05-15 12:44:42.972513741,Medium,Operations,Network,Closed
TCK-6056,2025-01-26 04:58:10.124623204,2025-01-26 13:52:46.911019152,High,HR,Access,Closed
TCK-6057,2025-05-01 17:30:30.063796012,2025-05-01 23:00:40.214962663,High,IT Support,Software,Closed
TCK-6058,2025-02-12 12:55:42.225862290,2025-02-13 13:54:16.412994112,High,Operations,Access,Closed
TCK-6059,2025-03-20 21:48:19.712335767,2025-03-21 04:50:45.349367548,Medium,HR,Access,Closed
TCK-6060,2025-01-04 00:50:51.355516887,2025-01-05 04:52:51.339480588,Medium,DevOps,Database,Resolved
TCK-6061,2025-01-28 06:57:28.641094763,2025-01-30 19:09:42.722912152,Medium,DevOps,Access,Resolved
TCK-6062,2025-01-17 13:47:15.829058534,2025-01-18 10:37:24.583021298,Medium,Operations,Access,Resolved
TCK-6063,2025-02-13 03:41:41.377535795,2025-02-13 17:22:29.592151828,Medium,HR,Network,Closed
TCK-6064,2025-01-19 00:04:41.336058260,2025-01-20 00:08:31.819913412,High,  Finance ,Network,Closed
TCK-6065,2025-05-05 13:03:04.733987426,2025-05-05 18:07:52.233009017,Low,IT Support,Hardware,Resolved
TCK-6066,2025-01-06 05:27:08.559157779,2025-01-06 14:42:10.259428109,Medium,HR,Software,Closed
TCK-6067,2025-04-22 04:38:20.265719968,2025-04-22 17:31:07.125427730,Low,HR,Access,Closed
TCK-6068,2025-01-26 07:51:28.184999331,2025-01-27 19:21:39.818275637,Medium,DevOps,Access,Closed
TCK-6069,2025-06-20 03:05:50.982030652,2025-06-20 16:45:10.722966076,Low,IT Support,Software,Closed
TCK-6070,2025-06-17 22:57:59.025004454,2025-06-18 17:49:08.468556098,Medium,Operations,Network,Resolved
TCK-6071,2025-02-10 14:10:24.250406010,2025-02-12 14:21:32.407664205,Low,Finance,Network,Resolved
TCK-6072,2025-04-21 14:18:00.029964556,2025-04-22 21:59:05.755001550,Low,HR,Software,Resolved
TCK-6073,2025-01-06 00:58:58.728435673,2025-01-06 13:38:00.666411745,Medium,IT Support,Software,Closed
TCK-6074,2025-06-17 17:19:35.421531860,2025-06-20 02:31:19.774291804,Medium,DevOps,Network,Closed
TCK-6075,2025-04-05 03:18:18.616997469,2025-04-05 14:16:24.722186818,Medium,Operations,Software,Resolved
TCK-6076,2025-01-08 18:43:26.450849298,2025-01-09 04:51:24.334005796,Low,  Operations ,Network,Closed
TCK-6077,2025-03-03 15:35:59.891262553,2025-03-04 02:36:45.757926753,Critical,IT Support,Software,Closed
TCK-6078,2025-01-14 19:59:22.830865914,2025-01-15 03:15:05.554689680,Low,HR,Network,Resolved
TCK-6079,2025-03-12 17:31:11.921134492,2025-03-13 05:48:03.640062573,Critical,HR,Hardware,Closed
TCK-6080,2025-05-01 14:04:54.473292896,2025-05-02 02:34:51.479625858,High,IT Support,Network,Closed
TCK-6081,2025-03-26 13:55:27.849860469,2025-03-27 07:09:22.088658846,Low,IT Support,Network,Closed
TCK-6082,2025-03-11 01:40:47.261236956,2025-03-11 23:15:19.595677841,Medium,Finance,Access,Resolved
TCK-6083,2025-01-22 10:45:30.372245308,2025-01-22 16:54:00.325072239,None,IT Support,Network,Resolved
TCK-6084,2025-02-14 02:08:12.038627743,2025-02-14 12:06:49.760519968,Medium,IT Support,Software,Resolved
TCK-6085,2025-01-19 00:37:08.410906836,2025-01-19 11:08:32.601169567,Low,Operations,Database,Closed
TCK-6086,2025-05-26 08:23:40.274724388,2025-05-27 06:51:40.360793194,Medium,Finance,Software,Closed
TCK-6087,2025-01-25 08:14:09.804818405,2025-01-25 16:42:07.648556652,Medium,IT Support,Access,Closed
TCK-6088,2025-04-18 04:00:46.596568392,2025-04-18 21:45:46.228865803,High,  Operations ,Software,Closed
TCK-6089,2025-03-03 16:38:18.912133731,2025-03-04 01:31:23.422861814,Critical,IT Support,Hardware,Closed
TCK-6090,2025-02-10 16:13:35.838157413,2025-02-10 21:49:36.687676768,Low,IT Support,Database,Closed
TCK-6091,2025-04-26 02:30:13.170981196,2025-04-26 08:24:47.550572727,Low,IT Support,Database,Closed
TCK-6092,2025-03-24 06:14:59.915430181,2025-03-24 23:06:46.297425619,Low,Finance,Access,Resolved
TCK-6093,2025-03-14 00:37:42.307209464,2025-03-14 04:24:34.321947485,None,IT Support,Database,Resolved
TCK-6094,2025-04-17 17:07:14.380083830,2025-04-18 03:12:17.916914685,Medium,IT Support,Network,Closed
TCK-6095,2025-03-30 10:16:34.158276491,2025-03-31 08:29:12.401277390,High,HR,Access,Closed
TCK-6096,2025-02-24 15:03:06.411393873,2025-02-26 03:32:02.815836785,Medium,Finance,Hardware,Resolved
TCK-6097,2025-04-11 15:08:41.147325194,2025-04-11 22:35:57.343470967,High,IT Support,Database,Resolved
TCK-6098,2025-05-01 12:14:01.862516402,2025-05-01 21:42:00.584144240,Low,HR,Database,Closed
TCK-6099,2025-01-05 19:18:52.002342757,2025-01-06 07:38:48.355507679,Critical,IT Support,Access,Closed
TCK-6100,2025-03-25 20:33:57.127972167,2025-03-26 16:06:38.000539180,Medium,  HR ,Database,Closed
TCK-6101,2025-01-11 09:11:30.441843272,2025-01-12 05:15:32.032258161,High,Operations,Database,Resolved
TCK-6102,2025-02-03 13:16:16.999587263,2025-02-05 08:19:42.597149179,Low,Operations,Hardware,Resolved
TCK-6103,2025-04-11 21:23:51.832380638,2025-04-12 11:24:40.838655895,Medium,HR,Hardware,Resolved
TCK-6104,2025-06-05 21:56:10.010210312,2025-06-06 10:25:28.104509663,Medium,HR,Access,Resolved
TCK-6105,2025-06-08 21:43:13.922739316,2025-06-09 04:40:49.372105004,Low,IT Support,Database,Closed
TCK-6106,2025-01-13 14:09:29.245675993,2025-01-13 20:39:52.679268267,Medium,HR,Software,Closed
TCK-6107,2025-03-17 10:32:02.301930862,2025-03-17 22:21:54.453082334,Medium,IT Support,Access,Closed
TCK-6108,2025-04-15 22:35:16.823686780,2025-04-16 21:49:45.467333975,Low,Finance,Hardware,Closed
TCK-6109,2025-01-27 11:20:31.155566940,2025-01-29 03:20:41.721385691,Low,DevOps,Software,Resolved
TCK-6110,2025-05-18 18:40:01.834814690,2025-05-22 00:31:41.720682744,Medium,DevOps,Database,Resolved
TCK-6111,2025-05-14 23:05:46.739215938,2025-05-16 00:35:40.576647219,Low,DevOps,Access,Closed
TCK-6112,2025-06-12 14:25:59.445168070,2025-06-12 20:01:31.257056514,Medium,  Operations ,Access,Closed
TCK-6113,2025-01-02 12:39:34.459921705,2025-01-03 19:49:18.658189575,Medium,Finance,Hardware,Closed
TCK-6114,2025-02-09 00:04:33.362516969,2025-02-09 09:18:55.831503057,Low,IT Support,Network,Closed
TCK-6115,2025-05-29 21:26:47.779943244,2025-05-30 09:55:36.564256803,Low,Operations,Network,Resolved
TCK-6116,2025-05-01 16:54:20.950460500,2025-05-02 10:13:33.775338251,High,HR,Network,Closed
TCK-6117,2025-06-10 23:45:51.004718928,2025-06-11 20:48:04.760035221,Low,HR,Access,Closed
TCK-6118,2025-01-11 07:00:57.987254704,2025-01-11 22:16:41.301733236,Medium,Finance,Hardware,Closed
TCK-6119,2025-04-18 10:53:03.594822118,2025-04-18 18:11:43.725680206,Medium,IT Support,Hardware,Closed
TCK-6120,2025-04-13 10:16:52.332746420,2025-04-14 15:59:42.787763077,None,HR,Network,Resolved
TCK-6121,2025-01-07 10:06:48.523238999,2025-01-08 07:43:26.074378469,Low,DevOps,Software,Closed
TCK-6122,2025-04-03 10:24:55.340142944,2025-04-03 19:12:12.579476137,High,IT Support,Network,Closed
TCK-6123,2025-04-20 17:07:39.881491942,2025-04-20 20:57:02.694248288,Medium,HR,Access,Closed
TCK-6124,2025-02-04 10:23:11.445191171,2025-02-05 01:09:48.248129975,Low,  DevOps ,Software,Closed
TCK-6125,2025-02-19 04:47:01.676754758,2025-02-20 00:15:31.600671830,Low,Operations,Hardware,Closed
TCK-6126,2025-04-26 06:18:01.929622406,2025-04-27 15:33:39.149609647,Medium,Operations,Database,Closed
TCK-6127,2025-03-26 07:03:36.337074552,2025-03-26 11:21:43.092468979,Low,IT Support,Software,Closed
TCK-6128,2025-06-04 10:37:08.402502618,2025-06-05 01:21:30.232700391,Medium,HR,Hardware,Resolved
TCK-6129,2025-03-03 15:05:21.224974897,2025-03-04 16:46:47.670176575,Critical,DevOps,Software,Closed
TCK-6130,2025-02-17 23:58:11.007253304,2025-02-19 04:57:31.338136178,Medium,Operations,Network,Closed
TCK-6131,2025-06-27 06:37:15.104242996,2025-06-27 16:24:42.933665539,Medium,Operations,Software,Resolved
TCK-6132,2025-06-14 00:06:23.497063058,2025-06-14 10:38:44.744119572,High,IT Support,Software,Resolved
TCK-6133,2025-01-06 05:14:55.170224134,2025-01-06 11:22:43.745545497,High,IT Support,Software,Closed
TCK-6134,2025-05-19 17:32:51.425247712,2025-05-21 04:12:17.435159118,Low,DevOps,Access,Resolved
TCK-6135,2025-01-20 20:38:46.402529556,2025-01-21 11:20:38.994088180,High,HR,Access,Closed
TCK-6136,2025-01-05 22:44:09.749986377,2025-01-06 14:36:24.703003614,Medium,  Operations ,Network,Closed
TCK-6137,2025-02-19 06:21:52.664308658,2025-02-19 17:09:30.351746736,Low,IT Support,Database,Closed
TCK-6138,2025-02-18 11:34:27.111158294,2025-02-19 05:58:17.007707963,Low,Operations,Access,Closed
TCK-6139,2025-05-28 11:27:25.392019994,2025-05-29 16:27:55.486886066,Low,DevOps,Database,Closed
TCK-6140,2025-05-08 22:04:57.008902972,2025-05-09 13:08:39.583995343,Medium,Operations,Access,Closed
TCK-6141,2025-06-26 16:33:09.813867488,2025-06-27 01:23:20.402296535,Low,IT Support,Hardware,Resolved
TCK-6142,2025-05-09 01:44:08.625649400,2025-05-09 21:50:57.392230176,Medium,Operations,Hardware,Closed
TCK-6143,2025-03-17 06:51:50.364238057,2025-03-17 21:48:17.585878122,Medium,Finance,Software,Closed
TCK-6144,2025-05-06 19:22:02.983020014,2025-05-07 07:17:27.372816589,High,HR,Database,Resolved
TCK-6145,2025-06-29 21:39:47.412882926,2025-06-30 15:57:14.031535521,Medium,DevOps,Software,Closed
TCK-6146,2025-05-08 19:48:46.557612436,2025-05-09 13:27:28.340963308,Medium,Operations,Software,Closed
TCK-6147,2025-05-18 02:27:48.448205910,2025-05-19 01:31:01.338707473,High,DevOps,Access,Resolved
TCK-6148,2025-06-18 21:44:12.716238914,2025-06-20 00:12:01.021555993,High,  Operations ,Access,Closed
TCK-6149,2025-01-21 10:58:24.415919299,2025-01-21 22:52:19.757419299,High,IT Support,Software,Closed
TCK-6150,2025-05-07 20:40:05.331699048,2025-05-08 05:37:12.232368255,Low,HR,Access,Resolved
TCK-6151,2025-06-03 03:28:54.258309766,2025-06-03 11:58:18.976281039,Low,IT Support,Hardware,Closed
TCK-6152,2025-06-21 18:54:55.990635328,2025-06-23 13:34:29.499816538,Medium,DevOps,Hardware,Closed
TCK-6153,2025-02-07 23:23:14.393596349,2025-02-08 21:49:52.441282153,Medium,Finance,Database,Closed
TCK-6154,2025-04-01 16:58:23.928127446,2025-04-02 05:28:47.980356373,Low,Operations,Hardware,Resolved
TCK-6155,2025-05-03 11:59:48.990566982,2025-05-03 20:13:14.901824775,Low,HR,Software,Closed
TCK-6156,2025-02-14 13:03:38.129204800,2025-02-15 02:05:23.575281426,None,IT Support,Network,Closed
TCK-6157,2025-04-19 02:02:33.969268262,2025-04-20 16:31:06.879666557,Low,Finance,Access,Closed
TCK-6158,2025-02-16 08:44:25.225408886,2025-02-16 21:32:17.069705502,Medium,HR,Software,Closed
TCK-6159,2025-03-02 00:32:03.583308178,2025-03-02 13:00:07.018555167,Low,IT Support,Access,Resolved
TCK-6160,2025-03-21 11:21:38.768136973,2025-03-21 15:26:51.310300544,High,  Operations ,Database,Closed
TCK-6161,2025-04-06 06:06:04.415706609,2025-04-06 22:36:33.119251400,Medium,IT Support,Software,Resolved
TCK-6162,2025-03-22 21:15:38.035514343,2025-03-23 10:23:19.885102390,Low,HR,Software,Closed
TCK-6163,2025-03-30 18:36:16.723741875,2025-03-31 09:50:52.065014604,None,HR,Software,Closed
TCK-6164,2025-02-23 17:54:12.337795527,2025-02-24 01:08:41.188633876,High,IT Support,Database,Closed
TCK-6165,2025-01-29 14:43:45.142239951,2025-02-01 05:01:18.122529261,High,DevOps,Software,Closed
TCK-6166,2025-01-09 12:33:06.847387006,2025-01-09 17:33:11.571910447,None,IT Support,Access,Closed
TCK-6167,2025-02-05 06:37:41.092190416,2025-02-06 00:23:39.319518553,Medium,IT Support,Network,Resolved
TCK-6168,2025-04-15 17:59:47.512697936,2025-04-16 04:21:32.815000504,High,IT Support,Software,Resolved
TCK-6169,2025-05-22 12:01:07.444234316,2025-05-23 21:28:01.837481460,Low,Finance,Database,Closed
TCK-6170,2025-01-31 11:08:58.635431895,2025-01-31 23:11:40.203846676,Medium,HR,Database,Closed
TCK-6171,2025-01-20 12:57:32.924080229,2025-01-20 22:19:02.753844805,Low,Operations,Software,Resolved
TCK-6172,2025-05-15 20:56:03.687261940,2025-05-16 10:28:11.764164150,Low,  IT Support ,Database,Resolved
TCK-6173,2025-02-24 22:17:02.356515929,2025-02-25 08:12:57.859415422,Medium,IT Support,Hardware,Closed
TCK-6174,2025-06-21 06:28:39.278863786,2025-06-22 10:31:45.849017365,Low,HR,Database,Resolved
TCK-6175,2025-05-09 13:51:13.078932522,2025-05-10 12:05:28.471559299,Medium,Finance,Network,Resolved
TCK-6176,2025-02-28 19:35:10.046723616,2025-03-01 20:43:26.020449346,Medium,DevOps,Hardware,Closed
TCK-6177,2025-02-22 02:49:28.813687699,2025-02-22 19:50:23.730903604,Medium,IT Support,Access,Resolved
TCK-6178,2025-04-05 06:22:37.303291398,2025-04-07 05:11:50.715439811,Low,Operations,Hardware,Closed
TCK-6179,2025-01-15 05:54:17.881062713,2025-01-16 13:03:00.674212274,Low,DevOps,Network,Closed
TCK-6180,2025-01-22 04:21:45.124659689,2025-01-22 14:06:30.944708748,Medium,HR,Hardware,Closed
TCK-6181,2025-02-01 15:42:21.770229425,2025-02-03 04:26:55.349023841,Medium,Finance,Software,Closed
TCK-6182,2025-05-20 10:48:21.323072522,2025-05-20 18:17:31.496321638,Low,IT Support,Database,Closed
TCK-6183,2025-04-03 11:51:49.651353393,2025-04-05 05:41:38.378955924,Medium,DevOps,Software,Resolved
TCK-6184,2025-01-02 21:38:59.893388136,2025-01-03 19:10:15.952645164,High,  Finance ,Software,Closed
TCK-6185,2025-05-02 05:35:29.035246240,2025-05-05 01:21:10.441720034,Low,DevOps,Software,Closed
TCK-6186,2025-03-18 06:20:29.658528050,2025-03-18 19:01:45.103796100,Medium,Operations,Hardware,Closed
TCK-6187,2025-04-02 22:52:55.979916985,2025-04-03 16:56:19.449152813,Low,HR,Access,Resolved
TCK-6188,2025-02-08 12:58:55.817557974,2025-02-09 13:15:42.353763994,Critical,DevOps,Database,Resolved
TCK-6189,2025-04-10 07:41:57.215985099,2025-04-10 15:04:59.546487773,Low,IT Support,Hardware,Closed
TCK-6190,2025-06-26 05:56:31.184615150,2025-06-26 17:29:53.173784251,Low,HR,Software,Closed
TCK-6191,2025-01-14 05:16:51.834521602,2025-01-15 16:43:33.190297786,Critical,Finance,Network,Closed
TCK-6192,2025-02-21 02:31:23.399581225,2025-02-22 17:18:04.422874112,Low,Finance,Network,Closed
TCK-6193,2025-02-13 17:44:58.564171625,2025-02-15 10:43:13.001849951,Medium,DevOps,Software,Closed
TCK-6194,2025-02-14 17:43:58.880802345,2025-02-15 01:47:10.542923576,Low,IT Support,Access,Closed
TCK-6195,2025-03-10 04:00:41.272856748,2025-03-11 06:17:25.009862868,None,Finance,Database,Resolved
TCK-6196,2025-05-28 06:14:03.372341294,2025-05-29 20:36:51.014652554,High,  Finance ,Hardware,Resolved
TCK-6197,2025-06-14 07:32:58.346326152,2025-06-14 21:04:37.215158753,Medium,IT Support,Access,Closed
TCK-6198,2025-02-06 09:34:09.040161953,2025-02-06 13:16:05.994616193,Low,HR,Network,Closed
TCK-6199,2025-04-08 17:32:37.434969049,2025-04-09 00:57:43.452696770,Low,IT Support,Software,Resolved
TCK-6200,2025-04-25 15:24:12.815117550,2025-04-26 04:05:50.444100795,Medium,HR,Hardware,Closed
TCK-6201,2025-04-04 22:17:40.881306516,2025-04-06 17:36:52.735400300,Low,DevOps,Access,Closed
TCK-6202,2025-03-20 03:12:36.082550493,2025-03-20 20:37:08.422081947,Medium,Operations,Access,Closed
TCK-6203,2025-02-04 13:20:03.067122867,2025-02-06 00:26:11.113674717,Medium,Finance,Access,Closed
TCK-6204,2025-03-29 21:06:27.474266558,2025-03-30 15:11:05.741995450,High,DevOps,Hardware,Resolved
TCK-6205,2025-03-14 05:14:53.000566587,2025-03-14 21:25:11.494404522,Low,HR,Database,Closed
TCK-6206,2025-05-24 04:50:01.413635298,2025-05-25 19:15:40.772647461,Medium,Finance,Hardware,Closed
TCK-6207,2025-05-18 10:46:14.993702902,2025-05-18 17:33:53.654435965,High,HR,Software,Resolved
TCK-6208,2025-01-25 02:52:27.490110590,2025-01-29 15:48:56.065604496,Medium,  DevOps ,Hardware,Resolved
TCK-6209,2025-01-16 22:24:08.305460827,2025-01-17 13:49:11.633043053,High,IT Support,Access,Closed
TCK-6210,2025-06-13 11:13:30.125074126,2025-06-14 18:14:45.664905886,Low,DevOps,Database,Closed
TCK-6211,2025-04-07 09:23:46.465175868,2025-04-07 15:00:48.967388795,High,IT Support,Database,Closed
TCK-6212,2025-06-04 09:42:00.176618850,2025-06-04 22:42:35.291283778,Critical,HR,Software,Resolved
TCK-6213,2025-01-11 11:12:46.227048670,2025-01-12 12:45:40.430716708,Low,Finance,Software,Closed
TCK-6214,2025-04-05 18:32:50.868144394,2025-04-06 12:14:51.416357532,Medium,HR,Network,Resolved
TCK-6215,2025-04-08 02:19:21.154689629,2025-04-09 16:26:28.091449232,Low,Operations,Network,Resolved
TCK-6216,2025-06-04 22:13:58.010095516,2025-06-05 09:25:28.947902296,Medium,HR,Network,Closed
TCK-6217,2025-01-18 13:40:30.692468411,2025-01-19 22:08:08.968173588,Medium,Finance,Hardware,Resolved
TCK-6218,2025-02-13 06:43:29.406287741,2025-02-13 11:10:44.592206837,Low,IT Support,Database,Closed
TCK-6219,2025-03-15 04:14:43.857570828,2025-03-15 11:09:27.226150895,High,IT Support,Software,Resolved
TCK-6220,2025-06-05 20:26:06.625730942,2025-06-06 06:41:48.969948344,High,  IT Support ,Network,Closed
TCK-6221,2025-06-18 23:58:33.315977458,2025-06-19 20:02:19.818939110,Critical,HR,Software,Closed
TCK-6222,2025-06-28 16:34:13.283920102,2025-06-28 22:24:10.372112947,Medium,IT Support,Network,Resolved
TCK-6223,2025-06-22 15:42:57.101402928,2025-06-23 03:06:25.625998728,Medium,HR,Hardware,Resolved
TCK-6224,2025-01-02 01:40:06.186891399,2025-01-03 07:08:33.835092827,High,HR,Hardware,Closed
TCK-6225,2025-01-09 14:06:00.126290618,2025-01-10 05:17:45.082846309,Medium,IT Support,Access,Resolved
TCK-6226,2025-01-27 13:39:41.251538818,2025-01-28 09:38:19.800331637,Medium,Operations,Software,Resolved
TCK-6227,2025-03-04 19:05:03.328971288,2025-03-05 05:12:57.285032626,Medium,DevOps,Access,Resolved
TCK-6228,2025-05-30 09:14:45.217909182,2025-05-31 15:04:45.873129429,Medium,IT Support,Hardware,Closed
TCK-6229,2025-06-10 16:16:29.149857392,2025-06-11 10:05:46.574460683,Low,Operations,Hardware,Resolved
TCK-6230,2025-02-03 15:07:28.686693355,2025-02-04 06:31:13.205542438,Low,Operations,Software,Closed
TCK-6231,2025-04-22 12:56:56.885989708,2025-04-22 23:53:06.560880935,Medium,HR,Access,Closed
TCK-6232,2025-06-15 03:00:13.591735180,2025-06-16 08:34:35.843799754,Medium,  Finance ,Access,Closed
TCK-6233,2025-03-25 11:19:15.957203900,2025-03-26 04:32:56.589251851,High,HR,Access,Resolved
TCK-6234,2025-01-19 15:18:29.631009696,2025-01-20 20:15:41.668118468,Medium,Operations,Software,Closed
TCK-6235,2025-03-24 09:45:17.886116087,2025-03-24 15:06:16.702055655,Low,IT Support,Software,Closed
TCK-6236,2025-03-09 15:26:02.320383866,2025-03-10 06:49:48.839536605,Medium,Operations,Software,Closed
TCK-6237,2025-04-14 23:28:57.154818540,2025-04-17 01:09:52.699123073,Low,Operations,Database,Closed
TCK-6238,2025-03-20 23:00:19.859899276,2025-03-21 08:30:56.462580196,Low,IT Support,Hardware,Closed
TCK-6239,2025-01-04 02:56:03.854429021,2025-01-04 15:57:38.974641928,Low,HR,Database,Closed
TCK-6240,2025-06-28 22:04:12.750049414,2025-06-29 17:25:46.606222614,Low,DevOps,Database,Resolved
TCK-6241,2025-04-08 20:05:37.777185839,2025-04-09 14:22:52.207792667,Low,HR,Hardware,Closed
TCK-6242,2025-03-27 06:05:05.509296647,2025-03-28 12:13:32.511993152,Low,Operations,Network,Resolved
TCK-6243,2025-06-21 19:56:49.361631048,2025-06-23 19:57:03.189032367,High,DevOps,Network,Closed
TCK-6244,2025-01-29 01:19:00.436714223,2025-01-29 22:50:34.903012589,Low,  Finance ,Network,Resolved
TCK-6245,2025-02-04 01:30:23.194783700,2025-02-04 23:04:11.470999376,Low,Operations,Software,Resolved
TCK-6246,2025-05-26 10:37:25.377424408,2025-05-28 19:08:18.715433429,Critical,Finance,Software,Resolved
TCK-6247,2025-02-16 22:47:24.956548936,2025-02-19 03:44:40.259855334,Medium,DevOps,Access,Closed
TCK-6248,2025-05-24 20:39:39.957045828,2025-05-25 06:15:19.140745890,Low,HR,Access,Resolved
TCK-6249,2025-02-18 21:01:28.726193031,2025-02-19 01:00:01.798653585,Low,HR,Database,Closed
TCK-6250,2025-01-06 23:22:14.025259223,2025-01-07 15:50:31.223851533,Medium,HR,Access,Closed
TCK-6251,2025-04-04 01:30:12.985886207,2025-04-05 23:43:01.470204144,Medium,DevOps,Software,Closed
TCK-6252,2025-02-05 09:41:07.423540948,2025-02-05 20:07:35.743299694,Low,Operations,Database,Closed
TCK-6253,2025-05-17 09:53:45.547685790,2025-05-17 18:21:31.363067947,Low,IT Support,Access,Closed
TCK-6254,2025-04-26 09:58:56.696026368,2025-04-27 13:09:11.067811293,Critical,DevOps,Access,Resolved
TCK-6255,2025-06-16 05:57:48.692392578,2025-06-16 20:55:24.969922792,Medium,HR,Network,Resolved
TCK-6256,2025-05-21 22:30:34.932196726,2025-05-22 04:58:59.557818279,Medium,  IT Support ,Software,Closed
TCK-6257,2025-02-02 12:57:07.649682984,2025-02-03 23:16:07.169348596,Low,Operations,Database,Closed
TCK-6258,2025-05-25 00:41:00.896610912,2025-05-25 15:58:26.404010535,Low,HR,Hardware,Closed
TCK-6259,2025-04-26 12:18:14.520947690,2025-04-27 08:16:44.324615711,Medium,DevOps,Access,Resolved
TCK-6260,2025-05-01 09:52:15.932661240,2025-05-01 23:19:07.127522097,Critical,IT Support,Software,Resolved
TCK-6261,2025-05-30 19:22:32.402607754,2025-05-31 08:23:48.747036079,Low,Finance,Database,Closed
TCK-6262,2025-04-14 06:55:11.924026398,2025-04-15 17:08:00.356965691,None,Operations,Software,Resolved
TCK-6263,2025-03-25 21:08:06.655218056,2025-03-26 11:05:12.499525916,Low,IT Support,Software,Closed
TCK-6264,2025-04-25 14:17:21.381898938,2025-04-28 04:23:50.192413562,Medium,DevOps,Database,Closed
TCK-6265,2025-02-23 15:10:33.935160400,2025-02-24 07:48:24.346600437,Low,Operations,Network,Closed
TCK-6266,2025-02-02 20:49:10.582666568,2025-02-03 03:27:08.236107216,Medium,IT Support,Network,Closed
TCK-6267,2025-04-21 23:39:34.057684024,2025-04-22 14:28:07.403508683,Medium,HR,Access,Closed
TCK-6268,2025-02-12 02:13:29.836017349,2025-02-13 07:56:36.335855983,Medium,  DevOps ,Network,Closed
TCK-6269,2025-01-15 09:13:59.780558427,2025-01-15 19:28:44.880256918,Medium,HR,Access,Closed
TCK-6270,2025-01-01 02:23:38.678669868,2025-01-01 08:50:19.515583742,Medium,IT Support,Access,Closed
TCK-6271,2025-04-20 11:56:23.330573844,2025-04-20 19:01:01.286003625,High,IT Support,Database,Closed
TCK-6272,2025-03-07 04:28:57.880684643,2025-03-07 09:13:05.288633944,Low,IT Support,Software,Closed
TCK-6273,2025-05-16 09:59:00.215913588,2025-05-17 20:22:10.466745643,Medium,Finance,Hardware,Resolved
TCK-6274,2025-03-09 12:45:43.346565370,2025-03-10 02:35:43.956980318,Low,HR,Hardware,Closed
TCK-6275,2025-03-29 11:32:05.627000902,2025-03-29 18:49:13.187211915,Medium,IT Support,Network,Closed
TCK-6276,2025-03-15 06:36:25.497224866,2025-03-15 11:29:08.997989102,High,IT Support,Database,Closed
TCK-6277,2025-04-28 02:28:59.151332552,2025-04-28 10:25:55.818644815,Low,HR,Hardware,Closed
TCK-6278,2025-03-06 02:31:16.247656786,2025-03-09 12:07:50.022561602,Critical,DevOps,Software,Closed
TCK-6279,2025-06-23 11:28:34.491902788,2025-06-23 21:51:12.491899103,Critical,HR,Access,Closed
TCK-6280,2025-06-18 12:09:17.935580342,2025-06-20 06:13:17.290470154,Medium,  DevOps ,Access,Closed
TCK-6281,2025-06-02 15:28:49.942126040,2025-06-03 06:53:00.570445914,Low,HR,Database,Resolved
TCK-6282,2025-06-15 15:41:49.807947378,2025-06-15 17:49:09.870406358,High,IT Support,Network,Resolved
TCK-6283,2025-03-22 20:17:00.434920449,2025-03-26 00:14:38.001857996,Critical,DevOps,Software,Resolved
TCK-6284,2025-04-07 13:22:45.530870182,2025-04-08 09:22:13.259096528,Low,HR,Network,Resolved
TCK-6285,2025-05-14 13:50:23.999465818,2025-05-15 06:31:49.700030784,Critical,Finance,Network,Closed
TCK-6286,2025-05-06 07:21:01.424644190,2025-05-07 13:54:49.745802818,Critical,DevOps,Database,Resolved
TCK-6287,2025-06-10 07:43:53.518856282,2025-06-10 12:30:59.319981356,Medium,IT Support,Access,Closed
TCK-6288,2025-05-09 22:33:00.135896126,2025-05-10 19:43:57.214718174,High,IT Support,Network,Resolved
TCK-6289,2025-06-29 14:51:42.982369018,2025-06-30 06:25:26.866877834,Medium,Finance,Network,Resolved
TCK-6290,2025-03-04 17:32:42.198980903,2025-03-05 00:05:20.023358420,Medium,IT Support,Software,Resolved
TCK-6291,2025-05-30 22:33:00.887307428,2025-05-31 04:27:07.967216504,Low,IT Support,Access,Resolved
TCK-6292,2025-05-06 13:46:56.764693594,2025-05-06 22:37:51.616679504,Low,  IT Support ,Network,Closed
TCK-6293,2025-05-05 10:47:21.995983970,2025-05-06 03:39:15.021231701,High,IT Support,Hardware,Closed
TCK-6294,2025-02-28 15:36:35.171029423,2025-03-03 03:33:02.684066798,Low,Finance,Hardware,Closed
TCK-6295,2025-05-22 09:47:59.075762846,2025-05-22 16:45:44.814843633,Medium,IT Support,Access,Closed
TCK-6296,2025-06-12 01:37:27.899549862,2025-06-12 18:46:50.950292011,High,HR,Access,Resolved
TCK-6297,2025-02-09 08:07:45.673567795,2025-02-10 02:52:54.497189728,Low,Operations,Database,Resolved
TCK-6298,2025-04-23 14:08:46.810838982,2025-04-23 22:50:19.083206499,Low,HR,Network,Closed
TCK-6299,2025-03-12 14:01:20.862206359,2025-03-13 18:33:48.698610054,Medium,IT Support,Hardware,Closed
TCK-6300,2025-06-28 02:50:52.351273928,2025-06-30 03:16:28.747455367,Low,Finance,Hardware,Closed
TCK-6301,2025-03-28 04:33:27.951814312,2025-03-28 13:54:02.640434234,High,IT Support,Access,Closed
TCK-6302,2025-02-11 02:20:35.342890052,2025-02-13 08:22:37.292812394,Medium,Finance,Access,Closed
TCK-6303,2025-03-10 17:37:29.787449939,2025-03-13 02:27:12.919445853,Medium,DevOps,Software,Closed
TCK-6304,2025-04-28 16:34:54.638428170,2025-04-29 07:22:30.425740733,Low,  HR ,Software,Closed
TCK-6305,2025-01-14 16:42:21.903228610,2025-01-15 13:53:32.492786248,Low,Operations,Access,Resolved
TCK-6306,2025-04-19 15:33:37.063280686,2025-04-20 21:48:16.249178648,Low,HR,Software,Resolved
TCK-6307,2025-06-17 14:53:27.454750222,2025-06-17 23:44:19.417964662,Low,HR,Access,Closed
TCK-6308,2025-06-03 01:34:02.073654890,2025-06-06 01:08:54.415169393,Medium,DevOps,Access,Closed
TCK-6309,2025-01-13 04:20:58.842104957,2025-01-14 08:02:58.693616931,Medium,DevOps,Database,Resolved
TCK-6310,2025-06-28 19:26:39.394149988,2025-06-30 01:52:43.977918350,Low,HR,Software,Closed
TCK-6311,2025-05-06 18:30:01.117442728,2025-05-07 12:27:11.996762610,Low,Operations,Network,Resolved
TCK-6312,2025-01-30 05:03:11.379731696,2025-01-31 17:45:13.171378389,Medium,DevOps,Network,Closed
TCK-6313,2025-01-03 05:38:15.018762874,2025-01-04 12:06:36.939010144,High,DevOps,Database,Resolved
TCK-6314,2025-01-31 19:56:27.559615537,2025-02-01 09:44:16.698485934,Medium,Operations,Network,Closed
TCK-6315,2025-05-31 20:55:11.918504606,2025-06-01 09:19:35.049931755,Low,HR,Network,Closed
TCK-6316,2025-01-04 21:28:54.781547186,2025-01-05 14:25:15.377262649,Critical,  IT Support ,Database,Closed
TCK-6317,2025-02-11 23:11:46.865868482,2025-02-12 08:56:34.159446624,Critical,DevOps,Hardware,Resolved
TCK-6318,2025-05-17 07:33:36.618647982,2025-05-17 12:08:06.231481806,Low,IT Support,Database,Closed
TCK-6319,2025-04-16 11:59:51.054287796,2025-04-17 00:31:16.962837576,Medium,Operations,Database,Closed
TCK-6320,2025-05-21 21:25:05.767521704,2025-05-22 02:22:32.628063407,Medium,IT Support,Software,Resolved
TCK-6321,2025-05-15 07:22:12.635514206,2025-05-16 01:27:16.884401202,Critical,IT Support,Network,Closed
TCK-6322,2025-01-10 02:35:52.772518307,2025-01-11 05:13:44.804207956,Medium,HR,Network,Resolved
TCK-6323,2025-06-10 15:38:57.589752246,2025-06-12 09:19:42.845660103,None,DevOps,Hardware,Resolved
TCK-6324,2025-02-10 20:46:39.086757843,2025-02-11 02:57:23.657677321,Low,IT Support,Database,Closed
TCK-6325,2025-04-10 14:39:19.230453286,2025-04-12 01:44:40.893695411,Low,Operations,Access,Closed
TCK-6326,2025-04-26 23:19:29.410320016,2025-04-27 03:10:00.722853221,High,IT Support,Hardware,Closed
TCK-6327,2025-01-31 08:28:25.935685003,2025-02-01 09:16:45.028504292,High,IT Support,Hardware,Resolved
TCK-6328,2025-06-25 17:19:08.504213554,2025-06-26 03:24:10.071325992,High,  HR ,Network,Closed
TCK-6329,2025-03-29 20:50:01.429069829,2025-03-30 12:37:24.139789081,High,Operations,Network,Closed
TCK-6330,2025-01-11 09:00:59.201930662,2025-01-11 15:52:27.468268468,High,IT Support,Network,Closed
TCK-6331,2025-06-18 16:58:19.320384974,2025-06-19 01:16:32.253536665,Medium,HR,Network,Resolved
TCK-6332,2025-04-16 12:40:37.497341706,2025-04-17 10:55:59.985917903,Medium,IT Support,Hardware,Closed
TCK-6333,2025-05-06 20:30:52.615006364,2025-05-07 17:34:52.407774966,Medium,HR,Database,Closed
TCK-6334,2025-04-05 12:45:33.885057053,2025-04-07 21:41:01.397954618,Medium,DevOps,Network,Resolved
TCK-6335,2025-05-31 06:04:04.672691400,2025-05-31 22:52:51.483087361,Medium,DevOps,Software,Resolved
TCK-6336,2025-01-06 23:08:11.604028815,2025-01-07 14:40:52.027858812,Medium,HR,Hardware,Closed
TCK-6337,2025-02-18 07:23:40.336790201,2025-02-19 06:45:04.643600456,Low,Operations,Access,Closed
TCK-6338,2025-03-26 12:52:51.238774669,2025-03-28 00:22:29.868539310,Low,DevOps,Access,Closed
TCK-6339,2025-01-14 18:55:39.440910818,2025-01-14 23:41:09.132078344,Critical,IT Support,Database,Resolved
TCK-6340,2025-05-08 01:31:00.521368188,2025-05-09 19:27:52.169468664,Low,  Finance ,Hardware,Resolved
TCK-6341,2025-03-12 20:37:33.415393326,2025-03-14 05:34:06.252736076,Low,DevOps,Hardware,Closed
TCK-6342,2025-02-19 01:55:32.584650175,2025-02-19 07:11:55.093933219,Medium,IT Support,Hardware,Closed
TCK-6343,2025-01-01 14:35:47.825564427,2025-01-01 17:57:29.874105426,Low,IT Support,Software,Closed
TCK-6344,2025-05-10 13:40:01.008335280,2025-05-12 07:39:08.225004196,Medium,DevOps,Software,Resolved
TCK-6345,2025-05-31 02:03:22.371590746,2025-06-02 15:20:42.604670328,Low,Operations,Network,Resolved
TCK-6346,2025-03-13 02:34:30.410918664,2025-03-13 07:41:29.229156231,Low,IT Support,Access,Closed
TCK-6347,2025-04-12 13:25:17.978822900,2025-04-12 22:40:40.168580832,High,IT Support,Software,Closed
TCK-6348,2025-02-10 23:36:22.406457115,2025-02-12 00:20:52.573211567,High,HR,Access,Closed
TCK-6349,2025-04-22 23:53:37.794948630,2025-04-23 09:26:03.585670362,Low,Operations,Hardware,Closed
TCK-6350,2025-01-03 04:26:01.751717998,2025-01-03 23:42:23.828773196,Medium,Finance,Software,Closed
TCK-6351,2025-03-29 22:56:29.887679892,2025-03-30 19:06:20.939445455,Medium,DevOps,Access,Resolved
TCK-6352,2025-04-26 22:58:03.653586446,2025-04-27 12:52:29.464406242,High,  IT Support ,Software,Closed
TCK-6353,2025-06-15 06:35:18.457268822,2025-06-16 17:30:39.673754740,Medium,Operations,Hardware,Closed
TCK-6354,2025-03-10 15:22:14.627885764,2025-03-11 10:51:37.812356268,Low,Operations,Hardware,Resolved
TCK-6355,2025-05-18 17:37:18.036760974,2025-05-19 02:56:37.160654151,Medium,HR,Hardware,Closed
TCK-6356,2025-04-18 14:00:28.689681324,2025-04-18 20:49:11.520161955,Medium,IT Support,Network,Closed
TCK-6357,2025-06-16 20:41:32.380210852,2025-06-17 19:18:36.520502681,Low,DevOps,Access,Resolved
TCK-6358,2025-03-13 16:59:29.611855465,2025-03-14 12:00:32.143966156,Medium,DevOps,Network,Closed
TCK-6359,2025-02-27 10:29:30.725704709,2025-02-27 23:59:08.043486816,High,HR,Database,Resolved
TCK-6360,2025-06-09 16:27:12.363691324,2025-06-10 16:26:49.139882013,Medium,Operations,Database,Closed
TCK-6361,2025-01-09 20:44:08.930701712,2025-01-10 07:35:49.175631966,Low,IT Support,Software,Closed
TCK-6362,2025-01-25 13:11:05.630904541,2025-01-26 07:06:39.450491861,High,Operations,Software,Closed
TCK-6363,2025-01-15 19:59:13.766651059,2025-01-16 14:30:28.930118545,Critical,Operations,Software,Closed
TCK-6364,2025-06-01 18:14:06.044676214,2025-06-02 11:30:56.943448394,Medium,  Operations ,Network,Resolved
TCK-6365,2025-01-02 21:49:26.648255207,2025-01-03 14:01:48.241888007,Medium,DevOps,Hardware,Closed
TCK-6366,2025-06-05 02:21:32.082290092,2025-06-05 21:51:33.819116993,Medium,Operations,Software,Closed
TCK-6367,2025-03-23 05:28:36.753613941,2025-03-23 16:04:58.708443496,Low,HR,Software,Closed
TCK-6368,2025-01-01 17:23:21.136736953,2025-01-02 05:52:48.427495255,Medium,Finance,Database,Resolved
TCK-6369,2025-03-14 07:06:25.796001675,2025-03-14 17:20:17.271516869,High,IT Support,Hardware,Resolved
TCK-6370,2025-02-03 14:58:46.679932393,2025-02-04 01:26:15.845527810,Medium,HR,Network,Closed
TCK-6371,2025-04-23 09:24:36.381167080,2025-04-24 01:19:22.180948775,Low,HR,Hardware,Closed
TCK-6372,2025-05-03 06:49:47.900861448,2025-05-04 04:31:28.264867523,Low,HR,Database,Closed
TCK-6373,2025-03-29 18:07:08.774938557,2025-03-30 09:21:12.490350802,Medium,Finance,Network,Closed
TCK-6374,2025-01-08 07:02:39.659637747,2025-01-08 21:54:49.349523321,Low,HR,Access,Closed
TCK-6375,2025-04-29 02:28:35.165518724,2025-04-29 12:23:08.216246622,Medium,Finance,Software,Resolved
TCK-6376,2025-06-01 13:36:27.162633066,2025-06-03 04:20:18.482407833,Medium,  Operations ,Network,Closed
TCK-6377,2025-05-10 15:48:03.160980194,2025-05-10 22:59:53.512504866,Low,HR,Database,Closed
TCK-6378,2025-05-30 09:25:05.555593114,2025-05-31 04:21:28.682747638,Medium,Finance,Hardware,Closed
TCK-6379,2025-02-06 02:12:04.110263402,2025-02-06 18:47:55.351285504,Medium,IT Support,Network,Closed
TCK-6380,2025-06-09 23:59:45.237537616,2025-06-10 07:33:19.428013128,Medium,IT Support,Database,Closed
TCK-6381,2025-02-27 23:52:32.544477117,2025-02-28 09:46:01.841646576,Low,Operations,Network,Closed
TCK-6382,2025-01-03 09:54:31.671246964,2025-01-03 22:02:59.910478684,Low,IT Support,Software,Closed
TCK-6383,2025-06-01 19:27:06.883709708,2025-06-02 07:27:25.279800112,High,IT Support,Hardware,Closed
TCK-6384,2025-06-19 12:40:04.374939430,2025-06-20 01:46:59.412473508,High,Operations,Hardware,Closed
TCK-6385,2025-04-29 00:00:41.086234608,2025-04-29 13:51:22.305759011,High,Operations,Network,Resolved
TCK-6386,2025-02-11 15:48:22.476967180,2025-02-12 03:13:41.519030918,Low,HR,Database,Resolved
TCK-6387,2025-02-15 07:32:09.908521912,2025-02-16 11:29:15.747120619,Low,DevOps,Software,Closed
TCK-6388,2025-03-25 23:40:52.367670755,2025-03-26 06:40:01.416222794,Medium,  Operations ,Software,Closed
TCK-6389,2025-06-11 14:37:48.949961276,2025-06-12 18:56:31.082920948,High,DevOps,Network,Closed
TCK-6390,2025-01-27 22:15:42.748406828,2025-01-28 19:00:03.691709295,Critical,IT Support,Access,Closed
TCK-6391,2025-05-29 16:12:22.509362388,2025-05-30 03:42:24.154585893,High,Operations,Network,Resolved
TCK-6392,2025-02-22 10:25:41.280982498,2025-02-23 09:35:01.754069118,Low,DevOps,Software,Resolved
TCK-6393,2025-05-26 13:05:32.106961330,2025-05-26 23:03:07.599771092,High,Operations,Hardware,Closed
TCK-6394,2025-06-15 15:34:17.665099130,2025-06-17 00:50:41.402218458,Critical,Finance,Network,Closed
TCK-6395,2025-03-18 22:46:24.697255668,2025-03-20 00:41:20.441126841,Low,HR,Network,Closed
TCK-6396,2025-03-07 17:01:07.772649216,2025-03-08 08:21:18.591543877,Medium,IT Support,Hardware,Closed
TCK-6397,2025-05-25 09:35:45.952641684,2025-05-25 17:12:15.748103444,Medium,HR,Network,Closed
TCK-6398,2025-04-06 07:21:57.786764336,2025-04-07 01:35:50.331080845,Low,HR,Database,Closed
TCK-6399,2025-05-04 04:49:11.601699640,2025-05-06 20:18:30.986675634,Medium,DevOps,Hardware,Resolved
TCK-6400,2025-04-23 02:37:20.293220264,2025-04-23 13:35:21.767756635,Critical,  IT Support ,Hardware,Closed
TCK-6401,2025-01-28 12:28:47.327467872,2025-01-30 03:51:25.967253505,High,DevOps,Hardware,Closed
TCK-6402,2025-06-02 01:29:39.683223262,2025-06-03 01:58:54.959316066,Critical,DevOps,Software,Closed
TCK-6403,2025-02-05 05:44:54.532697094,2025-02-05 15:14:14.517391190,Medium,IT Support,Network,Closed
TCK-6404,2025-06-17 19:27:31.904588784,2025-06-18 21:48:25.528263909,Medium,HR,Access,Closed
TCK-6405,2025-02-15 02:28:04.724197243,2025-02-16 14:59:47.180974698,Medium,DevOps,Network,Resolved
TCK-6406,2025-05-13 02:21:56.896353234,2025-05-13 18:58:23.622882921,Medium,DevOps,Network,Resolved
TCK-6407,2025-02-21 05:42:40.679612343,2025-02-21 17:00:57.703756585,Low,HR,Software,Resolved
TCK-6408,2025-02-27 04:49:58.674342907,2025-02-28 06:49:38.570850568,High,HR,Database,Closed
TCK-6409,2025-02-25 19:12:28.814470412,2025-02-26 16:22:52.882294629,Low,Operations,Database,Closed
TCK-6410,2025-05-15 14:53:40.334613648,2025-05-16 09:59:55.082599754,Low,Operations,Software,Resolved
TCK-6411,2025-04-11 05:26:28.714660002,2025-04-11 11:53:05.002114056,Low,IT Support,Software,Resolved
TCK-6412,2025-06-08 22:21:16.593340276,2025-06-10 18:44:33.959849632,Critical,  Finance ,Software,Closed
TCK-6413,2025-02-25 07:51:00.529061305,2025-02-26 03:22:00.786285868,Low,IT Support,Network,Closed
TCK-6414,2025-05-05 13:24:27.703026488,2025-05-06 05:23:34.275180062,Medium,IT Support,Software,Closed
TCK-6415,2025-05-16 12:44:16.621960698,2025-05-17 17:56:55.425344534,None,HR,Access,Resolved
TCK-6416,2025-01-28 06:24:09.821841909,2025-01-28 18:16:16.465106256,Medium,HR,Hardware,Resolved
TCK-6417,2025-03-14 02:32:45.685037703,2025-03-14 13:36:14.615133254,Low,HR,Database,Closed
TCK-6418,2025-03-28 21:46:17.672137594,2025-03-29 10:54:13.693703477,Medium,HR,Access,Resolved
TCK-6419,2025-03-06 00:34:10.287637309,2025-03-06 15:02:45.788770581,Low,HR,Database,Resolved
TCK-6420,2025-02-27 23:31:35.092512036,2025-02-28 16:54:39.107822473,Low,IT Support,Network,Closed
TCK-6421,2025-05-04 13:20:02.191451328,2025-05-05 14:46:13.608295949,High,HR,Network,Closed
TCK-6422,2025-02-08 20:32:34.216400366,2025-02-10 13:07:14.410208891,Low,DevOps,Software,Resolved
TCK-6423,2025-05-08 16:34:04.870145556,2025-05-08 23:30:37.536278419,Medium,HR,Database,Closed
TCK-6424,2025-06-18 07:23:27.342268642,2025-06-18 13:29:48.044294575,Medium,  HR ,Network,Resolved
TCK-6425,2025-04-12 17:39:11.849356385,2025-04-13 13:57:10.551777641,Low,Operations,Network,Closed
TCK-6426,2025-04-21 01:23:45.249772300,2025-04-23 01:32:10.181271772,Medium,DevOps,Database,Closed
TCK-6427,2025-01-13 09:47:21.383433833,2025-01-13 17:57:27.905374669,Low,IT Support,Network,Closed
TCK-6428,2025-06-05 14:32:24.805064466,2025-06-07 13:25:52.109820641,Low,Operations,Software,Closed
TCK-6429,2025-02-21 09:08:03.986532308,2025-02-21 23:23:39.687792273,Medium,Finance,Network,Resolved
TCK-6430,2025-04-21 17:01:15.726300242,2025-04-22 02:51:30.519810316,Low,Operations,Access,Closed
TCK-6431,2025-06-26 05:45:52.463871166,2025-06-26 11:51:44.491754124,Medium,IT Support,Access,Closed
TCK-6432,2025-04-18 04:34:16.444108308,2025-04-18 17:14:27.812704279,Low,Operations,Software,Closed
TCK-6433,2025-05-11 10:44:41.949046000,2025-05-11 21:48:12.936596538,Medium,IT Support,Access,Closed
TCK-6434,2025-03-22 03:46:50.702615789,2025-03-22 18:21:31.622745233,High,Operations,Network,Resolved
TCK-6435,2025-01-11 20:46:49.598346172,2025-01-12 08:04:47.570954027,Medium,Finance,Access,Resolved
TCK-6436,2025-05-24 13:37:45.083265190,2025-05-25 02:54:13.784576005,High,  IT Support ,Access,Resolved
TCK-6437,2025-01-07 07:11:41.979337505,2025-01-07 17:21:26.711523139,Medium,Finance,Network,Closed
TCK-6438,2025-05-07 02:50:30.554863908,2025-05-07 07:49:01.122286418,None,IT Support,Database,Closed
TCK-6439,2025-01-05 03:01:16.305623153,2025-01-05 13:54:19.724819913,Low,Finance,Software,Resolved
TCK-6440,2025-06-05 05:09:31.039240380,2025-06-05 20:54:28.898168092,Critical,HR,Database,Resolved
TCK-6441,2025-01-29 08:59:15.629274514,2025-01-29 18:18:58.759525855,Medium,IT Support,Database,Closed
TCK-6442,2025-04-03 13:39:10.297122555,2025-04-04 11:48:46.653093862,High,IT Support,Access,Closed
TCK-6443,2025-04-18 11:41:27.756121908,2025-04-20 12:38:45.584069977,Critical,DevOps,Hardware,Closed
TCK-6444,2025-03-24 08:35:46.175471305,2025-03-25 02:04:23.597216015,Medium,IT Support,Database,Resolved
TCK-6445,2025-03-03 08:05:53.786353895,2025-03-03 17:55:04.014088696,High,IT Support,Network,Closed
TCK-6446,2025-03-26 04:57:27.934206472,2025-03-26 13:40:13.476134848,Medium,HR,Network,Closed
TCK-6447,2025-02-26 01:18:57.804359781,2025-02-26 20:30:24.308622332,Medium,Operations,Network,Closed
TCK-6448,2025-03-20 20:41:18.741801584,2025-03-21 20:53:38.749327220,Medium,  Operations ,Hardware,Closed
TCK-6449,2025-03-06 14:30:14.836001373,2025-03-07 02:35:21.046591223,Low,IT Support,Hardware,Closed
TCK-6450,2025-04-12 22:00:17.415183123,2025-04-13 04:42:59.724115761,Medium,IT Support,Software,Closed
TCK-6451,2025-02-12 19:49:56.571233983,2025-02-13 06:41:08.069080788,None,IT Support,Hardware,Closed
TCK-6452,2025-06-27 22:59:46.742022722,2025-06-28 04:19:38.598044884,High,IT Support,Software,Closed
TCK-6453,2025-04-01 03:45:29.514999439,2025-04-01 12:11:11.640059954,High,HR,Network,Closed
TCK-6454,2025-02-04 22:46:48.627950453,2025-02-05 12:48:15.563828013,Medium,Finance,Hardware,Closed
TCK-6455,2025-03-27 20:55:42.089270221,2025-03-28 05:32:01.196075420,Low,IT Support,Access,Closed
TCK-6456,2025-06-05 22:54:48.094370068,2025-06-06 06:47:35.977584905,Low,HR,Access,Resolved
TCK-6457,2025-01-04 22:12:19.246670600,2025-01-05 09:41:18.133022385,Low,HR,Access,Resolved
TCK-6458,2025-05-03 07:40:25.660356556,2025-05-05 08:21:44.719169806,Low,DevOps,Hardware,Closed
TCK-6459,2025-04-09 15:13:15.175739169,2025-04-10 09:45:05.265409919,Medium,DevOps,Hardware,Closed
TCK-6460,2025-01-31 12:29:25.928444348,2025-02-01 07:31:48.219762107,High,  Finance ,Hardware,Closed
TCK-6461,2025-05-28 03:29:53.584070126,2025-05-28 12:18:29.405253800,Low,IT Support,Access,Resolved
TCK-6462,2025-03-08 09:34:53.647160536,2025-03-08 19:11:54.059486374,Low,IT Support,Network,Closed
TCK-6463,2025-02-22 21:13:29.152138771,2025-02-23 08:17:15.572278604,Low,HR,Database,Closed
TCK-6464,2025-05-30 01:30:02.983758524,2025-05-30 14:05:53.884725255,Low,IT Support,Network,Closed
TCK-6465,2025-04-25 22:25:41.518372768,2025-04-26 22:36:35.791547689,Medium,Operations,Hardware,Closed
TCK-6466,2025-06-11 16:28:45.269310870,2025-06-13 11:47:55.241573571,Low,Finance,Database,Closed
TCK-6467,2025-04-24 09:05:51.359494492,2025-04-25 14:51:29.612839687,Low,DevOps,Database,Closed
TCK-6468,2025-05-14 08:19:56.216160256,2025-05-15 03:17:27.589652057,Critical,Finance,Network,Closed
TCK-6469,2025-05-31 13:26:46.578629500,2025-05-31 23:32:24.425043014,Low,HR,Access,Resolved
TCK-6470,2025-01-10 20:28:30.817671338,2025-01-11 17:27:42.681785129,High,Operations,Software,Closed
TCK-6471,2025-05-20 16:31:53.408336602,2025-05-21 04:17:27.720464881,Medium,HR,Access,Closed
TCK-6472,2025-04-21 11:12:43.205724618,2025-04-21 17:36:24.396276696,Low,  IT Support ,Access,Closed
TCK-6473,2025-01-13 12:16:25.251404285,2025-01-14 07:51:14.720976382,High,Finance,Database,Closed
TCK-6474,2025-04-02 13:03:23.840902257,2025-04-02 19:05:43.860135711,Medium,IT Support,Hardware,Resolved
TCK-6475,2025-01-15 20:13:08.028806450,2025-01-16 11:54:16.721132581,Low,HR,Hardware,Closed
TCK-6476,2025-05-13 11:17:30.881199554,2025-05-13 18:17:57.108490174,Low,HR,Database,Closed
TCK-6477,2025-04-09 08:53:14.654539878,2025-04-10 05:49:55.142724926,High,Operations,Access,Closed
TCK-6478,2025-06-21 15:26:15.653836048,2025-06-23 01:47:58.383160169,Medium,Finance,Network,Closed
TCK-6479,2025-02-02 23:08:41.298684164,2025-02-03 09:45:55.721893827,Medium,HR,Software,Closed
TCK-6480,2025-04-20 02:03:52.253596926,2025-04-22 18:06:58.608241294,Low,Finance,Access,Closed
TCK-6481,2025-02-08 02:02:05.356840281,2025-02-08 10:36:36.154097118,Low,IT Support,Access,Closed
TCK-6482,2025-04-21 12:45:38.642480498,2025-04-21 19:15:56.627518574,High,HR,Software,Resolved
TCK-6483,2025-05-11 01:50:48.171116040,2025-05-11 23:07:57.930870799,High,Finance,Network,Resolved
TCK-6484,2025-05-11 00:21:16.929732984,2025-05-11 18:55:39.122431551,Medium,  Operations ,Software,Closed
TCK-6485,2025-05-27 17:07:10.703095948,2025-05-29 07:55:17.790030064,Low,DevOps,Database,Resolved
TCK-6486,2025-06-03 15:20:13.145207740,2025-06-03 22:48:37.408127421,Critical,IT Support,Software,Closed
TCK-6487,2025-01-14 21:48:49.886907137,2025-01-15 08:40:06.355732673,Medium,Operations,Software,Closed
TCK-6488,2025-03-03 18:54:50.826790028,2025-03-04 05:19:31.120519385,High,Operations,Access,Closed
TCK-6489,2025-05-04 16:22:09.436635700,2025-05-05 14:43:38.507323706,Low,DevOps,Access,Resolved
TCK-6490,2025-03-31 17:53:33.941508131,2025-04-01 00:19:26.662884982,Medium,IT Support,Hardware,Closed
TCK-6491,2025-02-04 07:43:12.323930517,2025-02-04 21:36:37.167921892,High,Finance,Software,Closed
TCK-6492,2025-04-10 11:42:19.235232487,2025-04-11 00:10:59.949148851,Low,Operations,Database,Closed
TCK-6493,2025-03-15 08:07:19.271819068,2025-03-15 19:56:31.374528571,High,IT Support,Hardware,Closed
TCK-6494,2025-03-12 04:57:55.294079753,2025-03-13 13:20:32.491082023,Medium,HR,Software,Resolved
TCK-6495,2025-05-26 18:08:09.813559444,2025-05-27 14:51:12.371119605,Low,HR,Access,Closed
TCK-6496,2025-03-15 08:49:29.287758083,2025-03-16 19:24:20.626662446,High,  Operations ,Database,Closed
TCK-6497,2025-01-05 18:17:00.469231556,2025-01-07 20:44:12.037305095,Low,DevOps,Network,Resolved
TCK-6498,2025-01-11 10:50:01.046434251,2025-01-12 14:08:05.982170392,High,Operations,Hardware,Closed
TCK-6499,2025-06-04 02:58:27.336388078,2025-06-04 18:10:37.088279694,None,Operations,Access,Closed
TCK-6500,2025-06-22 21:47:43.797314732,2025-06-23 17:06:33.987023477,None,Operations,Network,Closed
TCK-6501,2025-05-04 21:55:42.000559164,2025-05-05 04:48:58.198627691,High,IT Support,Software,Closed
TCK-6502,2025-03-07 14:04:15.709844448,2025-03-07 21:41:20.474583666,Medium,IT Support,Database,Closed
TCK-6503,2025-06-18 22:45:12.111239600,2025-06-19 13:26:44.495319848,Medium,HR,Access,Closed
TCK-6504,2025-04-30 07:18:33.599315444,2025-05-01 03:35:50.067885562,High,HR,Access,Resolved
TCK-6505,2025-06-01 23:31:15.357148100,2025-06-02 10:01:28.687668128,Low,IT Support,Database,Resolved
TCK-6506,2025-05-18 20:28:55.032383568,2025-05-19 13:04:58.285270239,Low,Operations,Access,Closed
TCK-6507,2025-03-10 05:52:54.638895357,2025-03-10 20:28:54.103119252,Medium,HR,Access,Resolved
TCK-6508,2025-03-28 03:59:36.627631417,2025-03-28 14:33:02.164115193,Low,  IT Support ,Software,Closed
TCK-6509,2025-02-03 12:05:27.264732683,2025-02-04 07:54:56.937581576,Critical,HR,Hardware,Closed
TCK-6510,2025-02-22 13:30:03.290054296,2025-02-22 17:28:41.074431933,Medium,IT Support,Network,Resolved
TCK-6511,2025-05-21 01:30:10.284327986,2025-05-21 19:35:29.948720131,Low,DevOps,Database,Closed
TCK-6512,2025-06-10 21:59:11.950566100,2025-06-13 03:54:51.323229485,Medium,DevOps,Network,Closed
TCK-6513,2025-05-11 09:40:08.502405956,2025-05-12 09:26:04.591875676,High,Finance,Database,Resolved
TCK-6514,2025-03-25 17:33:01.330404039,2025-03-26 00:25:34.702159378,Critical,IT Support,Database,Closed
TCK-6515,2025-01-16 13:43:12.150550953,2025-01-17 11:11:44.772426243,Low,Finance,Access,Closed
TCK-6516,2025-01-11 06:00:54.498158266,2025-01-12 03:29:19.163712041,High,Finance,Software,Closed
TCK-6517,2025-03-09 09:05:11.180859103,2025-03-10 17:28:10.961823853,Medium,Finance,Database,Closed
TCK-6518,2025-03-25 11:42:35.370274696,2025-03-25 16:35:39.412727916,Medium,IT Support,Network,Closed
TCK-6519,2025-04-20 15:24:03.916661194,2025-04-21 09:37:31.709135053,High,Operations,Hardware,Closed
TCK-6520,2025-01-02 04:02:05.036610580,2025-01-03 07:44:34.914114460,Low,  Finance ,Network,Closed
TCK-6521,2025-06-28 03:36:10.392531996,2025-06-29 01:32:49.737559453,Medium,Operations,Software,Closed
TCK-6522,2025-03-07 12:12:57.514699675,2025-03-08 08:20:15.991190080,Low,Operations,Hardware,Resolved
TCK-6523,2025-06-02 15:46:08.211435040,2025-06-03 10:08:51.709705162,Low,HR,Access,Resolved
TCK-6524,2025-04-07 07:03:22.206508369,2025-04-07 20:34:27.082021054,Low,Operations,Network,Closed
TCK-6525,2025-01-24 11:29:54.396902604,2025-01-24 16:48:22.235388486,Low,IT Support,Network,Closed
TCK-6526,2025-05-24 13:28:59.473016884,2025-05-27 02:58:23.344527525,Medium,Operations,Database,Closed
TCK-6527,2025-05-08 18:27:10.669153912,2025-05-09 01:45:51.684078314,Low,IT Support,Database,Resolved
TCK-6528,2025-04-05 22:31:25.992819354,2025-04-06 11:28:22.214008194,Medium,HR,Hardware,Closed
TCK-6529,2025-04-03 14:52:09.676422947,2025-04-04 02:47:54.669148025,Medium,IT Support,Access,Closed
TCK-6530,2025-01-16 17:54:42.828638433,2025-01-18 09:53:36.164856586,Critical,Operations,Database,Closed
TCK-6531,2025-04-29 01:16:02.848220890,2025-04-29 07:44:29.433496432,Medium,IT Support,Network,Closed
TCK-6532,2025-06-14 00:34:44.662290870,2025-06-14 11:30:11.137805100,None,  Operations ,Hardware,Resolved
TCK-6533,2025-01-17 18:49:04.983730565,2025-01-18 07:59:00.625923512,Low,Finance,Database,Closed
TCK-6534,2025-02-17 10:22:10.080491769,2025-02-18 05:13:17.298489219,High,IT Support,Database,Resolved
TCK-6535,2025-06-12 09:58:13.602971520,2025-06-12 15:01:43.159053337,Low,IT Support,Software,Closed
TCK-6536,2025-02-21 04:21:56.485517425,2025-02-21 12:44:57.770831344,High,IT Support,Hardware,Closed
TCK-6537,2025-04-28 17:02:11.989742214,2025-04-29 12:03:13.975167392,Medium,DevOps,Hardware,Resolved
TCK-6538,2025-04-07 06:24:52.101195778,2025-04-07 15:08:22.142997129,Medium,Operations,Access,Closed
TCK-6539,2025-04-18 08:08:06.913020064,2025-04-18 20:24:14.364834131,Low,HR,Database,Closed
TCK-6540,2025-03-16 20:12:28.997329441,2025-03-17 01:31:35.243534484,Low,IT Support,Hardware,Closed
TCK-6541,2025-02-23 23:57:47.350051316,2025-02-24 12:42:02.677761465,High,Operations,Access,Resolved
TCK-6542,2025-01-09 17:39:52.225747811,2025-01-13 06:11:19.914552291,Critical,DevOps,Database,Resolved
TCK-6543,2025-05-14 23:17:37.167902840,2025-05-16 05:35:34.272644084,Low,Finance,Network,Closed
TCK-6544,2025-05-15 07:07:25.524044614,2025-05-16 11:48:03.871008371,Critical,  Operations ,Software,Resolved
TCK-6545,2025-05-01 17:32:06.709704304,2025-05-02 06:22:22.882178300,Low,IT Support,Access,Closed
TCK-6546,2025-04-26 20:29:52.672836340,2025-04-27 04:34:47.766211369,High,IT Support,Software,Resolved
TCK-6547,2025-02-13 20:51:28.839469367,2025-02-14 03:40:49.373065492,None,IT Support,Network,Resolved
TCK-6548,2025-01-05 00:31:48.409933360,2025-01-05 10:09:24.286699279,Low,IT Support,Hardware,Resolved
TCK-6549,2025-05-26 13:39:01.852362358,2025-05-26 22:53:50.798495459,Medium,IT Support,Database,Closed
TCK-6550,2025-03-30 09:43:06.507141500,2025-03-30 16:06:51.892082062,Low,IT Support,Hardware,Closed
TCK-6551,2025-02-25 05:32:26.608687120,2025-02-25 20:41:35.627506383,Medium,HR,Software,Closed
TCK-6552,2025-01-19 08:20:45.014251425,2025-01-20 06:07:19.704339877,High,DevOps,Hardware,Closed
TCK-6553,2025-01-12 06:57:26.181698392,2025-01-12 23:28:42.405816445,Medium,Operations,Hardware,Resolved
TCK-6554,2025-03-04 19:06:15.257358598,2025-03-05 15:49:22.182507930,None,Finance,Access,Resolved
TCK-6555,2025-05-25 20:27:50.831255458,2025-05-26 09:27:17.496438197,Low,Finance,Access,Resolved
TCK-6556,2025-06-15 08:53:11.749639732,2025-06-15 11:30:36.139526122,Medium,  IT Support ,Network,Closed
TCK-6557,2025-06-11 09:57:57.222462382,2025-06-12 01:17:08.247839651,Medium,Finance,Access,Closed
TCK-6558,2025-06-15 14:24:12.982026632,2025-06-16 11:21:11.462285296,Critical,IT Support,Access,Closed
TCK-6559,2025-06-13 09:22:24.536347538,2025-06-14 00:47:29.070415838,Low,Operations,Access,Closed
TCK-6560,2025-04-05 21:36:39.336889356,2025-04-06 18:32:30.539895238,None,HR,Access,Closed
TCK-6561,2025-02-09 11:52:32.010836968,2025-02-09 22:35:30.640149525,Medium,DevOps,Network,Closed
TCK-6562,2025-05-24 15:33:40.456278230,2025-05-24 20:41:43.559492684,Medium,IT Support,Access,Closed
TCK-6563,2025-02-08 11:14:24.184907309,2025-02-08 15:33:29.436066272,Medium,IT Support,Access,Closed
TCK-6564,2025-02-18 02:20:07.568118162,2025-02-19 06:21:11.363375372,High,DevOps,Software,Resolved
TCK-6565,2025-02-11 23:39:31.212984273,2025-02-13 04:11:28.224829420,Medium,IT Support,Access,Closed
TCK-6566,2025-04-03 16:43:26.342277172,2025-04-04 15:22:53.367282626,Medium,Operations,Network,Closed
TCK-6567,2025-02-27 22:17:41.407045531,2025-03-02 07:29:26.063653942,Medium,Finance,Network,Closed
TCK-6568,2025-01-28 17:57:14.883773310,2025-01-29 15:31:38.632889927,Medium,  Finance ,Hardware,Closed
TCK-6569,2025-03-23 13:42:32.901773659,2025-03-26 03:02:54.634524911,Low,DevOps,Access,Resolved
TCK-6570,2025-06-07 07:16:45.377586916,2025-06-10 22:41:23.223240764,High,DevOps,Database,Closed
TCK-6571,2025-04-13 16:47:18.000181967,2025-04-14 00:50:09.583840515,Low,IT Support,Hardware,Closed
TCK-6572,2025-06-08 02:24:35.342763754,2025-06-08 21:07:10.172237849,High,Finance,Network,Closed
TCK-6573,2025-02-05 06:10:04.222350745,2025-02-05 15:28:52.866907272,Medium,Operations,Hardware,Resolved
TCK-6574,2025-01-31 01:19:37.683355560,2025-01-31 16:44:59.468789276,Medium,Operations,Database,Resolved
TCK-6575,2025-04-14 14:29:35.458861832,2025-04-14 23:20:54.486301925,Medium,IT Support,Software,Closed
TCK-6576,2025-03-25 09:34:51.076847638,2025-03-27 11:16:23.101934987,Medium,Operations,Database,Resolved
TCK-6577,2025-04-29 19:56:44.922893474,2025-04-30 12:10:11.824608259,High,DevOps,Hardware,Closed
TCK-6578,2025-05-24 00:47:15.854048508,2025-05-25 08:43:35.140783852,High,DevOps,Access,Resolved
TCK-6579,2025-05-16 05:38:51.061982648,2025-05-16 11:22:46.744727059,Low,HR,Software,Closed
TCK-6580,2025-06-19 14:34:05.772737942,2025-06-19 21:26:05.920117774,Critical,  IT Support ,Database,Closed
TCK-6581,2025-03-13 16:28:03.675209844,2025-03-14 09:03:36.009625176,Medium,HR,Access,Resolved
TCK-6582,2025-02-07 03:35:26.615443707,2025-02-08 11:14:52.430939812,High,Finance,Database,Closed
TCK-6583,2025-04-10 03:56:33.376469519,2025-04-11 12:49:59.270613666,Low,Finance,Network,Resolved
TCK-6584,2025-01-20 22:24:37.005213318,2025-01-21 15:43:54.123145589,Low,HR,Access,Closed
TCK-6585,2025-02-21 23:50:12.670053532,2025-02-22 11:11:55.979650099,Medium,IT Support,Network,Closed
TCK-6586,2025-02-07 10:04:35.035452422,2025-02-08 00:36:17.598398254,Low,HR,Software,Closed
TCK-6587,2025-03-13 09:09:18.923628203,2025-03-13 17:33:51.512854361,None,HR,Software,Closed
TCK-6588,2025-01-21 00:27:20.174434453,2025-01-21 12:44:16.433256936,Low,DevOps,Software,Resolved
TCK-6589,2025-01-06 17:33:22.811212017,2025-01-07 07:15:04.665490927,Low,Operations,Software,Closed
TCK-6590,2025-04-29 05:21:00.360006254,2025-04-29 18:37:32.829902562,Low,HR,Network,Closed
TCK-6591,2025-04-20 20:16:32.110363046,2025-04-22 05:58:12.678775688,Low,Operations,Network,Closed
TCK-6592,2025-05-08 12:06:38.173273258,2025-05-08 20:11:37.038313992,Medium,  IT Support ,Hardware,Resolved
TCK-6593,2025-04-29 20:52:09.919099942,2025-05-01 00:58:03.152838751,Medium,DevOps,Hardware,Resolved
TCK-6594,2025-01-21 13:45:10.881126348,2025-01-22 06:58:18.791588780,Medium,HR,Network,Closed
TCK-6595,2025-02-22 09:27:38.763154051,2025-02-22 21:52:02.852854443,Low,HR,Software,Closed
TCK-6596,2025-01-24 07:33:17.837170280,2025-01-25 04:51:02.954364658,Low,HR,Hardware,Closed
TCK-6597,2025-06-01 17:38:26.796659254,2025-06-03 18:04:00.694337235,Low,Operations,Access,Closed
TCK-6598,2025-05-15 10:37:25.648089098,2025-05-17 16:27:00.777588199,High,Operations,Network,Closed
TCK-6599,2025-02-06 06:35:47.949384506,2025-02-07 08:18:52.961896926,High,Finance,Access,Resolved
TCK-6600,2025-03-03 10:27:21.308098823,2025-03-03 20:30:55.322834578,High,IT Support,Software,Closed
TCK-6601,2025-06-23 23:46:36.359693060,2025-06-25 07:02:49.581480102,None,HR,Network,Closed
TCK-6602,2025-04-17 22:46:06.333744340,2025-04-18 06:39:15.823496174,Critical,IT Support,Hardware,Closed
TCK-6603,2025-05-25 04:59:31.849227598,2025-05-26 06:16:15.686578619,Medium,Operations,Hardware,Resolved
TCK-6604,2025-02-17 15:01:59.772723275,2025-02-17 19:51:06.779026068,Medium,  IT Support ,Access,Closed
TCK-6605,2025-02-07 19:25:43.014628554,2025-02-08 10:50:15.438451677,Critical,Operations,Network,Closed
TCK-6606,2025-05-22 02:31:16.077421520,2025-05-24 09:46:51.121200639,Medium,DevOps,Software,Closed
TCK-6607,2025-05-04 10:58:08.423759356,2025-05-05 08:36:59.378033473,Low,DevOps,Database,Resolved
TCK-6608,2025-05-03 13:49:28.755101350,2025-05-04 03:08:38.343662146,Medium,HR,Database,Closed
TCK-6609,2025-04-10 11:22:53.016607624,2025-04-10 17:50:40.829562035,None,HR,Software,Closed
TCK-6610,2025-04-12 10:39:30.386860887,2025-04-13 09:49:50.058807740,High,IT Support,Hardware,Closed
TCK-6611,2025-05-13 10:12:47.602522860,2025-05-14 20:03:41.118944715,Low,Operations,Database,Closed
TCK-6612,2025-02-18 14:24:38.586396829,2025-02-19 17:19:36.379736898,None,Finance,Software,Closed
TCK-6613,2025-03-05 11:57:35.181007376,2025-03-05 22:54:54.231116869,None,IT Support,Access,Resolved
TCK-6614,2025-06-06 21:28:15.055127896,2025-06-07 14:46:45.238131689,Low,HR,Hardware,Closed
TCK-6615,2025-02-25 14:17:51.606141077,2025-02-27 15:14:56.826751688,Critical,Finance,Software,Resolved
TCK-6616,2025-04-09 08:03:26.454090858,2025-04-10 07:58:27.454348595,Critical,  DevOps ,Access,Closed
TCK-6617,2025-05-07 11:24:08.944231952,2025-05-07 23:39:38.679260384,Low,IT Support,Network,Closed
TCK-6618,2025-06-29 23:40:30.906909560,2025-07-01 06:31:24.605207533,Medium,Operations,Database,Closed
TCK-6619,2025-03-20 08:27:30.787415402,2025-03-21 00:03:56.527760849,Low,IT Support,Database,Closed
TCK-6620,2025-03-19 01:21:40.417271125,2025-03-19 04:06:28.344756033,Medium,IT Support,Database,Closed
TCK-6621,2025-06-01 15:58:54.476952396,2025-06-02 14:57:19.787189395,Critical,DevOps,Software,Closed
TCK-6622,2025-05-25 23:46:24.386313394,2025-05-26 14:29:30.064405721,Medium,Finance,Network,Closed
TCK-6623,2025-05-12 14:14:52.112735698,2025-05-13 16:39:01.926139771,Medium,Finance,Software,Closed
TCK-6624,2025-03-25 09:09:07.320985218,2025-03-25 12:15:14.565531097,Critical,IT Support,Software,Closed
TCK-6625,2025-02-28 07:25:01.196739452,2025-02-28 16:13:36.379496209,None,Finance,Network,Closed
TCK-6626,2025-04-20 13:42:56.465159566,2025-04-22 07:44:30.214361433,Low,HR,Access,Resolved
TCK-6627,2025-06-07 17:17:04.654783280,2025-06-08 12:37:22.470268498,Critical,HR,Hardware,Resolved
TCK-6628,2025-06-09 01:55:07.030059938,2025-06-09 21:02:28.768540697,Low,  Operations ,Database,Closed
TCK-6629,2025-01-20 12:42:46.262535458,2025-01-20 22:54:28.449106487,Low,IT Support,Network,Resolved
TCK-6630,2025-03-19 02:28:23.613862119,2025-03-20 04:49:59.221922611,High,Finance,Access,Closed
TCK-6631,2025-03-25 15:35:55.862802952,2025-03-26 21:14:11.570703195,High,Operations,Network,Resolved
TCK-6632,2025-06-25 23:17:54.195729410,2025-06-26 05:29:38.460665662,High,IT Support,Hardware,Resolved
TCK-6633,2025-05-03 00:57:05.133052676,2025-05-03 10:16:57.787384624,Low,IT Support,Network,Resolved
TCK-6634,2025-03-15 07:18:16.281259721,2025-03-15 16:49:41.373904459,Low,IT Support,Network,Closed
TCK-6635,2025-01-05 16:34:12.242847942,2025-01-05 21:36:22.297327992,Critical,IT Support,Access,Closed
TCK-6636,2025-04-12 18:27:50.009862695,2025-04-14 04:32:56.731696721,Low,Operations,Database,Resolved
TCK-6637,2025-01-18 07:02:53.573127714,2025-01-19 02:39:15.110010883,Low,Finance,Database,Closed
TCK-6638,2025-05-31 04:49:25.736672410,2025-05-31 18:57:37.996404584,High,IT Support,Access,Resolved
TCK-6639,2025-05-16 10:52:50.209190272,2025-05-16 19:52:59.864187354,Medium,IT Support,Access,Resolved
TCK-6640,2025-03-24 21:23:58.454891996,2025-03-26 14:08:15.673789694,Medium,  Operations ,Software,Resolved
TCK-6641,2025-03-19 06:11:26.043432514,2025-03-19 20:44:46.610792654,Low,Finance,Software,Closed
TCK-6642,2025-06-11 12:30:15.592525492,2025-06-11 20:45:34.884884801,Critical,HR,Hardware,Closed
TCK-6643,2025-02-21 22:08:24.265702733,2025-02-22 07:10:07.123398384,None,HR,Software,Closed
TCK-6644,2025-02-14 19:45:58.450684499,2025-02-15 15:00:24.396193220,Low,Operations,Software,Resolved
TCK-6645,2025-06-19 01:19:58.475306252,2025-06-19 19:42:15.862781141,Medium,IT Support,Network,Closed
TCK-6646,2025-05-26 15:56:31.253190162,2025-05-27 10:47:38.043512227,Low,IT Support,Network,Closed
TCK-6647,2025-05-28 17:06:09.223381010,2025-05-29 00:49:17.734405997,High,Finance,Access,Closed
TCK-6648,2025-02-05 03:14:14.199619193,2025-02-05 23:37:51.468879214,Low,Operations,Database,Closed
TCK-6649,2025-01-26 19:02:19.258733892,2025-01-26 22:38:57.691556672,High,Operations,Hardware,Closed
TCK-6650,2025-01-05 16:26:51.558756082,2025-01-07 04:54:24.047074070,Medium,Finance,Software,Closed
TCK-6651,2025-02-12 16:01:09.546703312,2025-02-13 23:30:09.338165198,Medium,Operations,Network,Closed
TCK-6652,2025-05-20 08:30:10.527141178,2025-05-20 16:50:00.943370817,High,  IT Support ,Database,Closed
TCK-6653,2025-02-13 04:57:57.488620057,2025-02-13 19:46:29.763298704,Medium,HR,Software,Closed
TCK-6654,2025-05-12 05:43:34.266467516,2025-05-12 14:32:41.940233088,High,IT Support,Database,Resolved
TCK-6655,2025-02-15 08:14:37.342994139,2025-02-15 13:59:09.320709477,Medium,IT Support,Network,Resolved
TCK-6656,2025-03-13 03:39:48.928128846,2025-03-14 02:00:00.532280837,Low,Operations,Access,Closed
TCK-6657,2025-06-26 23:15:39.932702222,2025-06-28 02:52:26.387496322,Medium,DevOps,Software,Closed
TCK-6658,2025-02-14 01:35:12.044930876,2025-02-16 02:56:46.744117901,Medium,DevOps,Software,Resolved
TCK-6659,2025-03-09 17:55:15.995742658,2025-03-10 10:55:37.110114830,Medium,Operations,Hardware,Closed
TCK-6660,2025-02-24 04:41:47.830595003,2025-02-24 10:13:23.228734450,High,IT Support,Software,Closed
TCK-6661,2025-01-20 17:34:47.787404195,2025-01-20 21:31:25.312686502,Medium,IT Support,Network,Closed
TCK-6662,2025-03-30 04:20:33.698418589,2025-03-30 13:59:22.680279418,Critical,Finance,Database,Closed
TCK-6663,2025-03-10 03:56:37.196154851,2025-03-11 14:38:23.048881642,Medium,Operations,Database,Closed
TCK-6664,2025-05-06 01:54:43.958474820,2025-05-06 16:13:46.675823100,Low,  Operations ,Access,Resolved
TCK-6665,2025-05-28 04:00:30.394190448,2025-05-29 09:01:39.778780818,Low,Finance,Access,Closed
TCK-6666,2025-04-08 23:09:31.559836170,2025-04-11 10:54:57.130854681,High,Finance,Network,Closed
TCK-6667,2025-01-06 19:05:18.756302262,2025-01-07 13:34:45.479258400,Low,Finance,Database,Closed
TCK-6668,2025-04-22 09:44:40.484162390,2025-04-22 15:57:20.207313335,Low,IT Support,Access,Closed
TCK-6669,2025-01-10 23:17:16.633285646,2025-01-11 22:13:16.698103678,Low,Finance,Access,Closed
TCK-6670,2025-04-21 22:39:33.544612036,2025-04-23 06:07:08.033454672,Medium,DevOps,Hardware,Closed
TCK-6671,2025-05-04 07:19:45.771034420,2025-05-05 05:10:17.530642761,Medium,IT Support,Hardware,Resolved
TCK-6672,2025-02-05 14:21:22.144707646,2025-02-07 05:44:13.544590629,Low,Operations,Network,Resolved
TCK-6673,2025-05-28 11:34:31.304920982,2025-05-29 06:56:40.110929752,Medium,HR,Network,Closed
TCK-6674,2025-06-13 23:53:15.966239604,2025-06-16 15:52:32.426049907,Medium,DevOps,Network,Closed
TCK-6675,2025-05-27 08:32:08.465898122,2025-05-27 16:18:39.675068365,High,IT Support,Network,Closed
TCK-6676,2025-02-24 22:04:18.126178302,2025-02-25 18:58:33.543118356,High,  Operations ,Database,Closed
TCK-6677,2025-04-16 14:17:52.129554506,2025-04-16 21:36:29.868243355,Medium,IT Support,Software,Closed
TCK-6678,2025-06-14 16:00:05.200221974,2025-06-15 04:51:11.913725259,Medium,Finance,Network,Closed
TCK-6679,2025-02-27 17:16:17.822217762,2025-02-28 08:47:22.783886331,Low,IT Support,Hardware,Closed
TCK-6680,2025-05-28 14:31:12.691871890,2025-05-29 01:36:31.571114062,High,IT Support,Software,Resolved
TCK-6681,2025-01-02 16:55:57.241381904,2025-01-03 07:15:41.292960613,Low,HR,Software,Resolved
TCK-6682,2025-01-01 15:45:13.521707285,2025-01-02 22:42:55.900640141,Medium,DevOps,Database,Closed
TCK-6683,2025-05-17 17:57:15.741591622,2025-05-17 21:57:25.311653979,Critical,IT Support,Access,Resolved
TCK-6684,2025-05-18 01:27:12.797240988,2025-05-18 06:40:02.844011823,None,IT Support,Software,Closed
TCK-6685,2025-05-23 00:22:53.225478872,2025-05-24 05:21:56.225346610,Critical,Finance,Database,Closed
TCK-6686,2025-06-17 09:42:57.382836700,2025-06-17 23:31:54.390137870,None,Operations,Database,Closed
TCK-6687,2025-01-22 05:21:18.961429060,2025-01-23 09:09:28.435768523,High,DevOps,Database,Closed
TCK-6688,2025-02-11 18:10:30.486466321,2025-02-12 02:14:30.422189610,High,  IT Support ,Network,Closed
TCK-6689,2025-06-12 16:05:29.961653456,2025-06-13 04:53:15.780525476,Low,Operations,Access,Resolved
TCK-6690,2025-02-01 21:39:37.347755640,2025-02-02 02:53:57.301958730,None,IT Support,Network,Resolved
TCK-6691,2025-05-03 19:13:49.569351034,2025-05-03 23:01:34.342160212,High,IT Support,Hardware,Closed
TCK-6692,2025-04-06 11:36:00.576634761,2025-04-07 04:19:43.102362634,Low,Operations,Access,Closed
TCK-6693,2025-01-15 23:23:48.062394640,2025-01-16 23:55:16.563794960,Medium,Operations,Network,Resolved
TCK-6694,2025-02-21 08:20:20.470514719,2025-02-21 19:06:36.020458246,Low,Finance,Access,Resolved
TCK-6695,2025-04-04 16:00:28.710089932,2025-04-05 06:02:17.728237575,None,HR,Hardware,Closed
TCK-6696,2025-06-03 10:09:09.014666988,2025-06-04 02:29:44.633643812,Medium,HR,Network,Resolved
TCK-6697,2025-05-08 08:33:58.590487406,2025-05-08 17:13:26.393529475,Low,HR,Access,Closed
TCK-6698,2025-04-22 22:32:06.926947118,2025-04-25 13:39:23.570189977,Low,DevOps,Hardware,Closed
TCK-6699,2025-03-31 06:51:43.504368884,2025-03-31 13:52:16.243531430,None,IT Support,Database,Resolved
TCK-6700,2025-02-23 18:18:53.316277416,2025-02-24 02:23:42.609172776,Medium,  IT Support ,Access,Closed
TCK-6701,2025-01-22 11:08:16.860837150,2025-01-23 00:14:16.624287952,Medium,HR,Hardware,Closed
TCK-6702,2025-03-15 15:12:30.489571918,2025-03-15 22:38:04.014473217,Medium,Operations,Database,Closed
TCK-6703,2025-01-06 03:11:59.617308422,2025-01-06 17:16:31.746775753,Low,IT Support,Hardware,Closed
TCK-6704,2025-02-07 23:45:41.189878060,2025-02-08 18:59:12.318348268,Low,DevOps,Software,Closed
TCK-6705,2025-03-19 20:19:41.461571606,2025-03-20 03:52:48.484228724,Medium,IT Support,Hardware,Closed
TCK-6706,2025-03-17 08:22:27.847569623,2025-03-19 02:10:16.015129347,Medium,DevOps,Network,Closed
TCK-6707,2025-01-08 23:21:22.542865225,2025-01-09 17:00:08.698574906,Medium,IT Support,Network,Closed
TCK-6708,2025-04-17 00:44:23.507625330,2025-04-17 11:13:46.872989253,Medium,Operations,Network,Closed
TCK-6709,2025-04-09 22:38:09.547029529,2025-04-10 23:26:00.776460750,Low,DevOps,Network,Closed
TCK-6710,2025-01-15 01:24:38.136133236,2025-01-15 18:22:39.653599874,Critical,IT Support,Software,Closed
TCK-6711,2025-06-19 18:27:51.791864752,2025-06-21 09:33:12.620589172,Low,DevOps,Software,Closed
TCK-6712,2025-01-18 21:20:00.978243776,2025-01-19 17:11:45.557242894,Low,  HR ,Software,Closed
TCK-6713,2025-06-03 20:53:00.720043050,2025-06-04 15:12:40.952046206,Low,DevOps,Database,Closed
TCK-6714,2025-01-01 01:20:16.950742172,2025-01-01 16:13:45.086248575,Low,Operations,Access,Closed
TCK-6715,2025-06-08 19:27:15.590145798,2025-06-09 08:30:40.783564652,Low,HR,Network,Resolved
TCK-6716,2025-01-04 13:11:21.275241468,2025-01-04 18:43:27.817607951,Medium,IT Support,Access,Closed
TCK-6717,2025-05-17 09:44:52.719986188,2025-05-17 15:53:41.764946134,High,HR,Network,Resolved
TCK-6718,2025-03-07 02:30:15.497341533,2025-03-07 09:05:22.031892238,Low,IT Support,Network,Closed
TCK-6719,2025-05-13 21:05:47.675720048,2025-05-14 13:49:36.082157414,Medium,IT Support,Network,Closed
TCK-6720,2025-03-14 07:32:21.434769265,2025-03-14 16:17:40.315096277,Critical,IT Support,Software,Closed
TCK-6721,2025-01-13 18:19:20.008104802,2025-01-14 22:33:08.229565515,Low,HR,Database,Closed
TCK-6722,2025-05-19 03:37:44.126788702,2025-05-20 06:25:23.066263777,High,Finance,Network,Closed
TCK-6723,2025-01-13 19:48:41.762117868,2025-01-14 01:36:38.721817646,Low,IT Support,Network,Closed
TCK-6724,2025-06-15 23:33:37.020068862,2025-06-16 15:39:40.288996176,Low,  IT Support ,Network,Resolved
TCK-6725,2025-01-10 04:12:28.204631917,2025-01-11 00:13:26.011762186,Medium,Operations,Hardware,Closed
TCK-6726,2025-03-28 06:41:06.719902609,2025-03-28 20:26:04.084374843,Low,IT Support,Network,Resolved
TCK-6727,2025-05-11 03:30:31.468591574,2025-05-11 08:29:27.935957239,Critical,IT Support,Software,Closed
TCK-6728,2025-03-12 18:49:29.020445771,2025-03-13 09:06:47.069560901,Low,IT Support,Software,Resolved
TCK-6729,2025-02-09 02:26:54.996861544,2025-02-11 07:21:00.425125066,Medium,DevOps,Access,Resolved
TCK-6730,2025-05-17 15:16:22.631631014,2025-05-18 19:35:33.451125795,Medium,Finance,Software,Closed
TCK-6731,2025-05-22 04:09:11.248874274,2025-05-22 13:38:19.615899507,Low,HR,Access,Closed
TCK-6732,2025-06-16 02:02:32.390458320,2025-06-16 19:37:58.719861229,High,Operations,Database,Closed
TCK-6733,2025-03-09 17:01:59.797424121,2025-03-10 17:28:05.867866721,Medium,Operations,Hardware,Closed
TCK-6734,2025-04-02 03:00:26.974902427,2025-04-02 23:14:50.677868941,High,Operations,Software,Resolved
TCK-6735,2025-03-07 08:42:53.543142112,2025-03-08 09:01:31.760705051,High,Operations,Network,Closed
TCK-6736,2025-02-16 06:35:36.493432478,2025-02-17 12:27:09.797424852,Low,  Operations ,Database,Resolved
TCK-6737,2025-05-16 04:27:44.617832888,2025-05-16 10:36:31.133256530,Medium,IT Support,Network,Closed
TCK-6738,2025-03-03 03:17:45.493703691,2025-03-03 08:04:00.620118508,Low,IT Support,Access,Closed
TCK-6739,2025-03-19 01:36:20.121865059,2025-03-19 15:32:29.578571401,Low,HR,Access,Closed
TCK-6740,2025-03-14 15:52:12.723368881,2025-03-15 18:09:29.813313322,Low,DevOps,Hardware,Closed
TCK-6741,2025-05-09 06:41:47.381258192,2025-05-10 09:21:35.921315231,None,Operations,Database,Closed
TCK-6742,2025-06-15 04:52:37.577273292,2025-06-15 19:11:37.554748210,Medium,Finance,Access,Closed
TCK-6743,2025-05-01 00:23:10.265452330,2025-05-03 04:01:12.251185383,Low,DevOps,Network,Resolved
TCK-6744,2025-03-26 21:14:12.534457505,2025-03-27 13:57:40.584422979,Low,IT Support,Software,Closed
TCK-6745,2025-05-21 06:09:57.944419116,2025-05-22 00:10:07.826014578,Low,Operations,Software,Closed
TCK-6746,2025-04-26 08:59:46.032747482,2025-04-27 03:33:04.067894879,Low,Operations,Database,Closed
TCK-6747,2025-01-11 21:50:12.273896235,2025-01-12 18:57:23.779312117,Medium,DevOps,Database,Closed
TCK-6748,2025-01-18 05:16:00.095985825,2025-01-19 04:53:59.977735609,Low,  DevOps ,Access,Closed
TCK-6749,2025-01-07 19:48:04.314233145,2025-01-08 10:28:37.381201885,Low,Operations,Software,Closed
TCK-6750,2025-03-24 05:26:47.505160687,2025-03-24 22:56:05.644013038,Medium,IT Support,Hardware,Closed
TCK-6751,2025-05-29 15:41:12.610839582,2025-05-30 15:19:19.381756276,Critical,Finance,Hardware,Closed
TCK-6752,2025-02-26 08:31:09.449752227,2025-02-26 12:54:27.926557218,Medium,IT Support,Hardware,Closed
TCK-6753,2025-03-11 03:34:19.167454275,2025-03-12 07:24:30.785858694,High,Finance,Hardware,Closed
TCK-6754,2025-06-13 16:56:27.989337434,2025-06-15 15:47:58.563101366,Low,DevOps,Access,Closed
TCK-6755,2025-05-31 15:25:22.381564616,2025-06-01 05:26:36.975808300,High,HR,Network,Resolved
TCK-6756,2025-04-30 17:00:28.243773574,2025-05-02 06:31:54.339761426,Low,Operations,Hardware,Closed
TCK-6757,2025-02-18 00:35:32.419098692,2025-02-18 21:32:21.683966960,High,HR,Access,Closed
TCK-6758,2025-01-22 01:37:09.138770673,2025-01-22 10:01:22.625606233,Critical,HR,Hardware,Closed
TCK-6759,2025-01-03 21:22:26.810321128,2025-01-04 08:09:08.329651858,High,HR,Hardware,Closed
TCK-6760,2025-01-20 06:17:09.980343953,2025-01-21 09:43:12.690281271,High,  Finance ,Network,Closed
TCK-6761,2025-02-22 16:00:59.891239558,2025-02-23 05:29:32.630612412,Medium,DevOps,Hardware,Closed
TCK-6762,2025-04-10 07:43:59.068788316,2025-04-11 20:24:38.344114845,Low,DevOps,Access,Resolved
TCK-6763,2025-01-12 12:28:49.286965120,2025-01-12 16:00:11.605668458,Medium,IT Support,Access,Closed
TCK-6764,2025-01-25 12:30:14.408408519,2025-01-27 16:13:00.227625656,Medium,DevOps,Software,Closed
TCK-6765,2025-02-02 14:16:07.082293099,2025-02-04 04:49:56.199665005,Low,Finance,Database,Resolved
TCK-6766,2025-04-24 18:09:45.510076378,2025-04-25 05:06:10.732848831,Medium,IT Support,Hardware,Closed
TCK-6767,2025-04-21 20:12:42.953738894,2025-04-22 02:16:28.056863496,Medium,IT Support,Hardware,Resolved
TCK-6768,2025-04-10 03:18:28.576539723,2025-04-10 12:33:46.697476871,Low,IT Support,Access,Resolved
TCK-6769,2025-02-15 02:09:58.156871252,2025-02-16 02:08:52.917579065,Medium,DevOps,Hardware,Closed
TCK-6770,2025-03-08 19:14:13.437833720,2025-03-09 05:59:15.696609557,Medium,Operations,Access,Closed
TCK-6771,2025-01-18 09:41:58.468484579,2025-01-19 06:22:56.487032240,Low,Finance,Software,Resolved
TCK-6772,2025-02-10 18:18:35.309645269,2025-02-11 06:21:41.134747263,Medium,  IT Support ,Hardware,Closed
TCK-6773,2025-06-11 14:05:11.682101572,2025-06-12 15:07:45.207917122,None,Finance,Software,Closed
TCK-6774,2025-06-26 08:16:06.040570004,2025-06-27 01:49:29.242987093,Critical,IT Support,Software,Resolved
TCK-6775,2025-04-27 13:53:21.875877862,2025-04-28 10:42:50.230026622,Medium,HR,Database,Closed
TCK-6776,2025-06-15 00:40:35.837548230,2025-06-16 01:41:51.590008817,Low,Operations,Access,Closed
TCK-6777,2025-04-26 16:38:42.035042964,2025-04-26 20:26:50.270446361,Low,IT Support,Software,Closed
TCK-6778,2025-01-06 23:24:31.751912267,2025-01-07 20:39:11.631776962,Low,Finance,Access,Closed
TCK-6779,2025-06-29 10:00:51.721708634,2025-06-29 15:00:23.700367495,Low,IT Support,Database,Resolved
TCK-6780,2025-01-18 19:28:26.195828990,2025-01-19 11:54:00.083973900,Critical,Operations,Access,Closed
TCK-6781,2025-05-03 21:00:45.296073584,2025-05-04 07:03:10.264325833,None,HR,Database,Resolved
TCK-6782,2025-02-15 12:15:08.630219135,2025-02-16 03:09:19.792170141,High,Operations,Hardware,Closed
TCK-6783,2025-03-12 13:21:30.267929044,2025-03-13 03:48:27.829035007,Medium,IT Support,Database,Closed
TCK-6784,2025-04-27 06:26:08.442024192,2025-04-27 17:12:56.386238443,Low,  IT Support ,Database,Closed
TCK-6785,2025-03-20 13:37:31.256433460,2025-03-22 16:55:04.233595161,Medium,DevOps,Database,Closed
TCK-6786,2025-02-15 02:21:32.308496906,2025-02-15 06:10:37.079408606,Medium,IT Support,Network,Closed
TCK-6787,2025-03-02 04:48:27.098331706,2025-03-03 06:01:41.198858135,Medium,Finance,Software,Closed
TCK-6788,2025-03-03 11:29:16.314389238,2025-03-05 13:45:15.867106923,Medium,DevOps,Access,Closed
TCK-6789,2025-06-22 16:16:45.362911740,2025-06-23 10:19:49.810045649,High,IT Support,Access,Resolved
TCK-6790,2025-05-24 18:00:29.623641510,2025-05-24 21:55:40.640278903,High,IT Support,Network,Closed
TCK-6791,2025-03-24 12:55:50.494047631,2025-03-25 04:01:46.971416044,Medium,Operations,Hardware,Closed
TCK-6792,2025-02-05 23:13:34.953148895,2025-02-08 03:13:08.152315595,High,DevOps,Software,Resolved
TCK-6793,2025-05-26 23:35:22.546804824,2025-05-28 03:44:53.023665345,Low,DevOps,Software,Resolved
TCK-6794,2025-01-29 07:01:41.798453424,2025-01-29 18:26:45.441915003,Medium,Operations,Software,Resolved
TCK-6795,2025-02-07 21:11:48.400992437,2025-02-08 08:29:02.491167076,Low,Finance,Software,Closed
TCK-6796,2025-03-07 21:10:40.269898031,2025-03-08 02:28:02.311328959,Low,  IT Support ,Network,Closed
TCK-6797,2025-06-08 11:06:15.141890150,2025-06-09 00:25:40.076532866,Low,DevOps,Access,Closed
TCK-6798,2025-01-24 17:19:06.270597682,2025-01-26 01:14:16.507897956,Low,DevOps,Hardware,Closed
TCK-6799,2025-01-23 00:03:06.167273589,2025-01-23 13:21:28.064028077,None,IT Support,Hardware,Closed
TCK-6800,2025-03-30 21:58:19.018123496,2025-03-31 02:29:48.386195992,Medium,IT Support,Hardware,Closed
TCK-6801,2025-02-19 18:05:36.735088829,2025-02-20 03:45:45.348903576,Critical,IT Support,Network,Closed
TCK-6802,2025-04-13 08:54:16.948512182,2025-04-13 21:52:31.875253368,Low,IT Support,Network,Resolved
TCK-6803,2025-03-23 07:04:13.720193491,2025-03-24 07:32:14.363811741,Low,Finance,Database,Closed
TCK-6804,2025-03-20 07:01:24.021974124,2025-03-20 13:22:11.224054866,Medium,HR,Network,Closed
TCK-6805,2025-01-21 03:43:23.637013719,2025-01-21 14:02:01.776545497,Low,IT Support,Software,Resolved
TCK-6806,2025-01-26 09:20:04.782765514,2025-01-26 23:09:06.916623052,Medium,HR,Access,Resolved
TCK-6807,2025-05-28 19:03:34.036453412,2025-05-29 23:43:34.023305662,Medium,DevOps,Hardware,Closed
TCK-6808,2025-06-09 11:00:48.334715768,2025-06-10 00:42:26.505691564,High,  Operations ,Network,Closed
TCK-6809,2025-02-12 05:49:58.303431411,2025-02-12 20:39:45.423689540,Medium,HR,Access,Closed
TCK-6810,2025-01-21 10:08:57.719713208,2025-01-21 21:07:02.250248520,Medium,IT Support,Software,Closed
TCK-6811,2025-01-10 14:45:36.081925508,2025-01-14 21:12:12.624601292,Low,DevOps,Network,Closed
TCK-6812,2025-04-20 11:50:44.488913980,2025-04-21 13:45:40.093594153,High,Finance,Network,Resolved
TCK-6813,2025-05-09 18:19:33.160803196,2025-05-10 12:25:15.231579164,Medium,IT Support,Access,Closed
TCK-6814,2025-03-09 02:32:20.952088253,2025-03-09 12:42:14.705377071,Medium,IT Support,Software,Resolved
TCK-6815,2025-05-03 08:11:59.091214426,2025-05-03 16:17:13.577043564,Low,IT Support,Network,Closed
TCK-6816,2025-05-09 07:58:55.499581750,2025-05-09 17:08:14.809662759,Medium,IT Support,Access,Closed
TCK-6817,2025-06-18 08:40:43.160284672,2025-06-18 18:27:01.741827614,Critical,Operations,Software,Resolved
TCK-6818,2025-01-12 16:15:14.815611587,2025-01-14 04:22:35.997665933,Low,DevOps,Network,Closed
TCK-6819,2025-02-04 14:42:00.879689753,2025-02-04 19:56:41.637112796,High,HR,Network,Closed
TCK-6820,2025-01-13 08:01:56.159108359,2025-01-13 23:56:54.621216925,Medium,  Finance ,Hardware,Closed
TCK-6821,2025-06-06 05:44:01.651243192,2025-06-06 20:44:07.770333745,Medium,HR,Database,Closed
TCK-6822,2025-05-23 15:58:35.512842058,2025-05-25 12:29:03.560704944,None,Finance,Software,Closed
TCK-6823,2025-04-14 10:27:13.482310841,2025-04-16 12:33:07.045009217,Medium,Finance,Access,Closed
TCK-6824,2025-01-16 01:25:33.353116000,2025-01-16 08:58:40.021470951,High,IT Support,Hardware,Closed
TCK-6825,2025-02-19 04:42:33.801782647,2025-02-19 20:03:32.981196485,Medium,HR,Network,Closed
TCK-6826,2025-02-23 14:08:59.077006055,2025-02-24 19:35:44.137994810,Low,Operations,Access,Resolved
TCK-6827,2025-04-11 22:24:38.184431767,2025-04-12 02:46:58.939653079,Medium,IT Support,Hardware,Closed
TCK-6828,2025-02-16 10:44:58.640058999,2025-02-17 04:08:05.137732654,Critical,HR,Hardware,Resolved
TCK-6829,2025-01-14 03:11:11.803574273,2025-01-14 15:05:06.959676405,High,Operations,Database,Closed
TCK-6830,2025-05-12 12:53:35.318422512,2025-05-13 17:20:27.793038646,Low,DevOps,Hardware,Closed
TCK-6831,2025-02-23 20:01:35.451664957,2025-02-24 07:18:51.850370798,Low,HR,Software,Resolved
TCK-6832,2025-03-23 10:15:23.201066371,2025-03-24 16:42:52.384360348,Medium,  Finance ,Database,Closed
TCK-6833,2025-01-23 23:31:11.507244812,2025-01-24 18:13:02.774909425,Medium,HR,Database,Closed
TCK-6834,2025-05-25 11:00:31.214392502,2025-05-27 01:15:40.701695326,Low,Finance,Network,Closed
TCK-6835,2025-04-12 19:05:51.749922944,2025-04-13 16:31:15.017357422,Low,Operations,Network,Closed
TCK-6836,2025-06-12 06:50:59.658815786,2025-06-13 16:37:40.992215687,High,DevOps,Software,Resolved
TCK-6837,2025-03-31 04:26:13.748792064,2025-04-01 16:19:11.285312165,High,HR,Access,Resolved
TCK-6838,2025-06-19 10:57:32.048111666,2025-06-19 19:21:30.854167753,High,Operations,Software,Resolved
TCK-6839,2025-06-10 12:52:14.314538382,2025-06-12 06:53:31.002915139,Critical,Operations,Database,Closed
TCK-6840,2025-04-14 18:18:23.687654005,2025-04-15 06:35:27.565042687,Low,HR,Network,Closed
TCK-6841,2025-06-18 02:25:10.750106676,2025-06-18 13:43:39.611855828,High,IT Support,Software,Resolved
TCK-6842,2025-02-28 03:44:36.197924878,2025-02-28 10:57:58.112392000,Medium,IT Support,Network,Closed
TCK-6843,2025-03-07 19:34:26.914375895,2025-03-08 01:33:22.984168158,None,IT Support,Software,Closed
TCK-6844,2025-01-09 04:27:53.098711486,2025-01-10 19:57:49.562095737,Low,  DevOps ,Software,Resolved
TCK-6845,2025-04-17 01:20:52.501991444,2025-04-17 15:39:37.349296767,Low,IT Support,Hardware,Closed
TCK-6846,2025-05-10 22:42:41.580334772,2025-05-11 09:28:46.045721470,High,IT Support,Software,Closed
TCK-6847,2025-05-20 05:36:10.446645188,2025-05-21 00:17:09.327674034,Critical,Finance,Network,Closed
TCK-6848,2025-01-27 23:12:22.880588998,2025-01-31 13:36:00.897122476,High,HR,Software,Closed
TCK-6849,2025-03-21 22:46:01.892604005,2025-03-23 07:32:31.015195814,High,Operations,Access,Closed
TCK-6850,2025-02-01 20:02:56.674484576,2025-02-02 09:36:13.787962247,Medium,IT Support,Hardware,Closed
TCK-6851,2025-04-30 04:23:24.529381278,2025-05-01 06:22:29.186131507,High,DevOps,Software,Closed
TCK-6852,2025-01-29 10:19:41.983903337,2025-01-30 09:00:23.520207967,High,DevOps,Access,Closed
TCK-6853,2025-06-12 17:59:13.612884878,2025-06-13 20:56:21.798730815,High,DevOps,Network,Resolved
TCK-6854,2025-02-11 12:20:30.009326300,2025-02-12 12:43:33.994453674,Medium,HR,Access,Resolved
TCK-6855,2025-02-22 10:51:28.045314784,2025-02-23 01:47:15.955956748,Low,Finance,Hardware,Resolved
TCK-6856,2025-06-03 03:54:55.122092348,2025-06-03 08:53:52.704599859,Medium,  IT Support ,Network,Resolved
TCK-6857,2025-03-24 12:34:48.272986297,2025-03-24 23:42:44.117661713,Medium,IT Support,Software,Closed
TCK-6858,2025-01-05 07:39:44.949082735,2025-01-05 17:37:59.957024538,None,IT Support,Software,Closed
TCK-6859,2025-03-31 00:36:45.378703547,2025-03-31 12:51:31.668026746,Medium,Operations,Access,Closed
TCK-6860,2025-01-16 05:13:37.951831673,2025-01-16 13:27:21.631220272,Medium,HR,Software,Closed
TCK-6861,2025-06-27 08:41:21.065025056,2025-06-28 21:37:48.426877707,None,Operations,Network,Resolved
TCK-6862,2025-04-16 20:38:31.143725528,2025-04-17 06:48:11.164892382,Low,IT Support,Network,Closed
TCK-6863,2025-02-16 04:13:15.269085936,2025-02-16 11:24:07.783825181,Low,HR,Software,Resolved
TCK-6864,2025-04-12 11:15:37.352324551,2025-04-13 00:05:28.778256298,Medium,Finance,Access,Closed
TCK-6865,2025-01-14 20:03:57.191793051,2025-01-15 07:55:03.937333072,Low,HR,Software,Closed
TCK-6866,2025-05-24 23:31:49.563988642,2025-05-26 10:52:23.558355377,Low,Finance,Database,Resolved
TCK-6867,2025-06-16 13:25:01.893695474,2025-06-17 00:51:44.619316296,Critical,IT Support,Software,Closed
TCK-6868,2025-06-07 09:35:59.125382192,2025-06-09 04:44:32.714937743,Medium,  Finance ,Hardware,Closed
TCK-6869,2025-03-03 12:23:34.230947249,2025-03-03 20:56:11.633528424,Low,Operations,Software,Closed
TCK-6870,2025-02-28 15:19:05.796693667,2025-03-01 00:49:29.666694327,Low,IT Support,Database,Closed
TCK-6871,2025-01-07 07:34:42.529635897,2025-01-08 00:55:06.864123596,Low,IT Support,Hardware,Resolved
TCK-6872,2025-04-28 06:02:58.378516658,2025-04-29 17:05:58.001195315,Medium,Operations,Access,Closed
TCK-6873,2025-04-07 06:47:19.203719690,2025-04-08 12:06:16.240804046,Low,Finance,Hardware,Resolved
TCK-6874,2025-03-24 16:22:34.766882813,2025-03-26 14:18:44.713424341,High,HR,Network,Closed
TCK-6875,2025-06-13 08:57:56.586261364,2025-06-13 20:29:34.475622117,Medium,IT Support,Database,Closed
TCK-6876,2025-01-31 05:14:12.669640425,2025-02-02 09:27:04.923553218,Low,DevOps,Network,Closed
TCK-6877,2025-01-02 17:45:29.779565715,2025-01-03 12:09:46.013843553,Low,Operations,Network,Resolved
TCK-6878,2025-01-14 04:43:37.463382144,2025-01-14 14:20:11.736918862,Medium,HR,Hardware,Resolved
TCK-6879,2025-02-10 04:57:52.601091241,2025-02-10 14:07:54.701549128,Low,HR,Hardware,Closed
TCK-6880,2025-01-06 23:47:36.862145282,2025-01-07 09:06:05.646243799,Medium,  IT Support ,Network,Resolved
TCK-6881,2025-04-01 12:17:05.387922043,2025-04-02 04:28:42.619121213,Critical,Operations,Access,Closed
TCK-6882,2025-02-26 12:52:14.759792605,2025-02-26 18:44:07.633338920,Medium,HR,Software,Closed
TCK-6883,2025-02-02 11:41:11.741475599,2025-02-03 06:14:53.199541040,Low,DevOps,Software,Resolved
TCK-6884,2025-05-16 00:21:47.533601594,2025-05-16 12:28:23.909401394,High,HR,Database,Resolved
TCK-6885,2025-02-06 19:13:47.025568307,2025-02-07 15:39:25.997645485,Low,HR,Hardware,Closed
TCK-6886,2025-05-04 18:27:14.530655472,2025-05-05 12:18:35.823944020,Low,Operations,Software,Closed
TCK-6887,2025-03-04 20:49:27.815742481,2025-03-06 02:43:38.216296666,Low,DevOps,Access,Resolved
TCK-6888,2025-04-03 03:05:45.333824048,2025-04-03 18:03:12.546938347,Critical,Finance,Database,Closed
TCK-6889,2025-06-18 02:18:20.203767726,2025-06-18 16:40:15.771356957,Critical,HR,Hardware,Resolved
TCK-6890,2025-01-07 17:21:32.624655521,2025-01-09 16:44:24.621544350,Low,Finance,Software,Closed
TCK-6891,2025-04-01 01:08:33.620289487,2025-04-01 20:35:55.487042846,Medium,Operations,Network,Closed
TCK-6892,2025-06-03 19:06:25.879015118,2025-06-04 01:47:25.116536490,Low,  HR ,Access,Closed
TCK-6893,2025-04-16 20:02:55.510655660,2025-04-17 00:35:42.044191061,Medium,IT Support,Access,Closed
TCK-6894,2025-02-19 20:04:50.279842116,2025-02-20 15:08:29.333664652,Low,HR,Hardware,Closed
TCK-6895,2025-03-13 13:58:57.013775574,2025-03-13 21:34:50.453048602,Low,IT Support,Access,Closed
TCK-6896,2025-05-03 10:44:51.057986792,2025-05-04 16:36:46.118429387,High,DevOps,Hardware,Closed
TCK-6897,2025-06-10 08:18:26.580368266,2025-06-10 18:45:36.848217924,Low,HR,Access,Closed
TCK-6898,2025-01-08 09:24:24.244507303,2025-01-10 01:16:46.169972271,Low,DevOps,Software,Closed
TCK-6899,2025-01-13 21:02:51.758039134,2025-01-14 12:32:00.048569382,High,Operations,Hardware,Closed
TCK-6900,2025-02-28 12:13:21.295176306,2025-03-01 04:37:08.532828276,High,Operations,Access,Closed
TCK-6901,2025-02-11 21:36:29.652371673,2025-02-12 09:22:08.028317477,Medium,Operations,Software,Closed
TCK-6902,2025-02-17 16:30:05.142530858,2025-02-18 05:58:38.814671767,Critical,IT Support,Software,Closed
TCK-6903,2025-02-09 19:53:11.018629700,2025-02-10 08:36:00.128851035,Medium,HR,Software,Resolved
TCK-6904,2025-02-05 05:57:51.159795413,2025-02-05 17:28:59.911619446,Low,  IT Support ,Hardware,Resolved
TCK-6905,2025-01-24 12:17:43.932751225,2025-01-24 22:12:21.061113087,Low,Operations,Hardware,Closed
TCK-6906,2025-06-18 02:40:54.657679542,2025-06-19 12:28:20.924301865,Low,HR,Access,Closed
TCK-6907,2025-01-26 22:53:54.542668492,2025-01-28 21:18:04.678558141,Low,Finance,Network,Closed
TCK-6908,2025-02-06 19:01:27.505153619,2025-02-06 22:17:43.948082537,Medium,IT Support,Network,Resolved
TCK-6909,2025-02-14 07:52:04.539349179,2025-02-14 13:33:36.471835312,Low,IT Support,Database,Resolved
TCK-6910,2025-06-17 22:37:27.306924300,2025-06-18 16:39:16.742893177,Medium,HR,Network,Closed
TCK-6911,2025-05-17 00:41:06.205764070,2025-05-17 16:42:34.640863504,Low,DevOps,Network,Closed
TCK-6912,2025-05-23 03:30:05.540266884,2025-05-24 02:26:29.041854771,Medium,Finance,Access,Closed
TCK-6913,2025-01-19 20:33:20.452342721,2025-01-20 14:07:55.540714323,Medium,HR,Hardware,Closed
TCK-6914,2025-05-31 12:51:31.176243726,2025-06-01 05:16:14.141525928,Medium,Operations,Network,Closed
TCK-6915,2025-03-15 11:23:38.808424484,2025-03-15 22:31:20.452139602,Low,IT Support,Database,Closed
TCK-6916,2025-02-17 07:23:43.703655069,2025-02-18 05:18:49.611102992,None,  DevOps ,Access,Closed
TCK-6917,2025-04-14 15:14:25.298907870,2025-04-14 21:06:04.070750429,High,Operations,Software,Closed
TCK-6918,2025-05-28 23:49:48.551261846,2025-05-29 13:43:10.284272514,Medium,IT Support,Software,Resolved
TCK-6919,2025-05-21 03:46:38.253516990,2025-05-22 09:05:51.225410396,Medium,Operations,Database,Closed
TCK-6920,2025-06-10 04:47:20.849101766,2025-06-11 10:30:39.725141212,Medium,IT Support,Hardware,Closed
TCK-6921,2025-06-17 01:31:51.756912184,2025-06-17 11:48:46.925519038,Low,DevOps,Software,Closed
TCK-6922,2025-02-12 20:41:14.454844361,2025-02-13 09:03:35.719878609,Low,IT Support,Hardware,Closed
TCK-6923,2025-03-18 07:03:57.970120513,2025-03-18 13:47:32.782659880,Medium,Operations,Network,Resolved
TCK-6924,2025-01-03 15:11:43.041717248,2025-01-04 11:39:07.334570636,Medium,IT Support,Network,Closed
TCK-6925,2025-06-08 06:40:10.444890214,2025-06-09 13:56:16.519585796,Low,Finance,Network,Closed
TCK-6926,2025-01-28 19:45:06.099735585,2025-01-29 10:58:23.488315900,Low,Finance,Software,Closed
TCK-6927,2025-06-05 01:34:16.281553582,2025-06-06 04:09:35.283928449,Low,Operations,Software,Closed
TCK-6928,2025-03-01 06:57:11.631535547,2025-03-01 20:36:17.024081876,Critical,  Operations ,Hardware,Closed
TCK-6929,2025-03-08 06:20:13.591386662,2025-03-09 18:21:41.271561349,Low,DevOps,Hardware,Closed
TCK-6930,2025-01-08 01:03:04.821732981,2025-01-08 10:28:23.992607355,Low,IT Support,Database,Resolved
TCK-6931,2025-02-28 20:06:58.938430251,2025-03-02 06:04:52.382089413,Medium,HR,Network,Resolved
TCK-6932,2025-06-09 21:43:51.994925258,2025-06-10 18:47:39.642054587,Medium,IT Support,Access,Closed
TCK-6933,2025-01-05 14:21:53.182243187,2025-01-06 13:21:41.616050006,Medium,DevOps,Access,Closed
TCK-6934,2025-03-15 03:20:04.860822673,2025-03-16 03:26:12.056397548,Medium,HR,Network,Closed
TCK-6935,2025-01-06 15:38:47.042847750,2025-01-07 20:54:09.539611146,Medium,Finance,Database,Resolved
TCK-6936,2025-03-08 18:23:21.107296178,2025-03-09 03:16:16.434158764,High,Operations,Hardware,Closed
TCK-6937,2025-02-01 01:48:27.245415088,2025-02-01 07:48:31.403903512,Low,IT Support,Software,Closed
TCK-6938,2025-02-15 09:35:00.452109722,2025-02-16 12:55:03.626023382,Medium,IT Support,Database,Closed
TCK-6939,2025-06-07 23:13:29.899406388,2025-06-08 09:23:25.469943626,None,IT Support,Database,Resolved
TCK-6940,2025-03-20 11:43:57.479111649,2025-03-21 11:08:30.822172547,Low,  HR ,Network,Resolved
TCK-6941,2025-02-19 06:48:26.362282539,2025-02-19 14:27:08.146729200,Low,IT Support,Hardware,Closed
TCK-6942,2025-04-17 01:56:30.453886918,2025-04-17 08:25:50.544842493,Low,IT Support,Access,Closed
TCK-6943,2025-01-26 13:54:07.439316321,2025-01-27 21:19:39.215904114,Low,DevOps,Access,Resolved
TCK-6944,2025-02-16 16:34:18.278609150,2025-02-17 19:42:35.099822867,Low,DevOps,Access,Closed
TCK-6945,2025-04-09 07:47:28.392160121,2025-04-09 14:31:17.369911323,Low,HR,Database,Closed
TCK-6946,2025-02-12 18:05:58.346821166,2025-02-13 02:41:52.682669297,Low,HR,Software,Closed
TCK-6947,2025-05-03 05:49:54.572058382,2025-05-03 17:56:29.563395388,Medium,IT Support,Hardware,Closed
TCK-6948,2025-03-30 11:14:32.732740095,2025-03-31 02:07:21.181852876,Low,Operations,Software,Closed
TCK-6949,2025-05-19 22:59:34.020600952,2025-05-20 23:48:34.921876595,High,Finance,Access,Closed
TCK-6950,2025-06-20 16:24:59.019555832,2025-06-21 01:58:32.953339091,High,IT Support,Software,Resolved
TCK-6951,2025-01-21 20:16:37.639130885,2025-01-22 06:13:02.503941749,Medium,IT Support,Database,Closed
TCK-6952,2025-03-02 05:45:10.235279641,2025-03-04 01:13:05.272968161,None,  Finance ,Network,Closed
TCK-6953,2025-02-27 12:27:07.025884978,2025-02-27 22:50:37.760903823,Medium,Operations,Software,Closed
TCK-6954,2025-01-28 05:06:36.761532978,2025-01-28 16:24:52.621669599,High,IT Support,Software,Closed
TCK-6955,2025-05-26 20:30:34.391810138,2025-05-27 22:45:55.152491193,Low,Operations,Software,Closed
TCK-6956,2025-05-17 18:40:33.605211262,2025-05-18 17:55:22.115837542,High,HR,Access,Closed
TCK-6957,2025-03-29 04:43:04.922416573,2025-03-29 11:43:26.932021822,Critical,HR,Software,Resolved
TCK-6958,2025-04-07 19:10:11.136261768,2025-04-08 22:59:55.945443641,Low,Finance,Hardware,Closed
TCK-6959,2025-01-11 17:13:50.434214821,2025-01-14 03:00:52.661556590,Medium,Finance,Database,Closed
TCK-6960,2025-04-10 23:47:30.343390213,2025-04-11 13:18:18.579463629,High,HR,Hardware,Closed
TCK-6961,2025-05-23 10:35:43.381553386,2025-05-25 02:04:22.902578033,Low,DevOps,Hardware,Resolved
TCK-6962,2025-04-14 06:56:06.424376147,2025-04-15 03:54:44.618376561,Medium,HR,Access,Resolved
TCK-6963,2025-02-17 18:07:24.668112755,2025-02-18 08:47:43.724436140,Low,Finance,Software,Resolved
TCK-6964,2025-05-01 03:48:30.731343612,2025-05-02 15:19:50.200691003,Low,  HR ,Database,Closed
TCK-6965,2025-03-07 01:37:48.062819531,2025-03-08 17:25:29.536577881,Low,DevOps,Database,Closed
TCK-6966,2025-04-09 01:51:09.317211755,2025-04-10 18:02:50.738665655,Medium,DevOps,Database,Closed
TCK-6967,2025-03-29 18:16:56.529713837,2025-03-29 21:59:06.118966378,Medium,IT Support,Software,Resolved
TCK-6968,2025-03-10 14:40:33.615010480,2025-03-12 12:47:47.758197071,Critical,DevOps,Database,Closed
TCK-6969,2025-05-10 09:33:10.351089590,2025-05-11 17:06:44.964103760,Medium,Finance,Database,Resolved
TCK-6970,2025-06-09 02:20:41.293604434,2025-06-11 09:32:02.711516061,Low,Finance,Network,Closed
TCK-6971,2025-01-01 22:31:05.087353136,2025-01-02 05:47:34.818731188,Low,IT Support,Network,Resolved
TCK-6972,2025-06-18 01:13:24.107070672,2025-06-18 16:10:31.246924095,Critical,Finance,Database,Closed
TCK-6973,2025-04-03 01:44:43.396366315,2025-04-03 23:47:08.088472229,Medium,DevOps,Hardware,Resolved
TCK-6974,2025-05-07 03:09:42.203409500,2025-05-07 09:45:54.262220318,High,IT Support,Software,Closed
TCK-6975,2025-06-04 00:17:53.253167242,2025-06-04 18:00:56.960761730,Low,DevOps,Hardware,Closed
TCK-6976,2025-03-26 01:53:16.622871527,2025-03-26 18:05:24.492703244,Medium,  IT Support ,Hardware,Closed
TCK-6977,2025-05-31 07:05:16.788970774,2025-05-31 23:35:49.748126283,Low,IT Support,Software,Closed
TCK-6978,2025-02-01 23:19:03.432167305,2025-02-02 15:38:20.400316638,Low,Operations,Software,Resolved
TCK-6979,2025-01-29 15:36:13.496230074,2025-01-30 06:23:39.653727658,High,Operations,Access,Closed
TCK-6980,2025-04-29 08:16:34.728450900,2025-04-29 15:32:17.288688726,Medium,Operations,Access,Closed
TCK-6981,2025-06-06 15:01:04.022340616,2025-06-07 03:03:19.889657017,Low,IT Support,Access,Closed
TCK-6982,2025-06-10 15:16:51.913040484,2025-06-13 14:08:28.208814452,High,DevOps,Database,Resolved
TCK-6983,2025-04-26 20:57:31.608682940,2025-04-27 03:08:22.958002039,Medium,IT Support,Database,Closed
TCK-6984,2025-04-05 14:06:48.508215305,2025-04-05 22:07:52.871967206,Low,IT Support,Database,Closed
TCK-6985,2025-03-01 15:37:05.299856220,2025-03-02 02:10:46.569842606,Critical,IT Support,Access,Resolved
TCK-6986,2025-06-26 09:36:06.463400802,2025-06-28 04:13:57.948303314,Low,Operations,Software,Resolved
TCK-6987,2025-02-27 13:05:07.319033528,2025-02-28 23:20:30.594190686,High,DevOps,Database,Resolved
TCK-6988,2025-05-14 22:53:02.339665738,2025-05-15 18:43:53.958526413,High,  Operations ,Software,Resolved
TCK-6989,2025-04-06 18:09:40.952122571,2025-04-07 20:57:34.245125323,Low,Finance,Access,Closed
TCK-6990,2025-04-20 12:46:23.950954192,2025-04-20 16:56:30.455680230,Medium,IT Support,Software,Closed
TCK-6991,2025-03-12 19:50:09.522754314,2025-03-13 04:34:04.156683556,Low,Operations,Database,Closed
TCK-6992,2025-06-23 16:02:09.247344398,2025-06-24 01:30:59.297262741,Medium,HR,Software,Closed
TCK-6993,2025-04-13 21:40:03.535495864,2025-04-14 21:13:51.146993942,High,HR,Access,Closed
TCK-6994,2025-06-18 19:14:33.228895102,2025-06-19 02:25:49.373167235,Low,IT Support,Database,Closed
TCK-6995,2025-01-02 08:47:41.704336712,2025-01-02 22:36:26.493215602,Low,Operations,Database,Closed
TCK-6996,2025-04-14 01:56:12.909788312,2025-04-14 15:37:42.765889770,Medium,Operations,Access,Closed
TCK-6997,2025-05-10 02:14:50.509007422,2025-05-11 01:07:04.046183236,Medium,Finance,Hardware,Resolved
TCK-6998,2025-05-15 02:44:46.821914814,2025-05-16 12:00:15.692793364,Medium,HR,Network,Closed
TCK-6999,2025-06-12 21:30:00.465468708,2025-06-13 05:22:52.424975365,High,IT Support,Access,Resolved
TCK-7000,2025-01-01 19:00:53.823226884,2025-01-02 07:09:49.182021504,Medium,  Operations ,Software,Resolved
TCK-7001,2025-01-01 01:25:34.636803377,2025-01-01 10:02:03.343050550,High,IT Support,Hardware,Closed
TCK-7002,2025-03-27 00:10:41.342287188,2025-03-30 02:43:57.168090500,Low,DevOps,Access,Closed
TCK-7003,2025-01-06 06:32:55.700243524,2025-01-06 20:32:50.764753377,Medium,Operations,Network,Closed
TCK-7004,2025-06-25 09:58:50.274557250,2025-06-25 14:41:24.167926362,Medium,IT Support,Database,Closed
TCK-7005,2025-02-09 23:19:17.594467728,2025-02-10 23:27:08.694840496,None,DevOps,Network,Closed
TCK-7006,2025-03-27 01:54:41.871082065,2025-03-27 21:06:31.044077301,Medium,Operations,Network,Closed
TCK-7007,2025-01-12 00:06:52.421950101,2025-01-12 12:06:21.328675216,None,IT Support,Access,Closed
TCK-7008,2025-04-04 23:14:56.968295412,2025-04-06 05:01:42.451079132,High,Operations,Database,Closed
TCK-7009,2025-03-10 09:24:37.658292498,2025-03-10 14:26:58.056057902,High,IT Support,Database,Closed
TCK-7010,2025-01-09 00:55:52.769098583,2025-01-09 16:09:39.852569270,Medium,Finance,Network,Closed
TCK-7011,2025-03-02 07:44:12.595659687,2025-03-03 04:34:49.183564986,Medium,Finance,Access,Resolved
TCK-7012,2025-03-12 11:00:12.986505850,2025-03-14 06:39:17.769063497,Medium,  DevOps ,Database,Resolved
TCK-7013,2025-06-28 04:27:39.032307866,2025-06-28 14:02:50.844731697,Low,Operations,Database,Resolved
TCK-7014,2025-02-07 10:04:01.080090127,2025-02-07 20:32:53.224002997,Critical,HR,Software,Resolved
TCK-7015,2025-04-09 01:26:52.578235790,2025-04-09 19:39:50.238834980,High,Finance,Network,Closed
TCK-7016,2025-06-27 17:12:11.421137072,2025-06-28 06:48:54.073996847,High,IT Support,Hardware,Closed
TCK-7017,2025-05-23 13:31:22.721884980,2025-05-24 12:57:51.630942042,Medium,Operations,Network,Closed
TCK-7018,2025-06-28 19:20:51.373718246,2025-06-29 23:37:47.121336390,Low,Operations,Access,Resolved
TCK-7019,2025-06-24 07:02:55.389594952,2025-06-24 23:38:55.536320890,Medium,IT Support,Database,Closed
TCK-7020,2025-03-30 02:48:38.958648288,2025-03-30 14:59:54.225441510,Medium,HR,Database,Closed
TCK-7021,2025-05-06 08:20:37.217187040,2025-05-07 01:27:51.482595710,High,DevOps,Software,Resolved
TCK-7022,2025-01-20 21:06:51.510188782,2025-01-21 14:17:24.636235136,High,DevOps,Database,Resolved
TCK-7023,2025-03-21 09:45:46.527127863,2025-03-21 13:09:12.754067667,Low,IT Support,Database,Closed
TCK-7024,2025-05-26 14:57:36.369331678,2025-05-26 21:43:04.093058400,Medium,  IT Support ,Hardware,Closed
TCK-7025,2025-04-01 23:02:54.911836534,2025-04-02 06:03:46.491167906,Medium,IT Support,Network,Closed
TCK-7026,2025-05-07 11:39:35.358373590,2025-05-09 09:37:10.109997411,Medium,DevOps,Database,Closed
TCK-7027,2025-05-15 05:38:44.683915476,2025-05-15 14:13:04.568826765,Medium,IT Support,Access,Resolved
TCK-7028,2025-02-15 14:59:12.084609485,2025-02-16 10:09:35.288811161,Low,Finance,Hardware,Resolved
TCK-7029,2025-06-07 15:01:16.648002780,2025-06-07 23:02:32.354785846,Low,IT Support,Hardware,Closed
TCK-7030,2025-03-24 18:25:58.445499551,2025-03-25 05:08:23.155318065,High,Operations,Software,Closed
TCK-7031,2025-02-07 19:59:58.731522248,2025-02-08 19:42:38.858576556,Low,HR,Access,Resolved
TCK-7032,2025-06-05 18:35:47.793573876,2025-06-06 11:08:07.842755148,High,Finance,Hardware,Resolved
TCK-7033,2025-03-17 04:58:38.072564457,2025-03-17 09:47:03.745671150,Medium,IT Support,Network,Closed
TCK-7034,2025-05-16 01:20:59.041681402,2025-05-17 04:26:37.484607218,Critical,Operations,Access,Closed
TCK-7035,2025-04-09 15:30:10.339190213,2025-04-10 02:49:45.867826557,None,IT Support,Network,Closed
TCK-7036,2025-03-10 17:41:09.490750951,2025-03-11 04:02:03.675237776,Medium,  Finance ,Software,Closed
TCK-7037,2025-05-26 18:39:58.006679832,2025-05-28 18:12:07.727004519,Medium,DevOps,Software,Resolved
TCK-7038,2025-04-16 04:54:36.376937022,2025-04-16 10:46:36.022769698,Medium,IT Support,Database,Resolved
TCK-7039,2025-03-12 07:13:41.816945197,2025-03-13 08:56:22.900207116,Low,DevOps,Network,Closed
TCK-7040,2025-01-20 17:27:46.079451895,2025-01-21 13:13:37.881894148,Low,Operations,Network,Closed
TCK-7041,2025-06-11 04:19:25.519699842,2025-06-11 15:43:15.886666116,Medium,IT Support,Software,Resolved
TCK-7042,2025-01-07 09:13:42.991233598,2025-01-08 02:58:17.183149005,High,HR,Network,Closed
TCK-7043,2025-06-05 08:58:09.641820010,2025-06-05 17:15:36.836161324,Low,IT Support,Access,Resolved
TCK-7044,2025-03-06 19:02:01.634982834,2025-03-07 14:50:49.374019219,Medium,Finance,Database,Closed
TCK-7045,2025-04-26 01:56:36.449973864,2025-04-27 08:03:04.442172611,Medium,Finance,Database,Closed
TCK-7046,2025-06-15 23:54:10.105092578,2025-06-16 07:54:51.338832721,Critical,IT Support,Access,Closed
TCK-7047,2025-01-28 07:22:21.284316628,2025-01-30 03:45:50.840576680,Low,Operations,Hardware,Resolved
TCK-7048,2025-04-13 01:13:33.797134776,2025-04-14 10:04:25.031745204,Low,  Finance ,Network,Closed
TCK-7049,2025-05-18 14:20:59.875581228,2025-05-19 09:53:10.915567918,Critical,DevOps,Hardware,Closed
TCK-7050,2025-05-17 08:45:43.766446780,2025-05-17 22:56:18.457982778,Low,Operations,Hardware,Resolved
TCK-7051,2025-04-05 14:43:47.535851486,2025-04-06 22:29:09.319823919,Medium,DevOps,Network,Resolved
TCK-7052,2025-04-23 10:52:28.080465236,2025-04-24 21:20:39.830408023,Medium,Operations,Software,Closed
TCK-7053,2025-05-17 08:30:59.812753998,2025-05-18 13:16:16.032673523,Medium,HR,Network,Closed
TCK-7054,2025-06-01 09:14:21.822403268,2025-06-02 05:20:13.569658957,Medium,Finance,Software,Closed
TCK-7055,2025-05-18 03:01:57.282613432,2025-05-18 11:56:09.254339052,High,HR,Access,Closed
TCK-7056,2025-03-05 17:18:04.876354686,2025-03-06 01:39:11.839211520,Low,HR,Software,Resolved
TCK-7057,2025-06-29 09:51:28.989249866,2025-06-30 01:58:05.925662362,Low,HR,Hardware,Resolved
TCK-7058,2025-03-20 05:03:05.892722622,2025-03-23 10:34:26.070929340,Medium,Finance,Hardware,Closed
TCK-7059,2025-01-05 09:41:15.057306932,2025-01-06 17:46:01.600629009,Medium,Finance,Hardware,Resolved
TCK-7060,2025-03-07 06:30:18.831057105,2025-03-07 12:54:18.547917971,Medium,  HR ,Software,Closed
TCK-7061,2025-01-24 00:01:20.509532410,2025-01-24 09:53:58.815060571,Critical,HR,Hardware,Closed
TCK-7062,2025-01-22 20:37:55.559807688,2025-01-23 07:01:36.060801260,Critical,HR,Database,Closed
TCK-7063,2025-02-20 16:13:52.943742420,2025-02-21 04:09:54.442776155,Low,Operations,Network,Resolved
TCK-7064,2025-01-10 14:34:55.685444760,2025-01-10 21:35:00.955365457,Low,IT Support,Hardware,Closed
TCK-7065,2025-05-04 22:22:21.554145524,2025-05-06 03:50:33.315577884,Low,Finance,Software,Closed
TCK-7066,2025-01-14 07:37:55.127108028,2025-01-15 03:36:07.227889238,Critical,HR,Hardware,Closed
TCK-7067,2025-02-06 14:12:39.166139990,2025-02-07 14:43:18.917354927,Medium,HR,Software,Resolved
TCK-7068,2025-01-17 17:19:36.359812544,2025-01-18 04:22:25.899925355,Medium,IT Support,Network,Resolved
TCK-7069,2025-01-12 08:53:04.551003939,2025-01-12 12:05:02.710641178,High,IT Support,Software,Closed
TCK-7070,2025-02-18 04:41:13.902470952,2025-02-18 22:57:30.805320236,Medium,DevOps,Network,Closed
TCK-7071,2025-04-13 22:36:12.745054074,2025-04-14 11:43:27.445038078,Low,HR,Hardware,Resolved
TCK-7072,2025-06-23 15:26:29.773861284,2025-06-24 00:35:28.199765225,Medium,  IT Support ,Database,Resolved
TCK-7073,2025-06-07 14:24:17.088445076,2025-06-08 12:14:57.443440087,Medium,HR,Hardware,Resolved
TCK-7074,2025-06-07 16:02:04.408525690,2025-06-08 06:32:40.198841378,High,HR,Network,Resolved
TCK-7075,2025-02-01 16:36:34.544457651,2025-02-02 01:19:40.284026292,Medium,IT Support,Access,Closed
TCK-7076,2025-02-17 16:23:56.673278098,2025-02-18 08:23:30.869878241,Low,HR,Access,Resolved
TCK-7077,2025-01-14 18:01:08.862800594,2025-01-15 09:51:51.256127228,Low,Operations,Access,Resolved
TCK-7078,2025-05-21 02:58:59.622360958,2025-05-21 21:46:56.743179585,High,Operations,Hardware,Resolved
TCK-7079,2025-01-13 13:36:23.120703459,2025-01-14 14:32:18.853417094,Critical,HR,Software,Closed
TCK-7080,2025-04-11 04:55:31.072605910,2025-04-11 18:32:30.679593425,Low,HR,Database,Resolved
TCK-7081,2025-02-14 14:49:20.900782082,2025-02-15 21:21:27.700432653,Low,DevOps,Database,Resolved
TCK-7082,2025-02-13 19:41:06.500415038,2025-02-14 09:38:55.225080370,Medium,HR,Hardware,Resolved
TCK-7083,2025-06-28 07:55:56.059210754,2025-06-29 00:11:46.400312934,Medium,IT Support,Network,Closed
TCK-7084,2025-05-17 05:17:19.558130214,2025-05-17 10:10:23.275872042,Low,  IT Support ,Hardware,Closed
TCK-7085,2025-05-31 15:34:40.900142412,2025-06-02 02:05:06.498905434,Medium,HR,Access,Closed
TCK-7086,2025-04-13 22:57:54.722470084,2025-04-14 12:34:14.917618105,None,Finance,Network,Resolved
TCK-7087,2025-06-06 18:46:54.197547586,2025-06-07 00:54:36.930167008,Medium,IT Support,Database,Closed
TCK-7088,2025-04-27 04:31:08.865115122,2025-04-28 16:04:21.932048593,Medium,Finance,Hardware,Closed
TCK-7089,2025-06-20 07:28:13.456992762,2025-06-20 21:41:54.905306054,High,IT Support,Software,Closed
TCK-7090,2025-02-20 15:22:57.690181743,2025-02-20 22:25:18.757694224,Low,HR,Software,Resolved
TCK-7091,2025-04-18 03:46:49.576015584,2025-04-18 17:58:02.578546406,Medium,Finance,Database,Closed
TCK-7092,2025-05-05 05:22:02.723114546,2025-05-05 21:41:01.330348957,Medium,HR,Network,Resolved
TCK-7093,2025-03-12 17:29:20.967792450,2025-03-15 03:36:47.952076092,Medium,Operations,Access,Closed
TCK-7094,2025-06-08 08:20:18.542347836,2025-06-09 00:11:20.143112832,Critical,IT Support,Software,Resolved
TCK-7095,2025-06-26 08:44:58.792595810,2025-06-27 06:23:29.113885943,Low,Finance,Software,Resolved
TCK-7096,2025-03-30 21:05:03.129827633,2025-03-30 23:37:11.940679793,Low,  IT Support ,Hardware,Resolved
TCK-7097,2025-03-12 07:34:03.463517081,2025-03-13 15:51:33.390592354,Critical,DevOps,Database,Closed
TCK-7098,2025-03-26 22:46:18.664910045,2025-03-27 08:57:35.611918375,Low,IT Support,Software,Closed
TCK-7099,2025-06-03 11:49:21.869623000,2025-06-04 13:25:26.227277369,Medium,DevOps,Hardware,Closed
TCK-7100,2025-04-27 04:25:24.953658544,2025-04-27 13:42:13.569124289,Medium,HR,Network,Closed
TCK-7101,2025-01-09 01:24:59.937401414,2025-01-10 03:56:45.987106108,None,Finance,Software,Resolved
TCK-7102,2025-04-08 14:10:26.447251758,2025-04-08 23:02:20.460915231,Medium,HR,Database,Closed
TCK-7103,2025-01-04 02:44:11.508867562,2025-01-07 09:47:48.783102214,Medium,DevOps,Hardware,Closed
TCK-7104,2025-05-21 03:16:22.089844960,2025-05-21 21:25:06.932824659,Medium,IT Support,Network,Closed
TCK-7105,2025-03-01 02:18:32.478132396,2025-03-01 14:07:11.703054327,None,IT Support,Hardware,Resolved
TCK-7106,2025-03-26 23:04:20.361888706,2025-03-27 13:55:25.568286476,High,HR,Access,Closed
TCK-7107,2025-05-24 18:17:21.903075492,2025-05-25 00:23:59.164516405,Low,IT Support,Database,Closed
TCK-7108,2025-01-09 08:39:32.006428163,2025-01-09 17:04:15.609612600,High,  IT Support ,Database,Closed
TCK-7109,2025-01-29 12:53:57.961520725,2025-02-01 11:15:36.710359412,High,DevOps,Software,Closed
TCK-7110,2025-03-13 15:11:19.774474426,2025-03-15 15:03:01.658694060,Medium,DevOps,Hardware,Closed
TCK-7111,2025-02-11 09:16:36.143460558,2025-02-12 00:59:56.877233282,Medium,HR,Network,Closed
TCK-7112,2025-03-02 19:44:02.973653781,2025-03-04 20:56:17.276329509,Medium,DevOps,Software,Closed
TCK-7113,2025-06-29 16:06:53.523703616,2025-06-30 15:45:37.686978262,Medium,Operations,Database,Closed
TCK-7114,2025-05-29 13:47:25.333147904,2025-05-30 00:09:10.758911488,High,IT Support,Hardware,Resolved
TCK-7115,2025-06-09 02:27:21.026259608,2025-06-10 18:27:31.868850069,Low,Finance,Network,Resolved
TCK-7116,2025-06-18 16:04:33.661214938,2025-06-19 15:23:09.923642572,Low,Operations,Database,Closed
TCK-7117,2025-03-03 08:50:34.810646371,2025-03-05 08:27:48.541857413,Low,DevOps,Network,Closed
TCK-7118,2025-02-23 11:22:20.847650743,2025-02-23 20:35:12.429261136,High,IT Support,Hardware,Closed
TCK-7119,2025-02-12 03:08:59.884480909,2025-02-12 19:00:07.836116404,Medium,Operations,Network,Closed
TCK-7120,2025-05-30 10:06:18.204663924,2025-05-30 16:34:02.471460196,Medium,  IT Support ,Software,Closed
TCK-7121,2025-05-03 07:39:50.562259196,2025-05-03 13:45:09.373003073,High,IT Support,Software,Closed
TCK-7122,2025-02-12 12:15:46.671573708,2025-02-12 16:04:20.638370445,High,IT Support,Hardware,Closed
TCK-7123,2025-03-09 20:36:48.031880994,2025-03-10 16:15:43.780022907,Critical,DevOps,Database,Closed
TCK-7124,2025-04-02 04:59:41.352682878,2025-04-02 20:18:03.032270136,Low,Finance,Access,Resolved
TCK-7125,2025-04-06 01:33:54.170721417,2025-04-06 20:34:32.590870468,Medium,Finance,Access,Closed
TCK-7126,2025-06-09 23:18:13.634436266,2025-06-11 14:36:51.746405893,High,Operations,Access,Closed
TCK-7127,2025-03-10 12:02:44.499595108,2025-03-11 01:10:11.767601255,Low,HR,Database,Resolved
TCK-7128,2025-06-13 12:49:25.722343968,2025-06-13 22:24:57.619560562,Low,IT Support,Software,Resolved
TCK-7129,2025-03-21 10:42:28.298093368,2025-03-21 20:27:09.303630737,Medium,IT Support,Software,Closed
TCK-7130,2025-05-15 08:19:47.838370686,2025-05-16 15:44:13.221878262,High,HR,Software,Closed
TCK-7131,2025-06-17 10:41:55.184407592,2025-06-18 05:04:17.865019313,Medium,Finance,Hardware,Closed
TCK-7132,2025-06-13 08:43:37.348036718,2025-06-14 00:49:54.242695755,Medium,  Operations ,Software,Closed
TCK-7133,2025-01-11 06:02:10.992182433,2025-01-11 14:05:48.527781431,Medium,IT Support,Software,Resolved
TCK-7134,2025-02-07 00:38:33.195475614,2025-02-07 15:38:48.500719388,Low,IT Support,Software,Closed
TCK-7135,2025-03-27 20:13:53.177877942,2025-03-28 12:52:35.725528366,Critical,IT Support,Access,Resolved
TCK-7136,2025-03-19 16:18:52.317350725,2025-03-20 10:19:02.823355260,Low,HR,Network,Resolved
TCK-7137,2025-04-26 08:39:07.171548244,2025-04-28 18:04:29.345506557,Medium,DevOps,Software,Closed
TCK-7138,2025-06-20 01:08:35.158436810,2025-06-20 20:48:54.779898474,Low,Operations,Network,Closed
TCK-7139,2025-01-21 05:35:18.069794660,2025-01-22 04:03:45.473708256,Medium,Finance,Software,Closed
TCK-7140,2025-03-23 08:01:45.960167707,2025-03-24 09:37:47.034429129,Critical,HR,Access,Resolved
TCK-7141,2025-02-04 15:12:56.461220790,2025-02-05 09:20:10.711868591,None,HR,Access,Closed
TCK-7142,2025-06-10 22:32:41.370284880,2025-06-11 04:25:45.126590840,Medium,IT Support,Network,Resolved
TCK-7143,2025-06-23 14:59:11.049587306,2025-06-25 18:01:51.226112491,Low,DevOps,Access,Resolved
TCK-7144,2025-03-28 03:59:28.556758725,2025-03-29 02:03:57.051257585,Low,  Finance ,Hardware,Closed
TCK-7145,2025-01-19 17:19:28.150268044,2025-01-20 00:31:43.016438417,Low,IT Support,Database,Closed
TCK-7146,2025-05-22 08:28:22.656871014,2025-05-23 12:36:14.436212079,Medium,Operations,Database,Closed
TCK-7147,2025-05-06 11:39:02.282857788,2025-05-07 01:14:01.419446227,Medium,HR,Software,Closed
TCK-7148,2025-03-05 20:10:40.695443548,2025-03-06 18:02:31.849279527,High,Operations,Access,Closed
TCK-7149,2025-06-09 17:36:01.035165320,2025-06-11 12:45:43.694122157,High,DevOps,Database,Closed
TCK-7150,2025-06-25 15:35:37.549900662,2025-06-26 03:45:46.321568555,Low,Operations,Network,Closed
TCK-7151,2025-04-11 09:55:43.061672799,2025-04-12 07:44:52.709847956,High,Operations,Network,Closed
TCK-7152,2025-04-12 19:56:40.477226434,2025-04-13 12:38:04.055345305,High,IT Support,Network,Closed
TCK-7153,2025-02-23 13:15:30.031529473,2025-02-23 18:31:38.279790454,Medium,IT Support,Software,Resolved
TCK-7154,2025-04-16 05:03:57.871612502,2025-04-16 15:42:37.201028765,Critical,IT Support,Database,Closed
TCK-7155,2025-03-21 03:15:17.368802413,2025-03-21 08:52:09.159694963,High,IT Support,Database,Closed
TCK-7156,2025-02-24 09:27:54.850785063,2025-02-26 02:17:36.215035094,Medium,  Finance ,Database,Resolved
TCK-7157,2025-01-13 02:14:24.176339713,2025-01-14 18:52:29.612440511,Critical,Finance,Network,Closed
TCK-7158,2025-02-15 11:41:52.634196310,2025-02-15 18:49:04.564168444,Medium,IT Support,Network,Closed
TCK-7159,2025-02-05 14:43:55.511787037,2025-02-08 16:41:21.670382258,Medium,Finance,Software,Resolved
TCK-7160,2025-04-08 13:37:16.943783013,2025-04-09 04:24:10.472516839,Medium,IT Support,Hardware,Closed
TCK-7161,2025-04-19 07:12:52.178467412,2025-04-20 03:26:06.671168983,Critical,HR,Database,Closed
TCK-7162,2025-04-20 13:01:47.456407168,2025-04-21 00:47:51.732283704,Low,IT Support,Software,Closed
TCK-7163,2025-03-11 20:56:30.928262401,2025-03-12 20:09:58.932892627,Medium,HR,Network,Resolved
TCK-7164,2025-03-17 19:42:44.818276834,2025-03-18 00:52:45.138657471,Medium,IT Support,Hardware,Resolved
TCK-7165,2025-05-31 03:54:36.057771234,2025-05-31 19:33:40.274800664,Medium,HR,Access,Resolved
TCK-7166,2025-03-27 17:19:32.715818910,2025-03-28 10:31:28.243714077,Medium,HR,Hardware,Resolved
TCK-7167,2025-06-27 19:10:50.861396526,2025-06-28 20:33:34.997575541,Medium,DevOps,Software,Closed
TCK-7168,2025-03-21 03:08:47.161097866,2025-03-21 13:52:12.772680014,Low,  IT Support ,Hardware,Resolved
TCK-7169,2025-04-27 22:11:22.850696632,2025-04-28 13:55:30.311230432,High,IT Support,Network,Closed
TCK-7170,2025-01-10 01:34:05.360345291,2025-01-10 08:27:07.307854123,Medium,IT Support,Hardware,Resolved
TCK-7171,2025-04-28 14:25:42.504561346,2025-04-29 07:56:42.933311253,High,Operations,Network,Resolved
TCK-7172,2025-06-03 06:09:43.285942174,2025-06-03 11:48:05.041460244,Low,IT Support,Hardware,Resolved
TCK-7173,2025-06-19 15:25:04.304869824,2025-06-20 01:26:37.792756201,Medium,Finance,Software,Resolved
TCK-7174,2025-06-29 12:25:30.152221712,2025-06-30 14:59:47.421681026,High,Operations,Access,Closed
TCK-7175,2025-02-20 19:00:42.297136873,2025-02-21 12:46:53.863300070,Medium,Operations,Database,Closed
TCK-7176,2025-04-14 13:35:55.248169549,2025-04-15 08:01:55.304350770,High,Operations,Hardware,Resolved
TCK-7177,2025-03-23 03:06:06.110995956,2025-03-23 08:17:29.095683260,Low,IT Support,Access,Resolved
TCK-7178,2025-04-12 11:41:29.457905060,2025-04-12 19:26:18.901304329,Medium,IT Support,Hardware,Closed
TCK-7179,2025-01-29 08:11:48.390216495,2025-01-30 08:46:01.511146178,Medium,HR,Access,Closed
TCK-7180,2025-06-04 02:33:58.153012082,2025-06-04 20:34:24.769788696,Medium,  Operations ,Network,Closed
TCK-7181,2025-06-13 17:20:16.206895026,2025-06-14 01:57:45.992017553,Medium,IT Support,Access,Resolved
TCK-7182,2025-03-22 22:32:18.184732172,2025-03-23 07:58:03.951223557,Low,IT Support,Database,Closed
TCK-7183,2025-02-20 11:27:25.207192267,2025-02-21 04:09:48.503446758,Medium,DevOps,Access,Closed
TCK-7184,2025-01-26 08:24:01.466859647,2025-01-26 20:01:05.044588594,Low,IT Support,Database,Closed
TCK-7185,2025-05-04 01:51:50.554944414,2025-05-04 14:56:38.070602737,Medium,Finance,Database,Closed
TCK-7186,2025-02-26 04:50:29.569781674,2025-02-26 20:09:25.366442008,Low,Finance,Access,Resolved
TCK-7187,2025-06-13 17:12:23.839293020,2025-06-13 22:14:12.541804352,Medium,IT Support,Database,Closed
TCK-7188,2025-05-01 18:46:26.008787420,2025-05-02 02:33:39.152821607,Medium,IT Support,Database,Resolved
TCK-7189,2025-04-27 05:21:38.177109790,2025-04-27 12:29:14.079483727,High,IT Support,Network,Closed
TCK-7190,2025-04-11 16:37:01.706449442,2025-04-12 10:36:22.027361595,Medium,Operations,Software,Closed
TCK-7191,2025-01-09 05:45:13.630795540,2025-01-09 17:12:03.489780076,Low,Operations,Network,Closed
TCK-7192,2025-06-17 17:54:17.719782248,2025-06-19 10:24:35.042374843,Medium,  Finance ,Software,Resolved
TCK-7193,2025-04-24 00:41:23.895793202,2025-04-25 23:43:48.350526133,Medium,DevOps,Software,Closed
TCK-7194,2025-06-28 22:20:51.965574132,2025-06-29 14:50:58.180359523,Low,Operations,Network,Resolved
TCK-7195,2025-04-07 17:22:46.807027940,2025-04-08 00:04:17.284834643,Medium,IT Support,Database,Closed
TCK-7196,2025-05-08 19:40:44.590925428,2025-05-09 02:02:28.812969101,Medium,IT Support,Network,Resolved
TCK-7197,2025-01-11 02:49:31.043935487,2025-01-11 23:48:21.386629624,Low,Finance,Database,Resolved
TCK-7198,2025-04-24 17:06:01.021957686,2025-04-24 21:19:14.669179918,Low,IT Support,Network,Closed
TCK-7199,2025-05-18 15:17:10.759453238,2025-05-18 20:32:49.249334332,Low,IT Support,Network,Closed
TCK-7200,2025-05-21 03:10:54.313546970,2025-05-22 16:50:48.589110259,Medium,Finance,Hardware,Closed
TCK-7201,2025-05-19 14:52:56.415485398,2025-05-20 07:23:43.230832441,Low,HR,Access,Closed
TCK-7202,2025-02-10 17:32:27.419671119,2025-02-13 15:43:30.851204697,Medium,DevOps,Network,Closed
TCK-7203,2025-06-25 13:43:17.123716474,2025-06-26 05:13:13.449903275,Low,Operations,Access,Closed
TCK-7204,2025-06-29 03:11:12.339959048,2025-06-29 10:16:52.277253329,Medium,  IT Support ,Database,Closed
TCK-7205,2025-01-14 14:34:27.050513222,2025-01-15 15:51:17.250470249,Low,DevOps,Hardware,Closed
TCK-7206,2025-06-18 13:26:54.767568448,2025-06-18 20:41:41.263087188,Medium,IT Support,Hardware,Resolved
TCK-7207,2025-02-22 02:25:13.869821552,2025-02-22 12:37:46.096124498,High,HR,Software,Resolved
TCK-7208,2025-05-05 01:42:26.039391004,2025-05-05 17:58:03.676538861,Medium,HR,Access,Closed
TCK-7209,2025-03-02 20:38:21.039288327,2025-03-03 05:15:49.587242732,Medium,IT Support,Hardware,Closed
TCK-7210,2025-06-24 04:41:55.237098786,2025-06-24 15:42:10.661961359,Medium,HR,Database,Closed
TCK-7211,2025-01-19 06:29:48.004336583,2025-01-19 22:23:09.180785773,Low,IT Support,Software,Closed
TCK-7212,2025-03-31 14:15:58.497305560,2025-04-02 02:55:14.330728013,Low,HR,Hardware,Resolved
TCK-7213,2025-03-19 01:09:59.260283145,2025-03-20 02:36:42.296065161,Low,HR,Database,Closed
TCK-7214,2025-02-28 16:25:16.729827221,2025-03-02 00:48:27.366714572,Low,Finance,Access,Closed
TCK-7215,2025-04-27 04:42:24.626168072,2025-04-28 16:33:52.301358918,Low,Finance,Database,Closed
TCK-7216,2025-01-24 14:09:38.921693772,2025-01-25 11:39:56.027998988,Medium,  IT Support ,Database,Closed
TCK-7217,2025-05-09 23:58:53.926815254,2025-05-10 20:44:57.850723862,Low,HR,Database,Closed
TCK-7218,2025-06-26 12:09:28.709412054,2025-06-26 22:45:20.888832698,Critical,HR,Network,Closed
TCK-7219,2025-05-25 19:41:37.127416136,2025-05-26 06:02:07.923565822,High,IT Support,Hardware,Closed
TCK-7220,2025-06-04 19:16:20.541249250,2025-06-06 04:46:50.672309848,None,Finance,Database,Closed
TCK-7221,2025-03-06 17:37:50.629919847,2025-03-07 08:31:48.123251480,Low,Finance,Software,Closed
TCK-7222,2025-02-28 11:30:36.503995913,2025-02-28 18:52:53.361069269,High,IT Support,Network,Closed
TCK-7223,2025-04-04 01:38:56.012140952,2025-04-05 02:15:57.266683412,High,HR,Database,Closed
TCK-7224,2025-01-09 05:32:20.312782864,2025-01-09 08:57:16.062379799,Critical,IT Support,Database,Resolved
TCK-7225,2025-06-20 03:56:49.707067994,2025-06-20 13:34:47.216402575,Medium,Operations,Hardware,Closed
TCK-7226,2025-01-26 21:09:07.010747821,2025-01-27 04:56:03.590869951,High,IT Support,Network,Closed
TCK-7227,2025-06-12 13:00:58.785142172,2025-06-14 02:00:46.676426475,Low,DevOps,Database,Closed
TCK-7228,2025-01-16 01:04:30.716549531,2025-01-16 13:30:07.262060372,Low,  Finance ,Database,Closed
TCK-7229,2025-05-29 01:44:22.875256966,2025-05-29 15:04:02.727806244,Low,HR,Access,Closed
TCK-7230,2025-01-28 08:28:41.202458001,2025-01-29 16:31:36.453984947,Critical,Operations,Software,Closed
TCK-7231,2025-01-07 20:43:42.862350583,2025-01-09 04:48:40.119087510,Low,DevOps,Software,Closed
TCK-7232,2025-05-10 12:11:39.930434324,2025-05-11 16:58:52.335919487,Low,Operations,Hardware,Closed
TCK-7233,2025-02-20 10:44:45.948312709,2025-02-20 17:04:04.544952360,Critical,IT Support,Network,Closed
TCK-7234,2025-05-09 14:37:24.168102202,2025-05-10 00:05:41.440122162,Low,HR,Database,Closed
TCK-7235,2025-04-10 21:58:05.815353293,2025-04-12 11:25:19.746043414,High,Finance,Network,Resolved
TCK-7236,2025-01-20 14:02:52.532857980,2025-01-21 11:41:52.460434276,High,Operations,Hardware,Resolved
TCK-7237,2025-06-17 18:48:06.899979698,2025-06-18 04:45:06.943065396,Low,Operations,Access,Closed
TCK-7238,2025-03-23 09:59:50.045921603,2025-03-24 06:46:06.316161473,Low,DevOps,Hardware,Resolved
TCK-7239,2025-05-13 04:48:44.064325196,2025-05-16 00:35:34.665180055,Medium,DevOps,Software,Closed
TCK-7240,2025-04-01 04:24:31.935987001,2025-04-01 23:56:02.912956239,None,  DevOps ,Access,Closed
TCK-7241,2025-04-19 18:50:29.658596656,2025-04-20 08:24:10.845784435,High,IT Support,Database,Closed
TCK-7242,2025-02-24 11:58:54.908331281,2025-02-25 02:09:14.629866294,Low,Operations,Hardware,Closed
TCK-7243,2025-02-06 01:33:23.447861659,2025-02-07 02:01:03.503718273,Medium,Finance,Network,Closed
TCK-7244,2025-04-08 15:54:11.803402271,2025-04-09 20:17:28.900525553,Medium,Finance,Network,Closed
TCK-7245,2025-03-21 05:44:45.467645023,2025-03-21 12:02:30.311567924,High,Operations,Software,Closed
TCK-7246,2025-03-12 05:17:20.695324528,2025-03-12 09:22:47.088547820,Low,IT Support,Software,Resolved
TCK-7247,2025-05-02 01:29:25.018111578,2025-05-03 03:04:15.673119968,Low,Finance,Software,Resolved
TCK-7248,2025-05-05 06:59:19.141037186,2025-05-06 00:02:41.802537285,High,Finance,Software,Resolved
TCK-7249,2025-01-09 06:22:28.712331322,2025-01-09 20:21:53.418563257,Medium,IT Support,Database,Resolved
TCK-7250,2025-03-02 23:22:34.374477590,2025-03-03 05:44:13.881195720,Low,HR,Access,Resolved
TCK-7251,2025-03-16 02:49:22.285120620,2025-03-16 14:05:56.580022970,High,IT Support,Software,Closed
TCK-7252,2025-01-18 10:34:26.890425142,2025-01-18 17:42:35.949899226,Medium,  HR ,Hardware,Closed
TCK-7253,2025-02-12 11:05:30.278891780,2025-02-12 18:13:10.642052596,Medium,IT Support,Database,Resolved
TCK-7254,2025-01-10 07:05:33.230408311,2025-01-10 15:25:56.926150166,Medium,HR,Access,Closed
TCK-7255,2025-06-29 07:45:57.117691904,2025-07-01 06:21:54.795406325,Medium,Operations,Database,Resolved
TCK-7256,2025-05-13 13:55:37.620587022,2025-05-13 23:08:24.757108513,Medium,Operations,Network,Closed
TCK-7257,2025-01-16 17:47:04.833930825,2025-01-17 10:43:08.360221054,High,Operations,Database,Closed
TCK-7258,2025-01-04 15:28:38.354495512,2025-01-05 01:48:33.895514088,Medium,Finance,Database,Resolved
TCK-7259,2025-05-10 11:19:23.867968262,2025-05-11 06:14:10.784275952,Medium,IT Support,Network,Closed
TCK-7260,2025-03-21 01:18:36.560696837,2025-03-21 11:41:55.457885325,Medium,IT Support,Network,Closed
TCK-7261,2025-05-22 14:57:42.419372286,2025-05-24 00:09:33.321062832,Medium,DevOps,Network,Resolved
TCK-7262,2025-06-16 05:24:59.340151504,2025-06-16 23:10:52.854337605,Low,IT Support,Database,Closed
TCK-7263,2025-04-18 20:58:39.649982626,2025-04-20 06:20:56.591405713,Low,DevOps,Network,Closed
TCK-7264,2025-02-03 16:18:30.193209119,2025-02-04 19:39:04.820063534,Medium,  Finance ,Software,Resolved
TCK-7265,2025-05-21 19:04:41.648594430,2025-05-22 14:18:13.232589784,Medium,Operations,Hardware,Closed
TCK-7266,2025-06-22 01:06:24.229847870,2025-06-23 18:11:54.085433441,Medium,DevOps,Hardware,Closed
TCK-7267,2025-04-15 10:35:56.976356436,2025-04-15 17:14:38.516564954,High,IT Support,Network,Resolved
TCK-7268,2025-05-03 18:13:44.300109968,2025-05-04 06:59:10.334595398,Low,HR,Access,Closed
TCK-7269,2025-03-02 17:53:26.457210340,2025-03-03 20:52:57.515954736,Medium,Operations,Database,Closed
TCK-7270,2025-03-10 16:11:58.707357160,2025-03-11 08:30:43.516812652,Medium,HR,Hardware,Closed
TCK-7271,2025-05-13 05:42:26.750610850,2025-05-14 10:59:10.593226442,Medium,DevOps,Software,Closed
TCK-7272,2025-06-16 23:58:16.122422852,2025-06-17 04:11:27.664238023,Low,IT Support,Access,Closed
TCK-7273,2025-04-24 05:13:47.398113126,2025-04-25 19:17:55.331809096,Low,Operations,Access,Closed
TCK-7274,2025-05-23 04:08:34.672764124,2025-05-23 17:04:27.072229875,Low,Operations,Software,Closed
TCK-7275,2025-01-31 21:27:47.790843881,2025-02-02 02:57:05.331415231,Medium,Operations,Database,Closed
TCK-7276,2025-02-08 03:39:47.771692004,2025-02-08 12:56:38.492635252,Medium,  IT Support ,Database,Resolved
TCK-7277,2025-04-06 18:23:23.449632882,2025-04-07 01:49:37.965876473,Medium,HR,Network,Resolved
TCK-7278,2025-02-01 18:42:50.797760655,2025-02-03 16:32:17.673685744,Medium,Finance,Software,Resolved
TCK-7279,2025-04-25 07:10:43.332075804,2025-04-25 16:49:56.486134052,High,IT Support,Software,Closed
TCK-7280,2025-02-22 11:56:30.339258359,2025-02-24 11:42:33.391533005,Medium,Finance,Software,Resolved
TCK-7281,2025-05-23 11:25:15.285507504,2025-05-24 03:51:06.744316264,Low,Operations,Network,Closed
TCK-7282,2025-05-26 11:02:12.110546268,2025-05-27 21:52:27.654814203,Low,Finance,Hardware,Closed
TCK-7283,2025-03-25 11:33:42.511907251,2025-03-25 21:42:40.168174923,Low,Finance,Database,Closed
TCK-7284,2025-02-02 13:06:06.996105304,2025-02-02 19:43:15.728050634,Critical,IT Support,Network,Resolved
TCK-7285,2025-04-27 10:04:04.194746214,2025-04-27 19:35:32.657586295,Critical,Operations,Network,Closed
TCK-7286,2025-06-28 16:50:23.708035296,2025-06-29 18:32:33.357223925,Low,DevOps,Network,Resolved
TCK-7287,2025-04-23 01:35:33.644802124,2025-04-23 19:34:14.383072042,Medium,HR,Software,Closed
TCK-7288,2025-01-07 10:32:47.989984250,2025-01-08 09:27:34.189942876,None,  DevOps ,Network,Closed
TCK-7289,2025-01-04 02:42:35.911129668,2025-01-05 00:34:51.625536214,High,HR,Hardware,Resolved
TCK-7290,2025-02-27 15:57:49.365096346,2025-02-27 21:30:08.685605557,Medium,IT Support,Access,Closed
TCK-7291,2025-02-05 05:47:09.764293016,2025-02-06 03:53:32.256132670,Low,HR,Network,Closed
TCK-7292,2025-05-27 08:22:52.373492728,2025-05-29 20:03:12.194056734,Low,DevOps,Hardware,Resolved
TCK-7293,2025-06-02 01:33:37.733743880,2025-06-03 01:07:52.306088616,High,HR,Software,Closed
TCK-7294,2025-02-16 13:13:59.131420525,2025-02-17 15:19:55.125450066,High,DevOps,Access,Closed
TCK-7295,2025-02-28 14:47:07.571124732,2025-03-01 01:29:46.752937749,Medium,DevOps,Database,Closed
TCK-7296,2025-02-12 12:35:12.841905463,2025-02-13 07:35:05.077838711,Low,HR,Database,Resolved
TCK-7297,2025-06-13 12:12:45.376717898,2025-06-13 20:11:48.043078673,Critical,IT Support,Software,Closed
TCK-7298,2025-04-01 11:26:42.452045733,2025-04-02 02:27:59.535114874,High,Finance,Software,Closed
TCK-7299,2025-04-29 02:30:43.309563574,2025-04-29 13:15:50.921735176,Low,HR,Database,Closed
TCK-7300,2025-03-16 18:52:57.412352230,2025-03-18 21:04:34.055634607,Low,  Finance ,Software,Closed
TCK-7301,2025-04-24 13:58:52.737382468,2025-04-24 22:01:20.870333999,Medium,HR,Database,Resolved
TCK-7302,2025-03-11 10:53:42.818776440,2025-03-12 04:50:30.311977088,Low,HR,Software,Closed
TCK-7303,2025-03-03 03:24:39.063564914,2025-03-04 06:43:54.326020443,Low,Finance,Database,Closed
TCK-7304,2025-04-25 04:57:14.097993964,2025-04-25 16:49:48.919711532,Low,HR,Hardware,Closed
TCK-7305,2025-04-17 09:23:17.437817880,2025-04-18 04:59:15.937871266,None,HR,Software,Closed
TCK-7306,2025-02-22 20:02:26.743219953,2025-02-24 04:09:25.527813221,High,HR,Database,Closed
TCK-7307,2025-01-27 21:11:07.099368450,2025-01-28 09:25:55.206129666,Low,HR,Software,Closed
TCK-7308,2025-03-08 08:15:04.742570716,2025-03-09 00:11:25.851092243,High,Operations,Database,Closed
TCK-7309,2025-03-16 17:39:13.683934972,2025-03-18 03:05:31.999756907,Medium,Finance,Database,Closed
TCK-7310,2025-04-24 03:54:58.753419456,2025-04-25 02:23:25.500495630,Low,HR,Access,Closed
TCK-7311,2025-06-14 14:45:51.332080506,2025-06-15 07:39:02.955075006,High,Operations,Software,Closed
TCK-7312,2025-01-07 12:19:05.971232051,2025-01-08 03:46:10.192199646,Medium,  Operations ,Hardware,Resolved
TCK-7313,2025-02-13 20:36:56.067050772,2025-02-13 23:25:12.445080353,High,IT Support,Network,Closed
TCK-7314,2025-02-04 20:51:10.334331722,2025-02-05 02:36:48.910579046,Medium,IT Support,Network,Closed
TCK-7315,2025-04-01 09:54:42.644005722,2025-04-02 03:26:57.007798971,Medium,DevOps,Software,Resolved
TCK-7316,2025-03-19 08:18:26.951135222,2025-03-20 18:48:30.216603477,Low,Finance,Database,Closed
TCK-7317,2025-05-12 05:26:33.125651570,2025-05-12 21:22:33.523316431,Medium,Operations,Database,Resolved
TCK-7318,2025-02-13 15:14:12.271897722,2025-02-14 06:51:41.639623388,Medium,Operations,Hardware,Closed
TCK-7319,2025-04-18 00:13:58.584140244,2025-04-18 08:41:40.336544698,Critical,IT Support,Software,Resolved
TCK-7320,2025-06-09 02:15:48.163506568,2025-06-09 13:54:47.213275277,Medium,Operations,Network,Closed
TCK-7321,2025-06-13 22:07:40.211209474,2025-06-15 13:15:43.132036416,Low,Operations,Hardware,Closed
TCK-7322,2025-06-22 13:56:58.172683684,2025-06-24 00:23:53.176797952,Low,Operations,Software,Resolved
TCK-7323,2025-05-20 04:29:17.437147982,2025-05-21 12:22:41.767222480,High,HR,Software,Closed
TCK-7324,2025-06-13 01:52:03.918138646,2025-06-13 13:49:48.832970657,Medium,  IT Support ,Software,Closed
TCK-7325,2025-02-12 05:10:24.121114984,2025-02-12 13:32:56.413454590,Low,IT Support,Access,Resolved
TCK-7326,2025-02-05 13:32:58.846538618,2025-02-08 11:03:05.127492598,High,DevOps,Hardware,Closed
TCK-7327,2025-01-02 04:01:42.678954747,2025-01-02 14:07:50.792605019,Critical,HR,Software,Closed
TCK-7328,2025-05-08 05:34:03.446737338,2025-05-08 14:45:11.621110730,High,HR,Hardware,Closed
TCK-7329,2025-06-18 17:51:29.704879352,2025-06-19 00:09:01.616611970,Low,IT Support,Network,Closed
TCK-7330,2025-02-03 15:33:38.486088151,2025-02-04 02:36:01.562293503,Medium,IT Support,Software,Closed
TCK-7331,2025-04-25 15:35:46.485038820,2025-04-26 08:19:59.605705010,High,Finance,Database,Resolved
TCK-7332,2025-05-15 08:42:22.175417084,2025-05-16 01:21:38.664023354,Critical,Operations,Software,Resolved
TCK-7333,2025-06-16 23:17:36.585022574,2025-06-17 07:22:26.104573446,None,Operations,Software,Closed
TCK-7334,2025-04-27 10:26:10.203915830,2025-04-27 21:14:51.783490965,Medium,IT Support,Hardware,Closed
TCK-7335,2025-06-24 15:40:08.131708596,2025-06-25 03:08:36.094267538,High,Finance,Hardware,Resolved
TCK-7336,2025-03-04 00:59:16.689027143,2025-03-04 06:19:16.865715800,Low,  IT Support ,Access,Closed
TCK-7337,2025-03-04 23:41:28.557212932,2025-03-05 15:18:46.044966619,Low,IT Support,Software,Closed
TCK-7338,2025-04-08 17:48:50.555743102,2025-04-09 19:26:05.122284704,Medium,HR,Network,Resolved
TCK-7339,2025-03-11 00:43:41.255114587,2025-03-11 10:58:39.225769472,None,IT Support,Hardware,Closed
TCK-7340,2025-01-01 06:09:32.926327707,2025-01-01 15:54:55.069803908,Low,IT Support,Access,Closed
TCK-7341,2025-05-12 17:15:18.534152828,2025-05-13 07:03:29.631030286,Low,Operations,Database,Closed
TCK-7342,2025-05-16 07:25:03.429073372,2025-05-16 19:38:52.660832282,Critical,Operations,Database,Resolved
TCK-7343,2025-05-15 10:55:49.052088654,2025-05-16 07:22:17.357124094,Low,Finance,Access,Closed
TCK-7344,2025-03-04 02:29:21.407125977,2025-03-04 09:09:04.490510458,Low,HR,Database,Resolved
TCK-7345,2025-04-05 00:17:25.888935346,2025-04-05 09:56:02.708612457,High,IT Support,Software,Closed
TCK-7346,2025-03-06 19:05:08.154683563,2025-03-07 03:47:44.466208101,High,IT Support,Hardware,Closed
TCK-7347,2025-01-03 21:16:38.093276603,2025-01-04 16:42:58.158333717,Medium,DevOps,Network,Resolved
TCK-7348,2025-04-12 05:46:45.934653105,2025-04-13 21:13:00.306701256,Critical,  Operations ,Database,Resolved
TCK-7349,2025-01-23 06:38:45.878938539,2025-01-24 15:49:55.702640032,Low,Finance,Software,Closed
TCK-7350,2025-01-15 09:46:42.672270084,2025-01-15 21:47:29.371451594,Critical,IT Support,Hardware,Closed
TCK-7351,2025-05-16 23:45:21.516372434,2025-05-17 13:51:48.273815084,High,Operations,Software,Closed
TCK-7352,2025-01-02 17:04:00.460006378,2025-01-03 01:33:40.116577911,Medium,IT Support,Software,Closed
TCK-7353,2025-06-22 14:54:59.315002908,2025-06-23 15:32:55.550945249,High,Operations,Hardware,Closed
TCK-7354,2025-04-03 17:54:11.422678796,2025-04-05 03:21:50.758449943,Low,DevOps,Database,Resolved
TCK-7355,2025-06-26 22:37:51.530342020,2025-06-29 19:41:18.059473083,Low,DevOps,Database,Resolved
TCK-7356,2025-01-11 10:32:58.247095561,2025-01-12 02:48:20.777701254,Critical,Operations,Software,Closed
TCK-7357,2025-04-16 00:50:51.543962684,2025-04-16 11:52:53.160789223,Low,HR,Access,Closed
TCK-7358,2025-03-04 21:05:34.063497371,2025-03-06 15:39:40.525511643,Low,DevOps,Database,Closed
TCK-7359,2025-06-01 19:50:39.728247772,2025-06-02 05:24:31.576839433,Medium,Operations,Software,Resolved
TCK-7360,2025-03-07 00:28:55.978363620,2025-03-07 13:58:32.896135136,Low,  IT Support ,Network,Resolved
TCK-7361,2025-02-16 21:18:22.829499893,2025-02-17 04:43:00.313393749,High,HR,Network,Resolved
TCK-7362,2025-06-04 08:37:46.232657852,2025-06-04 20:19:36.531632071,Critical,IT Support,Access,Closed
TCK-7363,2025-03-09 10:30:04.881391515,2025-03-09 20:46:12.377129807,Medium,HR,Software,Closed
TCK-7364,2025-01-04 00:43:11.790471451,2025-01-04 18:44:27.150014557,Medium,HR,Network,Closed
TCK-7365,2025-03-12 06:02:56.096253319,2025-03-13 10:22:56.531090901,Medium,Operations,Database,Closed
TCK-7366,2025-04-28 19:32:10.327658168,2025-04-29 10:52:06.102510386,Low,HR,Software,Closed
TCK-7367,2025-02-15 18:49:59.547516850,2025-02-15 23:29:56.366683053,Low,IT Support,Access,Resolved
TCK-7368,2025-03-19 18:11:11.037396046,2025-03-20 05:40:56.016073145,Low,Operations,Access,Closed
TCK-7369,2025-01-11 05:00:33.830565171,2025-01-11 22:01:43.038089306,Medium,Finance,Database,Resolved
TCK-7370,2025-04-16 20:33:39.093625064,2025-04-17 03:32:22.555775405,Medium,Operations,Network,Closed
TCK-7371,2025-05-17 03:11:38.655876844,2025-05-18 04:08:48.273578616,Critical,HR,Network,Closed
TCK-7372,2025-03-16 09:30:36.954910067,2025-03-17 18:15:53.230393090,High,  DevOps ,Access,Closed
TCK-7373,2025-03-17 15:24:17.905328307,2025-03-18 08:58:32.136878726,High,DevOps,Hardware,Closed
TCK-7374,2025-01-16 21:22:49.417992620,2025-01-17 14:58:49.715163206,Low,IT Support,Access,Resolved
TCK-7375,2025-02-06 08:23:04.324890353,2025-02-06 14:22:13.465974886,Critical,IT Support,Access,Closed
TCK-7376,2025-01-28 20:11:50.314245297,2025-01-29 23:58:02.620237004,Critical,Finance,Software,Closed
TCK-7377,2025-03-28 16:53:28.178224239,2025-03-29 09:06:28.080437159,Critical,Finance,Database,Resolved
TCK-7378,2025-04-06 06:23:02.172866066,2025-04-06 17:41:04.386003788,Low,DevOps,Software,Closed
TCK-7379,2025-06-20 19:25:16.921732812,2025-06-21 11:05:29.986163483,Medium,DevOps,Access,Closed
TCK-7380,2025-01-14 04:21:36.354519541,2025-01-14 18:44:39.275698229,Medium,Operations,Software,Closed
TCK-7381,2025-04-18 23:25:46.718507294,2025-04-20 03:38:06.843344911,Low,Operations,Network,Closed
TCK-7382,2025-04-05 18:28:25.097008809,2025-04-06 04:34:54.098871868,None,IT Support,Access,Closed
TCK-7383,2025-04-03 22:07:37.139098016,2025-04-04 07:14:39.255609316,Low,IT Support,Network,Closed
TCK-7384,2025-06-07 04:02:53.237377716,2025-06-07 09:14:45.180669494,Low,  HR ,Network,Resolved
TCK-7385,2025-02-06 23:55:34.296256205,2025-02-08 09:53:38.598163753,Medium,Operations,Database,Closed
TCK-7386,2025-01-08 08:08:25.962557009,2025-01-09 04:16:13.989115973,Low,Operations,Network,Closed
TCK-7387,2025-05-02 00:12:46.486726962,2025-05-02 23:17:34.307337230,Critical,Finance,Software,Closed
TCK-7388,2025-03-04 03:04:48.882242763,2025-03-04 18:03:13.252957401,Medium,IT Support,Software,Resolved
TCK-7389,2025-01-04 03:59:18.376937182,2025-01-05 13:34:29.283518466,Medium,Operations,Hardware,Resolved
TCK-7390,2025-02-15 05:56:08.561380516,2025-02-15 21:04:33.708118126,Medium,IT Support,Database,Closed
TCK-7391,2025-02-25 16:17:29.992619858,2025-02-26 04:50:29.000960363,Low,HR,Hardware,Resolved
TCK-7392,2025-04-22 00:44:30.435748532,2025-04-22 15:34:33.529655506,High,Finance,Network,Closed
TCK-7393,2025-02-01 01:34:14.269054279,2025-02-02 07:05:01.321095929,High,Operations,Access,Resolved
TCK-7394,2025-03-16 08:23:41.219371246,2025-03-17 00:03:36.970914076,Medium,DevOps,Software,Resolved
TCK-7395,2025-03-28 20:17:38.111586131,2025-03-29 18:47:52.630000174,None,IT Support,Access,Closed
TCK-7396,2025-03-24 15:54:19.910494342,2025-03-25 06:18:20.611926559,Medium,  HR ,Hardware,Closed
TCK-7397,2025-06-25 07:25:26.803201790,2025-06-25 15:46:42.988792447,Medium,HR,Hardware,Resolved
TCK-7398,2025-01-09 04:34:41.906114685,2025-01-09 12:14:53.659599984,Critical,HR,Software,Resolved
TCK-7399,2025-06-21 04:10:57.235707716,2025-06-21 20:32:53.585510243,Medium,DevOps,Hardware,Closed
TCK-7400,2025-04-15 17:58:07.552035206,2025-04-16 13:16:38.694066518,Medium,Operations,Access,Resolved
TCK-7401,2025-05-24 05:32:37.423210924,2025-05-25 12:26:41.301166272,Low,DevOps,Hardware,Resolved
TCK-7402,2025-03-19 11:17:45.995386005,2025-03-19 15:52:40.692169837,High,IT Support,Access,Resolved
TCK-7403,2025-03-23 16:34:46.729308560,2025-03-24 18:31:08.220330733,None,DevOps,Network,Resolved
TCK-7404,2025-06-08 06:41:25.712694088,2025-06-08 10:58:46.805441874,Medium,IT Support,Database,Closed
TCK-7405,2025-06-11 06:26:13.286331662,2025-06-13 00:03:33.869927152,Low,DevOps,Software,Resolved
TCK-7406,2025-02-12 23:08:09.484019540,2025-02-13 12:57:12.952940334,Medium,HR,Hardware,Closed
TCK-7407,2025-02-05 20:43:29.695747982,2025-02-06 08:28:37.626517120,High,HR,Software,Closed
TCK-7408,2025-03-31 07:44:09.424025480,2025-03-31 17:11:19.687752592,Low,  Operations ,Hardware,Closed
TCK-7409,2025-06-12 01:11:48.325889862,2025-06-13 03:52:35.863259104,Critical,DevOps,Network,Resolved
TCK-7410,2025-02-28 00:34:26.412652854,2025-02-28 07:28:55.761327768,Critical,IT Support,Access,Closed
TCK-7411,2025-04-28 08:42:11.297754170,2025-04-29 01:20:53.024761246,Medium,HR,Software,Closed
TCK-7412,2025-05-08 11:12:55.047741828,2025-05-09 20:54:54.848314393,Low,DevOps,Network,Resolved
TCK-7413,2025-05-21 03:52:28.388433910,2025-05-22 00:58:28.310587473,Medium,HR,Network,Closed
TCK-7414,2025-04-12 12:09:13.169586821,2025-04-12 18:49:28.964546646,Low,IT Support,Database,Resolved
TCK-7415,2025-03-14 10:36:22.932594535,2025-03-14 16:12:28.368781223,Medium,HR,Network,Resolved
TCK-7416,2025-06-24 01:30:32.657801626,2025-06-25 00:49:00.765861082,Low,HR,Database,Resolved
TCK-7417,2025-04-21 00:56:55.875365966,2025-04-21 20:21:44.632448651,Medium,DevOps,Network,Resolved
TCK-7418,2025-05-12 03:24:06.171320628,2025-05-12 17:29:17.454639531,Low,Finance,Access,Closed
TCK-7419,2025-03-04 02:19:33.216262300,2025-03-04 19:56:31.190767098,High,Operations,Network,Closed
TCK-7420,2025-05-01 14:10:49.662959902,2025-05-03 02:14:17.646185043,High,  DevOps ,Access,Closed
TCK-7421,2025-02-16 09:41:09.241976486,2025-02-16 20:34:32.411832930,None,HR,Hardware,Closed
TCK-7422,2025-02-14 02:49:07.261405349,2025-02-14 09:18:41.948019982,Low,IT Support,Network,Resolved
TCK-7423,2025-05-09 15:35:59.682540198,2025-05-09 22:35:25.505696966,Low,IT Support,Network,Closed
TCK-7424,2025-04-04 20:25:30.938361166,2025-04-06 01:15:28.863921670,Medium,HR,Hardware,Resolved
TCK-7425,2025-05-03 23:45:17.845289004,2025-05-04 08:14:36.897970608,Low,IT Support,Database,Closed
TCK-7426,2025-02-18 11:58:27.408114321,2025-02-19 07:04:49.239420794,Low,DevOps,Access,Resolved
TCK-7427,2025-04-18 18:29:05.400114272,2025-04-19 09:39:42.617331619,Medium,Finance,Hardware,Closed
TCK-7428,2025-03-21 21:47:36.120182807,2025-03-22 05:17:28.589668558,Medium,IT Support,Hardware,Resolved
TCK-7429,2025-04-18 10:52:06.381021650,2025-04-19 07:08:29.967300542,Low,Operations,Software,Closed
TCK-7430,2025-02-22 08:36:01.595862100,2025-02-23 15:48:29.129285878,Medium,Finance,Hardware,Closed
TCK-7431,2025-05-09 18:44:53.386671174,2025-05-11 03:44:01.000883673,Medium,DevOps,Database,Closed
TCK-7432,2025-05-26 01:36:53.502512008,2025-05-26 21:57:51.276697351,Low,  DevOps ,Database,Closed
TCK-7433,2025-02-16 18:50:21.001435318,2025-02-17 09:24:03.452425497,High,Operations,Database,Resolved
TCK-7434,2025-02-24 02:40:50.946874945,2025-02-25 14:02:32.779802130,Low,Finance,Access,Resolved
TCK-7435,2025-04-30 00:11:11.202671334,2025-04-30 10:20:05.797788633,Low,Operations,Access,Closed
TCK-7436,2025-05-06 04:55:40.630768718,2025-05-06 19:11:18.512081305,Low,Operations,Network,Resolved
TCK-7437,2025-05-07 17:42:38.291749144,2025-05-08 05:10:11.605293353,Low,IT Support,Hardware,Resolved
TCK-7438,2025-05-03 21:15:27.146273814,2025-05-04 10:25:28.022877369,High,IT Support,Database,Closed
TCK-7439,2025-03-12 16:55:45.614045884,2025-03-13 09:16:27.145204951,Low,Operations,Hardware,Closed
TCK-7440,2025-03-13 01:46:04.344326006,2025-03-13 08:41:17.514933045,High,IT Support,Network,Closed
TCK-7441,2025-02-15 20:48:43.682917420,2025-02-16 01:12:02.594306540,Medium,IT Support,Network,Closed
TCK-7442,2025-01-29 05:31:17.700788237,2025-01-30 13:23:09.962901275,Medium,Finance,Database,Resolved
TCK-7443,2025-05-05 15:56:03.404380678,2025-05-06 08:22:11.936677749,Critical,IT Support,Hardware,Closed
TCK-7444,2025-01-17 18:34:31.999441409,2025-01-20 11:28:55.636473852,High,  Operations ,Network,Resolved
TCK-7445,2025-06-18 19:15:45.644108028,2025-06-19 17:05:57.984937343,Low,Operations,Software,Closed
TCK-7446,2025-05-29 19:17:05.394698412,2025-05-31 01:30:22.118747459,High,DevOps,Access,Resolved
TCK-7447,2025-06-04 08:25:29.267815248,2025-06-04 17:23:23.543790584,Medium,HR,Hardware,Closed
TCK-7448,2025-06-13 04:48:33.404895438,2025-06-13 08:07:53.450386153,Medium,IT Support,Database,Closed
TCK-7449,2025-03-15 13:10:24.504687830,2025-03-16 08:50:19.281789501,Medium,Operations,Network,Resolved
TCK-7450,2025-06-02 09:44:49.649545436,2025-06-05 17:05:42.288369308,None,Finance,Network,Closed
TCK-7451,2025-01-29 10:49:29.342135730,2025-01-31 21:20:46.554891577,Low,DevOps,Network,Closed
TCK-7452,2025-01-04 21:29:33.189747281,2025-01-05 22:18:33.960638861,High,HR,Access,Closed
TCK-7453,2025-05-22 06:43:50.969812198,2025-05-22 22:47:10.301816828,Low,HR,Hardware,Closed
TCK-7454,2025-01-14 11:07:17.469648400,2025-01-16 00:13:35.076021758,Medium,DevOps,Network,Resolved
TCK-7455,2025-06-27 22:25:35.626252734,2025-06-28 00:57:23.382176339,High,IT Support,Access,Closed
TCK-7456,2025-05-02 11:07:14.073163398,2025-05-03 13:28:29.135593486,Medium,  Operations ,Software,Resolved
TCK-7457,2025-05-16 14:54:09.893685226,2025-05-17 01:31:53.741352847,Low,HR,Hardware,Closed
TCK-7458,2025-02-14 05:52:21.572833371,2025-02-14 11:51:26.412638113,Medium,IT Support,Database,Closed
TCK-7459,2025-05-02 07:05:54.606238990,2025-05-02 19:10:45.315433394,High,HR,Hardware,Closed
TCK-7460,2025-01-08 18:42:36.464189094,2025-01-09 01:49:14.042869939,Medium,IT Support,Network,Resolved
TCK-7461,2025-05-31 19:24:25.596251842,2025-06-01 07:58:48.500551000,Low,Operations,Database,Resolved
TCK-7462,2025-01-31 12:46:33.894827015,2025-02-01 19:59:30.647131405,Medium,DevOps,Hardware,Closed
TCK-7463,2025-05-06 12:35:12.655398800,2025-05-06 19:00:59.563467254,Critical,IT Support,Database,Closed
TCK-7464,2025-02-10 09:45:20.755171391,2025-02-11 11:30:57.839650377,Medium,Finance,Hardware,Closed
TCK-7465,2025-01-13 07:43:03.690913816,2025-01-13 11:45:31.073721586,High,IT Support,Software,Closed
TCK-7466,2025-03-28 16:03:09.688800180,2025-03-29 08:13:32.470602210,High,Operations,Software,Closed
TCK-7467,2025-01-31 11:18:59.142162421,2025-01-31 16:13:46.536722449,Low,IT Support,Software,Resolved
TCK-7468,2025-05-12 07:11:52.906454502,2025-05-13 05:41:32.435159906,Medium,  DevOps ,Hardware,Closed
TCK-7469,2025-02-12 18:17:03.996299956,2025-02-13 20:36:20.111716020,Medium,Finance,Database,Closed
TCK-7470,2025-03-03 15:28:53.194579610,2025-03-03 23:33:11.571270541,Low,Operations,Software,Closed
TCK-7471,2025-04-13 03:20:15.235665083,2025-04-13 19:34:38.773461112,Low,Finance,Access,Closed
TCK-7472,2025-02-21 07:03:46.652882349,2025-02-22 06:59:10.625110848,High,Operations,Access,Resolved
TCK-7473,2025-03-10 00:54:31.183297323,2025-03-10 16:12:06.152656402,Low,DevOps,Software,Closed
TCK-7474,2025-05-27 19:29:09.783220094,2025-05-30 07:04:59.294414521,Low,Finance,Software,Closed
TCK-7475,2025-02-02 06:11:11.580373071,2025-02-04 14:47:48.708285541,Low,DevOps,Network,Closed
TCK-7476,2025-01-15 19:06:39.119623032,2025-01-16 09:10:03.698363018,Low,Operations,Access,Resolved
TCK-7477,2025-03-01 02:30:20.274388716,2025-03-01 08:14:23.664259756,Medium,IT Support,Access,Resolved
TCK-7478,2025-03-18 09:18:27.480599834,2025-03-19 05:13:12.052951893,High,Operations,Software,Closed
TCK-7479,2025-04-08 16:17:17.155787900,2025-04-08 20:24:36.304630060,Low,IT Support,Network,Resolved
TCK-7480,2025-03-09 00:52:13.322913709,2025-03-09 07:29:06.384610895,Low,  Operations ,Database,Closed
TCK-7481,2025-05-23 04:25:06.761865064,2025-05-23 15:42:16.824355813,High,HR,Network,Closed
TCK-7482,2025-01-08 01:51:36.672220096,2025-01-08 18:41:35.843643891,Medium,Operations,Network,Closed
TCK-7483,2025-03-19 17:14:08.754063973,2025-03-20 02:08:48.139357290,High,IT Support,Access,Resolved
TCK-7484,2025-03-10 19:20:43.984736404,2025-03-11 01:35:46.558696623,Low,IT Support,Software,Resolved
TCK-7485,2025-04-27 13:32:20.689028272,2025-04-28 16:23:15.808632442,High,HR,Software,Closed
TCK-7486,2025-06-23 22:18:48.269508302,2025-06-24 12:59:32.641726322,Medium,DevOps,Software,Closed
TCK-7487,2025-04-02 20:49:18.323892064,2025-04-03 04:51:33.115779689,Medium,HR,Network,Closed
TCK-7488,2025-06-27 15:18:28.723637636,2025-06-28 09:25:10.961288464,Low,HR,Network,Resolved
TCK-7489,2025-02-24 09:43:02.589690047,2025-02-24 23:25:24.965916911,Low,Finance,Hardware,Resolved
TCK-7490,2025-01-06 13:21:01.197300353,2025-01-06 23:13:38.493655927,High,Operations,Database,Resolved
TCK-7491,2025-01-30 19:39:53.580593171,2025-01-31 04:42:20.326940855,Low,IT Support,Hardware,Closed
TCK-7492,2025-03-13 02:56:22.208014071,2025-03-13 11:19:29.302553341,Low,  HR ,Database,Closed
TCK-7493,2025-02-26 22:33:44.955700364,2025-02-27 06:30:55.032311139,Medium,IT Support,Hardware,Closed
TCK-7494,2025-01-18 11:16:25.845053489,2025-01-19 09:07:14.676371466,Medium,DevOps,Hardware,Closed
TCK-7495,2025-03-19 21:05:29.994806028,2025-03-20 02:36:59.021500879,Medium,IT Support,Hardware,Closed
TCK-7496,2025-03-02 20:39:36.480849520,2025-03-03 01:37:24.690101230,Medium,HR,Hardware,Closed
TCK-7497,2025-01-23 01:42:54.116554082,2025-01-23 10:49:45.699294028,Medium,IT Support,Network,Resolved
TCK-7498,2025-02-23 07:13:33.615276407,2025-02-23 11:46:55.643722217,Medium,IT Support,Database,Closed
TCK-7499,2025-06-09 13:24:13.532887032,2025-06-10 11:55:37.549662457,Critical,Finance,Hardware,Resolved
TCK-7500,2025-02-24 08:51:03.956090218,2025-02-24 15:25:51.457912767,Medium,IT Support,Hardware,Resolved
TCK-7501,2025-05-09 12:17:14.742260388,2025-05-09 19:57:12.816037641,Medium,IT Support,Software,Resolved
TCK-7502,2025-04-21 04:02:36.182837416,2025-04-21 17:13:10.128379417,Low,HR,Network,Closed
TCK-7503,2025-03-18 21:25:21.437774998,2025-03-19 06:47:12.098671807,High,IT Support,Access,Closed
TCK-7504,2025-02-13 00:35:26.703570663,2025-02-13 06:29:52.933350688,Low,  IT Support ,Software,Closed
TCK-7505,2025-03-08 10:08:36.604228144,2025-03-10 07:44:55.260540080,Medium,Finance,Access,Closed
TCK-7506,2025-04-17 13:54:11.383901658,2025-04-17 23:37:50.949856916,Medium,Finance,Hardware,Closed
TCK-7507,2025-03-05 03:15:13.995781968,2025-03-06 06:56:00.153753105,Medium,DevOps,Database,Resolved
TCK-7508,2025-02-08 16:21:09.334946453,2025-02-10 15:26:40.459924612,Medium,DevOps,Access,Closed
TCK-7509,2025-01-21 23:07:08.670762662,2025-01-22 21:57:52.789293061,High,Operations,Access,Closed
TCK-7510,2025-06-08 08:35:35.418369560,2025-06-08 13:48:50.255674690,Low,IT Support,Access,Resolved
TCK-7511,2025-03-21 06:09:07.398893637,2025-03-21 22:30:26.382757142,Medium,Finance,Database,Closed
TCK-7512,2025-04-23 12:53:59.819746050,2025-04-24 03:42:34.444723223,High,Finance,Software,Resolved
TCK-7513,2025-03-30 06:34:21.936399595,2025-03-31 15:37:53.513905521,Low,Finance,Network,Closed
TCK-7514,2025-06-07 01:29:14.493503048,2025-06-07 13:55:15.785100879,Low,Operations,Database,Closed
TCK-7515,2025-04-09 10:45:30.825274576,2025-04-09 20:24:54.101650147,Medium,IT Support,Software,Resolved
TCK-7516,2025-03-28 12:58:32.611944610,2025-03-29 16:56:13.534870435,None,  Finance ,Hardware,Closed
TCK-7517,2025-06-16 10:16:34.603038474,2025-06-19 18:20:37.551947815,Low,Finance,Software,Resolved
TCK-7518,2025-05-10 13:03:32.597697352,2025-05-12 01:18:55.235288208,Low,DevOps,Access,Closed
TCK-7519,2025-01-21 01:53:44.159058325,2025-01-21 07:33:41.978429832,Medium,IT Support,Software,Closed
TCK-7520,2025-02-01 23:40:59.780532852,2025-02-02 03:46:45.087757828,Low,IT Support,Software,Resolved
TCK-7521,2025-05-22 16:22:14.764434200,2025-05-22 23:46:32.347465224,Medium,IT Support,Hardware,Resolved
TCK-7522,2025-05-31 10:52:39.746990650,2025-06-01 09:57:41.354155012,High,Finance,Hardware,Closed
TCK-7523,2025-04-09 03:13:27.774012290,2025-04-09 06:02:19.282755168,Low,IT Support,Software,Closed
TCK-7524,2025-04-10 19:14:47.703781974,2025-04-11 01:11:42.303705209,High,IT Support,Database,Closed
TCK-7525,2025-04-24 17:57:01.438265664,2025-04-26 05:55:10.617726421,Medium,DevOps,Hardware,Closed
TCK-7526,2025-03-21 00:58:48.521643609,2025-03-21 07:29:37.388541963,Critical,IT Support,Access,Resolved
TCK-7527,2025-05-03 10:27:36.768421674,2025-05-05 02:13:30.465221036,None,Finance,Database,Resolved
TCK-7528,2025-01-20 12:38:20.517672896,2025-01-20 19:09:13.498188845,Medium,  HR ,Software,Resolved
TCK-7529,2025-06-23 00:43:34.777297594,2025-06-24 11:05:38.170398834,Medium,Finance,Access,Resolved
TCK-7530,2025-05-16 00:40:07.819658622,2025-05-17 05:05:42.689559174,High,Operations,Access,Closed
TCK-7531,2025-04-24 14:40:21.220748076,2025-04-26 16:40:59.463466014,Low,DevOps,Database,Closed
TCK-7532,2025-02-26 22:30:40.630611444,2025-02-27 12:40:49.159794250,Low,DevOps,Software,Closed
TCK-7533,2025-01-29 23:19:39.740927052,2025-01-30 09:16:31.503641648,None,IT Support,Access,Resolved
TCK-7534,2025-03-15 16:21:41.773467747,2025-03-15 22:26:44.758923185,Medium,IT Support,Hardware,Resolved
TCK-7535,2025-04-30 02:00:41.469407758,2025-04-30 06:13:10.382525321,Low,IT Support,Hardware,Closed
TCK-7536,2025-04-25 01:37:33.929716222,2025-04-25 16:15:41.087517779,High,Operations,Database,Resolved
TCK-7537,2025-03-10 21:00:35.243579768,2025-03-11 16:43:37.650323705,Medium,DevOps,Hardware,Resolved
TCK-7538,2025-04-21 09:23:49.996892834,2025-04-22 07:53:58.250361078,Low,HR,Network,Closed
TCK-7539,2025-05-27 11:23:33.492666500,2025-05-28 10:39:23.585139937,Low,Operations,Software,Closed
TCK-7540,2025-01-05 17:33:00.779394465,2025-01-05 22:19:38.515870071,Low,  IT Support ,Access,Closed
TCK-7541,2025-03-23 02:40:58.537411648,2025-03-23 19:44:23.846957178,Critical,Finance,Access,Closed
TCK-7542,2025-05-17 12:57:30.913115534,2025-05-18 14:35:07.375843536,Critical,DevOps,Database,Closed
TCK-7543,2025-04-09 07:20:38.804646442,2025-04-09 15:32:30.818664793,Low,IT Support,Database,Closed
TCK-7544,2025-04-28 06:22:36.119472896,2025-04-29 05:51:47.968781422,High,HR,Access,Resolved
TCK-7545,2025-04-04 00:02:31.257798280,2025-04-04 12:02:55.053593755,Medium,IT Support,Hardware,Closed
TCK-7546,2025-06-28 12:53:52.918899300,2025-06-29 07:21:59.596306226,Medium,Operations,Database,Resolved
TCK-7547,2025-01-10 19:57:54.135477522,2025-01-11 11:45:56.262426337,Low,Operations,Network,Closed
TCK-7548,2025-03-30 09:18:49.068204012,2025-03-30 12:48:56.960513732,Medium,IT Support,Database,Closed
TCK-7549,2025-01-17 10:55:10.171828979,2025-01-18 14:00:41.595791845,Low,HR,Hardware,Closed
TCK-7550,2025-01-29 18:16:25.061990247,2025-01-30 05:37:44.512780988,Low,HR,Software,Closed
TCK-7551,2025-03-10 22:43:32.425704808,2025-03-12 13:53:27.608267346,Low,Operations,Network,Closed
TCK-7552,2025-01-28 23:55:59.503015578,2025-01-29 19:47:15.397260319,Low,  Operations ,Database,Closed
TCK-7553,2025-06-23 11:07:42.804957836,2025-06-24 10:31:40.466946428,None,IT Support,Software,Resolved
TCK-7554,2025-06-20 10:07:54.607629674,2025-06-21 19:18:29.062931353,None,Finance,Software,Resolved
TCK-7555,2025-03-02 11:59:37.218022830,2025-03-02 23:58:00.414018931,High,Finance,Access,Closed
TCK-7556,2025-04-26 03:42:36.417609992,2025-04-26 14:09:15.064769140,Low,HR,Hardware,Closed
TCK-7557,2025-04-07 01:48:51.641874561,2025-04-07 09:37:30.277010123,Medium,IT Support,Access,Resolved
TCK-7558,2025-05-27 19:20:08.720981232,2025-05-28 11:09:49.586536161,Medium,Finance,Hardware,Resolved
TCK-7559,2025-04-23 22:33:54.123873084,2025-04-25 00:14:18.489519369,Medium,DevOps,Software,Closed
TCK-7560,2025-01-01 01:05:26.172237221,2025-01-01 05:22:54.958321611,Low,IT Support,Database,Closed
TCK-7561,2025-05-18 08:54:48.045002658,2025-05-18 23:09:14.490311379,Medium,HR,Hardware,Closed
TCK-7562,2025-05-15 10:23:01.982397228,2025-05-15 19:57:18.769233504,Low,IT Support,Hardware,Resolved
TCK-7563,2025-04-02 18:00:07.516969913,2025-04-03 04:53:50.030228304,High,Operations,Software,Closed
TCK-7564,2025-06-12 12:36:35.871720454,2025-06-13 11:02:07.236254048,Medium,  IT Support ,Network,Closed
TCK-7565,2025-06-13 12:29:15.390897126,2025-06-14 03:08:44.841737998,Medium,HR,Software,Closed
TCK-7566,2025-04-05 07:17:54.396106785,2025-04-05 19:15:49.068216083,Medium,Operations,Software,Closed
TCK-7567,2025-04-20 10:30:32.971568554,2025-04-20 18:28:42.607878698,Low,Operations,Hardware,Closed
TCK-7568,2025-06-29 08:58:31.262572504,2025-06-29 23:36:26.594166760,Low,HR,Software,Closed
TCK-7569,2025-02-23 18:54:12.291787165,2025-02-24 07:22:09.566866164,Low,HR,Access,Closed
TCK-7570,2025-02-28 10:20:47.352428096,2025-03-01 12:58:21.338673798,High,Operations,Software,Closed
TCK-7571,2025-02-02 21:34:59.734222695,2025-02-03 05:29:42.946661022,Low,IT Support,Database,Closed
TCK-7572,2025-06-11 06:08:42.637783162,2025-06-11 10:49:29.098998097,Medium,IT Support,Software,Closed
TCK-7573,2025-05-15 00:11:23.440490990,2025-05-17 23:39:53.083953639,Low,DevOps,Software,Closed
TCK-7574,2025-01-20 00:22:37.585630002,2025-01-20 10:56:44.213195044,Low,IT Support,Database,Resolved
TCK-7575,2025-06-26 17:14:05.845830762,2025-06-27 14:48:42.333471516,Low,Finance,Network,Closed
TCK-7576,2025-05-12 13:45:16.485321676,2025-05-13 23:24:52.034723178,Medium,  DevOps ,Network,Closed
TCK-7577,2025-06-03 02:15:19.848576564,2025-06-03 13:01:44.360404334,Medium,IT Support,Network,Closed
TCK-7578,2025-01-09 16:00:41.073221620,2025-01-09 22:57:42.874678526,High,HR,Access,Resolved
TCK-7579,2025-04-01 21:25:52.211388592,2025-04-02 16:54:28.330584444,Low,Operations,Database,Closed
TCK-7580,2025-05-06 17:56:40.555178914,2025-05-07 18:41:49.463737414,Low,DevOps,Access,Closed
TCK-7581,2025-04-08 17:31:45.283261277,2025-04-10 09:28:46.509344621,Medium,DevOps,Access,Closed
TCK-7582,2025-04-30 23:55:01.386555164,2025-05-01 16:50:18.613094125,Low,Finance,Access,Closed
TCK-7583,2025-05-28 05:12:57.436959028,2025-05-28 11:29:53.243842247,Low,IT Support,Database,Closed
TCK-7584,2025-03-09 09:08:10.003156971,2025-03-11 02:28:30.543474431,Low,Operations,Hardware,Resolved
TCK-7585,2025-06-02 18:14:55.243222174,2025-06-03 20:31:32.819549429,High,HR,Hardware,Resolved
TCK-7586,2025-01-30 07:47:51.261309801,2025-01-30 10:31:50.666096574,Medium,HR,Network,Closed
TCK-7587,2025-02-18 18:13:39.927770179,2025-02-19 09:23:04.292016629,Low,IT Support,Access,Closed
TCK-7588,2025-01-08 19:15:11.081109770,2025-01-09 03:26:44.701907870,Medium,  IT Support ,Network,Closed
TCK-7589,2025-03-07 14:19:25.769885825,2025-03-08 07:31:05.506927303,High,Finance,Access,Closed
TCK-7590,2025-03-10 09:12:33.241104719,2025-03-10 17:47:28.058321248,Medium,HR,Network,Closed
TCK-7591,2025-05-25 22:46:08.327767166,2025-05-26 07:36:13.120583662,Low,HR,Software,Closed
TCK-7592,2025-04-28 13:31:28.184344730,2025-04-28 23:37:55.048610383,Medium,HR,Database,Closed
TCK-7593,2025-03-20 14:38:29.224436928,2025-03-21 08:17:09.220699881,Medium,DevOps,Access,Closed
TCK-7594,2025-04-28 09:07:56.595556532,2025-04-28 21:34:41.030664936,Low,Finance,Access,Closed
TCK-7595,2025-01-10 12:01:26.667220028,2025-01-10 17:04:35.538401960,Medium,IT Support,Access,Resolved
TCK-7596,2025-02-02 10:46:22.928157785,2025-02-02 20:45:53.348246085,Medium,IT Support,Database,Closed
TCK-7597,2025-04-23 20:24:53.044719774,2025-04-24 05:07:49.101629292,High,IT Support,Software,Closed
TCK-7598,2025-04-26 10:42:16.772591900,2025-04-28 03:38:12.455481069,Low,DevOps,Hardware,Closed
TCK-7599,2025-05-20 08:15:42.212217906,2025-05-21 01:40:27.118139401,Low,Operations,Database,Closed
TCK-7600,2025-03-14 12:57:32.252801621,2025-03-14 22:19:28.031487171,Medium,  Operations ,Software,Closed
TCK-7601,2025-05-11 01:26:01.310574460,2025-05-12 00:28:55.207636519,Medium,Operations,Network,Closed
TCK-7602,2025-05-04 02:47:42.131976066,2025-05-04 11:23:15.366926329,Medium,HR,Access,Resolved
TCK-7603,2025-06-23 09:51:33.820407894,2025-06-24 19:42:38.849574779,High,Finance,Access,Resolved
TCK-7604,2025-02-08 17:21:45.281356610,2025-02-09 03:24:39.461255583,Medium,Operations,Hardware,Closed
TCK-7605,2025-04-10 07:15:20.575481050,2025-04-10 13:16:59.478252851,High,IT Support,Network,Resolved
TCK-7606,2025-04-19 07:37:20.603702018,2025-04-19 14:43:02.093699786,Low,IT Support,Software,Closed
TCK-7607,2025-06-29 18:09:31.906497002,2025-06-30 19:22:38.171155755,High,Operations,Network,Closed
TCK-7608,2025-02-06 05:06:55.778975767,2025-02-07 14:58:01.485958279,Medium,DevOps,Network,Closed
TCK-7609,2025-04-05 04:18:06.646531329,2025-04-05 18:38:40.445206497,Low,HR,Hardware,Resolved
TCK-7610,2025-03-04 07:31:13.905562512,2025-03-07 15:06:18.749264156,Low,DevOps,Software,Resolved
TCK-7611,2025-04-05 15:51:27.447340605,2025-04-06 01:38:09.886777953,Low,Finance,Hardware,Resolved
TCK-7612,2025-02-11 18:47:44.019907503,2025-02-11 23:51:11.111891069,Medium,  IT Support ,Software,Resolved
TCK-7613,2025-01-09 13:41:07.709304295,2025-01-09 18:38:09.212447197,Low,IT Support,Database,Closed
TCK-7614,2025-04-14 01:28:57.939016858,2025-04-14 04:59:22.874362325,None,IT Support,Database,Resolved
TCK-7615,2025-03-02 10:53:26.320267661,2025-03-03 03:59:16.157402838,High,Finance,Access,Closed
TCK-7616,2025-02-02 17:59:12.679991640,2025-02-03 05:58:31.404652628,High,IT Support,Hardware,Resolved
TCK-7617,2025-02-28 07:24:05.923645581,2025-02-28 17:57:55.040936598,Medium,HR,Database,Resolved
TCK-7618,2025-01-09 20:53:25.692915329,2025-01-10 12:07:46.769929500,High,Operations,Network,Resolved
TCK-7619,2025-06-21 01:54:37.624569288,2025-06-21 12:15:52.873881044,Low,Finance,Network,Closed
TCK-7620,2025-04-15 14:33:32.373664146,2025-04-15 20:15:59.831384372,Medium,IT Support,Database,Closed
TCK-7621,2025-05-27 15:48:02.532308930,2025-05-28 03:04:24.606725431,Medium,HR,Hardware,Closed
TCK-7622,2025-03-18 03:52:14.208262303,2025-03-18 23:26:57.523699388,Low,HR,Access,Closed
TCK-7623,2025-06-12 14:19:09.709989320,2025-06-12 22:06:35.748835711,Low,Operations,Network,Resolved
TCK-7624,2025-03-28 23:56:04.981580644,2025-03-29 19:26:57.951949607,Medium,  Finance ,Access,Closed
TCK-7625,2025-04-14 07:26:37.650864810,2025-04-14 22:04:46.773044687,Low,IT Support,Network,Resolved
TCK-7626,2025-03-30 12:32:59.977934440,2025-03-31 08:09:42.461382673,High,Finance,Software,Resolved
TCK-7627,2025-05-12 23:45:44.057333718,2025-05-13 06:00:44.273044243,Critical,Operations,Database,Closed
TCK-7628,2025-04-12 23:57:15.318867274,2025-04-14 10:04:36.645111543,Low,Operations,Hardware,Closed
TCK-7629,2025-02-18 21:18:26.459522345,2025-02-19 23:18:00.600586100,Medium,Operations,Network,Closed
TCK-7630,2025-01-27 04:43:50.791129795,2025-01-28 02:39:45.501183096,High,HR,Database,Closed
TCK-7631,2025-04-20 02:27:26.495908068,2025-04-20 06:00:42.183222413,Low,IT Support,Access,Resolved
TCK-7632,2025-03-30 01:15:26.761979507,2025-03-31 15:36:05.377176355,Critical,Operations,Hardware,Resolved
TCK-7633,2025-01-18 06:36:54.035017948,2025-01-18 18:50:35.068826771,Critical,Operations,Hardware,Closed
TCK-7634,2025-03-13 05:04:02.828016910,2025-03-13 19:01:11.505653526,Low,Operations,Database,Closed
TCK-7635,2025-04-03 15:50:02.914951054,2025-04-04 01:49:36.582976149,Low,HR,Database,Resolved
TCK-7636,2025-05-29 20:10:43.572455576,2025-05-31 21:57:03.349153604,None,  DevOps ,Database,Resolved
TCK-7637,2025-01-14 16:45:23.620320451,2025-01-15 09:12:32.332485705,None,Operations,Software,Resolved
TCK-7638,2025-03-04 17:29:59.655921837,2025-03-05 04:18:53.757944042,Medium,IT Support,Software,Closed
TCK-7639,2025-05-29 01:52:28.020391914,2025-05-29 16:37:25.333242204,Low,HR,Hardware,Resolved
TCK-7640,2025-04-27 17:11:28.986911594,2025-04-28 16:33:15.664227819,Medium,Finance,Database,Resolved
TCK-7641,2025-02-22 04:37:11.820692492,2025-02-22 19:52:50.351093107,Low,Finance,Software,Closed
TCK-7642,2025-06-02 03:50:51.817696134,2025-06-03 14:59:12.297834826,Critical,HR,Hardware,Closed
TCK-7643,2025-03-30 19:01:41.764910991,2025-03-31 09:56:31.629143118,High,DevOps,Network,Closed
TCK-7644,2025-03-31 16:52:48.613660282,2025-04-01 03:19:33.236698268,Medium,IT Support,Database,Resolved
TCK-7645,2025-06-25 18:51:26.299244378,2025-06-26 11:59:59.885550561,Low,HR,Software,Closed
TCK-7646,2025-06-20 11:32:35.858332158,2025-06-22 18:45:16.082193546,High,DevOps,Hardware,Closed
TCK-7647,2025-03-06 12:51:40.291767812,2025-03-09 02:55:00.778669033,Low,DevOps,Database,Closed
TCK-7648,2025-01-26 07:18:06.608968256,2025-01-27 00:06:24.669285439,Low,  Operations ,Hardware,Closed
TCK-7649,2025-02-28 14:52:49.020388919,2025-03-02 07:17:40.598554029,Medium,DevOps,Network,Closed
TCK-7650,2025-01-06 11:41:15.664362706,2025-01-07 08:13:49.190015052,Medium,IT Support,Hardware,Closed
TCK-7651,2025-01-04 17:43:02.174120004,2025-01-05 23:43:23.931762434,High,DevOps,Hardware,Resolved
TCK-7652,2025-03-13 04:39:20.262982071,2025-03-13 12:59:13.114560107,High,HR,Network,Resolved
TCK-7653,2025-06-19 09:12:20.282587384,2025-06-19 16:13:08.762504544,Medium,IT Support,Access,Closed
TCK-7654,2025-06-06 20:15:49.370843296,2025-06-07 00:41:26.905694382,Medium,IT Support,Database,Closed
TCK-7655,2025-04-03 01:25:58.953086874,2025-04-03 18:32:03.379816075,Medium,HR,Network,Resolved
TCK-7656,2025-04-12 17:46:40.679968759,2025-04-13 08:15:03.970931125,Low,IT Support,Network,Closed
TCK-7657,2025-01-02 01:37:57.741394670,2025-01-02 14:59:55.680600144,High,HR,Database,Closed
TCK-7658,2025-02-08 18:57:53.975526721,2025-02-08 22:44:40.099509357,Medium,IT Support,Hardware,Closed
TCK-7659,2025-01-05 11:01:27.222083536,2025-01-06 01:11:27.211565442,Critical,IT Support,Software,Resolved
TCK-7660,2025-05-16 19:36:38.812478668,2025-05-17 03:00:58.594076171,Medium,  Operations ,Database,Resolved
TCK-7661,2025-01-27 05:11:23.419804093,2025-01-27 11:44:42.280165808,Low,HR,Network,Closed
TCK-7662,2025-06-06 10:17:00.537719456,2025-06-06 23:16:19.531441899,Low,HR,Hardware,Closed
TCK-7663,2025-04-26 19:09:39.726285858,2025-04-27 22:56:52.671697907,Medium,Finance,Access,Resolved
TCK-7664,2025-02-11 07:05:19.257172374,2025-02-12 21:22:32.531724041,Low,DevOps,Hardware,Closed
TCK-7665,2025-01-29 09:21:06.371278700,2025-01-30 09:03:17.317972603,Medium,Finance,Software,Closed
TCK-7666,2025-04-23 23:20:19.348755322,2025-04-25 09:34:27.238698123,Low,HR,Hardware,Closed
TCK-7667,2025-06-12 03:36:56.717350696,2025-06-13 04:55:37.976128923,None,Finance,Software,Closed
TCK-7668,2025-05-10 07:18:58.124556464,2025-05-10 21:34:31.136856717,Low,IT Support,Access,Closed
TCK-7669,2025-03-04 17:43:17.525735728,2025-03-05 06:19:10.569477926,Medium,IT Support,Access,Resolved
TCK-7670,2025-04-16 17:29:49.673618000,2025-04-17 00:56:11.912618785,Low,HR,Hardware,Resolved
TCK-7671,2025-02-25 22:29:25.886431897,2025-02-26 20:59:49.587639297,Medium,Finance,Database,Closed
TCK-7672,2025-06-29 20:19:34.062541702,2025-06-30 20:54:03.775377709,Low,  IT Support ,Database,Resolved
TCK-7673,2025-05-15 18:59:07.058958710,2025-05-16 01:35:26.576009068,Medium,IT Support,Database,Resolved
TCK-7674,2025-04-21 14:07:43.261497032,2025-04-21 20:11:42.095182703,Medium,IT Support,Access,Closed
TCK-7675,2025-03-18 04:28:46.188294176,2025-03-19 14:14:21.984781816,Medium,DevOps,Software,Closed
TCK-7676,2025-04-22 06:25:04.418116634,2025-04-22 20:39:31.334469225,Medium,Operations,Network,Closed
TCK-7677,2025-03-03 11:46:53.003491990,2025-03-03 17:29:49.463805962,Medium,IT Support,Hardware,Closed
TCK-7678,2025-01-06 04:41:45.983251294,2025-01-06 18:49:55.854276283,High,Operations,Software,Closed
TCK-7679,2025-03-13 02:46:56.699690354,2025-03-14 15:36:53.167444558,Critical,Operations,Network,Closed
TCK-7680,2025-06-17 11:40:37.706106090,2025-06-18 04:29:19.059874911,High,Operations,Access,Closed
TCK-7681,2025-04-23 17:37:14.625923162,2025-04-23 21:59:46.549545745,Low,IT Support,Network,Closed
TCK-7682,2025-01-16 02:41:19.094158661,2025-01-16 17:14:46.493014758,None,DevOps,Access,Closed
TCK-7683,2025-06-09 07:10:20.675519442,2025-06-11 01:58:37.059415895,Critical,HR,Access,Closed
TCK-7684,2025-02-18 09:32:21.656959239,2025-02-19 01:38:15.009397376,High,  Operations ,Software,Resolved
TCK-7685,2025-02-13 21:05:03.156422577,2025-02-14 07:38:49.883606570,Medium,IT Support,Database,Resolved
TCK-7686,2025-02-23 11:25:58.746471549,2025-02-23 21:05:19.438080848,Low,HR,Database,Closed
TCK-7687,2025-04-14 21:30:49.176230891,2025-04-15 14:11:08.633334006,High,HR,Software,Closed
TCK-7688,2025-04-09 01:03:09.229085205,2025-04-10 14:23:29.390741102,High,Operations,Hardware,Closed
TCK-7689,2025-03-30 10:54:26.711895057,2025-03-30 17:02:31.044320605,Medium,IT Support,Access,Resolved
TCK-7690,2025-05-10 03:45:33.301348376,2025-05-11 10:34:23.410196990,Medium,Finance,Hardware,Resolved
TCK-7691,2025-02-26 23:26:34.797721283,2025-02-27 03:39:06.711878921,Low,IT Support,Access,Closed
TCK-7692,2025-05-21 18:31:07.439494448,2025-05-23 20:00:37.530690028,Medium,Operations,Access,Closed
TCK-7693,2025-02-01 13:23:22.742143973,2025-02-02 17:24:37.016002430,High,Finance,Database,Resolved
TCK-7694,2025-05-21 20:55:18.511725648,2025-05-22 11:33:53.966982428,Low,Operations,Database,Resolved
TCK-7695,2025-04-30 11:39:34.756852400,2025-05-01 08:46:09.935647660,Medium,Finance,Access,Resolved
TCK-7696,2025-05-03 23:27:35.630084066,2025-05-04 13:24:29.260702316,High,  Operations ,Database,Closed
TCK-7697,2025-03-28 16:18:38.432123147,2025-03-29 03:35:57.230202244,Low,HR,Database,Closed
TCK-7698,2025-05-01 01:26:47.836252808,2025-05-01 08:39:09.735466243,Low,Finance,Network,Closed
TCK-7699,2025-01-15 08:43:23.668092681,2025-01-15 16:49:00.909893269,High,IT Support,Network,Closed
TCK-7700,2025-06-03 06:42:02.972351760,2025-06-03 23:29:05.756998319,Low,Operations,Access,Closed
TCK-7701,2025-01-10 23:57:50.575199870,2025-01-12 07:14:41.387113470,Medium,Finance,Database,Resolved
TCK-7702,2025-01-27 18:33:47.961521528,2025-01-28 05:29:42.210054977,High,HR,Network,Closed
TCK-7703,2025-04-14 19:43:53.546549018,2025-04-15 05:23:20.163835237,High,HR,Hardware,Closed
TCK-7704,2025-05-14 02:15:26.955262468,2025-05-14 16:24:08.613456167,High,HR,Access,Resolved
TCK-7705,2025-01-14 17:24:24.328712934,2025-01-15 04:20:50.820283116,Medium,Finance,Access,Closed
TCK-7706,2025-06-15 17:42:14.389230318,2025-06-17 03:00:31.341612606,Medium,DevOps,Hardware,Resolved
TCK-7707,2025-06-25 05:59:06.154148466,2025-06-25 13:04:49.988577517,High,Operations,Access,Closed
TCK-7708,2025-04-20 01:42:17.090615922,2025-04-21 09:13:47.113366195,Medium,  Operations ,Database,Closed
TCK-7709,2025-03-28 14:58:18.218020562,2025-03-30 10:37:05.474488021,Medium,DevOps,Network,Closed
TCK-7710,2025-05-14 10:49:34.608894666,2025-05-14 16:10:32.233597036,Medium,IT Support,Software,Closed
TCK-7711,2025-03-01 02:30:13.543392698,2025-03-01 14:20:01.394001708,Medium,IT Support,Network,Closed
TCK-7712,2025-03-30 18:54:08.479202615,2025-03-31 20:48:25.941050566,Medium,Finance,Hardware,Closed
TCK-7713,2025-06-14 21:46:20.769017570,2025-06-15 12:33:56.309589195,Medium,Finance,Software,Resolved
TCK-7714,2025-06-22 00:25:53.173356330,2025-06-22 11:42:21.600137977,Low,DevOps,Database,Closed
TCK-7715,2025-06-16 20:56:18.892828028,2025-06-17 13:34:21.952308982,None,HR,Database,Closed
TCK-7716,2025-02-17 05:46:32.337421642,2025-02-17 11:29:22.859530370,Low,IT Support,Network,Resolved
TCK-7717,2025-02-11 20:15:58.513451104,2025-02-12 20:48:59.829899985,Low,HR,Access,Closed
TCK-7718,2025-02-23 13:54:38.396212695,2025-02-23 22:28:13.867423409,Medium,IT Support,Access,Closed
TCK-7719,2025-03-21 10:27:50.419865333,2025-03-21 16:27:18.375132911,Medium,IT Support,Hardware,Closed
TCK-7720,2025-02-26 13:12:11.603740618,2025-03-01 01:23:54.295391429,Critical,  Finance ,Access,Resolved
TCK-7721,2025-03-09 08:35:57.399333829,2025-03-09 19:56:19.485202505,High,IT Support,Database,Closed
TCK-7722,2025-04-22 17:09:05.879382052,2025-04-22 21:05:29.157955192,High,Finance,Software,Closed
TCK-7723,2025-05-18 06:06:39.330165512,2025-05-18 17:14:43.437329337,High,HR,Network,Resolved
TCK-7724,2025-05-13 09:36:41.099462646,2025-05-13 18:37:16.846147223,Critical,Operations,Network,Closed
TCK-7725,2025-05-27 14:18:35.315214972,2025-05-27 20:00:29.181058219,Low,IT Support,Network,Closed
TCK-7726,2025-01-06 19:02:11.838805934,2025-01-07 08:14:43.161742302,Medium,HR,Access,Closed
TCK-7727,2025-01-09 14:12:35.897084014,2025-01-10 00:21:21.894435231,Medium,IT Support,Software,Closed
TCK-7728,2025-05-23 02:08:03.804629564,2025-05-24 13:27:43.870148231,Medium,DevOps,Access,Closed
TCK-7729,2025-04-06 22:54:01.844792675,2025-04-08 16:53:52.778742005,Medium,Finance,Access,Resolved
TCK-7730,2025-04-15 01:34:03.758348495,2025-04-15 21:05:22.896405052,Medium,HR,Database,Closed
TCK-7731,2025-01-10 11:10:30.850053992,2025-01-10 22:30:18.260794791,Medium,IT Support,Database,Closed
TCK-7732,2025-02-15 22:57:20.235815605,2025-02-17 09:14:29.374000484,Medium,  DevOps ,Access,Closed
TCK-7733,2025-04-25 21:41:26.149578950,2025-04-27 00:42:44.380870923,Low,HR,Hardware,Closed
TCK-7734,2025-06-04 15:39:56.755001236,2025-06-04 22:55:20.945846177,Medium,IT Support,Hardware,Closed
TCK-7735,2025-06-15 01:22:05.792965172,2025-06-15 16:56:10.738574510,High,Operations,Hardware,Closed
TCK-7736,2025-04-01 01:48:43.999227191,2025-04-01 13:46:04.191083041,Medium,DevOps,Access,Closed
TCK-7737,2025-04-09 04:26:55.267544450,2025-04-09 18:51:42.981190851,None,IT Support,Software,Resolved
TCK-7738,2025-05-30 22:46:27.862384948,2025-05-31 06:57:13.245604465,High,IT Support,Hardware,Resolved
TCK-7739,2025-04-07 18:32:17.790822859,2025-04-13 08:56:03.096574437,Medium,DevOps,Database,Closed
TCK-7740,2025-04-04 00:49:43.789156360,2025-04-04 07:46:07.740265126,Low,IT Support,Network,Resolved
TCK-7741,2025-06-12 21:57:46.955258352,2025-06-13 06:50:52.659920119,Medium,IT Support,Network,Resolved
TCK-7742,2025-05-23 04:30:33.677861048,2025-05-24 04:09:55.912500446,High,Operations,Access,Closed
TCK-7743,2025-06-13 15:11:35.929970854,2025-06-14 09:03:42.390504895,Medium,DevOps,Network,Resolved
TCK-7744,2025-02-09 06:49:38.195956504,2025-02-09 23:48:55.522463520,Low,  HR ,Access,Closed
TCK-7745,2025-04-05 09:18:07.568464108,2025-04-06 16:50:38.533350729,Medium,DevOps,Network,Resolved
TCK-7746,2025-06-01 15:28:46.543883902,2025-06-02 06:56:37.663214233,Low,Operations,Software,Resolved
TCK-7747,2025-01-21 00:09:31.012768478,2025-01-21 15:26:09.296965597,Critical,IT Support,Software,Closed
TCK-7748,2025-05-24 00:56:25.823579694,2025-05-24 20:40:11.872147381,Medium,DevOps,Software,Closed
TCK-7749,2025-02-02 22:26:42.058868049,2025-02-03 14:44:14.363360436,Low,HR,Software,Resolved
TCK-7750,2025-05-26 11:04:22.877531714,2025-05-27 04:39:51.167905869,Low,IT Support,Hardware,Closed
TCK-7751,2025-04-21 03:50:38.580884414,2025-04-21 16:29:11.431872638,High,Operations,Database,Closed
TCK-7752,2025-02-04 18:46:46.139572654,2025-02-05 07:01:14.092122253,High,HR,Software,Closed
TCK-7753,2025-03-27 04:53:24.196983723,2025-03-28 08:20:59.015156666,Medium,IT Support,Hardware,Closed
TCK-7754,2025-05-03 17:49:49.148797920,2025-05-04 04:36:20.431219795,Medium,IT Support,Access,Closed
TCK-7755,2025-04-25 02:14:40.314540852,2025-04-25 13:16:09.433629212,Medium,HR,Network,Closed
TCK-7756,2025-03-18 21:42:28.395795466,2025-03-20 10:18:20.129061187,Medium,  Finance ,Network,Closed
TCK-7757,2025-06-11 21:15:48.257778256,2025-06-12 10:48:45.254719020,Critical,Operations,Hardware,Closed
TCK-7758,2025-04-04 11:13:04.622114955,2025-04-05 01:23:37.142691343,Medium,DevOps,Network,Resolved
TCK-7759,2025-04-02 01:20:48.226718162,2025-04-02 18:13:43.437084426,Low,IT Support,Software,Closed
TCK-7760,2025-01-12 04:55:21.174769496,2025-01-12 09:49:08.854470113,Low,IT Support,Network,Closed
TCK-7761,2025-06-15 23:33:36.302132852,2025-06-17 04:31:13.022385559,Low,IT Support,Software,Closed
TCK-7762,2025-02-01 21:08:36.876086056,2025-02-02 03:47:55.631347990,Medium,IT Support,Software,Closed
TCK-7763,2025-04-06 02:26:56.672325291,2025-04-07 03:08:47.359389414,Medium,IT Support,Network,Closed
TCK-7764,2025-05-25 15:24:43.336977624,2025-05-26 03:46:13.647693966,Low,Finance,Hardware,Closed
TCK-7765,2025-02-08 18:45:29.363214165,2025-02-10 22:31:27.044189305,High,DevOps,Access,Closed
TCK-7766,2025-04-05 22:15:09.405626521,2025-04-07 14:03:07.031308478,Medium,DevOps,Hardware,Resolved
TCK-7767,2025-02-13 07:45:31.708241397,2025-02-13 20:40:51.279984223,Low,IT Support,Database,Resolved
TCK-7768,2025-05-17 17:52:56.605784228,2025-05-19 20:10:55.425276416,Low,  DevOps ,Database,Closed
TCK-7769,2025-04-12 13:57:13.842763240,2025-04-13 01:01:31.049637488,Medium,HR,Software,Closed
TCK-7770,2025-06-04 01:48:56.580865272,2025-06-04 06:14:00.699160341,Low,IT Support,Software,Closed
TCK-7771,2025-06-11 00:29:26.060749058,2025-06-12 06:42:40.713399175,Low,DevOps,Hardware,Closed
TCK-7772,2025-04-27 18:31:43.118990832,2025-04-28 14:39:07.617591891,Low,Operations,Hardware,Resolved
TCK-7773,2025-05-11 13:41:24.660263904,2025-05-11 20:24:13.826501872,Medium,IT Support,Software,Resolved
TCK-7774,2025-04-09 20:37:50.993440505,2025-04-10 12:56:41.118277993,Low,HR,Access,Closed
TCK-7775,2025-03-11 04:43:55.656663938,2025-03-11 14:45:18.329545933,Low,IT Support,Access,Resolved
TCK-7776,2025-04-27 15:52:09.938820020,2025-04-28 07:24:47.509645985,High,Finance,Database,Resolved
TCK-7777,2025-06-13 11:48:24.672474940,2025-06-14 05:06:25.986842735,Low,HR,Access,Resolved
TCK-7778,2025-03-17 00:03:33.276469723,2025-03-18 03:10:55.990174468,Medium,DevOps,Network,Resolved
TCK-7779,2025-02-26 14:15:04.730165266,2025-02-26 20:14:28.391640449,Low,IT Support,Software,Resolved
TCK-7780,2025-03-11 22:02:51.268369633,2025-03-12 19:05:53.464020153,Low,  HR ,Hardware,Resolved
TCK-7781,2025-03-20 08:55:03.945050797,2025-03-20 18:32:47.200468617,High,HR,Software,Closed
TCK-7782,2025-01-14 05:47:01.122661442,2025-01-14 20:06:32.757474042,Low,Operations,Network,Resolved
TCK-7783,2025-03-31 17:16:07.502445033,2025-04-01 07:59:22.696708280,Low,HR,Access,Closed
TCK-7784,2025-03-30 23:26:15.185674528,2025-04-02 00:08:41.467724701,Medium,Finance,Software,Resolved
TCK-7785,2025-04-16 22:04:38.407465416,2025-04-18 08:12:51.288349588,Low,DevOps,Network,Resolved
TCK-7786,2025-03-07 07:22:57.113890148,2025-03-08 23:45:15.571985693,Medium,DevOps,Access,Closed
TCK-7787,2025-04-21 08:37:29.332301332,2025-04-22 05:44:13.311364833,Low,Finance,Database,Closed
TCK-7788,2025-06-08 01:53:40.057384406,2025-06-09 07:42:05.163711437,Low,DevOps,Database,Closed
TCK-7789,2025-06-21 23:38:04.844180794,2025-06-22 17:12:00.415907865,Low,Operations,Database,Closed
TCK-7790,2025-04-16 01:12:17.185425604,2025-04-17 05:34:28.571281020,None,Finance,Network,Closed
TCK-7791,2025-01-08 15:59:34.516146309,2025-01-09 04:14:22.709559211,Medium,HR,Network,Closed
TCK-7792,2025-06-24 11:05:58.229498080,2025-06-25 14:50:58.835608491,Medium,  HR ,Hardware,Closed
TCK-7793,2025-05-08 01:19:26.771058578,2025-05-08 13:06:25.614776473,Medium,HR,Hardware,Closed
TCK-7794,2025-03-02 11:21:46.662306398,2025-03-02 17:24:37.149246226,High,HR,Database,Closed
TCK-7795,2025-01-27 11:43:16.565387826,2025-01-28 21:13:06.800421322,Medium,IT Support,Software,Closed
TCK-7796,2025-01-26 19:34:06.257498548,2025-01-27 21:53:15.770533387,High,DevOps,Access,Closed
TCK-7797,2025-01-31 04:39:21.004283102,2025-02-01 08:02:10.388019238,Medium,HR,Hardware,Closed
TCK-7798,2025-01-09 04:52:23.856138133,2025-01-09 22:01:52.473755233,Medium,IT Support,Access,Closed
TCK-7799,2025-06-12 09:18:21.941930080,2025-06-13 14:10:52.227291870,High,Operations,Software,Closed
TCK-7800,2025-04-08 08:07:07.556930734,2025-04-08 15:49:02.906593357,High,IT Support,Database,Resolved
TCK-7801,2025-05-06 23:49:28.786525596,2025-05-07 09:38:05.009012017,Low,IT Support,Access,Resolved
TCK-7802,2025-05-30 01:25:43.536140718,2025-05-30 05:55:23.034449986,Medium,IT Support,Database,Closed
TCK-7803,2025-05-23 11:27:25.730493930,2025-05-25 01:52:01.455208610,Medium,HR,Access,Closed
TCK-7804,2025-06-08 20:51:22.660230944,2025-06-09 06:07:53.206396388,Low,  HR ,Software,Closed
TCK-7805,2025-06-24 02:32:23.889508052,2025-06-25 00:07:08.446168661,Critical,Finance,Hardware,Resolved
TCK-7806,2025-03-21 00:47:06.200466644,2025-03-22 02:31:41.335540191,Medium,Finance,Network,Resolved
TCK-7807,2025-06-21 01:26:57.177626810,2025-06-21 14:54:23.475912742,Medium,HR,Database,Closed
TCK-7808,2025-05-11 04:36:45.276627480,2025-05-11 14:50:14.158413045,Low,HR,Hardware,Closed
TCK-7809,2025-01-13 17:17:11.695671236,2025-01-14 21:48:03.768465805,Low,HR,Access,Closed
TCK-7810,2025-05-03 17:18:11.101094394,2025-05-05 08:42:17.759644512,Low,Finance,Hardware,Closed
TCK-7811,2025-05-04 14:36:57.490174606,2025-05-05 00:36:03.698618563,Low,IT Support,Network,Resolved
TCK-7812,2025-06-13 01:19:03.488101382,2025-06-13 08:16:42.248451234,Medium,IT Support,Database,Closed
TCK-7813,2025-03-09 03:04:00.524174872,2025-03-10 20:46:47.057276561,High,Finance,Database,Resolved
TCK-7814,2025-04-16 06:49:03.652227310,2025-04-16 18:04:29.561053531,Medium,HR,Hardware,Closed
TCK-7815,2025-01-03 04:39:00.793334619,2025-01-03 23:17:21.590832896,Low,IT Support,Software,Resolved
TCK-7816,2025-03-01 18:33:54.166404137,2025-03-02 03:33:04.051424455,Low,  IT Support ,Access,Closed
TCK-7817,2025-01-12 04:53:34.429221361,2025-01-14 14:13:33.558179318,Medium,DevOps,Hardware,Closed
TCK-7818,2025-04-04 22:29:28.472439677,2025-04-06 03:46:34.641316620,Medium,DevOps,Software,Closed
TCK-7819,2025-05-28 03:22:25.860684136,2025-05-29 04:45:57.567541183,None,Finance,Database,Resolved
TCK-7820,2025-02-07 03:49:56.747991280,2025-02-08 06:02:14.961486190,High,HR,Access,Resolved
TCK-7821,2025-04-05 22:32:43.140514571,2025-04-08 04:27:22.700742348,High,Operations,Database,Closed
TCK-7822,2025-02-06 17:19:02.315015449,2025-02-09 12:57:19.275223524,Low,DevOps,Network,Resolved
TCK-7823,2025-01-22 17:22:27.051944731,2025-01-24 17:26:21.095662865,High,DevOps,Software,Resolved
TCK-7824,2025-04-02 23:30:22.108162894,2025-04-03 10:55:07.052043040,Low,IT Support,Network,Closed
TCK-7825,2025-01-15 05:55:19.353010164,2025-01-16 00:56:11.342616942,Medium,Finance,Network,Resolved
TCK-7826,2025-04-16 17:22:19.223458010,2025-04-17 03:13:26.655903377,Medium,IT Support,Network,Resolved
TCK-7827,2025-01-06 15:22:40.188444446,2025-01-06 20:45:44.720221652,Medium,IT Support,Software,Resolved
TCK-7828,2025-01-20 05:00:31.242496976,2025-01-21 02:43:45.535876384,Low,  Operations ,Access,Closed
TCK-7829,2025-04-09 23:59:20.894299390,2025-04-10 17:41:01.950316420,Medium,HR,Database,Closed
TCK-7830,2025-04-17 10:52:48.085403908,2025-04-17 22:30:35.108518491,Low,DevOps,Access,Closed
TCK-7831,2025-01-06 05:13:24.736818125,2025-01-06 13:53:23.214879895,Low,IT Support,Access,Closed
TCK-7832,2025-04-14 04:59:15.807000237,2025-04-15 03:08:13.551263262,Medium,Operations,Access,Resolved
TCK-7833,2025-05-31 22:19:51.273833202,2025-06-02 04:03:36.666545751,None,DevOps,Database,Resolved
TCK-7834,2025-05-11 00:24:21.189275572,2025-05-12 13:29:00.363770039,High,DevOps,Database,Closed
TCK-7835,2025-01-24 14:43:10.736176260,2025-01-24 19:03:55.540773923,Medium,IT Support,Software,Closed
TCK-7836,2025-04-17 15:29:25.718909338,2025-04-18 01:07:28.510948191,Low,HR,Hardware,Closed
TCK-7837,2025-05-02 00:07:50.881154168,2025-05-03 06:19:50.763203611,Low,Operations,Database,Closed
TCK-7838,2025-01-07 16:50:19.649651641,2025-01-08 01:20:28.397386156,Low,IT Support,Database,Closed
TCK-7839,2025-06-03 23:06:06.943367700,2025-06-05 11:50:38.960840084,None,DevOps,Hardware,Closed
TCK-7840,2025-06-13 03:04:30.562651438,2025-06-14 02:39:46.387471877,Medium,  DevOps ,Database,Closed
TCK-7841,2025-06-03 01:57:13.755329846,2025-06-03 10:32:13.472184958,High,IT Support,Access,Resolved
TCK-7842,2025-05-29 10:24:28.590166690,2025-05-29 13:05:47.932119447,High,IT Support,Database,Closed
TCK-7843,2025-05-15 02:14:58.766463812,2025-05-15 15:13:30.994754671,Medium,IT Support,Software,Closed
TCK-7844,2025-04-25 00:25:34.950497044,2025-04-28 04:58:37.569031426,Critical,DevOps,Database,Closed
TCK-7845,2025-05-03 03:40:07.181577294,2025-05-03 08:39:33.363960859,Low,IT Support,Hardware,Closed
TCK-7846,2025-05-26 03:37:39.601945658,2025-05-26 12:30:04.411626226,Medium,HR,Access,Closed
TCK-7847,2025-04-30 05:59:36.024435010,2025-04-30 23:41:43.497581799,High,HR,Hardware,Closed
TCK-7848,2025-02-28 23:46:49.630319567,2025-03-02 13:23:31.239982400,Medium,Operations,Database,Resolved
TCK-7849,2025-03-09 16:09:07.060813376,2025-03-10 00:38:34.988676718,Low,IT Support,Database,Closed
TCK-7850,2025-06-11 11:17:17.748125888,2025-06-11 15:53:07.001683586,Low,IT Support,Software,Closed
TCK-7851,2025-01-04 01:58:02.678317461,2025-01-05 05:53:48.386473496,High,DevOps,Access,Closed
TCK-7852,2025-05-06 18:54:17.679511074,2025-05-07 13:25:41.010387538,Low,  DevOps ,Database,Closed
TCK-7853,2025-06-21 20:38:20.495316950,2025-06-22 14:10:29.720350378,Critical,Finance,Software,Closed
TCK-7854,2025-05-08 02:54:20.499186406,2025-05-08 10:12:25.000436161,Low,IT Support,Software,Closed
TCK-7855,2025-06-28 21:41:59.240980676,2025-06-29 06:37:20.353214993,Medium,HR,Hardware,Closed
TCK-7856,2025-05-04 18:11:38.370776602,2025-05-05 06:23:37.621686530,Medium,Operations,Access,Closed
TCK-7857,2025-01-07 04:26:53.830380623,2025-01-07 13:16:15.716113253,Medium,IT Support,Network,Closed
TCK-7858,2025-05-29 20:40:57.679372956,2025-05-31 07:12:05.484560194,Medium,DevOps,Software,Closed
TCK-7859,2025-02-21 05:36:04.390480290,2025-02-21 14:25:59.593705943,High,Operations,Network,Resolved
TCK-7860,2025-03-22 06:58:01.973533385,2025-03-22 17:19:49.342636129,Medium,IT Support,Hardware,Closed
TCK-7861,2025-02-26 04:14:13.476186940,2025-02-27 05:50:52.921865514,High,DevOps,Software,Resolved
TCK-7862,2025-02-18 08:09:13.459772934,2025-02-20 04:35:33.940402024,Low,DevOps,Access,Closed
TCK-7863,2025-03-19 15:40:21.503472502,2025-03-20 04:13:48.360039875,Low,IT Support,Network,Closed
TCK-7864,2025-03-10 04:12:22.526149359,2025-03-10 17:54:57.325522227,Low,  Operations ,Access,Closed
TCK-7865,2025-04-25 00:01:21.624815950,2025-04-25 19:19:36.266886447,Low,HR,Network,Resolved
TCK-7866,2025-05-27 08:48:47.477757764,2025-05-27 18:09:26.870733313,Medium,HR,Hardware,Closed
TCK-7867,2025-02-23 11:25:22.734367969,2025-02-24 03:53:58.850405787,Medium,IT Support,Software,Closed
TCK-7868,2025-02-08 11:16:31.368688015,2025-02-08 23:20:46.872031958,High,Operations,Software,Closed
TCK-7869,2025-05-01 00:59:15.252575564,2025-05-02 13:58:01.226760757,Low,DevOps,Hardware,Closed
TCK-7870,2025-05-01 15:46:57.663800316,2025-05-02 08:10:15.515480121,Medium,Operations,Database,Closed
TCK-7871,2025-06-12 04:53:13.033378544,2025-06-12 09:59:56.752159222,Critical,IT Support,Network,Closed
TCK-7872,2025-01-03 20:53:07.315721890,2025-01-05 01:07:40.488888427,Critical,Operations,Network,Closed
TCK-7873,2025-06-03 13:08:08.377235964,2025-06-03 23:34:52.357603656,Critical,HR,Database,Closed
TCK-7874,2025-04-04 18:43:45.793692847,2025-04-05 07:58:43.579012453,High,DevOps,Hardware,Resolved
TCK-7875,2025-04-22 20:01:30.090804482,2025-04-22 23:23:09.651290643,Medium,HR,Access,Resolved
TCK-7876,2025-01-17 10:43:28.643611122,2025-01-17 16:12:45.047014307,Critical,  IT Support ,Access,Resolved
TCK-7877,2025-03-19 20:53:47.436026054,2025-03-20 13:48:30.449968367,High,IT Support,Hardware,Resolved
TCK-7878,2025-02-10 21:56:47.037373522,2025-02-12 19:53:45.135468140,None,Finance,Access,Resolved
TCK-7879,2025-02-15 18:15:07.667843181,2025-02-16 00:11:11.529945565,Low,IT Support,Hardware,Resolved
TCK-7880,2025-04-01 17:41:27.223441578,2025-04-02 14:00:27.522799882,Critical,Finance,Network,Closed
TCK-7881,2025-05-27 05:48:34.940669204,2025-05-27 12:32:48.017068899,Medium,IT Support,Network,Closed
TCK-7882,2025-05-14 21:08:01.025612804,2025-05-15 04:25:25.612064155,Low,HR,Database,Resolved
TCK-7883,2025-04-17 09:07:11.363704754,2025-04-17 17:57:20.701061531,Low,HR,Hardware,Closed
TCK-7884,2025-04-08 02:17:11.733701920,2025-04-10 04:55:02.955901237,High,DevOps,Access,Resolved
TCK-7885,2025-03-18 21:57:43.584382787,2025-03-20 13:50:39.652424896,Medium,DevOps,Hardware,Resolved
TCK-7886,2025-06-25 02:06:25.508826680,2025-06-25 11:51:02.466495444,None,IT Support,Software,Resolved
TCK-7887,2025-04-11 20:01:54.603450796,2025-04-12 03:18:56.701813941,Low,HR,Database,Closed
TCK-7888,2025-02-15 17:08:05.426551678,2025-02-16 02:04:25.634898901,Medium,  IT Support ,Software,Closed
TCK-7889,2025-02-11 09:59:31.997806695,2025-02-11 15:40:50.652692580,Low,Operations,Database,Closed
TCK-7890,2025-04-21 01:02:42.334615006,2025-04-21 22:41:14.114205436,Medium,HR,Database,Closed
TCK-7891,2025-04-05 02:36:53.704739564,2025-04-06 13:53:36.424328545,Medium,DevOps,Database,Resolved
TCK-7892,2025-01-02 09:15:16.231551693,2025-01-03 01:04:33.700122907,Medium,DevOps,Software,Resolved
TCK-7893,2025-05-30 09:52:56.668388760,2025-05-31 17:44:44.533027053,Low,HR,Database,Resolved
TCK-7894,2025-05-07 17:48:30.853022824,2025-05-07 23:35:34.588826095,Low,HR,Hardware,Closed
TCK-7895,2025-04-30 03:06:09.113073864,2025-05-01 19:30:54.280753918,Low,DevOps,Hardware,Closed
TCK-7896,2025-01-13 09:07:56.788513992,2025-01-14 17:28:15.450350443,High,Finance,Software,Resolved
TCK-7897,2025-03-07 04:04:52.581882587,2025-03-07 08:39:16.394361829,Low,IT Support,Network,Closed
TCK-7898,2025-06-18 08:51:04.918916290,2025-06-18 22:47:06.552570804,Medium,HR,Network,Resolved
TCK-7899,2025-06-05 06:23:07.881340890,2025-06-05 12:38:58.486208647,Medium,HR,Software,Closed
TCK-7900,2025-02-21 09:32:43.769746984,2025-02-21 11:35:36.682538088,High,  IT Support ,Database,Closed
TCK-7901,2025-01-29 06:29:39.765509805,2025-01-29 11:28:40.286474550,Low,IT Support,Database,Resolved
TCK-7902,2025-03-22 20:03:35.909885711,2025-03-23 02:18:17.292736027,Low,IT Support,Database,Closed
TCK-7903,2025-03-06 01:11:14.049039462,2025-03-07 02:01:42.036655081,Medium,Operations,Software,Closed
TCK-7904,2025-05-03 19:13:04.610531572,2025-05-04 04:00:33.531376709,None,IT Support,Database,Closed
TCK-7905,2025-06-23 22:59:54.166431340,2025-06-24 07:54:19.411602889,Medium,IT Support,Hardware,Closed
TCK-7906,2025-03-07 08:09:58.550128796,2025-03-07 13:17:05.038177900,Low,IT Support,Database,Closed
TCK-7907,2025-01-12 04:48:30.333087667,2025-01-12 23:36:17.515418141,Medium,Finance,Software,Resolved
TCK-7908,2025-06-11 13:41:33.057740776,2025-06-12 09:09:55.507846735,None,DevOps,Database,Closed
TCK-7909,2025-01-07 19:56:34.204690470,2025-01-08 03:38:21.307697114,Medium,HR,Hardware,Closed
TCK-7910,2025-06-21 11:56:55.232528636,2025-06-21 22:30:05.351413820,Medium,HR,Software,Resolved
TCK-7911,2025-04-30 14:58:59.264396588,2025-05-01 23:09:35.478095775,Medium,DevOps,Network,Closed
TCK-7912,2025-06-19 12:05:50.569689194,2025-06-19 18:28:51.867563296,None,  IT Support ,Software,Closed
TCK-7913,2025-02-05 22:31:47.446764910,2025-02-06 05:45:37.419569805,High,IT Support,Access,Closed
TCK-7914,2025-01-08 07:49:23.215787216,2025-01-08 19:51:16.414746761,Medium,IT Support,Network,Resolved
TCK-7915,2025-03-29 21:04:01.582156001,2025-03-30 03:41:03.898422647,Low,IT Support,Network,Resolved
TCK-7916,2025-03-23 02:41:35.343394588,2025-03-23 09:58:52.917107073,Medium,HR,Software,Resolved
TCK-7917,2025-03-01 16:02:47.833659938,2025-03-03 09:08:04.316706861,Medium,DevOps,Access,Closed
TCK-7918,2025-06-22 09:04:33.489693024,2025-06-23 05:38:05.725450698,Low,Operations,Network,Closed
TCK-7919,2025-05-29 01:33:42.202574594,2025-05-29 18:17:52.382528639,Critical,HR,Database,Closed
TCK-7920,2025-04-30 02:02:03.596433228,2025-05-01 20:25:26.688119901,Medium,DevOps,Access,Closed
TCK-7921,2025-01-30 07:32:52.151551496,2025-01-30 18:13:40.693426746,Low,IT Support,Access,Resolved
TCK-7922,2025-05-13 04:16:37.644614498,2025-05-13 12:54:00.365696404,Critical,IT Support,Software,Resolved
TCK-7923,2025-05-11 20:41:37.695490106,2025-05-14 08:12:03.781662686,Low,Operations,Software,Closed
TCK-7924,2025-03-18 12:17:40.236076148,2025-03-18 21:45:44.003086953,High,  Operations ,Software,Closed
TCK-7925,2025-06-16 11:04:30.467872340,2025-06-16 17:24:53.982999934,Medium,IT Support,Access,Resolved
TCK-7926,2025-01-31 01:20:40.024425570,2025-02-01 00:22:37.263636928,Critical,HR,Hardware,Closed
TCK-7927,2025-02-18 02:53:53.770626203,2025-02-18 22:13:42.230654765,High,Operations,Software,Resolved
TCK-7928,2025-01-12 09:07:44.924025854,2025-01-13 11:25:22.613960586,High,Operations,Hardware,Closed
TCK-7929,2025-05-24 04:20:53.301577840,2025-05-24 23:56:33.576213079,Low,Operations,Network,Closed
TCK-7930,2025-04-22 22:00:01.972555618,2025-04-24 02:13:38.285796429,Medium,HR,Database,Closed
TCK-7931,2025-02-26 16:32:31.633954792,2025-02-26 21:40:41.902722627,Critical,IT Support,Database,Closed
TCK-7932,2025-01-30 11:40:30.096218792,2025-01-31 15:27:33.655872096,Low,HR,Hardware,Closed
TCK-7933,2025-01-08 05:26:18.119486970,2025-01-08 20:42:12.217520133,High,IT Support,Access,Closed
TCK-7934,2025-01-31 00:20:27.083270566,2025-01-31 17:16:00.180334143,Low,DevOps,Database,Closed
TCK-7935,2025-03-23 14:11:22.819843261,2025-03-24 09:39:13.784898137,Low,HR,Hardware,Resolved
TCK-7936,2025-02-14 11:48:16.222052946,2025-02-15 01:42:07.873993315,Low,  HR ,Software,Closed
TCK-7937,2025-02-16 14:48:10.823421946,2025-02-17 08:53:36.308825106,Low,Finance,Hardware,Closed
TCK-7938,2025-06-07 14:29:23.654416292,2025-06-07 20:00:46.676683961,None,HR,Network,Closed
TCK-7939,2025-04-03 17:23:41.097667037,2025-04-04 01:57:39.753868464,High,HR,Hardware,Resolved
TCK-7940,2025-05-12 06:22:06.686093104,2025-05-13 17:16:37.139697021,Medium,Finance,Software,Resolved
TCK-7941,2025-01-07 10:16:16.679285681,2025-01-09 08:50:20.511834806,High,DevOps,Hardware,Resolved
TCK-7942,2025-03-07 17:30:20.507504703,2025-03-08 09:42:20.815165077,Medium,Operations,Software,Closed
TCK-7943,2025-03-28 06:00:41.690693911,2025-03-28 18:48:00.861828348,High,IT Support,Software,Resolved
TCK-7944,2025-02-03 13:19:14.932228792,2025-02-04 18:11:47.596293661,High,Operations,Network,Resolved
TCK-7945,2025-01-22 15:13:38.852561017,2025-01-23 17:41:49.049712974,Low,Finance,Network,Closed
TCK-7946,2025-06-06 15:42:44.363229550,2025-06-06 21:38:08.363188452,Medium,IT Support,Database,Closed
TCK-7947,2025-06-19 02:20:40.664656036,2025-06-19 12:56:30.714542370,Medium,IT Support,Software,Resolved
TCK-7948,2025-01-15 04:26:41.768002176,2025-01-16 19:59:29.504501035,None,  DevOps ,Software,Closed
TCK-7949,2025-03-04 19:45:39.017460075,2025-03-05 07:40:00.441039530,Medium,IT Support,Software,Resolved
TCK-7950,2025-06-22 11:47:38.088902856,2025-06-24 01:33:31.001925930,Critical,Finance,Database,Closed
TCK-7951,2025-01-15 23:15:31.273676094,2025-01-16 06:26:41.520164318,High,HR,Access,Closed
TCK-7952,2025-04-26 20:31:50.631009952,2025-04-27 07:32:05.763838049,Medium,HR,Network,Closed
TCK-7953,2025-06-24 23:59:46.761278870,2025-06-25 03:17:09.197096230,Critical,IT Support,Network,Closed
TCK-7954,2025-06-26 01:55:34.493777538,2025-06-27 13:31:12.131663928,Medium,Finance,Software,Resolved
TCK-7955,2025-03-26 19:41:05.242215015,2025-03-27 08:27:16.670812927,Medium,HR,Database,Closed
TCK-7956,2025-01-30 07:04:34.124231583,2025-01-31 05:24:09.884273164,High,Operations,Software,Closed
TCK-7957,2025-02-06 09:00:15.266529129,2025-02-06 17:36:39.120503451,Low,Operations,Network,Closed
TCK-7958,2025-06-10 03:04:40.896974586,2025-06-12 04:26:21.012959176,Low,Finance,Database,Closed
TCK-7959,2025-06-14 02:28:14.083336054,2025-06-14 19:31:55.063154090,Medium,DevOps,Hardware,Closed
TCK-7960,2025-04-20 10:02:24.221521522,2025-04-21 12:33:12.761660987,Medium,  Operations ,Network,Closed
TCK-7961,2025-05-18 21:52:55.364556062,2025-05-19 12:56:40.843842251,Critical,HR,Hardware,Closed
TCK-7962,2025-05-14 04:30:10.822867788,2025-05-15 08:42:05.121439113,None,DevOps,Access,Closed
TCK-7963,2025-04-30 03:04:09.491926592,2025-04-30 18:47:41.750824081,Medium,Operations,Hardware,Closed
TCK-7964,2025-05-29 21:50:11.202168396,2025-05-30 04:00:52.893249259,Medium,IT Support,Database,Resolved
TCK-7965,2025-05-04 08:57:23.801523072,2025-05-05 01:11:58.730472392,High,IT Support,Hardware,Closed
TCK-7966,2025-04-07 02:53:23.858985109,2025-04-08 03:32:41.842569381,Medium,Finance,Access,Closed
TCK-7967,2025-02-12 15:39:05.350971014,2025-02-12 23:10:46.199675193,Low,HR,Network,Closed
TCK-7968,2025-05-14 21:35:48.417332762,2025-05-15 12:27:09.366616912,High,Operations,Access,Closed
TCK-7969,2025-03-27 05:15:05.720620845,2025-03-27 20:23:33.603089904,High,HR,Database,Closed
TCK-7970,2025-02-23 01:30:00.269684785,2025-02-23 14:48:57.988786195,Low,IT Support,Hardware,Closed
TCK-7971,2025-05-25 08:24:28.480336090,2025-05-25 21:42:42.744112489,High,Operations,Hardware,Closed
TCK-7972,2025-05-06 09:48:09.912690296,2025-05-06 16:17:55.308832703,Medium,  IT Support ,Database,Closed
TCK-7973,2025-06-18 17:18:24.885715334,2025-06-19 07:40:27.333150157,Low,HR,Software,Resolved
TCK-7974,2025-01-30 18:42:28.385573586,2025-01-31 22:33:53.574199206,Medium,Operations,Database,Closed
TCK-7975,2025-04-27 20:29:51.754666742,2025-04-28 03:39:36.899443950,Low,HR,Database,Closed
TCK-7976,2025-02-13 23:06:52.207707313,2025-02-15 06:39:26.864483422,Low,Finance,Access,Closed
TCK-7977,2025-06-12 15:28:42.587411132,2025-06-13 10:54:18.248909644,High,Finance,Access,Resolved
TCK-7978,2025-01-18 21:50:14.890518887,2025-01-19 18:40:07.582770095,Critical,Finance,Database,Closed
TCK-7979,2025-04-29 02:37:08.413830732,2025-04-30 01:44:33.398390983,Low,IT Support,Network,Resolved
TCK-7980,2025-05-23 09:29:25.141203922,2025-05-23 17:11:42.089466816,Critical,IT Support,Hardware,Resolved
TCK-7981,2025-03-05 21:14:42.253351926,2025-03-06 23:29:47.228342088,Low,Operations,Database,Resolved
TCK-7982,2025-06-21 17:52:35.410577002,2025-06-23 14:17:08.125763727,Low,DevOps,Software,Resolved
TCK-7983,2025-06-03 03:09:23.606682052,2025-06-03 16:44:14.688599065,Low,Finance,Hardware,Closed
TCK-7984,2025-02-23 00:45:03.796699617,2025-02-23 10:29:18.500266758,Low,  Finance ,Network,Closed
TCK-7985,2025-01-02 08:34:39.073919211,2025-01-03 05:59:05.432947735,Medium,HR,Database,Closed
TCK-7986,2025-02-23 09:33:32.402988083,2025-02-23 17:49:09.719752594,Critical,HR,Network,Resolved
TCK-7987,2025-02-20 15:15:40.436760988,2025-02-20 21:26:24.704212405,Low,HR,Hardware,Closed
TCK-7988,2025-06-10 04:38:49.575854138,2025-06-10 18:50:44.735341950,Medium,IT Support,Software,Closed
TCK-7989,2025-06-24 01:57:48.564217834,2025-06-24 07:04:08.996615048,High,IT Support,Hardware,Resolved
TCK-7990,2025-01-13 16:18:02.661809489,2025-01-14 13:22:05.426543243,Low,DevOps,Hardware,Closed
TCK-7991,2025-03-26 19:59:37.173350141,2025-03-27 18:48:17.583487371,Medium,IT Support,Database,Resolved
TCK-7992,2025-04-09 16:47:39.241135383,2025-04-09 20:30:04.114964490,Medium,IT Support,Hardware,Closed
TCK-7993,2025-01-17 17:22:42.156999545,2025-01-17 21:54:49.757992958,Low,IT Support,Database,Closed
TCK-7994,2025-03-09 22:47:24.372506751,2025-03-10 23:25:27.706401980,High,DevOps,Database,Closed
TCK-7995,2025-02-27 01:47:45.755295168,2025-02-27 17:45:30.819461789,Low,Operations,Network,Closed
TCK-7996,2025-04-07 11:45:48.422494862,2025-04-07 23:16:36.146153135,Low,  Operations ,Software,Resolved
TCK-7997,2025-04-30 00:20:40.872631100,2025-04-30 17:42:47.562362174,Medium,DevOps,Database,Closed
TCK-7998,2025-05-07 15:03:20.438442602,2025-05-08 21:16:03.630869635,Medium,HR,Access,Closed
TCK-7999,2025-01-25 14:46:54.127235402,2025-01-26 11:18:40.470895690,Medium,Operations,Network,Closed
TCK-8000,2025-05-27 07:56:02.660642752,2025-05-27 19:19:23.165534564,Medium,IT Support,Database,Resolved
TCK-8001,2025-05-03 03:18:05.647305884,2025-05-03 11:14:16.510259663,Medium,IT Support,Database,Closed
TCK-8002,2025-06-10 00:48:13.105244982,2025-06-11 05:07:08.011688389,Medium,Finance,Network,Closed
TCK-8003,2025-03-22 21:07:54.396339871,2025-03-24 12:11:33.914969822,Medium,Finance,Hardware,Closed
TCK-8004,2025-06-10 21:36:13.589855524,2025-06-11 06:13:56.866394796,Critical,HR,Database,Closed
TCK-8005,2025-06-05 20:08:39.150881686,2025-06-06 12:21:16.996543006,None,HR,Software,Closed
TCK-8006,2025-03-20 21:55:41.936851361,2025-03-21 23:25:15.728244909,Medium,Operations,Database,Resolved
TCK-8007,2025-03-10 14:32:20.839436403,2025-03-11 08:56:28.402626293,Low,IT Support,Network,Closed
TCK-8008,2025-06-17 21:44:52.456817434,2025-06-18 20:15:32.670675694,Medium,  IT Support ,Access,Closed
TCK-8009,2025-05-09 17:30:41.951541784,2025-05-10 02:18:49.693194679,Low,IT Support,Network,Resolved
TCK-8010,2025-06-17 02:01:11.627804952,2025-06-17 17:02:23.789588826,Medium,IT Support,Network,Closed
TCK-8011,2025-05-24 10:55:51.761387684,2025-05-24 17:22:40.363631676,Low,Finance,Software,Closed
TCK-8012,2025-04-20 16:09:53.775860074,2025-04-21 10:38:09.753794705,High,IT Support,Hardware,Resolved
TCK-8013,2025-01-21 20:29:02.387962545,2025-01-22 02:23:48.570990557,Low,IT Support,Software,Closed
TCK-8014,2025-02-22 11:11:47.419950140,2025-02-23 03:09:08.336362350,None,Operations,Software,Closed
TCK-8015,2025-06-24 09:23:57.115194184,2025-06-26 00:02:56.095529245,Low,DevOps,Database,Closed
TCK-8016,2025-02-27 11:54:12.479203308,2025-02-27 19:46:32.609313624,Medium,IT Support,Access,Closed
TCK-8017,2025-01-17 18:51:39.734902086,2025-01-18 04:14:18.047923770,Critical,IT Support,Network,Closed
TCK-8018,2025-05-08 08:37:49.791257260,2025-05-09 16:02:21.509734772,Low,HR,Software,Closed
TCK-8019,2025-05-13 02:53:54.166663376,2025-05-13 23:06:58.224127248,Critical,Finance,Software,Closed
TCK-8020,2025-02-21 09:10:38.465905769,2025-02-21 19:37:50.049804715,Medium,  Operations ,Hardware,Resolved
TCK-8021,2025-02-23 13:56:34.622793715,2025-02-26 02:36:36.948283709,None,Finance,Hardware,Closed
TCK-8022,2025-03-26 09:37:03.710632607,2025-03-28 01:57:31.454622596,None,DevOps,Access,Closed
TCK-8023,2025-01-04 22:07:41.746702598,2025-01-07 14:11:11.395862110,Low,Finance,Network,Closed
TCK-8024,2025-05-23 01:52:31.457136816,2025-05-24 05:35:46.704307953,High,Operations,Software,Closed
TCK-8025,2025-02-27 01:49:24.819687202,2025-02-27 09:08:58.818043496,Low,HR,Database,Resolved
TCK-8026,2025-06-03 16:15:23.762334754,2025-06-04 03:59:37.480119486,Low,IT Support,Hardware,Closed
TCK-8027,2025-05-25 11:21:48.316723724,2025-05-26 06:19:02.592571064,Low,DevOps,Software,Resolved
TCK-8028,2025-04-30 01:15:24.419063314,2025-04-30 15:30:34.729301713,Low,HR,Database,Resolved
TCK-8029,2025-02-28 11:27:33.933128138,2025-02-28 19:38:37.156114120,Medium,IT Support,Software,Closed
TCK-8030,2025-04-03 22:29:15.166954516,2025-04-04 06:30:15.661841264,Medium,Operations,Access,Closed
TCK-8031,2025-03-22 01:39:44.614163458,2025-03-22 07:19:25.444387850,High,IT Support,Access,Resolved
TCK-8032,2025-03-02 23:58:11.094939382,2025-03-05 06:11:06.614384951,Low,  Operations ,Database,Resolved
TCK-8033,2025-06-02 15:56:55.571243028,2025-06-03 12:13:38.116405416,None,Operations,Hardware,Closed
TCK-8034,2025-03-29 00:45:02.023831851,2025-03-29 13:45:25.174019028,Low,HR,Access,Closed
TCK-8035,2025-05-30 21:21:49.616941222,2025-06-02 10:00:49.309547339,Low,Finance,Hardware,Closed
TCK-8036,2025-01-19 22:32:37.709853651,2025-01-20 05:30:58.074001721,High,IT Support,Database,Resolved
TCK-8037,2025-01-26 09:13:37.512312421,2025-01-26 22:47:33.408940300,Critical,HR,Database,Closed
TCK-8038,2025-06-25 22:01:25.385117014,2025-06-27 03:33:52.353097637,High,Operations,Software,Resolved
TCK-8039,2025-04-16 19:09:35.130449906,2025-04-17 09:53:29.368400378,Medium,Operations,Database,Closed
TCK-8040,2025-04-02 18:12:17.962257210,2025-04-03 11:04:22.422927375,Low,Finance,Software,Closed
TCK-8041,2025-04-05 04:02:03.094017224,2025-04-05 08:38:08.186228823,Low,HR,Hardware,Resolved
TCK-8042,2025-02-08 17:57:39.973759036,2025-02-09 05:13:51.092266979,Medium,Operations,Software,Closed
TCK-8043,2025-05-10 08:48:03.822654686,2025-05-10 14:05:51.338307341,Medium,IT Support,Hardware,Closed
TCK-8044,2025-01-16 06:15:08.260245140,2025-01-17 15:48:36.488476798,Low,  DevOps ,Access,Resolved
TCK-8045,2025-04-14 04:45:30.386178218,2025-04-14 15:13:23.499939640,Medium,HR,Hardware,Resolved
TCK-8046,2025-04-13 17:43:16.324503938,2025-04-16 17:47:39.936289719,High,Finance,Network,Closed
TCK-8047,2025-06-14 13:17:38.372124362,2025-06-14 18:18:11.049897652,High,IT Support,Software,Resolved
TCK-8048,2025-04-05 17:06:35.062750788,2025-04-06 10:13:55.823512363,Low,IT Support,Access,Closed
TCK-8049,2025-01-25 16:06:39.047790439,2025-01-26 07:57:36.134486643,Medium,HR,Hardware,Closed
TCK-8050,2025-04-14 02:17:38.687827423,2025-04-16 00:41:51.176724020,Low,DevOps,Database,Closed
TCK-8051,2025-01-17 10:32:07.525169649,2025-01-18 12:40:23.512279303,Low,Operations,Software,Closed
TCK-8052,2025-02-06 16:23:21.726584382,2025-02-07 02:36:52.968479027,High,DevOps,Hardware,Resolved
TCK-8053,2025-01-06 14:23:20.701282695,2025-01-07 04:30:26.266005791,Medium,HR,Access,Resolved
TCK-8054,2025-04-03 09:25:41.794410118,2025-04-03 21:53:00.052107226,High,HR,Database,Closed
TCK-8055,2025-01-16 05:10:51.233045637,2025-01-16 10:00:17.175563824,Low,IT Support,Software,Resolved
TCK-8056,2025-03-26 11:47:01.374919229,2025-03-27 18:36:49.141207665,Critical,  Finance ,Access,Closed
TCK-8057,2025-06-17 22:19:21.189361088,2025-06-18 18:22:28.925138910,Low,IT Support,Database,Resolved
TCK-8058,2025-05-10 13:22:09.495276652,2025-05-10 21:30:53.874574600,High,DevOps,Network,Closed
TCK-8059,2025-01-14 22:25:06.357551757,2025-01-15 22:08:55.407990865,Medium,DevOps,Database,Closed
TCK-8060,2025-02-10 08:35:10.999471929,2025-02-11 01:12:52.763300700,Low,DevOps,Software,Closed
TCK-8061,2025-05-02 06:13:17.954182690,2025-05-03 00:52:45.791155327,Low,Operations,Network,Resolved
TCK-8062,2025-06-11 01:06:43.342648106,2025-06-11 16:24:27.277490206,Low,Operations,Hardware,Closed
TCK-8063,2025-01-06 22:12:29.861353008,2025-01-07 16:18:24.816398502,Medium,Finance,Network,Resolved
TCK-8064,2025-05-27 05:47:20.000518678,2025-05-27 17:47:16.239166539,Critical,IT Support,Network,Resolved
TCK-8065,2025-04-12 03:02:09.467021378,2025-04-13 19:49:37.204996959,Low,Operations,Network,Closed
TCK-8066,2025-04-09 07:06:52.291009497,2025-04-10 15:16:28.527779117,Medium,IT Support,Database,Closed
TCK-8067,2025-06-22 09:45:10.618180222,2025-06-22 19:33:47.506981961,Critical,HR,Network,Closed
TCK-8068,2025-05-15 13:49:29.015105014,2025-05-15 17:14:40.865349069,Medium,  IT Support ,Network,Closed
TCK-8069,2025-06-03 00:30:48.636008652,2025-06-03 11:45:20.144236686,Medium,IT Support,Hardware,Closed
TCK-8070,2025-03-05 17:15:39.097558657,2025-03-07 01:01:46.738237143,None,HR,Network,Closed
TCK-8071,2025-04-10 18:51:09.562963430,2025-04-11 16:10:55.444845139,Low,HR,Database,Closed
TCK-8072,2025-04-21 18:33:09.095356690,2025-04-23 10:44:22.543821623,Medium,Operations,Access,Resolved
TCK-8073,2025-02-27 21:14:33.440517057,2025-02-28 04:50:10.866368409,High,IT Support,Access,Closed
TCK-8074,2025-04-13 15:28:18.839181958,2025-04-14 04:44:34.598492565,Low,Operations,Database,Closed
TCK-8075,2025-02-12 14:21:04.461668509,2025-02-12 23:21:22.595832916,High,IT Support,Database,Closed
TCK-8076,2025-01-26 19:22:58.436453262,2025-01-27 10:38:26.753551293,Low,Operations,Network,Resolved
TCK-8077,2025-03-09 07:33:05.472281077,2025-03-10 08:37:39.754314659,Low,Operations,Database,Closed
TCK-8078,2025-05-14 01:43:52.306264588,2025-05-15 06:57:46.627266232,Low,Operations,Network,Resolved
TCK-8079,2025-06-14 21:55:42.526845100,2025-06-16 15:18:18.204352264,None,Finance,Software,Resolved
TCK-8080,2025-03-24 09:19:28.928900512,2025-03-25 03:39:16.878628087,Critical,  HR ,Hardware,Closed
TCK-8081,2025-04-26 16:59:54.000059514,2025-04-27 20:42:09.145456082,Low,Finance,Hardware,Closed
TCK-8082,2025-01-19 13:07:13.460924762,2025-01-20 10:14:43.319166888,Low,HR,Hardware,Resolved
TCK-8083,2025-06-12 19:17:00.373005816,2025-06-13 00:36:17.596610689,Medium,HR,Software,Resolved
TCK-8084,2025-04-13 08:22:12.729439620,2025-04-14 04:22:07.319599527,Medium,Operations,Hardware,Closed
TCK-8085,2025-05-21 11:03:40.427066442,2025-05-21 19:47:13.967926628,High,IT Support,Network,Closed
TCK-8086,2025-05-23 23:59:09.556729516,2025-05-24 20:00:34.543976248,None,Operations,Access,Closed
TCK-8087,2025-02-16 03:59:45.146076783,2025-02-16 21:13:27.435684022,High,Operations,Hardware,Resolved
TCK-8088,2025-04-06 06:02:01.095884124,2025-04-06 23:39:21.665544480,Medium,HR,Hardware,Closed
TCK-8089,2025-06-22 21:16:21.096276320,2025-06-23 03:38:59.832977025,Low,IT Support,Network,Closed
TCK-8090,2025-01-17 03:13:16.441053513,2025-01-17 18:10:22.715668003,Low,IT Support,Network,Closed
TCK-8091,2025-05-03 22:46:32.014155770,2025-05-05 14:03:33.676200954,Medium,DevOps,Hardware,Closed
TCK-8092,2025-06-23 04:58:50.941602996,2025-06-24 00:23:21.791208901,Medium,  Operations ,Database,Resolved
TCK-8093,2025-02-24 02:29:35.184456153,2025-02-24 08:29:25.432291637,High,IT Support,Software,Closed
TCK-8094,2025-06-05 01:27:18.073680422,2025-06-05 22:48:06.443147340,Low,HR,Access,Closed
TCK-8095,2025-06-18 01:24:02.146189440,2025-06-18 21:21:36.086557263,Low,Operations,Access,Closed
TCK-8096,2025-05-15 11:24:44.728508320,2025-05-16 04:12:17.671841115,Medium,Finance,Software,Resolved
TCK-8097,2025-02-11 15:20:17.912997815,2025-02-11 23:36:03.156524453,None,IT Support,Hardware,Closed
TCK-8098,2025-03-02 02:52:59.179191188,2025-03-02 14:31:29.885659007,High,IT Support,Hardware,Closed
TCK-8099,2025-01-07 10:41:46.146784548,2025-01-09 03:32:26.611541925,Low,DevOps,Hardware,Closed
TCK-8100,2025-05-30 15:52:40.698983764,2025-05-31 02:43:17.487346510,High,IT Support,Hardware,Closed
TCK-8101,2025-06-02 22:19:13.172620316,2025-06-03 07:13:22.163749058,Medium,IT Support,Hardware,Resolved
TCK-8102,2025-04-24 21:18:30.740594228,2025-04-27 01:04:58.795411208,Medium,DevOps,Access,Resolved
TCK-8103,2025-03-05 10:55:13.142855416,2025-03-06 20:20:39.038085753,Low,Operations,Hardware,Resolved
TCK-8104,2025-01-14 19:49:25.101856044,2025-01-15 08:06:46.515770546,Medium,  IT Support ,Network,Closed
TCK-8105,2025-05-16 13:12:31.949396672,2025-05-16 19:32:43.667858093,Medium,IT Support,Database,Resolved
TCK-8106,2025-05-11 18:35:35.363021520,2025-05-11 23:36:04.139062220,Medium,IT Support,Hardware,Closed
TCK-8107,2025-06-14 06:26:34.418083388,2025-06-14 12:55:07.860581786,Medium,IT Support,Network,Closed
TCK-8108,2025-05-12 11:53:53.990675394,2025-05-15 22:14:05.707751226,Low,DevOps,Access,Closed
TCK-8109,2025-05-30 03:57:43.741778716,2025-05-30 20:18:35.621082054,Low,HR,Network,Closed
TCK-8110,2025-05-15 06:31:26.217643000,2025-05-18 05:28:05.434377734,High,Finance,Software,Closed
TCK-8111,2025-04-24 12:34:07.152633146,2025-04-25 17:45:37.652051016,Medium,DevOps,Software,Resolved
TCK-8112,2025-03-18 20:29:41.362458576,2025-03-19 08:58:16.234906519,Medium,HR,Network,Resolved
TCK-8113,2025-06-12 09:08:48.384004704,2025-06-12 17:20:16.040168042,Low,IT Support,Hardware,Closed
TCK-8114,2025-04-28 04:11:03.230304972,2025-04-28 21:22:24.563067665,Low,Operations,Hardware,Closed
TCK-8115,2025-03-13 16:53:41.967213818,2025-03-14 13:57:01.762657562,Low,DevOps,Hardware,Resolved
TCK-8116,2025-01-16 00:35:14.478669798,2025-01-16 14:22:53.636882793,Low,  Finance ,Network,Closed
TCK-8117,2025-02-22 07:50:41.919024951,2025-02-22 18:45:59.364380191,Medium,IT Support,Software,Resolved
TCK-8118,2025-04-08 20:53:58.180078723,2025-04-10 03:24:08.659131085,High,Operations,Software,Resolved
TCK-8119,2025-02-19 14:44:41.274491857,2025-02-22 03:51:58.393237466,Low,Operations,Access,Resolved
TCK-8120,2025-02-09 19:44:12.130819213,2025-02-10 20:41:35.211141667,High,DevOps,Software,Resolved
TCK-8121,2025-04-05 22:20:23.931094199,2025-04-06 05:27:57.232305396,High,IT Support,Software,Resolved
TCK-8122,2025-01-31 13:37:26.019370464,2025-02-01 01:51:52.127160029,Low,Operations,Database,Resolved
TCK-8123,2025-05-25 01:46:17.304832010,2025-05-27 08:11:52.656155302,Medium,DevOps,Software,Resolved
TCK-8124,2025-03-29 04:28:13.489681017,2025-03-30 01:48:49.202095375,Low,HR,Network,Closed
TCK-8125,2025-04-14 07:05:13.860667136,2025-04-14 16:14:47.502802026,Medium,HR,Hardware,Closed
TCK-8126,2025-01-27 12:41:44.577673964,2025-01-27 18:06:34.566992519,Low,IT Support,Network,Closed
TCK-8127,2025-02-28 10:10:11.171707922,2025-02-28 23:51:18.314707238,Medium,IT Support,Hardware,Resolved
TCK-8128,2025-03-15 19:35:14.754077450,2025-03-16 12:47:10.460470112,Medium,  HR ,Hardware,Resolved
TCK-8129,2025-05-26 11:28:45.940192652,2025-05-28 08:46:25.479584352,Low,DevOps,Access,Resolved
TCK-8130,2025-05-19 15:05:20.903035844,2025-05-19 20:33:21.156479758,Low,IT Support,Software,Closed
TCK-8131,2025-02-10 03:15:45.687898020,2025-02-10 08:48:57.311743712,Low,HR,Access,Resolved
TCK-8132,2025-04-21 21:53:37.077152186,2025-04-22 09:30:55.833487610,Medium,Operations,Hardware,Closed
TCK-8133,2025-02-13 19:43:53.276070106,2025-02-14 07:43:11.948211587,High,IT Support,Database,Closed
TCK-8134,2025-06-27 21:13:39.765294696,2025-06-29 14:01:52.819469702,Low,HR,Database,Closed
TCK-8135,2025-06-21 09:10:30.552691300,2025-06-22 04:56:26.575346372,Low,Finance,Access,Resolved
TCK-8136,2025-04-12 09:18:12.933536690,2025-04-16 10:01:57.992146984,Medium,DevOps,Access,Closed
TCK-8137,2025-05-06 19:15:32.798097712,2025-05-07 22:30:55.179274681,Low,Operations,Software,Closed
TCK-8138,2025-05-25 06:10:45.304108846,2025-05-25 15:08:56.333134361,Medium,Operations,Access,Closed
TCK-8139,2025-05-10 18:42:47.428538344,2025-05-11 04:10:23.792916948,Low,IT Support,Access,Closed
TCK-8140,2025-05-06 23:15:35.803713810,2025-05-08 23:00:34.991791517,High,  DevOps ,Network,Resolved
TCK-8141,2025-06-22 12:57:11.931631060,2025-06-22 15:28:51.787362252,Medium,IT Support,Access,Closed
TCK-8142,2025-04-18 08:41:25.365290870,2025-04-19 18:30:18.659902873,Low,Finance,Access,Closed
TCK-8143,2025-04-25 12:49:39.152129954,2025-04-26 04:06:20.659900678,Medium,IT Support,Network,Resolved
TCK-8144,2025-06-02 20:50:27.606814594,2025-06-04 10:40:59.034272001,Medium,DevOps,Hardware,Closed
TCK-8145,2025-05-01 13:55:42.776933942,2025-05-02 13:41:02.442633087,Low,Finance,Hardware,Closed
TCK-8146,2025-05-12 22:16:08.137616510,2025-05-13 20:44:22.462474085,Low,Finance,Network,Resolved
TCK-8147,2025-02-12 03:36:31.407730183,2025-02-12 11:10:49.183918583,Low,IT Support,Software,Closed
TCK-8148,2025-03-08 19:52:23.203837583,2025-03-09 03:45:37.432493805,Medium,HR,Access,Resolved
TCK-8149,2025-01-27 12:20:30.528511360,2025-01-28 01:06:20.061597588,Low,Operations,Software,Closed
TCK-8150,2025-04-02 00:54:24.159190895,2025-04-02 20:47:59.545265166,Medium,Finance,Database,Closed
TCK-8151,2025-03-24 00:44:32.535379191,2025-03-24 09:44:19.213918984,High,IT Support,Software,Closed
TCK-8152,2025-06-29 11:44:36.087674112,2025-06-30 11:12:35.990620225,High,  DevOps ,Access,Closed
TCK-8153,2025-04-21 00:25:16.968587316,2025-04-21 20:29:43.161749943,Medium,DevOps,Hardware,Closed
TCK-8154,2025-05-22 13:26:29.890319672,2025-05-23 01:52:10.672491737,Medium,IT Support,Access,Closed
TCK-8155,2025-03-02 02:56:36.159623039,2025-03-03 08:25:52.609581880,Medium,Finance,Access,Resolved
TCK-8156,2025-05-30 16:16:32.993043172,2025-05-31 06:01:19.044195643,None,Operations,Access,Closed
TCK-8157,2025-04-21 17:10:01.398816452,2025-04-22 11:27:27.159373452,Low,HR,Software,Resolved
TCK-8158,2025-05-06 11:00:24.741018914,2025-05-06 22:19:40.488133375,Low,HR,Hardware,Closed
TCK-8159,2025-02-22 23:56:27.458669915,2025-02-23 18:31:03.322224749,Low,Operations,Hardware,Closed
TCK-8160,2025-04-09 18:07:04.267649615,2025-04-11 10:00:38.245457804,Medium,Finance,Software,Closed
TCK-8161,2025-04-25 03:02:23.010528442,2025-04-25 13:32:22.865409251,Low,HR,Software,Closed
TCK-8162,2025-04-17 00:53:20.398299468,2025-04-17 10:54:17.354302837,Low,Operations,Software,Resolved
TCK-8163,2025-06-14 17:38:12.600074860,2025-06-15 10:22:36.805052608,Medium,Operations,Database,Resolved
TCK-8164,2025-06-11 16:32:16.478188192,2025-06-12 04:55:42.749205893,None,  Finance ,Database,Closed
TCK-8165,2025-06-24 18:39:04.068101092,2025-06-25 02:03:00.389600470,None,IT Support,Access,Resolved
TCK-8166,2025-05-01 03:17:20.349420698,2025-05-02 06:13:49.809176751,High,DevOps,Database,Closed
TCK-8167,2025-06-24 22:40:08.551714648,2025-06-25 02:48:43.049537286,Medium,HR,Software,Closed
TCK-8168,2025-05-30 20:18:17.856496246,2025-05-31 07:23:15.513115761,High,IT Support,Software,Closed
TCK-8169,2025-02-18 17:59:41.446567046,2025-02-19 01:45:10.154713223,High,IT Support,Software,Closed
TCK-8170,2025-03-18 22:31:19.532861772,2025-03-20 00:09:46.907459921,Critical,HR,Hardware,Resolved
TCK-8171,2025-02-12 21:51:19.260923480,2025-02-14 08:22:57.898767962,Medium,DevOps,Hardware,Closed
TCK-8172,2025-01-01 18:07:54.245236950,2025-01-02 14:38:40.116121925,Low,HR,Database,Closed
TCK-8173,2025-02-03 20:22:14.208940722,2025-02-05 16:47:26.636815901,Low,Finance,Network,Closed
TCK-8174,2025-01-01 17:32:30.237933490,2025-01-02 01:29:59.894834954,Critical,IT Support,Network,Closed
TCK-8175,2025-05-10 13:42:07.750922822,2025-05-11 03:53:46.714544985,Low,HR,Software,Resolved
TCK-8176,2025-03-18 14:18:29.398160095,2025-03-19 04:25:22.256437453,Low,  DevOps ,Hardware,Closed
TCK-8177,2025-02-26 06:19:22.155514852,2025-02-28 03:51:21.718127572,Medium,Finance,Access,Closed
TCK-8178,2025-05-18 02:38:03.298312362,2025-05-18 10:32:13.387888045,Low,IT Support,Database,Closed
TCK-8179,2025-05-30 20:20:34.318884720,2025-05-31 07:13:45.052370553,Critical,Operations,Hardware,Closed
TCK-8180,2025-06-25 13:17:38.425082934,2025-06-26 01:35:52.957699533,Low,IT Support,Software,Closed
TCK-8181,2025-04-26 13:29:55.268869350,2025-04-26 18:16:24.536499713,Low,HR,Software,Closed
TCK-8182,2025-03-25 01:48:18.363214884,2025-03-25 21:34:21.137710450,None,Finance,Network,Resolved
TCK-8183,2025-02-24 22:44:30.418598843,2025-02-26 13:19:31.562286478,Low,Finance,Software,Closed
TCK-8184,2025-02-10 00:24:52.789699647,2025-02-10 07:14:37.853180939,High,IT Support,Software,Closed
TCK-8185,2025-02-08 07:50:24.381905414,2025-02-09 05:29:26.001091622,Medium,DevOps,Access,Closed
TCK-8186,2025-03-15 15:41:53.155642310,2025-03-16 06:19:00.098214220,Medium,Operations,Database,Closed
TCK-8187,2025-06-28 12:31:01.397437884,2025-06-28 17:42:54.260989535,Low,HR,Access,Closed
TCK-8188,2025-01-01 03:41:16.702546495,2025-01-02 05:25:46.704738246,Medium,  Operations ,Network,Resolved
TCK-8189,2025-02-05 11:55:46.113736524,2025-02-06 04:51:24.456728068,Low,Operations,Hardware,Closed
TCK-8190,2025-02-03 21:51:27.662340380,2025-02-04 13:33:58.685667056,None,Operations,Network,Closed
TCK-8191,2025-05-10 01:57:22.238998210,2025-05-10 14:22:16.338998579,Low,HR,Software,Resolved
TCK-8192,2025-03-05 10:44:02.483605057,2025-03-06 04:51:40.278599927,Low,Operations,Database,Closed
TCK-8193,2025-03-24 07:22:00.033011994,2025-03-24 19:09:04.221988406,Critical,IT Support,Software,Closed
TCK-8194,2025-01-27 18:03:22.477067962,2025-01-28 17:55:36.101765299,Medium,Finance,Database,Resolved
TCK-8195,2025-03-14 21:35:13.948614291,2025-03-15 06:41:55.877766226,Medium,Operations,Database,Closed
TCK-8196,2025-01-19 13:49:23.474759562,2025-01-20 01:09:26.575200825,Medium,IT Support,Database,Resolved
TCK-8197,2025-04-06 22:44:49.213243245,2025-04-08 06:10:59.291957195,Low,Finance,Hardware,Resolved
TCK-8198,2025-01-18 15:05:37.458434175,2025-01-20 01:26:55.846178959,Low,DevOps,Network,Closed
TCK-8199,2025-05-23 06:59:46.344004926,2025-05-25 12:03:57.591476653,Critical,DevOps,Hardware,Resolved
TCK-8200,2025-04-12 23:43:09.911189692,2025-04-13 14:08:12.317231054,Low,  HR ,Hardware,Closed
TCK-8201,2025-05-11 07:32:28.372925734,2025-05-11 22:21:28.454786646,Medium,IT Support,Hardware,Closed
TCK-8202,2025-03-17 07:59:26.845222539,2025-03-18 20:22:09.357194914,Medium,Operations,Access,Closed
TCK-8203,2025-03-10 16:02:32.592503119,2025-03-11 03:24:54.593350706,Low,IT Support,Access,Closed
TCK-8204,2025-01-18 16:15:44.642487926,2025-01-19 13:35:25.414087467,High,DevOps,Access,Closed
TCK-8205,2025-04-05 07:03:22.400729978,2025-04-05 15:01:05.402371773,Medium,IT Support,Hardware,Closed
TCK-8206,2025-04-03 14:38:57.667857494,2025-04-04 06:26:28.339020672,High,IT Support,Software,Closed
TCK-8207,2025-03-26 06:12:02.995280262,2025-03-26 12:54:59.030855372,Low,HR,Access,Closed
TCK-8208,2025-05-14 07:02:21.607541452,2025-05-14 18:42:43.846450358,Low,HR,Access,Closed
TCK-8209,2025-05-30 20:25:08.429303176,2025-05-31 17:03:29.439274818,High,Finance,Hardware,Closed
TCK-8210,2025-05-16 03:24:41.024799198,2025-05-16 12:37:28.525763824,Low,HR,Network,Resolved
TCK-8211,2025-01-26 21:30:00.032132035,2025-01-27 10:39:04.003169819,Medium,IT Support,Software,Resolved
TCK-8212,2025-04-22 23:17:49.488355344,2025-04-23 09:33:33.646914403,High,  IT Support ,Database,Resolved
TCK-8213,2025-01-15 10:59:44.939683623,2025-01-15 23:36:36.941398184,Medium,Operations,Database,Closed
TCK-8214,2025-05-06 00:46:05.814274290,2025-05-06 12:16:25.508310387,Medium,IT Support,Software,Closed
TCK-8215,2025-03-10 17:32:41.629718643,2025-03-11 10:10:26.956513908,Low,Operations,Hardware,Closed
TCK-8216,2025-01-24 20:23:43.767853289,2025-01-25 07:55:45.141269972,High,Operations,Network,Closed
TCK-8217,2025-06-05 04:03:34.927692740,2025-06-05 21:12:48.248844213,Low,Finance,Network,Closed
TCK-8218,2025-04-21 12:30:57.688733554,2025-04-23 03:04:05.549714037,Critical,DevOps,Database,Closed
TCK-8219,2025-03-05 20:24:42.701519947,2025-03-07 21:59:13.677635762,Low,DevOps,Network,Closed
TCK-8220,2025-01-06 12:44:29.097924568,2025-01-07 13:02:40.185637774,High,DevOps,Database,Closed
TCK-8221,2025-04-07 17:10:49.148024151,2025-04-08 04:20:23.174361450,Medium,IT Support,Access,Resolved
TCK-8222,2025-06-16 04:20:08.862217890,2025-06-16 23:04:51.954901835,Low,IT Support,Hardware,Closed
TCK-8223,2025-04-18 08:21:39.158187192,2025-04-18 15:55:40.630565404,Medium,HR,Network,Closed
TCK-8224,2025-06-24 21:31:50.203042358,2025-06-26 10:33:50.700717112,Low,  DevOps ,Hardware,Closed
TCK-8225,2025-01-25 13:28:07.791342171,2025-01-27 12:25:46.982238861,Low,DevOps,Access,Closed
TCK-8226,2025-04-13 07:04:40.986658903,2025-04-14 12:38:15.943798464,Low,DevOps,Software,Closed
TCK-8227,2025-05-24 15:54:00.746595992,2025-05-25 07:41:15.137398957,High,IT Support,Software,Resolved
TCK-8228,2025-04-05 14:20:09.450467139,2025-04-09 11:24:39.485266508,Low,DevOps,Software,Closed
TCK-8229,2025-01-17 09:24:23.968317173,2025-01-18 02:15:58.492586326,None,HR,Database,Closed
TCK-8230,2025-04-15 22:04:03.096062330,2025-04-16 05:37:49.987557692,Low,IT Support,Database,Resolved
TCK-8231,2025-04-21 02:42:27.911662120,2025-04-22 01:51:06.128425526,Medium,HR,Software,Closed
TCK-8232,2025-05-12 04:01:26.232288682,2025-05-12 16:58:26.456323479,High,IT Support,Access,Resolved
TCK-8233,2025-05-18 00:26:01.483853450,2025-05-18 05:32:33.011892062,Critical,Operations,Database,Resolved
TCK-8234,2025-05-19 17:44:16.847051364,2025-05-20 07:55:06.974033958,Low,HR,Software,Closed
TCK-8235,2025-04-30 10:04:47.209873200,2025-04-30 21:44:13.894347062,Medium,HR,Hardware,Closed
TCK-8236,2025-02-08 20:18:15.571182971,2025-02-09 18:15:12.210070161,Low,  Operations ,Software,Closed
TCK-8237,2025-03-14 18:17:54.474815583,2025-03-15 22:26:15.031819791,Medium,DevOps,Software,Closed
TCK-8238,2025-05-20 16:52:53.334099126,2025-05-21 10:07:51.568514618,High,Operations,Hardware,Resolved
TCK-8239,2025-06-21 14:48:16.445849446,2025-06-22 00:01:37.095062414,Low,HR,Database,Closed
TCK-8240,2025-01-15 05:03:03.197139145,2025-01-16 16:25:24.584851688,Low,Finance,Hardware,Closed
TCK-8241,2025-04-07 09:31:06.413101974,2025-04-10 08:26:07.137244636,Low,DevOps,Database,Resolved
TCK-8242,2025-02-26 06:05:46.363635614,2025-02-26 11:39:35.019360727,Low,IT Support,Access,Closed
TCK-8243,2025-02-10 13:42:05.844415336,2025-02-10 22:39:11.989807560,Low,Operations,Database,Closed
TCK-8244,2025-04-02 01:06:07.750098608,2025-04-02 09:41:15.334969888,High,IT Support,Network,Closed
TCK-8245,2025-04-20 02:18:21.424335260,2025-04-20 10:41:06.118661228,Low,IT Support,Database,Resolved
TCK-8246,2025-01-02 18:12:57.743035772,2025-01-04 02:32:27.420260567,Medium,Operations,Network,Resolved
TCK-8247,2025-05-21 10:29:32.610872920,2025-05-22 03:15:32.426163049,High,DevOps,Database,Resolved
TCK-8248,2025-05-28 13:53:26.905346930,2025-05-28 20:23:10.213041993,Medium,  IT Support ,Hardware,Resolved
TCK-8249,2025-06-23 19:00:24.343680494,2025-06-24 03:22:41.394631232,High,Finance,Database,Resolved
TCK-8250,2025-02-02 12:22:51.339110456,2025-02-05 02:01:52.624808317,Medium,DevOps,Software,Resolved
TCK-8251,2025-04-18 00:28:01.449837462,2025-04-19 11:36:15.258565552,Medium,DevOps,Database,Closed
TCK-8252,2025-03-18 19:01:17.808304887,2025-03-19 01:45:48.840584047,Medium,IT Support,Hardware,Resolved
TCK-8253,2025-03-02 06:27:22.747388814,2025-03-02 22:27:37.883371070,Critical,DevOps,Hardware,Closed
TCK-8254,2025-04-12 19:32:11.436756073,2025-04-13 03:12:42.421563335,None,HR,Database,Closed
TCK-8255,2025-05-21 19:53:41.865812654,2025-05-22 18:02:15.373513562,Medium,Operations,Database,Resolved
TCK-8256,2025-01-05 03:35:16.888139907,2025-01-05 08:28:26.130509339,Low,IT Support,Database,Resolved
TCK-8257,2025-06-24 11:48:30.550629336,2025-06-24 20:45:43.935753344,Medium,IT Support,Access,Closed
TCK-8258,2025-05-26 18:41:18.420895214,2025-05-29 14:43:54.614655685,Medium,Finance,Network,Closed
TCK-8259,2025-05-16 04:59:02.399096036,2025-05-16 16:55:07.234447239,High,HR,Database,Closed
TCK-8260,2025-05-17 20:52:24.567671190,2025-05-18 02:07:45.669288992,Medium,  IT Support ,Database,Closed
TCK-8261,2025-03-12 00:44:32.155989285,2025-03-12 11:01:52.348668411,Medium,IT Support,Network,Closed
TCK-8262,2025-05-16 07:00:02.806738542,2025-05-16 16:45:10.129449877,Medium,Operations,Software,Resolved
TCK-8263,2025-03-11 14:50:50.284193197,2025-03-12 10:56:02.442095799,Low,IT Support,Access,Closed
TCK-8264,2025-06-11 18:24:48.613547182,2025-06-13 19:50:23.343480209,High,Finance,Access,Closed
TCK-8265,2025-02-01 21:36:02.505182216,2025-02-02 05:25:51.008173847,Low,IT Support,Software,Closed
TCK-8266,2025-02-22 14:56:27.141394036,2025-02-22 20:22:04.987650421,Medium,IT Support,Network,Closed
TCK-8267,2025-04-10 05:46:41.464056032,2025-04-10 17:15:19.159680345,Low,HR,Network,Closed
TCK-8268,2025-02-27 10:59:30.030118862,2025-02-27 23:14:24.880490953,Low,HR,Hardware,Resolved
TCK-8269,2025-03-18 08:42:17.638832092,2025-03-19 01:54:24.831049791,Low,HR,Network,Closed
TCK-8270,2025-03-30 15:15:57.665526944,2025-03-31 15:08:47.113303301,Critical,HR,Access,Resolved
TCK-8271,2025-06-04 03:26:47.280747688,2025-06-04 21:54:31.565671106,Medium,DevOps,Hardware,Closed
TCK-8272,2025-04-05 04:11:25.928122391,2025-04-06 10:01:47.432179667,Medium,  Operations ,Database,Resolved
TCK-8273,2025-03-07 05:49:35.565653645,2025-03-07 17:24:08.123017084,High,IT Support,Database,Resolved
TCK-8274,2025-02-14 14:13:12.823074120,2025-02-15 01:14:10.361913326,Medium,HR,Database,Resolved
TCK-8275,2025-03-15 13:28:48.822176251,2025-03-16 07:29:05.639877273,Medium,DevOps,Hardware,Closed
TCK-8276,2025-04-03 19:58:47.895852281,2025-04-04 11:01:46.830253695,Medium,HR,Access,Resolved
TCK-8277,2025-05-15 07:12:58.259224732,2025-05-15 12:13:13.277652415,Low,IT Support,Network,Closed
TCK-8278,2025-01-22 18:55:50.567032211,2025-01-24 11:48:19.818469493,Low,Finance,Hardware,Closed
TCK-8279,2025-02-09 21:21:06.095495274,2025-02-10 07:36:48.653402557,Low,Operations,Access,Closed
TCK-8280,2025-03-10 08:06:19.254789606,2025-03-11 07:46:32.654915377,Medium,Operations,Network,Closed
TCK-8281,2025-03-06 20:55:15.996418691,2025-03-07 05:05:07.094041652,Low,IT Support,Software,Closed
TCK-8282,2025-03-12 12:21:06.258436253,2025-03-12 18:46:26.016208508,Medium,IT Support,Access,Closed
TCK-8283,2025-05-23 20:00:42.707686328,2025-05-24 13:06:35.169585880,Medium,Operations,Software,Resolved
TCK-8284,2025-02-28 08:20:49.274867716,2025-02-28 22:55:58.642972776,Low,  IT Support ,Database,Closed
TCK-8285,2025-04-01 08:12:00.501622241,2025-04-01 18:07:01.437334207,None,Operations,Database,Closed
TCK-8286,2025-04-23 07:16:42.175006006,2025-04-23 21:55:34.430433398,Critical,Operations,Access,Resolved
TCK-8287,2025-02-11 19:00:40.812455427,2025-02-12 00:50:53.537876214,Low,IT Support,Software,Closed
TCK-8288,2025-05-10 08:45:50.660918524,2025-05-11 15:10:16.495013645,High,DevOps,Hardware,Closed
TCK-8289,2025-04-09 11:31:15.244569745,2025-04-10 04:55:06.629974389,Medium,Finance,Network,Resolved
TCK-8290,2025-03-22 10:05:40.647463991,2025-03-22 20:12:56.977026801,High,Finance,Database,Closed
TCK-8291,2025-05-26 18:16:01.183834256,2025-05-26 23:16:56.338760591,Low,IT Support,Database,Closed
TCK-8292,2025-02-13 19:53:58.270847950,2025-02-14 15:10:37.622010578,Low,IT Support,Database,Closed
TCK-8293,2025-06-08 23:19:12.694993954,2025-06-09 15:23:04.559668066,Critical,HR,Database,Closed
TCK-8294,2025-04-11 23:43:49.932422977,2025-04-12 09:10:57.841253537,Critical,IT Support,Access,Closed
TCK-8295,2025-04-20 15:38:07.724112444,2025-04-21 18:33:01.458377903,Medium,DevOps,Access,Closed
TCK-8296,2025-06-07 12:15:17.010755400,2025-06-07 20:32:17.248945603,High,  IT Support ,Software,Closed
TCK-8297,2025-05-28 03:57:25.961432872,2025-05-28 15:24:40.237285346,Medium,HR,Hardware,Closed
TCK-8298,2025-04-19 06:44:53.294318194,2025-04-20 01:13:42.436208878,Low,HR,Software,Resolved
TCK-8299,2025-05-16 13:46:15.170246804,2025-05-17 08:42:05.093397184,Low,Operations,Hardware,Closed
TCK-8300,2025-03-19 23:56:24.712102012,2025-03-20 04:40:21.345032141,Low,IT Support,Access,Resolved
TCK-8301,2025-04-09 12:40:18.822428053,2025-04-10 04:47:33.345660925,High,HR,Database,Closed
TCK-8302,2025-01-12 04:08:34.766090765,2025-01-12 06:37:44.546953018,None,IT Support,Software,Resolved
TCK-8303,2025-01-17 04:11:10.340736728,2025-01-18 18:18:46.732535222,Medium,DevOps,Hardware,Closed
TCK-8304,2025-05-30 07:07:03.885905836,2025-05-30 11:19:08.471132948,Medium,IT Support,Network,Closed
TCK-8305,2025-01-11 17:46:53.589174188,2025-01-12 23:19:40.390101847,High,DevOps,Hardware,Closed
TCK-8306,2025-01-31 11:48:15.201838308,2025-02-01 01:17:10.588870097,Low,Finance,Software,Closed
TCK-8307,2025-05-24 05:59:49.511997266,2025-05-24 14:30:32.737451465,Low,IT Support,Access,Resolved
TCK-8308,2025-01-01 04:57:01.824170641,2025-01-02 13:39:53.314300017,Medium,  Finance ,Database,Resolved
TCK-8309,2025-02-20 19:59:12.122210881,2025-02-21 14:00:23.957043143,Medium,IT Support,Network,Closed
TCK-8310,2025-04-16 03:02:49.206519622,2025-04-16 17:23:26.400295623,High,DevOps,Software,Closed
TCK-8311,2025-04-18 04:20:37.334210500,2025-04-19 09:39:32.274028256,Low,Operations,Access,Resolved
TCK-8312,2025-05-20 21:18:02.028784772,2025-05-21 12:27:46.649039655,Medium,HR,Hardware,Resolved
TCK-8313,2025-04-02 01:36:05.109862234,2025-04-02 12:56:11.644597167,High,HR,Access,Closed
TCK-8314,2025-04-02 16:36:57.874945651,2025-04-03 05:02:40.573091769,Low,IT Support,Access,Closed
TCK-8315,2025-05-11 13:20:30.070808974,2025-05-12 16:53:32.276928329,Medium,DevOps,Database,Closed
TCK-8316,2025-03-31 18:03:27.652717241,2025-04-01 06:13:33.410595869,Low,IT Support,Software,Closed
TCK-8317,2025-04-20 12:40:53.378237368,2025-04-20 23:38:28.771401348,Medium,Operations,Access,Closed
TCK-8318,2025-06-11 14:23:02.309502554,2025-06-12 00:43:53.253768331,High,HR,Hardware,Closed
TCK-8319,2025-03-14 06:16:06.070387608,2025-03-16 07:57:27.123345963,Low,DevOps,Hardware,Closed
TCK-8320,2025-03-11 07:44:25.102935744,2025-03-12 01:36:14.146691531,High,  IT Support ,Database,Resolved
TCK-8321,2025-01-01 15:19:53.921480923,2025-01-02 09:01:08.770757045,Low,Operations,Access,Closed
TCK-8322,2025-04-21 10:00:05.219178198,2025-04-21 13:31:31.629249369,Low,HR,Hardware,Resolved
TCK-8323,2025-01-06 08:36:52.703995716,2025-01-07 06:47:37.310074648,Medium,Finance,Hardware,Resolved
TCK-8324,2025-04-01 17:55:17.312254774,2025-04-02 02:33:37.475489286,High,IT Support,Database,Resolved
TCK-8325,2025-05-25 18:17:23.887029190,2025-05-26 01:51:21.894205450,Low,IT Support,Access,Closed
TCK-8326,2025-04-09 23:39:32.488721801,2025-04-10 09:42:56.477130229,Low,IT Support,Database,Closed
TCK-8327,2025-02-18 12:49:41.641449745,2025-02-19 08:07:49.497152616,Medium,Finance,Access,Closed
TCK-8328,2025-05-22 12:14:51.290380622,2025-05-23 01:10:37.028251737,Medium,IT Support,Hardware,Closed
TCK-8329,2025-02-18 13:10:38.847491644,2025-02-18 23:13:18.682293930,Low,Operations,Software,Closed
TCK-8330,2025-05-12 22:41:50.257270618,2025-05-13 14:28:23.898123010,Low,IT Support,Hardware,Closed
TCK-8331,2025-04-20 20:18:59.495118476,2025-04-23 15:36:27.123782836,High,DevOps,Software,Closed
TCK-8332,2025-01-31 14:23:02.407024915,2025-02-01 10:01:18.561616122,None,  DevOps ,Access,Closed
TCK-8333,2025-06-12 22:10:42.021576778,2025-06-13 09:34:40.318029184,Low,Operations,Access,Closed
TCK-8334,2025-02-06 02:46:50.557350307,2025-02-06 20:13:03.458309577,Medium,HR,Network,Resolved
TCK-8335,2025-06-28 03:00:58.177035696,2025-06-28 07:42:39.464563206,Low,IT Support,Access,Resolved
TCK-8336,2025-01-02 07:34:52.719561638,2025-01-02 14:13:32.328337085,Medium,IT Support,Access,Closed
TCK-8337,2025-02-17 10:14:53.481326428,2025-02-18 00:59:58.077804989,Low,IT Support,Network,Resolved
TCK-8338,2025-02-05 23:23:47.343208340,2025-02-07 01:25:28.354832014,Low,Operations,Software,Closed
TCK-8339,2025-01-03 12:27:05.514971034,2025-01-05 12:53:54.629829004,High,Operations,Access,Resolved
TCK-8340,2025-05-12 19:49:45.583091052,2025-05-14 05:35:34.054364514,Low,DevOps,Database,Resolved
TCK-8341,2025-05-05 19:35:58.074252920,2025-05-06 06:03:44.035764224,Low,HR,Access,Closed
TCK-8342,2025-05-23 14:57:22.197647878,2025-05-24 09:25:23.940020934,None,Operations,Access,Closed
TCK-8343,2025-02-16 04:56:15.794616918,2025-02-16 18:06:28.092324803,None,HR,Hardware,Resolved
TCK-8344,2025-03-21 23:31:40.518474349,2025-03-22 16:20:23.735793169,Low,  Operations ,Access,Closed
TCK-8345,2025-04-29 15:22:13.488258306,2025-04-29 23:46:11.450259821,Medium,IT Support,Access,Closed
TCK-8346,2025-03-21 03:47:59.772468410,2025-03-21 12:42:41.686824069,Medium,HR,Database,Closed
TCK-8347,2025-05-06 12:26:50.379984226,2025-05-07 04:47:57.616957033,Medium,HR,Network,Closed
TCK-8348,2025-04-25 02:45:54.448065756,2025-04-25 14:52:43.961698295,Critical,Finance,Network,Resolved
TCK-8349,2025-01-21 15:16:42.632600888,2025-01-22 12:56:26.949883364,High,DevOps,Network,Closed
TCK-8350,2025-05-21 14:06:22.618989008,2025-05-22 03:29:12.619367491,High,HR,Hardware,Closed
TCK-8351,2025-05-10 17:19:18.736606844,2025-05-10 20:04:05.762211394,Low,IT Support,Access,Resolved
TCK-8352,2025-04-29 01:12:16.396225888,2025-04-29 22:03:45.208621597,Medium,HR,Software,Closed
TCK-8353,2025-01-28 22:00:15.764726628,2025-01-29 04:27:09.133395384,Medium,Operations,Software,Closed
TCK-8354,2025-02-18 05:44:40.771665496,2025-02-18 17:37:28.929694012,Low,IT Support,Database,Closed
TCK-8355,2025-03-12 18:31:29.195250362,2025-03-13 07:21:39.476816443,Low,Finance,Hardware,Closed
TCK-8356,2025-02-20 09:17:45.476001008,2025-02-21 10:36:51.392888825,Low,  DevOps ,Hardware,Resolved
TCK-8357,2025-02-11 00:08:25.640595196,2025-02-12 16:19:40.137989624,Low,DevOps,Access,Closed
TCK-8358,2025-05-25 23:08:42.486355936,2025-05-27 00:39:24.491807718,Low,IT Support,Software,Resolved
TCK-8359,2025-04-25 21:09:47.895393868,2025-04-27 06:01:18.818324821,Low,DevOps,Hardware,Closed
TCK-8360,2025-04-12 18:50:22.589869494,2025-04-13 03:55:52.645850930,Low,Finance,Database,Closed
TCK-8361,2025-02-10 16:06:56.559189804,2025-02-11 14:59:30.258415413,Medium,HR,Software,Closed
TCK-8362,2025-06-15 06:05:26.696401908,2025-06-15 22:07:11.845053431,Medium,Operations,Hardware,Closed
TCK-8363,2025-02-04 09:54:38.624041463,2025-02-05 11:16:56.019288811,Low,Finance,Access,Closed
TCK-8364,2025-05-24 02:11:16.907289378,2025-05-24 20:57:23.071276998,Critical,HR,Access,Closed
TCK-8365,2025-06-24 00:01:33.312600716,2025-06-24 04:41:35.126178078,Medium,HR,Access,Resolved
TCK-8366,2025-05-11 21:02:26.124895320,2025-05-12 11:17:13.480068270,High,HR,Access,Resolved
TCK-8367,2025-06-28 17:08:59.671671360,2025-06-29 07:48:56.898037171,Critical,Operations,Software,Closed
TCK-8368,2025-04-28 04:32:26.971241028,2025-04-28 20:11:55.864137637,Low,  IT Support ,Software,Resolved
TCK-8369,2025-02-09 03:25:43.263727775,2025-02-11 00:01:12.796686527,Medium,DevOps,Hardware,Closed
TCK-8370,2025-02-06 16:30:00.766279184,2025-02-07 00:28:46.823902386,Medium,Operations,Database,Closed
TCK-8371,2025-02-28 10:07:03.748741169,2025-03-01 19:57:32.761820613,Medium,Operations,Network,Closed
TCK-8372,2025-01-02 06:48:06.074477086,2025-01-02 17:26:38.051106701,Low,IT Support,Network,Resolved
TCK-8373,2025-05-03 16:56:14.606728242,2025-05-04 01:14:29.414273782,High,Operations,Access,Resolved
TCK-8374,2025-02-18 08:38:41.386531974,2025-02-18 17:23:06.409933315,Low,IT Support,Hardware,Closed
TCK-8375,2025-05-27 17:35:29.628616892,2025-05-28 07:51:06.696695970,None,IT Support,Network,Closed
TCK-8376,2025-03-06 15:37:33.061498238,2025-03-07 01:26:07.209153123,High,Operations,Network,Resolved
TCK-8377,2025-03-28 09:24:43.386341440,2025-03-29 13:41:18.741707931,Medium,HR,Network,Closed
TCK-8378,2025-06-23 19:46:34.030346862,2025-06-24 04:13:30.712602073,Low,Operations,Network,Closed
TCK-8379,2025-02-13 14:11:00.857631253,2025-02-13 19:54:22.821828579,Medium,IT Support,Network,Resolved
TCK-8380,2025-05-10 19:49:03.723227310,2025-05-11 04:40:48.010319776,Low,  HR ,Hardware,Closed
TCK-8381,2025-05-16 22:06:31.859277848,2025-05-17 15:01:46.093273267,Low,IT Support,Network,Closed
TCK-8382,2025-02-09 18:42:43.345807574,2025-02-10 18:57:48.803871790,High,DevOps,Network,Closed
TCK-8383,2025-04-01 04:18:22.802992866,2025-04-01 14:22:13.150698219,Medium,Operations,Hardware,Closed
TCK-8384,2025-03-05 00:52:20.342467284,2025-03-05 23:21:36.767132106,Medium,Operations,Software,Closed
TCK-8385,2025-05-19 22:38:05.897358186,2025-05-20 18:23:54.188414748,High,HR,Software,Resolved
TCK-8386,2025-04-23 01:07:40.577539590,2025-04-23 12:59:44.886568866,Low,IT Support,Software,Closed
TCK-8387,2025-03-27 16:14:48.469191227,2025-03-28 19:18:49.898000730,Medium,DevOps,Network,Closed
TCK-8388,2025-05-21 06:50:57.498022114,2025-05-21 16:30:10.541819855,Medium,IT Support,Hardware,Closed
TCK-8389,2025-02-12 07:52:19.424770901,2025-02-12 18:07:50.718750239,Medium,HR,Software,Resolved
TCK-8390,2025-05-16 15:38:47.486847952,2025-05-18 09:13:58.437938294,High,Operations,Access,Closed
TCK-8391,2025-06-05 18:25:01.301667604,2025-06-06 09:28:44.161534457,Critical,IT Support,Access,Closed
TCK-8392,2025-06-08 03:38:43.073551366,2025-06-09 21:44:58.804989705,Medium,  Finance ,Hardware,Closed
TCK-8393,2025-05-22 01:28:11.718640878,2025-05-23 04:14:37.969995740,Medium,Operations,Network,Resolved
TCK-8394,2025-03-15 10:37:16.325157076,2025-03-15 21:38:37.094144641,Medium,IT Support,Software,Closed
TCK-8395,2025-06-26 17:24:38.369307644,2025-06-26 21:58:23.602585572,High,IT Support,Network,Closed
TCK-8396,2025-03-10 07:50:40.348726585,2025-03-10 19:30:39.551103876,Medium,IT Support,Software,Closed
TCK-8397,2025-04-25 22:51:42.206840924,2025-04-27 07:41:03.864254007,Low,DevOps,Database,Resolved
TCK-8398,2025-01-29 23:50:25.617336376,2025-01-31 09:41:39.607790905,Low,Operations,Database,Closed
TCK-8399,2025-06-26 11:32:21.271593180,2025-06-27 00:16:00.764053541,Critical,IT Support,Network,Resolved
TCK-8400,2025-05-07 17:13:09.056839242,2025-05-08 04:24:42.559998795,Low,IT Support,Access,Closed
TCK-8401,2025-05-16 14:35:27.583671522,2025-05-16 22:20:43.393939348,Medium,Operations,Network,Closed
TCK-8402,2025-01-12 20:09:19.291450121,2025-01-13 13:22:18.893706795,High,Operations,Software,Closed
TCK-8403,2025-05-18 09:57:53.846759888,2025-05-18 20:42:30.250055831,Low,HR,Network,Resolved
TCK-8404,2025-05-20 10:48:18.771238792,2025-05-21 02:54:53.885618208,Medium,  HR ,Network,Closed
TCK-8405,2025-05-01 22:03:29.440385400,2025-05-02 04:57:48.589868608,Low,IT Support,Software,Closed
TCK-8406,2025-02-22 13:02:58.313667424,2025-02-23 04:43:47.039307021,None,Operations,Access,Closed
TCK-8407,2025-03-30 03:27:39.535686029,2025-03-31 18:27:31.464435598,Low,DevOps,Database,Closed
TCK-8408,2025-01-20 21:04:35.342593158,2025-01-21 03:55:29.140259710,Medium,IT Support,Software,Closed
TCK-8409,2025-03-26 21:15:22.057572741,2025-03-27 16:23:03.842118936,Medium,Operations,Network,Closed
TCK-8410,2025-02-13 21:19:08.555641496,2025-02-14 03:57:42.694418062,High,HR,Hardware,Closed
TCK-8411,2025-03-04 20:05:56.333955964,2025-03-05 05:27:52.420591158,Low,HR,Network,Closed
TCK-8412,2025-01-30 06:26:01.551494321,2025-01-30 18:14:01.059392969,Medium,IT Support,Network,Closed
TCK-8413,2025-02-11 09:50:05.527199742,2025-02-11 23:04:45.473889117,Low,Finance,Hardware,Closed
TCK-8414,2025-01-14 18:46:35.517586447,2025-01-15 21:14:56.331281392,Low,HR,Network,Closed
TCK-8415,2025-06-15 13:58:26.050827000,2025-06-16 19:16:24.354672008,High,Operations,Hardware,Closed
TCK-8416,2025-04-06 11:22:27.019393473,2025-04-06 23:47:30.923696832,Low,  HR ,Network,Resolved
TCK-8417,2025-03-13 09:55:31.137078128,2025-03-14 23:59:44.047908613,High,IT Support,Access,Closed
TCK-8418,2025-04-07 07:19:34.316980127,2025-04-07 23:09:05.854301577,High,IT Support,Database,Closed
TCK-8419,2025-04-24 02:13:36.289345108,2025-04-24 17:28:06.314507891,Critical,Finance,Access,Resolved
TCK-8420,2025-06-15 22:30:58.994480116,2025-06-16 10:51:36.642379244,Medium,IT Support,Software,Resolved
TCK-8421,2025-02-02 03:57:12.793956745,2025-02-02 22:33:22.283553274,Low,Operations,Software,Closed
TCK-8422,2025-02-23 04:47:12.458774904,2025-02-23 14:25:00.552148693,Medium,HR,Network,Resolved
TCK-8423,2025-06-25 15:24:35.758823672,2025-06-25 23:43:36.533066953,None,HR,Software,Resolved
TCK-8424,2025-03-08 19:33:13.328357851,2025-03-09 18:54:21.032636428,Critical,HR,Software,Closed
TCK-8425,2025-01-05 01:27:58.792577959,2025-01-05 11:59:48.343279981,Medium,HR,Network,Closed
TCK-8426,2025-01-27 13:49:11.597493094,2025-01-27 21:53:51.922573673,Critical,IT Support,Network,Resolved
TCK-8427,2025-01-05 17:46:59.489593481,2025-01-06 02:44:34.159819137,High,HR,Database,Closed
TCK-8428,2025-06-28 04:28:04.710927168,2025-06-28 16:51:02.094458922,Critical,  Operations ,Hardware,Closed
TCK-8429,2025-02-20 04:43:19.443511501,2025-02-20 21:36:54.719262667,Medium,Operations,Network,Closed
TCK-8430,2025-06-16 05:42:16.955872188,2025-06-16 16:01:31.688495031,High,IT Support,Database,Closed
TCK-8431,2025-06-29 06:13:43.360615098,2025-06-29 10:07:16.511369240,Critical,HR,Access,Resolved
TCK-8432,2025-04-18 23:18:50.671217712,2025-04-19 07:53:10.642258908,Low,IT Support,Software,Resolved
TCK-8433,2025-01-06 23:24:29.091899616,2025-01-07 05:15:40.973004666,None,IT Support,Hardware,Resolved
TCK-8434,2025-01-15 16:28:33.035777488,2025-01-16 09:36:46.705976636,Low,IT Support,Access,Closed
TCK-8435,2025-03-28 16:27:52.985037715,2025-04-03 07:28:36.118989760,Medium,DevOps,Network,Closed
TCK-8436,2025-03-15 02:39:47.144799430,2025-03-15 09:45:55.628599085,High,IT Support,Access,Closed
TCK-8437,2025-04-20 02:41:09.459518050,2025-04-20 06:16:43.798724115,Medium,IT Support,Database,Closed
TCK-8438,2025-03-20 23:49:21.136631132,2025-03-21 08:50:02.637491758,Critical,IT Support,Network,Resolved
TCK-8439,2025-06-18 03:12:43.159870126,2025-06-18 10:52:56.123086552,Medium,IT Support,Network,Closed
TCK-8440,2025-04-07 06:04:32.054110924,2025-04-09 06:18:31.487598755,Medium,  Operations ,Hardware,Closed
TCK-8441,2025-05-05 20:53:47.707863900,2025-05-06 16:27:14.848016702,Low,IT Support,Database,Closed
TCK-8442,2025-06-11 08:48:58.960136106,2025-06-11 21:55:05.629908293,Medium,IT Support,Software,Closed
TCK-8443,2025-01-27 10:29:11.412958041,2025-01-27 23:54:36.873867537,High,Operations,Access,Closed
TCK-8444,2025-02-11 08:27:13.340851356,2025-02-12 04:22:54.102809927,Low,HR,Hardware,Resolved
TCK-8445,2025-01-20 07:36:59.807691882,2025-01-21 11:35:16.217078111,Medium,Finance,Hardware,Resolved
TCK-8446,2025-01-26 03:14:16.384823595,2025-01-26 23:32:46.534604402,Low,Operations,Network,Closed
TCK-8447,2025-04-03 06:21:45.853761193,2025-04-03 10:15:45.498358208,High,IT Support,Access,Closed
TCK-8448,2025-02-27 19:29:39.835462000,2025-03-01 02:06:09.518565422,Low,Operations,Hardware,Closed
TCK-8449,2025-03-18 04:06:24.000320092,2025-03-18 13:04:38.734004655,High,IT Support,Network,Resolved
TCK-8450,2025-06-26 20:21:21.864061250,2025-06-27 13:28:15.606031090,Medium,Operations,Network,Closed
TCK-8451,2025-01-29 04:57:46.016922584,2025-01-29 15:28:53.681197677,Low,HR,Database,Resolved
TCK-8452,2025-04-08 08:18:29.325051671,2025-04-08 14:01:26.691571355,High,  IT Support ,Network,Closed
TCK-8453,2025-01-18 19:07:24.203394379,2025-01-19 16:13:03.545695624,Medium,Operations,Software,Closed
TCK-8454,2025-02-27 07:54:14.663879841,2025-02-27 20:49:55.943335270,Medium,DevOps,Database,Closed
TCK-8455,2025-04-05 22:54:43.164987357,2025-04-07 20:54:58.928840778,High,DevOps,Database,Closed
TCK-8456,2025-06-20 09:26:56.913252932,2025-06-20 20:04:31.095147004,Medium,Operations,Software,Closed
TCK-8457,2025-03-12 10:06:21.297400728,2025-03-12 15:10:43.536064210,High,HR,Software,Closed
TCK-8458,2025-01-12 16:23:48.939530545,2025-01-13 13:32:01.284411883,High,IT Support,Hardware,Closed
TCK-8459,2025-03-11 20:51:26.838678849,2025-03-12 02:23:31.465280062,Medium,IT Support,Hardware,Resolved
TCK-8460,2025-01-27 05:36:06.767192101,2025-01-27 15:29:53.498278544,Medium,HR,Software,Closed
TCK-8461,2025-02-11 09:33:18.465908557,2025-02-12 10:35:45.763786101,Low,HR,Hardware,Closed
TCK-8462,2025-04-22 06:09:05.371461932,2025-04-25 12:30:10.077937839,Critical,DevOps,Software,Closed
TCK-8463,2025-01-13 03:16:15.967199657,2025-01-13 09:52:08.163945558,None,HR,Software,Closed
TCK-8464,2025-03-25 15:36:23.857200582,2025-03-26 00:24:36.728642446,Medium,  HR ,Network,Closed
TCK-8465,2025-04-20 16:52:26.585639408,2025-04-21 02:00:25.659383431,Low,HR,Hardware,Closed
TCK-8466,2025-03-17 22:25:41.718099312,2025-03-19 13:31:34.888858240,Low,Finance,Database,Closed
TCK-8467,2025-01-04 10:37:33.004900254,2025-01-06 03:28:37.563912526,Medium,Operations,Database,Closed
TCK-8468,2025-06-27 09:26:37.038553362,2025-06-27 19:55:54.356982165,Low,Operations,Hardware,Closed
TCK-8469,2025-03-08 01:56:24.413680005,2025-03-09 06:44:49.221719380,High,HR,Hardware,Closed
TCK-8470,2025-05-21 03:27:12.411186168,2025-05-21 20:38:25.783051085,Critical,Finance,Hardware,Closed
TCK-8471,2025-02-28 14:47:34.246499273,2025-03-01 00:50:54.331265270,None,IT Support,Hardware,Closed
TCK-8472,2025-03-27 12:04:20.604761650,2025-03-28 04:29:18.434402538,Low,DevOps,Network,Closed
TCK-8473,2025-03-11 22:09:46.569886218,2025-03-12 15:05:54.037040628,None,Operations,Software,Resolved
TCK-8474,2025-03-03 15:46:10.097333419,2025-03-04 05:12:07.506626382,High,HR,Hardware,Closed
TCK-8475,2025-01-04 22:23:52.618335375,2025-01-05 10:31:39.792515523,Low,HR,Hardware,Closed
TCK-8476,2025-03-06 19:17:25.625513239,2025-03-07 17:06:40.003173026,Medium,  Operations ,Software,Closed
TCK-8477,2025-06-10 02:35:48.330693490,2025-06-10 07:44:03.037573138,High,IT Support,Software,Closed
TCK-8478,2025-05-05 06:29:57.201808968,2025-05-06 02:25:37.985841752,None,DevOps,Software,Closed
TCK-8479,2025-01-27 04:13:36.304652280,2025-01-27 21:54:08.011568965,Low,HR,Access,Resolved
TCK-8480,2025-04-17 09:47:22.631892840,2025-04-18 13:34:04.960876865,Low,HR,Database,Closed
TCK-8481,2025-06-10 14:26:14.333924850,2025-06-10 22:50:27.267635189,Medium,IT Support,Hardware,Closed
TCK-8482,2025-05-07 00:08:49.405085432,2025-05-07 18:24:49.368657850,None,HR,Network,Closed
TCK-8483,2025-01-27 18:18:59.669931347,2025-01-28 15:03:39.931053741,None,HR,Network,Closed
TCK-8484,2025-06-06 05:02:10.989214894,2025-06-07 02:32:45.178445099,Low,HR,Software,Closed
TCK-8485,2025-02-24 06:40:12.494668434,2025-02-24 17:50:39.688903938,Low,Operations,Network,Closed
TCK-8486,2025-03-23 17:36:32.196345540,2025-03-24 03:14:15.122143169,Critical,HR,Database,Resolved
TCK-8487,2025-04-05 16:56:12.198685604,2025-04-06 14:53:26.642332225,High,DevOps,Hardware,Closed
TCK-8488,2025-06-03 02:11:18.711289692,2025-06-05 01:24:08.805268842,None,  Operations ,Network,Closed
TCK-8489,2025-06-17 16:32:39.764536426,2025-06-19 00:07:55.687271703,Critical,Finance,Database,Closed
TCK-8490,2025-06-17 08:06:01.555398726,2025-06-17 18:48:58.618093902,Low,IT Support,Database,Resolved
TCK-8491,2025-01-02 10:21:43.427243864,2025-01-03 03:24:56.296140599,High,HR,Access,Closed
TCK-8492,2025-06-15 22:33:29.727825030,2025-06-16 05:53:40.688689821,Low,HR,Access,Closed
TCK-8493,2025-01-10 18:57:06.095256452,2025-01-12 18:23:30.306788828,High,Operations,Network,Closed
TCK-8494,2025-02-17 20:08:31.910824754,2025-02-19 11:32:05.694630854,Medium,DevOps,Database,Closed
TCK-8495,2025-04-03 16:44:51.116727258,2025-04-04 04:57:00.352672509,None,IT Support,Software,Closed
TCK-8496,2025-03-28 09:16:44.315396336,2025-03-28 12:47:41.681729266,None,IT Support,Access,Closed
TCK-8497,2025-04-19 20:20:46.714536720,2025-04-21 18:07:28.421651509,Low,DevOps,Database,Resolved
TCK-8498,2025-03-28 07:12:27.749317914,2025-03-28 14:19:15.467150728,Low,IT Support,Access,Closed
TCK-8499,2025-06-18 04:30:10.569767824,2025-06-18 13:47:35.965003929,Medium,Operations,Hardware,Resolved
TCK-8500,2025-02-13 07:10:15.687433257,2025-02-13 18:20:38.076012230,High,  Operations ,Database,Closed
TCK-8501,2025-02-19 07:47:12.041686532,2025-02-19 20:48:11.827335624,High,Finance,Database,Resolved
TCK-8502,2025-06-15 17:35:16.375898410,2025-06-15 22:03:57.136366426,None,IT Support,Hardware,Closed
TCK-8503,2025-01-14 19:30:52.917766224,2025-01-15 04:16:33.464599043,Medium,IT Support,Access,Closed
TCK-8504,2025-04-20 17:18:09.902263602,2025-04-21 08:08:15.961532949,Low,Operations,Hardware,Closed
TCK-8505,2025-05-03 17:05:57.526524378,2025-05-05 05:44:05.876483983,Low,DevOps,Network,Resolved
TCK-8506,2025-04-01 23:56:24.882779309,2025-04-03 08:45:59.548217374,Low,HR,Software,Closed
TCK-8507,2025-05-05 23:04:54.179457430,2025-05-06 12:23:28.956435659,Medium,HR,Access,Resolved
TCK-8508,2025-02-01 02:18:00.254778111,2025-02-01 08:09:31.561594821,Critical,Operations,Database,Closed
TCK-8509,2025-06-03 11:22:16.484062988,2025-06-04 14:50:19.940025253,Low,DevOps,Network,Resolved
TCK-8510,2025-01-26 04:54:39.522635660,2025-01-28 01:24:20.483448821,High,Finance,Access,Closed
TCK-8511,2025-03-14 03:30:35.133998539,2025-03-15 09:12:21.280462122,Medium,DevOps,Software,Resolved
TCK-8512,2025-01-14 13:06:46.215545216,2025-01-15 07:22:23.439243769,Low,  IT Support ,Database,Closed
TCK-8513,2025-04-09 03:18:42.697768208,2025-04-09 13:58:20.176858694,Medium,IT Support,Hardware,Closed
TCK-8514,2025-05-01 13:18:06.797083540,2025-05-01 20:28:53.181831420,Medium,Operations,Software,Closed
TCK-8515,2025-06-19 10:04:38.869001958,2025-06-20 11:57:26.288859407,Critical,Finance,Access,Closed
TCK-8516,2025-05-14 01:55:56.518574604,2025-05-14 11:47:35.381158956,Medium,IT Support,Database,Closed
TCK-8517,2025-04-08 09:33:52.556694958,2025-04-09 00:09:11.709037431,Low,IT Support,Access,Closed
TCK-8518,2025-06-17 20:54:19.851033030,2025-06-20 09:45:37.285380924,High,Finance,Software,Closed
TCK-8519,2025-03-28 02:50:49.705211712,2025-03-28 16:13:45.791787593,None,IT Support,Database,Closed
TCK-8520,2025-04-12 00:24:30.316993617,2025-04-12 18:06:25.042707417,Medium,HR,Software,Resolved
TCK-8521,2025-04-18 07:08:44.302325328,2025-04-19 08:23:11.560404442,Low,Operations,Access,Resolved
TCK-8522,2025-03-15 19:06:44.696987888,2025-03-16 11:39:43.639621972,Low,Operations,Database,Closed
TCK-8523,2025-05-31 22:14:42.803679698,2025-06-01 10:02:06.060262472,Low,Finance,Database,Closed
TCK-8524,2025-02-03 07:57:36.200918359,2025-02-03 22:27:27.920478036,Low,  HR ,Database,Resolved
TCK-8525,2025-04-10 20:55:05.744659247,2025-04-11 18:31:30.912406560,Critical,Operations,Access,Closed
TCK-8526,2025-05-11 00:02:51.600223242,2025-05-11 09:54:29.615612910,Low,Operations,Network,Closed
TCK-8527,2025-06-12 17:10:37.425024528,2025-06-14 04:07:07.748714995,Medium,Operations,Access,Resolved
TCK-8528,2025-06-09 02:31:38.901345898,2025-06-10 08:17:05.479756719,Medium,Operations,Hardware,Closed
TCK-8529,2025-04-02 13:45:28.981217568,2025-04-02 18:02:20.563165810,High,IT Support,Network,Resolved
TCK-8530,2025-04-26 18:27:26.888492290,2025-04-27 11:17:03.941210934,Low,IT Support,Access,Closed
TCK-8531,2025-03-12 23:06:25.272282889,2025-03-13 06:23:33.673100989,Medium,IT Support,Hardware,Closed
TCK-8532,2025-03-26 06:31:40.568312875,2025-03-26 12:17:14.140398595,Low,IT Support,Software,Closed
TCK-8533,2025-06-13 03:04:05.606096066,2025-06-14 09:56:42.698728412,Low,Operations,Hardware,Closed
TCK-8534,2025-06-17 12:38:28.502129356,2025-06-18 12:31:25.496799523,Low,Finance,Database,Resolved
TCK-8535,2025-06-11 04:11:19.431058290,2025-06-13 19:30:46.144229076,Medium,Finance,Network,Closed
TCK-8536,2025-01-25 21:45:43.642925701,2025-01-26 13:45:22.932155965,Low,  Finance ,Access,Closed
TCK-8537,2025-06-03 00:21:46.699734054,2025-06-03 06:20:13.024092456,Medium,HR,Access,Resolved
TCK-8538,2025-06-20 16:55:52.744846060,2025-06-21 05:16:24.599950068,Low,HR,Database,Resolved
TCK-8539,2025-03-07 00:35:55.250008699,2025-03-07 21:40:07.476527484,None,HR,Network,Closed
TCK-8540,2025-04-04 08:33:07.093085800,2025-04-04 13:53:55.504168921,Medium,IT Support,Network,Closed
TCK-8541,2025-05-21 05:41:29.418403712,2025-05-21 10:03:45.398520842,High,IT Support,Database,Closed
TCK-8542,2025-04-12 04:10:39.195420969,2025-04-13 00:21:37.617111527,Low,Operations,Network,Closed
TCK-8543,2025-06-28 19:50:55.729575592,2025-06-29 10:45:37.713206338,High,DevOps,Database,Resolved
TCK-8544,2025-03-24 00:40:54.254918994,2025-03-24 10:35:25.551882164,Medium,IT Support,Hardware,Resolved
TCK-8545,2025-05-09 12:13:57.044697138,2025-05-09 19:24:05.146947640,Low,IT Support,Database,Closed
TCK-8546,2025-05-23 15:59:37.412336654,2025-05-24 23:21:55.549174545,High,Finance,Access,Closed
TCK-8547,2025-03-30 22:30:49.665875250,2025-03-31 02:46:08.539018607,High,IT Support,Software,Resolved
TCK-8548,2025-06-04 06:10:12.146423316,2025-06-06 05:03:27.750350056,None,  Finance ,Hardware,Closed
TCK-8549,2025-04-09 07:23:16.202454319,2025-04-10 05:44:42.722738389,High,Finance,Access,Closed
TCK-8550,2025-03-16 02:19:53.191858971,2025-03-17 23:44:31.839100843,Low,DevOps,Hardware,Closed
TCK-8551,2025-01-20 09:47:53.775745480,2025-01-21 08:44:42.355042259,Low,HR,Access,Resolved
TCK-8552,2025-03-12 19:32:47.939401797,2025-03-13 05:38:15.733545394,Medium,Operations,Network,Resolved
TCK-8553,2025-05-13 02:36:19.744012036,2025-05-14 00:40:43.781833751,Low,HR,Database,Closed
TCK-8554,2025-06-15 19:57:26.274449028,2025-06-16 04:47:04.210553699,High,Operations,Access,Resolved
TCK-8555,2025-02-15 07:15:18.088835546,2025-02-15 14:24:45.406679561,Medium,HR,Access,Closed
TCK-8556,2025-03-05 22:37:02.765523977,2025-03-06 21:18:38.323214328,Critical,IT Support,Network,Resolved
TCK-8557,2025-01-28 17:06:41.380312036,2025-01-30 00:29:43.806680687,Medium,Operations,Software,Resolved
TCK-8558,2025-05-05 07:55:22.451048924,2025-05-07 10:41:15.848849874,Medium,Operations,Software,Resolved
TCK-8559,2025-06-22 20:00:50.463514358,2025-06-23 16:22:26.017184445,Low,Finance,Database,Resolved
TCK-8560,2025-04-26 08:54:48.923078826,2025-04-27 10:42:03.697600738,Low,  Finance ,Network,Closed
TCK-8561,2025-04-22 01:46:14.194656832,2025-04-23 01:12:04.883608719,High,Operations,Hardware,Closed
TCK-8562,2025-04-10 15:04:35.399142748,2025-04-10 23:31:29.374718585,None,IT Support,Access,Closed
TCK-8563,2025-01-16 22:07:43.679141464,2025-01-17 14:59:59.821851634,Medium,Finance,Database,Closed
TCK-8564,2025-05-12 07:27:23.508629774,2025-05-12 18:57:22.778902704,High,Operations,Software,Closed
TCK-8565,2025-04-19 08:51:14.501279504,2025-04-20 19:21:09.408794207,Medium,DevOps,Hardware,Resolved
TCK-8566,2025-04-30 01:34:46.709252976,2025-04-30 19:45:50.104099420,None,DevOps,Network,Closed
TCK-8567,2025-06-11 18:51:50.118762460,2025-06-11 23:46:50.182893129,Low,IT Support,Access,Closed
TCK-8568,2025-05-22 02:42:38.160372950,2025-05-23 08:32:20.203146077,Medium,Finance,Access,Closed
TCK-8569,2025-05-21 13:33:14.001507190,2025-05-21 21:39:32.157101210,Medium,IT Support,Software,Resolved
TCK-8570,2025-06-16 21:26:01.973611614,2025-06-17 20:07:19.504585354,Medium,HR,Software,Closed
TCK-8571,2025-06-28 04:31:08.365152570,2025-06-28 19:04:25.394523043,Low,Operations,Database,Resolved
TCK-8572,2025-04-15 15:08:29.047458400,2025-04-15 21:29:51.538481454,Medium,  IT Support ,Access,Resolved
TCK-8573,2025-01-20 14:22:06.892516689,2025-01-21 20:38:50.792475802,Medium,Finance,Access,Resolved
TCK-8574,2025-03-24 15:26:28.325723587,2025-03-24 21:06:17.163263593,Low,IT Support,Access,Closed
TCK-8575,2025-05-22 18:26:13.029771494,2025-05-23 00:33:12.699801744,High,IT Support,Access,Resolved
TCK-8576,2025-01-05 23:46:24.250696278,2025-01-06 12:59:08.357030151,High,Operations,Hardware,Closed
TCK-8577,2025-01-11 05:45:13.441314830,2025-01-12 03:48:53.892752248,Critical,Finance,Network,Resolved
TCK-8578,2025-01-13 02:07:17.831617637,2025-01-16 05:19:32.517270346,Medium,DevOps,Hardware,Closed
TCK-8579,2025-05-12 14:04:28.113521888,2025-05-13 02:22:58.209467443,Low,Finance,Network,Closed
TCK-8580,2025-04-01 05:02:23.407414452,2025-04-02 15:26:31.950758963,Medium,Operations,Hardware,Closed
TCK-8581,2025-03-08 09:38:20.817632271,2025-03-09 06:10:27.157348426,Low,HR,Database,Closed
TCK-8582,2025-01-20 00:15:56.287910518,2025-01-20 18:52:22.675781375,Medium,IT Support,Network,Resolved
TCK-8583,2025-05-12 19:16:40.371201988,2025-05-14 12:04:00.294036242,Low,IT Support,Access,Closed
TCK-8584,2025-02-27 18:48:20.093687592,2025-03-01 07:37:39.661626719,Medium,  Operations ,Network,Closed
TCK-8585,2025-02-17 18:11:59.937645704,2025-02-18 22:47:39.194739417,Low,Operations,Access,Closed
TCK-8586,2025-04-28 10:01:08.222560824,2025-04-28 17:23:08.977567836,Low,HR,Database,Closed
TCK-8587,2025-04-11 14:55:37.401666082,2025-04-12 04:27:57.196181607,None,Finance,Network,Closed
TCK-8588,2025-03-07 05:36:50.301480466,2025-03-08 03:09:57.364183113,None,Operations,Software,Closed
TCK-8589,2025-04-26 11:13:33.145968506,2025-04-26 14:51:44.629870562,Medium,IT Support,Access,Resolved
TCK-8590,2025-02-18 19:40:37.085013806,2025-02-19 07:14:22.862838449,Low,IT Support,Network,Closed
TCK-8591,2025-05-24 01:40:00.228470490,2025-05-24 10:05:30.492219246,Critical,Finance,Hardware,Closed
TCK-8592,2025-02-11 06:39:28.315184633,2025-02-13 02:14:46.359103299,Critical,Finance,Network,Closed
TCK-8593,2025-01-29 14:10:43.838581107,2025-01-30 16:34:22.270595064,High,DevOps,Access,Closed
TCK-8594,2025-05-21 20:08:17.696526504,2025-05-22 05:11:37.246431868,Medium,IT Support,Software,Resolved
TCK-8595,2025-05-08 10:05:36.861414258,2025-05-09 07:25:00.793975652,Low,DevOps,Software,Resolved
TCK-8596,2025-02-02 21:00:01.350114369,2025-02-03 00:17:24.348078648,Low,  IT Support ,Hardware,Resolved
TCK-8597,2025-01-21 22:10:53.945833915,2025-01-22 13:56:26.469082547,Critical,IT Support,Database,Closed
TCK-8598,2025-05-31 21:53:02.624145034,2025-06-03 10:20:07.264919624,High,DevOps,Software,Resolved
TCK-8599,2025-05-20 18:54:19.595122892,2025-05-21 02:02:07.878665204,Medium,IT Support,Database,Closed
TCK-8600,2025-02-28 21:45:06.675777178,2025-03-01 22:48:48.412866773,Low,Operations,Access,Closed
TCK-8601,2025-04-29 11:24:46.092534280,2025-04-29 18:24:13.613152302,Medium,IT Support,Network,Resolved
TCK-8602,2025-01-23 08:22:19.221191553,2025-01-24 05:09:54.042781576,High,Operations,Database,Resolved
TCK-8603,2025-04-02 06:26:45.193509490,2025-04-04 03:45:25.931325929,High,DevOps,Access,Closed
TCK-8604,2025-01-04 08:54:53.502123649,2025-01-05 03:39:25.878304848,Medium,HR,Access,Closed
TCK-8605,2025-03-12 11:43:12.452092030,2025-03-13 22:54:48.438646224,Low,Operations,Access,Closed
TCK-8606,2025-01-14 11:19:15.559523292,2025-01-14 22:20:19.415603449,Low,IT Support,Hardware,Closed
TCK-8607,2025-03-27 12:38:08.945799837,2025-03-28 06:53:25.306242139,High,Operations,Hardware,Resolved
TCK-8608,2025-03-17 21:39:52.971856212,2025-03-18 07:22:07.173046041,High,  HR ,Database,Closed
TCK-8609,2025-03-21 23:44:35.934275047,2025-03-22 06:26:04.741901822,Low,IT Support,Access,Resolved
TCK-8610,2025-01-09 03:49:52.409450403,2025-01-10 01:07:18.722912744,Low,HR,Database,Resolved
TCK-8611,2025-03-07 02:10:57.339615057,2025-03-07 06:11:38.561522321,Medium,IT Support,Software,Resolved
TCK-8612,2025-05-17 04:00:36.821201902,2025-05-19 09:53:50.330572996,Medium,DevOps,Database,Resolved
TCK-8613,2025-03-08 09:42:36.334395500,2025-03-08 22:02:52.520151491,Medium,HR,Network,Closed
TCK-8614,2025-05-09 17:32:34.206984198,2025-05-09 23:11:16.065008916,Medium,IT Support,Access,Closed
TCK-8615,2025-03-08 12:08:53.109951819,2025-03-08 20:20:45.604617934,High,HR,Database,Closed
TCK-8616,2025-03-18 04:23:39.794055380,2025-03-19 00:17:18.743993784,High,HR,Hardware,Resolved
TCK-8617,2025-04-12 12:00:50.138720747,2025-04-13 12:20:06.812682164,Low,Finance,Network,Closed
TCK-8618,2025-06-21 02:56:45.481223748,2025-06-23 23:33:04.567367934,Medium,DevOps,Database,Resolved
TCK-8619,2025-01-20 14:16:37.666248781,2025-01-20 21:49:41.922319916,Low,HR,Database,Closed
TCK-8620,2025-01-06 22:11:14.930218573,2025-01-07 21:24:17.854014832,High,  DevOps ,Database,Resolved
TCK-8621,2025-04-20 10:22:30.122613824,2025-04-21 03:33:49.998766675,High,Operations,Hardware,Resolved
TCK-8622,2025-06-20 20:05:57.927014888,2025-06-21 01:56:09.463366724,Low,IT Support,Database,Resolved
TCK-8623,2025-06-28 03:36:14.157490926,2025-06-28 21:39:32.705766814,Low,Operations,Software,Resolved
TCK-8624,2025-03-29 03:35:22.375440412,2025-03-30 00:42:26.900513915,Low,Operations,Software,Closed
TCK-8625,2025-03-26 06:06:45.371115451,2025-03-27 05:02:47.222229636,Medium,Operations,Software,Closed
TCK-8626,2025-04-27 02:14:36.562629292,2025-04-29 20:04:23.403392905,Low,DevOps,Database,Resolved
TCK-8627,2025-04-11 00:20:31.744051691,2025-04-11 07:44:32.430040690,Medium,HR,Network,Resolved
TCK-8628,2025-04-25 03:15:37.472014764,2025-04-26 15:57:49.443870044,Medium,DevOps,Hardware,Closed
TCK-8629,2025-06-07 07:40:39.065965330,2025-06-08 01:24:23.465380721,Medium,Finance,Software,Closed
TCK-8630,2025-05-15 08:02:33.547871300,2025-05-16 01:38:55.712070212,High,HR,Software,Resolved
TCK-8631,2025-03-31 10:30:37.195513044,2025-04-01 08:50:33.780221711,Medium,Operations,Network,Closed
TCK-8632,2025-03-25 03:15:16.066370637,2025-03-25 11:55:25.366093832,Critical,  HR ,Software,Closed
TCK-8633,2025-04-26 03:04:46.392875980,2025-04-26 22:50:04.706457606,Low,DevOps,Hardware,Closed
TCK-8634,2025-03-24 00:39:04.135304467,2025-03-24 23:53:54.774618855,Low,Operations,Network,Closed
TCK-8635,2025-03-24 09:36:24.470883231,2025-03-24 18:12:24.663319079,Medium,IT Support,Access,Closed
TCK-8636,2025-01-03 22:26:29.384583722,2025-01-04 11:09:53.085308343,Medium,HR,Hardware,Closed
TCK-8637,2025-02-01 07:57:25.464958460,2025-02-02 08:58:09.517048370,Low,Operations,Hardware,Resolved
TCK-8638,2025-03-29 22:22:44.129213952,2025-03-30 10:38:01.749114633,Medium,IT Support,Database,Resolved
TCK-8639,2025-05-29 01:51:46.595151340,2025-05-29 08:23:07.439452084,Low,IT Support,Access,Closed
TCK-8640,2025-02-20 04:06:02.408620234,2025-02-20 13:22:28.828979824,Critical,HR,Access,Closed
TCK-8641,2025-04-05 01:49:10.672055630,2025-04-05 09:22:30.654330715,Medium,HR,Network,Closed
TCK-8642,2025-03-04 02:14:10.342175579,2025-03-04 16:40:32.621078461,Medium,HR,Software,Closed
TCK-8643,2025-01-19 20:45:11.645319688,2025-01-20 00:55:32.204435296,Critical,IT Support,Access,Closed
TCK-8644,2025-06-22 11:50:58.008724866,2025-06-22 20:46:57.712653617,High,  IT Support ,Network,Closed
TCK-8645,2025-06-03 20:11:28.030132692,2025-06-05 05:15:59.511802239,Medium,Operations,Access,Closed
TCK-8646,2025-01-15 03:05:14.185309328,2025-01-15 18:10:16.981357556,Medium,Operations,Hardware,Resolved
TCK-8647,2025-05-10 13:28:51.505906762,2025-05-10 19:58:55.293417246,Medium,IT Support,Access,Closed
TCK-8648,2025-03-04 13:32:42.672567843,2025-03-06 04:06:11.576708283,Low,HR,Software,Closed
TCK-8649,2025-06-29 01:45:04.199424998,2025-06-30 16:02:32.872691610,Low,Operations,Network,Resolved
TCK-8650,2025-02-24 10:21:41.780380261,2025-02-24 16:09:39.886872832,Low,IT Support,Software,Closed
TCK-8651,2025-02-12 23:21:00.302279154,2025-02-13 08:27:42.863537554,High,IT Support,Database,Resolved
TCK-8652,2025-04-13 05:17:13.807245662,2025-04-13 15:18:19.393817966,Low,IT Support,Software,Closed
TCK-8653,2025-05-31 07:44:42.092313510,2025-06-01 10:52:16.732463992,Low,Finance,Software,Closed
TCK-8654,2025-02-04 15:40:53.494541498,2025-02-07 04:23:07.948662526,Low,Finance,Network,Closed
TCK-8655,2025-05-08 16:37:11.874675040,2025-05-09 18:12:43.835784453,Medium,Finance,Hardware,Closed
TCK-8656,2025-01-12 01:16:35.181010724,2025-01-13 04:51:43.009116132,Medium,  Finance ,Access,Resolved
TCK-8657,2025-06-15 09:47:53.124854452,2025-06-16 11:11:48.894155646,Medium,Operations,Access,Resolved
TCK-8658,2025-01-15 14:14:37.095922790,2025-01-16 15:59:15.517459493,Low,HR,Network,Resolved
TCK-8659,2025-06-14 13:28:46.364904414,2025-06-15 18:14:05.367986530,Critical,Operations,Network,Resolved
TCK-8660,2025-03-30 08:17:14.343488434,2025-03-30 19:24:40.888467892,Medium,IT Support,Hardware,Closed
TCK-8661,2025-03-22 15:45:12.986202145,2025-03-23 00:00:37.012964637,Medium,Operations,Hardware,Closed
TCK-8662,2025-06-25 04:41:11.700389856,2025-06-25 23:52:50.551280915,Critical,Finance,Database,Closed
TCK-8663,2025-06-28 06:27:34.731562704,2025-06-29 09:34:28.270943411,None,Operations,Access,Closed
TCK-8664,2025-04-28 00:46:10.214945660,2025-04-28 16:51:48.312596236,Medium,HR,Access,Closed
TCK-8665,2025-01-23 21:09:19.226960818,2025-01-24 10:00:09.359324408,Critical,IT Support,Database,Closed
TCK-8666,2025-04-02 02:39:17.172109709,2025-04-04 00:53:59.411631790,Medium,Operations,Network,Resolved
TCK-8667,2025-04-06 05:59:04.546062462,2025-04-06 15:58:39.536998746,Low,Operations,Access,Resolved
TCK-8668,2025-04-03 14:24:30.850360337,2025-04-05 21:10:03.359401922,Low,  DevOps ,Software,Closed
TCK-8669,2025-04-13 12:12:17.072663192,2025-04-14 00:14:33.522513438,Medium,HR,Network,Closed
TCK-8670,2025-01-04 08:53:26.748930363,2025-01-05 23:59:58.502364675,Medium,Finance,Network,Resolved
TCK-8671,2025-05-09 00:30:06.681429254,2025-05-09 18:08:04.798387476,Medium,Operations,Hardware,Resolved
TCK-8672,2025-05-09 05:32:36.183972870,2025-05-12 23:20:05.311762064,Critical,DevOps,Database,Closed
TCK-8673,2025-01-21 18:49:45.943566513,2025-01-22 14:02:20.854315986,Medium,Operations,Network,Resolved
TCK-8674,2025-04-13 15:26:03.808917092,2025-04-14 04:30:06.169800562,Low,Operations,Hardware,Closed
TCK-8675,2025-04-13 07:19:13.109241167,2025-04-14 05:31:30.436209844,Low,Operations,Software,Resolved
TCK-8676,2025-05-03 20:11:08.934801104,2025-05-05 00:59:36.840997221,None,Finance,Software,Resolved
TCK-8677,2025-01-16 08:55:04.908084781,2025-01-18 15:40:55.841923217,High,DevOps,Access,Resolved
TCK-8678,2025-04-23 18:29:39.434602332,2025-04-24 05:07:43.218448688,Medium,IT Support,Database,Closed
TCK-8679,2025-02-20 12:50:54.338007098,2025-02-21 18:08:55.494818708,High,IT Support,Database,Closed
TCK-8680,2025-04-02 06:15:10.508196466,2025-04-03 11:34:24.118907529,High,  DevOps ,Hardware,Closed
TCK-8681,2025-05-20 04:45:27.891653800,2025-05-20 21:52:59.272558838,Critical,Operations,Access,Closed
TCK-8682,2025-05-08 00:23:25.602317582,2025-05-08 13:41:57.438620263,Medium,Operations,Database,Closed
TCK-8683,2025-01-22 09:39:39.730928153,2025-01-23 00:28:56.987101517,Medium,HR,Access,Closed
TCK-8684,2025-04-17 09:55:05.809229170,2025-04-17 19:27:33.320690377,Low,IT Support,Hardware,Closed
TCK-8685,2025-06-24 10:35:00.289190366,2025-06-25 14:46:55.863480260,None,Finance,Access,Closed
TCK-8686,2025-01-29 05:14:38.289433955,2025-01-30 06:34:51.596820296,None,Finance,Network,Closed
TCK-8687,2025-06-03 12:33:31.028305654,2025-06-03 23:01:36.143788129,High,HR,Network,Resolved
TCK-8688,2025-05-07 11:00:27.748772338,2025-05-07 20:08:43.491401468,Medium,HR,Network,Resolved
TCK-8689,2025-05-20 07:41:39.522372582,2025-05-21 04:00:13.539459962,Medium,Finance,Network,Resolved
TCK-8690,2025-02-20 18:03:35.903722422,2025-02-21 09:06:06.492099423,Medium,IT Support,Software,Resolved
TCK-8691,2025-02-21 19:40:48.629715309,2025-02-24 08:46:21.176253192,Low,DevOps,Software,Resolved
TCK-8692,2025-06-13 02:00:14.576235942,2025-06-13 10:10:59.388505278,Medium,  IT Support ,Database,Resolved
TCK-8693,2025-03-06 18:28:27.763103472,2025-03-07 05:42:55.867583115,Low,Operations,Software,Resolved
TCK-8694,2025-01-12 08:13:35.356054588,2025-01-13 13:59:36.556265354,None,DevOps,Access,Closed
TCK-8695,2025-04-19 02:34:39.934067606,2025-04-21 05:48:05.652376438,Medium,Operations,Access,Resolved
TCK-8696,2025-01-23 11:12:44.388938737,2025-01-24 10:36:43.534741201,Critical,HR,Software,Closed
TCK-8697,2025-05-24 09:17:44.746375788,2025-05-25 09:00:07.619938425,High,Operations,Access,Closed
TCK-8698,2025-04-26 12:20:40.673776444,2025-04-27 11:19:25.377190303,Low,HR,Database,Closed
TCK-8699,2025-06-07 10:49:06.609200230,2025-06-08 05:10:54.182563739,Low,IT Support,Hardware,Closed
TCK-8700,2025-05-22 06:29:48.908619544,2025-05-22 23:54:56.840767478,None,DevOps,Software,Resolved
TCK-8701,2025-01-21 04:19:51.458955626,2025-01-22 00:28:11.492798891,High,Finance,Network,Closed
TCK-8702,2025-03-10 14:13:31.159908135,2025-03-11 04:02:37.892601356,Low,Operations,Access,Closed
TCK-8703,2025-05-20 10:06:01.006671662,2025-05-21 05:08:42.633915626,Low,HR,Access,Closed
TCK-8704,2025-03-17 02:54:54.592237898,2025-03-17 12:07:25.014493560,Medium,  IT Support ,Hardware,Closed
TCK-8705,2025-06-25 00:37:08.019298222,2025-06-25 13:01:31.476468439,Low,IT Support,Database,Closed
TCK-8706,2025-05-13 10:23:55.476742922,2025-05-14 00:22:08.276879601,Low,Operations,Access,Closed
TCK-8707,2025-01-03 18:57:34.704367872,2025-01-05 19:36:34.237490483,High,Finance,Network,Closed
TCK-8708,2025-06-08 09:32:17.475154128,2025-06-09 02:55:29.554950918,Medium,Operations,Hardware,Closed
TCK-8709,2025-01-19 03:28:36.014275807,2025-01-20 14:08:56.892947534,Medium,Finance,Access,Closed
TCK-8710,2025-01-26 07:03:44.958448695,2025-01-26 22:30:53.881147049,Critical,IT Support,Network,Resolved
TCK-8711,2025-05-13 05:00:25.814303064,2025-05-14 05:48:22.285061547,Medium,HR,Access,Closed
TCK-8712,2025-06-05 16:39:51.036262828,2025-06-06 02:50:41.065026733,Critical,IT Support,Network,Closed
TCK-8713,2025-04-07 13:01:49.413093895,2025-04-08 10:25:12.788956224,Low,HR,Hardware,Closed
TCK-8714,2025-02-22 00:41:41.446772758,2025-02-22 21:00:01.591086097,Low,IT Support,Database,Closed
TCK-8715,2025-03-05 05:40:59.359777386,2025-03-06 21:45:34.427058248,Low,DevOps,Software,Closed
TCK-8716,2025-03-03 17:16:54.853877863,2025-03-03 23:11:01.027364265,Low,  IT Support ,Software,Resolved
TCK-8717,2025-02-28 19:14:57.870445535,2025-03-02 12:44:30.852812703,None,DevOps,Database,Closed
TCK-8718,2025-02-13 17:22:11.216170297,2025-02-14 07:18:27.134701174,None,HR,Access,Resolved
TCK-8719,2025-04-20 14:18:21.055673832,2025-04-20 23:53:19.715675272,High,DevOps,Hardware,Closed
TCK-8720,2025-06-12 01:45:03.514323926,2025-06-13 00:25:42.312368944,Medium,Operations,Network,Closed
TCK-8721,2025-02-25 06:35:45.688272121,2025-02-26 15:27:28.362352073,High,DevOps,Hardware,Resolved
TCK-8722,2025-02-03 14:31:09.714119881,2025-02-04 05:40:24.688348104,Medium,IT Support,Database,Closed
TCK-8723,2025-05-31 22:39:19.867408398,2025-06-01 15:29:35.943156594,Low,Finance,Access,Closed
TCK-8724,2025-05-14 12:30:14.361996666,2025-05-15 03:06:20.188310755,Medium,DevOps,Access,Resolved
TCK-8725,2025-06-17 13:12:57.514819728,2025-06-17 22:27:50.290891252,Medium,IT Support,Database,Resolved
TCK-8726,2025-01-30 19:02:42.928127554,2025-01-31 05:19:29.247901538,Low,IT Support,Hardware,Resolved
TCK-8727,2025-01-26 23:09:56.437141231,2025-01-27 14:02:51.959039407,Low,HR,Software,Closed
TCK-8728,2025-04-08 10:58:29.940231308,2025-04-09 18:17:51.487934271,Low,  DevOps ,Hardware,Closed
TCK-8729,2025-04-21 14:21:12.199995402,2025-04-22 00:54:07.734602603,Medium,Operations,Access,Closed
TCK-8730,2025-03-28 10:20:57.367800336,2025-03-29 03:08:29.209002987,Low,Operations,Access,Resolved
TCK-8731,2025-04-18 19:32:09.128108912,2025-04-19 02:40:36.996142299,High,IT Support,Database,Closed
TCK-8732,2025-02-02 11:14:26.165545109,2025-02-03 01:46:24.892729735,Medium,IT Support,Hardware,Resolved
TCK-8733,2025-03-28 07:55:53.104759824,2025-03-29 13:32:52.948415935,Medium,Finance,Software,Closed
TCK-8734,2025-04-29 10:57:35.507733714,2025-04-29 18:21:24.523727055,High,IT Support,Hardware,Closed
TCK-8735,2025-03-19 21:17:30.698715840,2025-03-21 15:54:41.251772532,Medium,Operations,Access,Closed
TCK-8736,2025-05-03 07:12:44.966619730,2025-05-04 10:18:44.931351014,Medium,DevOps,Hardware,Closed
TCK-8737,2025-03-23 05:08:46.795173313,2025-03-23 16:22:49.786903706,High,IT Support,Access,Closed
TCK-8738,2025-03-02 01:09:00.681259096,2025-03-02 17:42:31.968332276,Medium,Operations,Access,Closed
TCK-8739,2025-02-24 15:34:25.692298460,2025-02-25 10:47:16.316481661,High,IT Support,Network,Resolved
TCK-8740,2025-03-15 23:05:48.821390521,2025-03-16 17:53:45.083931171,Medium,  Operations ,Software,Resolved
TCK-8741,2025-01-05 03:44:49.811953587,2025-01-05 12:45:23.807659536,Low,IT Support,Database,Resolved
TCK-8742,2025-05-01 08:01:42.953113960,2025-05-02 06:52:25.418863986,Medium,Finance,Software,Closed
TCK-8743,2025-06-02 02:51:22.928525032,2025-06-02 18:31:20.820025961,Low,HR,Hardware,Closed
TCK-8744,2025-03-05 19:59:20.572779380,2025-03-06 21:51:25.763936659,Low,HR,Network,Closed
TCK-8745,2025-01-09 06:51:47.333276007,2025-01-10 10:20:19.032559341,Low,Operations,Access,Closed
TCK-8746,2025-06-27 14:52:14.090540194,2025-06-27 23:29:26.685410057,Low,IT Support,Software,Resolved
TCK-8747,2025-02-17 11:10:35.268774993,2025-02-19 20:32:08.888816508,High,Finance,Access,Closed
TCK-8748,2025-01-23 19:00:11.684534901,2025-01-24 16:58:28.184909306,High,HR,Access,Resolved
TCK-8749,2025-03-08 13:19:51.003996531,2025-03-09 03:47:21.537444025,High,Operations,Network,Resolved
TCK-8750,2025-05-13 22:33:59.095933072,2025-05-14 02:49:44.650573077,Low,IT Support,Software,Closed
TCK-8751,2025-02-22 21:43:10.914842078,2025-02-23 12:20:47.889527294,Medium,Operations,Network,Closed
TCK-8752,2025-04-14 10:43:04.227355875,2025-04-14 21:10:09.440884542,Low,  IT Support ,Access,Resolved
TCK-8753,2025-03-16 19:13:09.033486435,2025-03-17 14:21:37.289397500,Medium,HR,Software,Closed
TCK-8754,2025-01-22 04:44:25.607885970,2025-01-22 21:30:40.229857338,Critical,IT Support,Access,Closed
TCK-8755,2025-03-01 10:50:23.618277298,2025-03-02 01:00:49.550347104,Low,Finance,Access,Closed
TCK-8756,2025-05-11 11:26:26.104865164,2025-05-11 18:15:53.553537088,None,IT Support,Software,Closed
TCK-8757,2025-04-21 03:51:24.611298644,2025-04-21 21:03:40.494931827,High,DevOps,Database,Resolved
TCK-8758,2025-01-22 13:26:33.363949140,2025-01-23 05:18:54.338043299,High,DevOps,Network,Closed
TCK-8759,2025-01-30 09:33:10.115876926,2025-01-30 15:45:46.024096215,Medium,IT Support,Hardware,Closed
TCK-8760,2025-04-26 07:58:05.203949392,2025-04-27 05:35:21.801452681,High,Operations,Access,Resolved
TCK-8761,2025-05-27 09:57:16.523518152,2025-05-27 22:27:18.086693794,None,IT Support,Network,Closed
TCK-8762,2025-03-04 21:43:47.361141448,2025-03-05 06:34:04.298099952,High,HR,Network,Resolved
TCK-8763,2025-04-18 03:44:32.812669336,2025-04-18 20:05:21.469116388,Medium,Finance,Software,Resolved
TCK-8764,2025-01-31 17:10:49.092272741,2025-02-01 00:34:21.937850989,Medium,  Operations ,Software,Closed
TCK-8765,2025-02-26 01:08:44.791551596,2025-02-26 21:10:55.632663070,Low,Operations,Software,Closed
TCK-8766,2025-01-04 15:34:02.238627314,2025-01-04 21:27:41.950563252,None,IT Support,Network,Closed
TCK-8767,2025-05-19 06:57:07.540178174,2025-05-20 15:33:59.819895455,Critical,HR,Software,Closed
TCK-8768,2025-03-14 04:21:44.717109179,2025-03-14 14:47:43.393309389,Medium,IT Support,Hardware,Closed
TCK-8769,2025-05-27 21:39:44.921466290,2025-05-28 20:08:59.164260933,High,Finance,Network,Resolved
TCK-8770,2025-05-08 12:10:16.834145440,2025-05-09 01:14:05.126687810,Critical,Operations,Software,Resolved
TCK-8771,2025-05-30 04:10:30.820609274,2025-05-30 15:46:44.725217723,Low,Finance,Access,Closed
TCK-8772,2025-02-21 10:02:43.629352993,2025-02-21 14:20:05.213205950,Medium,IT Support,Network,Resolved
TCK-8773,2025-02-03 07:40:10.975613849,2025-02-03 18:04:24.669220591,Medium,HR,Database,Resolved
TCK-8774,2025-06-24 22:37:57.176598780,2025-06-25 08:38:40.598266061,High,HR,Database,Closed
TCK-8775,2025-05-10 02:51:21.744059604,2025-05-10 08:00:49.269069561,Medium,IT Support,Network,Closed
TCK-8776,2025-05-31 03:03:45.350795578,2025-05-31 20:12:32.458034113,High,  HR ,Network,Closed
TCK-8777,2025-01-03 08:44:10.227936889,2025-01-04 16:25:11.954076022,Medium,Finance,Database,Closed
TCK-8778,2025-03-05 19:16:27.118841628,2025-03-06 19:55:17.722247528,Low,DevOps,Access,Resolved
TCK-8779,2025-05-14 16:58:05.171858662,2025-05-16 16:20:10.141837756,Low,Operations,Access,Closed
TCK-8780,2025-01-15 00:53:09.018660220,2025-01-15 06:48:53.882193561,Low,HR,Access,Closed
TCK-8781,2025-04-13 02:54:30.584656088,2025-04-13 11:39:33.558793789,Low,IT Support,Hardware,Closed
TCK-8782,2025-03-19 05:35:39.679460210,2025-03-20 09:23:05.766268433,Medium,DevOps,Hardware,Closed
TCK-8783,2025-01-04 04:06:11.919058500,2025-01-04 10:33:26.682189053,Medium,IT Support,Access,Closed
TCK-8784,2025-02-12 11:24:52.175361708,2025-02-13 09:17:07.320515192,Low,DevOps,Database,Resolved
TCK-8785,2025-02-21 06:18:05.013965539,2025-02-21 20:27:07.428530970,Medium,HR,Hardware,Closed
TCK-8786,2025-01-21 03:14:05.885578007,2025-01-21 15:55:14.527793080,Medium,HR,Software,Closed
TCK-8787,2025-04-24 16:14:22.020317854,2025-04-25 17:43:24.249372071,Low,DevOps,Hardware,Closed
TCK-8788,2025-02-13 15:09:31.771469378,2025-02-13 19:35:56.602172369,Medium,  IT Support ,Database,Resolved
TCK-8789,2025-02-19 23:18:58.458080727,2025-02-20 07:19:52.488750508,High,Operations,Database,Closed
TCK-8790,2025-06-11 16:23:26.679208692,2025-06-12 07:58:21.717564419,Low,Operations,Network,Closed
TCK-8791,2025-03-26 01:58:18.337563705,2025-03-26 08:55:25.255340692,Low,IT Support,Database,Closed
TCK-8792,2025-03-12 13:59:36.941666123,2025-03-13 02:51:40.811709360,None,HR,Access,Closed
TCK-8793,2025-05-11 07:07:22.387870484,2025-05-12 00:10:16.904132978,High,Operations,Database,Resolved
TCK-8794,2025-06-13 17:31:53.769123050,2025-06-14 12:23:55.484129337,Medium,Finance,Hardware,Resolved
TCK-8795,2025-01-05 12:09:25.101164726,2025-01-05 19:48:01.889327408,Medium,IT Support,Hardware,Closed
TCK-8796,2025-03-22 16:23:30.541629526,2025-03-23 12:37:22.649190208,High,DevOps,Hardware,Resolved
TCK-8797,2025-04-20 22:34:31.649724236,2025-04-21 16:47:12.119113510,High,IT Support,Database,Closed
TCK-8798,2025-02-27 08:11:33.302055391,2025-02-27 13:53:27.760650948,Low,IT Support,Access,Resolved
TCK-8799,2025-05-20 00:48:04.894460656,2025-05-20 07:51:44.218004420,Medium,IT Support,Access,Closed
TCK-8800,2025-06-24 20:46:51.396843300,2025-06-25 02:41:59.887473034,Medium,  IT Support ,Network,Closed
TCK-8801,2025-06-19 19:36:22.399924404,2025-06-20 01:28:32.725481637,Low,IT Support,Software,Closed
TCK-8802,2025-02-17 21:02:40.452436856,2025-02-19 04:25:43.957285495,Critical,DevOps,Access,Closed
TCK-8803,2025-02-10 17:46:52.906259782,2025-02-11 07:16:25.463477863,Medium,HR,Hardware,Resolved
TCK-8804,2025-06-22 08:21:32.738442030,2025-06-22 15:06:52.027254710,Medium,IT Support,Network,Resolved
TCK-8805,2025-03-24 13:16:30.236534158,2025-03-24 20:39:06.403899208,Critical,IT Support,Access,Closed
TCK-8806,2025-02-07 11:50:46.189413126,2025-02-08 04:56:26.978214652,Low,Finance,Access,Closed
TCK-8807,2025-05-08 06:13:36.778380264,2025-05-09 20:07:22.986529669,Low,DevOps,Software,Closed
TCK-8808,2025-02-21 04:41:44.877351766,2025-02-22 04:26:51.717993991,Medium,IT Support,Software,Closed
TCK-8809,2025-02-18 02:30:24.956305005,2025-02-18 07:59:43.369206460,Medium,IT Support,Software,Closed
TCK-8810,2025-06-08 06:21:21.117945708,2025-06-08 16:42:23.400401214,High,IT Support,Access,Closed
TCK-8811,2025-01-30 05:54:35.793317602,2025-01-30 14:36:11.298644926,Low,IT Support,Access,Closed
TCK-8812,2025-01-12 14:10:39.103442908,2025-01-13 02:03:06.781866387,Medium,  IT Support ,Hardware,Resolved
TCK-8813,2025-02-18 10:53:07.517550080,2025-02-19 07:00:14.020142655,Low,HR,Database,Resolved
TCK-8814,2025-04-20 06:00:15.060459746,2025-04-20 15:25:24.938432460,High,IT Support,Software,Resolved
TCK-8815,2025-01-23 03:44:22.296127663,2025-01-23 21:23:04.868635695,Low,Operations,Hardware,Closed
TCK-8816,2025-03-26 21:17:20.343248696,2025-03-27 04:07:45.656531809,Medium,IT Support,Hardware,Closed
TCK-8817,2025-04-23 22:05:46.741334574,2025-04-24 19:14:36.624709195,High,DevOps,Network,Closed
TCK-8818,2025-06-02 18:32:37.708809040,2025-06-04 00:04:42.472590411,Critical,DevOps,Hardware,Resolved
TCK-8819,2025-02-11 09:02:11.882377459,2025-02-11 18:30:22.124468439,High,Operations,Software,Closed
TCK-8820,2025-05-28 02:56:10.021249142,2025-05-28 13:29:17.166324760,Medium,HR,Database,Closed
TCK-8821,2025-02-12 06:47:42.173113022,2025-02-13 07:29:30.217129876,Medium,HR,Hardware,Closed
TCK-8822,2025-05-02 19:37:53.249358888,2025-05-03 10:32:54.265323862,Medium,HR,Access,Closed
TCK-8823,2025-03-19 12:30:35.383695141,2025-03-21 02:47:34.100121640,High,Finance,Access,Closed
TCK-8824,2025-01-21 15:25:22.681473078,2025-01-22 21:01:53.540026736,Critical,  HR ,Hardware,Resolved
TCK-8825,2025-05-09 13:37:05.373805390,2025-05-10 17:59:31.696545758,Critical,DevOps,Software,Closed
TCK-8826,2025-02-09 04:44:04.243674325,2025-02-10 15:07:13.920025831,High,DevOps,Database,Closed
TCK-8827,2025-02-01 19:00:47.521534446,2025-02-02 07:13:26.322913578,Low,HR,Database,Resolved
TCK-8828,2025-03-06 11:57:18.185422087,2025-03-06 23:56:42.008822076,High,Operations,Software,Closed
TCK-8829,2025-04-28 14:12:49.886499486,2025-04-28 19:29:31.347658055,High,IT Support,Access,Closed
TCK-8830,2025-02-12 02:51:53.238151843,2025-02-12 15:49:18.679175110,High,IT Support,Access,Closed
TCK-8831,2025-02-03 01:25:04.251135887,2025-02-03 17:10:44.819726383,Critical,HR,Network,Closed
TCK-8832,2025-01-02 18:59:58.787094242,2025-01-03 16:23:56.998054307,Medium,IT Support,Hardware,Resolved
TCK-8833,2025-03-26 21:29:53.446126006,2025-03-28 23:53:57.444358268,Medium,DevOps,Hardware,Closed
TCK-8834,2025-03-19 03:44:55.893989721,2025-03-19 09:38:45.431997571,Low,IT Support,Access,Closed
TCK-8835,2025-02-12 02:18:31.149048476,2025-02-12 23:55:27.136178918,Medium,HR,Hardware,Closed
TCK-8836,2025-01-10 15:46:38.454678710,2025-01-11 07:13:50.969752280,Medium,  Operations ,Software,Closed
TCK-8837,2025-03-19 06:23:07.361714455,2025-03-20 15:27:40.207814339,None,Operations,Database,Resolved
TCK-8838,2025-05-22 21:02:45.887386010,2025-05-23 08:10:51.154832132,Critical,HR,Network,Closed
TCK-8839,2025-05-09 18:01:07.706400256,2025-05-10 12:20:05.255599901,High,DevOps,Software,Closed
TCK-8840,2025-06-04 22:38:02.127105368,2025-06-05 10:43:31.156800414,Low,Operations,Software,Closed
TCK-8841,2025-01-02 17:23:49.959314996,2025-01-03 03:10:58.034629673,Medium,HR,Software,Closed
TCK-8842,2025-06-23 22:55:53.214945116,2025-06-24 04:30:56.316847277,Medium,IT Support,Hardware,Resolved
TCK-8843,2025-03-03 10:54:03.352862077,2025-03-03 21:33:56.219291405,Low,HR,Database,Closed
TCK-8844,2025-06-28 06:31:06.524822236,2025-06-29 20:07:08.555551158,Low,Finance,Network,Closed
TCK-8845,2025-02-15 11:18:57.851278799,2025-02-17 07:30:05.202877774,Critical,Operations,Access,Closed
TCK-8846,2025-03-26 21:02:13.899616863,2025-03-27 09:38:08.526853318,Low,Finance,Software,Resolved
TCK-8847,2025-03-05 16:58:03.226099122,2025-03-06 19:40:35.424060463,Low,HR,Software,Closed
TCK-8848,2025-03-06 00:53:10.639591394,2025-03-06 07:34:49.104722707,Medium,  IT Support ,Software,Closed
TCK-8849,2025-06-01 14:39:31.199732252,2025-06-02 00:46:24.761254898,Critical,IT Support,Access,Closed
TCK-8850,2025-05-15 08:31:47.350795092,2025-05-15 14:44:23.530837072,High,HR,Hardware,Closed
TCK-8851,2025-06-28 14:05:39.120697708,2025-06-29 13:29:09.915053437,None,Operations,Hardware,Closed
TCK-8852,2025-04-21 10:23:00.345622756,2025-04-21 19:22:21.241114476,High,Finance,Database,Closed
TCK-8853,2025-03-25 09:16:06.711543306,2025-03-25 19:12:47.415081320,Medium,IT Support,Hardware,Closed
TCK-8854,2025-01-17 05:07:08.716550050,2025-01-17 21:16:05.806044572,Critical,HR,Hardware,Closed
TCK-8855,2025-06-29 09:08:43.196279502,2025-06-30 00:46:06.085948885,Medium,HR,Network,Closed
TCK-8856,2025-04-10 06:36:44.714402864,2025-04-10 16:26:45.029981573,Medium,HR,Network,Resolved
TCK-8857,2025-05-07 02:03:45.608621086,2025-05-07 13:15:01.914241358,Medium,IT Support,Hardware,Resolved
TCK-8858,2025-03-15 05:07:37.605599275,2025-03-15 15:27:46.237089317,High,IT Support,Network,Closed
TCK-8859,2025-04-09 14:07:54.693603477,2025-04-09 21:47:05.274405994,Critical,IT Support,Database,Closed
TCK-8860,2025-06-19 15:56:08.886398182,2025-06-20 03:49:45.455770855,Medium,  IT Support ,Hardware,Closed
TCK-8861,2025-01-30 22:55:55.098712286,2025-01-31 07:02:06.765877814,Medium,IT Support,Network,Resolved
TCK-8862,2025-02-22 15:02:58.431504119,2025-02-23 02:07:19.040315583,Critical,IT Support,Access,Resolved
TCK-8863,2025-01-28 08:53:52.886403959,2025-01-29 01:48:00.094683853,Low,Operations,Network,Closed
TCK-8864,2025-05-23 14:22:21.735971856,2025-05-24 06:11:51.849463714,High,HR,Network,Closed
TCK-8865,2025-01-12 04:02:07.890080293,2025-01-13 21:21:20.192161898,Medium,DevOps,Access,Closed
TCK-8866,2025-01-15 16:38:55.418488013,2025-01-15 23:36:54.741497275,Medium,IT Support,Database,Closed
TCK-8867,2025-02-23 17:29:40.442069158,2025-02-24 01:09:25.038509567,Medium,HR,Access,Closed
TCK-8868,2025-04-03 13:17:34.589683567,2025-04-04 05:35:41.418060316,Medium,HR,Database,Closed
TCK-8869,2025-03-15 03:06:25.698302690,2025-03-15 18:30:47.565011064,High,IT Support,Access,Resolved
TCK-8870,2025-01-09 01:36:23.263552394,2025-01-10 06:03:33.551487935,Critical,Finance,Database,Resolved
TCK-8871,2025-06-22 08:21:48.708009038,2025-06-22 18:19:44.801934350,Medium,IT Support,Database,Resolved
TCK-8872,2025-06-21 12:23:46.780608918,2025-06-22 18:44:57.994945876,High,  DevOps ,Software,Resolved
TCK-8873,2025-02-20 06:49:09.539040297,2025-02-22 03:40:45.539327708,High,DevOps,Software,Closed
TCK-8874,2025-05-12 16:11:26.368656980,2025-05-13 08:35:33.614194964,Low,Operations,Network,Closed
TCK-8875,2025-04-15 03:26:44.797831897,2025-04-15 17:47:27.878085356,Medium,Operations,Access,Closed
TCK-8876,2025-02-12 17:53:57.560727465,2025-02-14 01:10:50.286833108,Medium,Operations,Database,Closed
TCK-8877,2025-02-17 04:34:51.972685603,2025-02-17 15:28:20.985963417,Low,HR,Software,Resolved
TCK-8878,2025-03-30 09:46:54.166876126,2025-03-31 13:51:47.186218515,Medium,Operations,Network,Closed
TCK-8879,2025-03-17 11:06:12.914166945,2025-03-18 01:52:48.091464518,None,IT Support,Network,Resolved
TCK-8880,2025-02-22 10:06:38.512652622,2025-02-22 21:23:44.521560190,Medium,IT Support,Network,Resolved
TCK-8881,2025-05-26 08:27:00.345737676,2025-05-26 16:03:13.371035157,Low,HR,Software,Closed
TCK-8882,2025-03-28 15:55:11.295096610,2025-03-29 10:09:57.114131134,Low,Operations,Hardware,Closed
TCK-8883,2025-04-28 20:56:37.066275716,2025-04-30 00:57:55.992894140,Low,DevOps,Network,Resolved
TCK-8884,2025-02-04 01:39:41.474610799,2025-02-04 08:17:40.497766037,Medium,  IT Support ,Hardware,Closed
TCK-8885,2025-04-07 00:45:11.167456402,2025-04-08 03:03:56.622116776,Low,Finance,Hardware,Closed
TCK-8886,2025-02-27 05:39:23.520993858,2025-02-27 18:08:35.877415058,Low,IT Support,Hardware,Resolved
TCK-8887,2025-04-05 18:06:24.468861146,2025-04-06 05:23:50.430240780,Medium,HR,Network,Closed
TCK-8888,2025-05-21 13:10:03.361206756,2025-05-22 02:12:05.259119125,Medium,HR,Database,Closed
TCK-8889,2025-05-19 09:42:18.243339302,2025-05-19 22:17:33.616720423,Low,HR,Hardware,Closed
TCK-8890,2025-03-05 18:13:59.984789059,2025-03-06 09:26:38.644900000,Low,IT Support,Software,Closed
TCK-8891,2025-05-05 23:16:37.724822548,2025-05-06 15:06:20.856836156,Low,Operations,Software,Closed
TCK-8892,2025-06-19 10:22:21.308531796,2025-06-19 23:35:20.910253513,Low,Finance,Hardware,Closed
TCK-8893,2025-04-23 14:53:29.418992144,2025-04-23 21:21:26.247720470,Low,HR,Hardware,Closed
TCK-8894,2025-01-27 17:07:54.238846773,2025-01-28 10:09:19.574601189,Medium,HR,Hardware,Closed
TCK-8895,2025-05-03 08:20:28.602548488,2025-05-04 01:05:24.622236861,Medium,Finance,Software,Closed
TCK-8896,2025-01-19 21:11:13.016504489,2025-01-21 07:24:52.750357285,Low,  Finance ,Access,Resolved
TCK-8897,2025-06-06 23:31:01.077549158,2025-06-07 06:48:54.708632428,High,HR,Database,Closed
TCK-8898,2025-04-03 23:58:24.030711776,2025-04-04 06:27:56.152268948,Medium,IT Support,Access,Closed
TCK-8899,2025-03-11 07:48:28.731117684,2025-03-11 23:44:45.335161874,Low,DevOps,Software,Closed
TCK-8900,2025-01-11 06:16:06.559992015,2025-01-12 04:38:15.044055224,Low,Operations,Software,Resolved
TCK-8901,2025-03-10 12:59:08.640376490,2025-03-11 00:44:35.581075199,None,IT Support,Network,Closed
TCK-8902,2025-06-12 13:51:10.099426358,2025-06-12 23:55:15.503452487,None,IT Support,Access,Closed
TCK-8903,2025-01-04 18:38:47.558244587,2025-01-05 08:52:53.621616391,Low,Finance,Hardware,Closed
TCK-8904,2025-03-27 10:28:48.149822630,2025-03-27 16:20:03.795423311,Low,IT Support,Hardware,Closed
TCK-8905,2025-06-17 14:36:10.632952398,2025-06-19 01:27:22.058058961,Medium,DevOps,Software,Closed
TCK-8906,2025-03-13 01:42:47.228345607,2025-03-13 05:22:06.535871453,Medium,IT Support,Network,Closed
TCK-8907,2025-03-19 01:43:08.291411363,2025-03-19 23:26:10.295225934,Medium,Finance,Access,Closed
TCK-8908,2025-04-15 03:22:45.978456713,2025-04-16 09:41:45.653763418,Medium,  HR ,Network,Closed
TCK-8909,2025-03-25 07:53:21.411792357,2025-03-25 20:52:02.612369712,Low,HR,Database,Closed
TCK-8910,2025-01-31 08:21:33.502126415,2025-01-31 23:05:12.416795343,Low,DevOps,Network,Resolved
TCK-8911,2025-01-04 08:09:35.743614469,2025-01-04 18:38:26.334178671,Medium,HR,Database,Closed
TCK-8912,2025-04-20 18:23:10.904884766,2025-04-21 07:31:04.856619352,Critical,Operations,Access,Closed
TCK-8913,2025-06-15 17:53:04.041145494,2025-06-16 18:40:08.428127272,Low,IT Support,Hardware,Closed
TCK-8914,2025-01-20 03:29:34.996838479,2025-01-20 23:02:30.099779967,High,IT Support,Database,Closed
TCK-8915,2025-02-07 23:18:56.689818820,2025-02-08 11:33:57.040131045,Medium,IT Support,Hardware,Closed
TCK-8916,2025-03-08 15:23:28.963549988,2025-03-09 06:33:14.428520933,Low,Operations,Network,Closed
TCK-8917,2025-05-26 13:45:59.145736454,2025-05-27 05:15:33.537743721,High,IT Support,Network,Closed
TCK-8918,2025-02-18 11:12:16.441756643,2025-02-18 16:01:38.203542322,Medium,IT Support,Access,Closed
TCK-8919,2025-06-08 18:28:30.095343408,2025-06-09 18:48:02.284109113,Medium,HR,Hardware,Closed
TCK-8920,2025-01-10 21:25:04.866557832,2025-01-12 02:02:42.911442449,Medium,  Operations ,Access,Closed
TCK-8921,2025-06-19 08:55:57.373818954,2025-06-20 07:38:49.309134493,Low,Finance,Database,Resolved
TCK-8922,2025-04-11 22:25:38.555092791,2025-04-12 13:27:05.517470186,Medium,IT Support,Network,Closed
TCK-8923,2025-04-29 13:55:10.455840782,2025-04-29 20:42:59.026021463,Medium,IT Support,Network,Resolved
TCK-8924,2025-03-08 04:25:07.454485363,2025-03-08 20:53:13.754500388,Low,DevOps,Network,Resolved
TCK-8925,2025-05-21 18:12:55.128268010,2025-05-22 08:04:33.207788738,Medium,IT Support,Network,Resolved
TCK-8926,2025-01-30 23:33:58.321312683,2025-02-01 05:16:21.706643601,Low,DevOps,Network,Resolved
TCK-8927,2025-01-09 19:17:56.706731030,2025-01-11 13:10:55.128195275,Low,DevOps,Database,Closed
TCK-8928,2025-03-13 04:37:59.499208729,2025-03-15 17:31:33.901936994,High,Finance,Database,Closed
TCK-8929,2025-06-03 15:57:55.743833126,2025-06-03 21:53:20.591986497,Low,IT Support,Access,Closed
TCK-8930,2025-05-16 21:17:02.163389428,2025-05-17 20:05:20.455245630,Medium,Finance,Software,Closed
TCK-8931,2025-04-04 02:06:49.653044275,2025-04-06 07:49:04.610467417,Critical,Finance,Network,Closed
TCK-8932,2025-04-13 23:38:06.243915576,2025-04-15 00:46:55.355032894,Low,  Operations ,Network,Closed
TCK-8933,2025-01-24 09:08:13.234598244,2025-01-24 19:08:40.803131138,Medium,HR,Software,Resolved
TCK-8934,2025-06-01 07:44:38.822020638,2025-06-01 13:01:00.821934844,Medium,IT Support,Access,Resolved
TCK-8935,2025-05-22 15:39:56.989459190,2025-05-22 22:11:36.032270963,Medium,IT Support,Database,Closed
TCK-8936,2025-04-29 03:57:07.565729734,2025-04-29 16:23:42.642997020,Medium,Operations,Network,Closed
TCK-8937,2025-03-25 21:56:42.996987650,2025-03-26 18:12:47.981590817,Medium,Operations,Access,Closed
TCK-8938,2025-06-23 14:27:50.540282978,2025-06-24 05:13:55.156356774,Low,HR,Software,Closed
TCK-8939,2025-06-08 05:25:05.226622878,2025-06-08 21:44:44.816705294,Low,HR,Database,Closed
TCK-8940,2025-04-26 23:56:23.035139348,2025-04-27 09:15:57.621057400,High,HR,Database,Closed
TCK-8941,2025-03-08 22:10:49.116499262,2025-03-09 15:33:14.263600827,Low,Operations,Access,Closed
TCK-8942,2025-04-22 05:51:22.478054882,2025-04-22 16:56:50.211768023,High,DevOps,Hardware,Resolved
TCK-8943,2025-04-14 13:54:17.289404908,2025-04-14 23:02:38.293194867,High,IT Support,Hardware,Closed
TCK-8944,2025-03-12 23:07:31.394808619,2025-03-14 00:41:01.290446606,Low,  HR ,Hardware,Closed
TCK-8945,2025-02-25 04:49:53.607692960,2025-02-25 09:00:02.262986882,Low,IT Support,Software,Closed
TCK-8946,2025-03-15 06:17:11.840874838,2025-03-16 05:12:30.110488100,Low,Operations,Hardware,Closed
TCK-8947,2025-04-14 07:17:50.186631404,2025-04-15 01:20:51.502937546,Medium,Finance,Access,Closed
TCK-8948,2025-03-19 01:32:33.104946940,2025-03-20 23:50:49.077029695,High,DevOps,Database,Resolved
TCK-8949,2025-02-17 10:38:30.440507922,2025-02-17 19:50:36.614818535,Low,IT Support,Access,Closed
TCK-8950,2025-05-17 23:21:41.517816096,2025-05-19 13:18:51.048346253,Low,DevOps,Access,Closed
TCK-8951,2025-04-06 15:56:22.497129686,2025-04-07 00:43:10.551028545,Medium,IT Support,Network,Resolved
TCK-8952,2025-01-13 04:21:24.138484530,2025-01-14 15:19:42.069397995,Low,Operations,Software,Closed
TCK-8953,2025-03-08 07:07:38.295497504,2025-03-08 17:14:23.263459633,Medium,IT Support,Database,Closed
TCK-8954,2025-06-09 06:49:34.086560924,2025-06-10 04:36:44.297202337,Medium,DevOps,Network,Closed
TCK-8955,2025-05-16 22:37:18.533221652,2025-05-17 17:31:57.147484621,Low,Operations,Software,Closed
TCK-8956,2025-02-28 04:25:33.983897198,2025-02-28 19:23:39.680948712,Medium,  Operations ,Database,Resolved
TCK-8957,2025-06-18 20:57:04.380596206,2025-06-19 23:31:25.019417769,Medium,Finance,Network,Resolved
TCK-8958,2025-01-14 18:55:28.430786884,2025-01-15 01:48:55.164891174,Low,IT Support,Hardware,Resolved
TCK-8959,2025-06-23 00:32:02.114931322,2025-06-23 06:35:37.045878439,Low,IT Support,Access,Resolved
TCK-8960,2025-02-14 05:26:45.598321676,2025-02-15 15:41:37.799368770,Medium,DevOps,Hardware,Closed
TCK-8961,2025-01-02 15:17:12.692063224,2025-01-03 05:53:18.749962879,Medium,HR,Database,Closed
TCK-8962,2025-03-20 02:03:02.583933018,2025-03-20 16:31:12.841243884,Low,IT Support,Network,Resolved
TCK-8963,2025-03-06 14:45:08.122492359,2025-03-07 02:17:29.827829723,Low,HR,Network,Closed
TCK-8964,2025-04-08 00:51:52.208976057,2025-04-08 07:33:00.101205870,Low,Operations,Network,Closed
TCK-8965,2025-05-24 10:03:31.527582236,2025-05-24 17:08:41.376501569,Low,IT Support,Access,Resolved
TCK-8966,2025-06-01 15:18:03.835043752,2025-06-01 19:04:12.792306031,Medium,IT Support,Network,Resolved
TCK-8967,2025-03-14 05:18:48.953961032,2025-03-14 15:46:37.898247807,Low,IT Support,Software,Resolved
TCK-8968,2025-03-19 08:56:01.006121159,2025-03-19 15:04:57.484339414,Medium,  HR ,Software,Closed
TCK-8969,2025-01-27 16:07:40.062083974,2025-01-28 11:02:23.604683202,Low,DevOps,Software,Closed
TCK-8970,2025-01-09 13:24:20.413319854,2025-01-10 15:16:07.827775721,Medium,DevOps,Hardware,Closed
TCK-8971,2025-04-26 10:02:55.528135104,2025-04-28 01:00:05.103799799,High,Operations,Database,Resolved
TCK-8972,2025-01-12 14:22:13.952595470,2025-01-12 19:20:29.554000744,Medium,IT Support,Hardware,Closed
TCK-8973,2025-05-13 02:08:46.017242482,2025-05-14 09:20:20.366423515,Low,DevOps,Hardware,Closed
TCK-8974,2025-04-08 00:52:09.935385993,2025-04-09 00:55:29.422392361,Low,Operations,Access,Resolved
TCK-8975,2025-02-05 17:52:42.477372049,2025-02-06 11:43:48.449452214,Low,IT Support,Hardware,Closed
TCK-8976,2025-04-08 02:44:20.817508727,2025-04-10 00:28:30.227566453,Medium,DevOps,Access,Resolved
TCK-8977,2025-02-02 22:33:00.488595841,2025-02-04 16:53:08.382446120,Low,Finance,Software,Resolved
TCK-8978,2025-03-20 23:20:41.051201927,2025-03-22 13:05:19.468093125,Low,Finance,Software,Resolved
TCK-8979,2025-05-24 22:06:02.038199144,2025-05-25 11:29:06.927759801,Critical,Finance,Hardware,Resolved
TCK-8980,2025-03-25 03:29:28.851122233,2025-03-25 13:39:58.063011577,Low,  IT Support ,Hardware,Closed
TCK-8981,2025-01-27 18:22:51.798163470,2025-01-28 07:22:25.938114039,Critical,IT Support,Software,Closed
TCK-8982,2025-05-11 06:56:23.659710442,2025-05-11 18:05:51.049152999,High,Operations,Network,Resolved
TCK-8983,2025-02-03 14:50:22.409831177,2025-02-03 21:12:02.024199251,High,IT Support,Software,Closed
TCK-8984,2025-05-13 22:32:07.646203942,2025-05-14 08:02:19.755777873,High,HR,Network,Closed
TCK-8985,2025-03-28 06:48:06.801884639,2025-03-29 18:51:16.892257070,Low,Finance,Software,Closed
TCK-8986,2025-03-23 16:09:51.837434579,2025-03-24 15:49:48.852846755,Low,Finance,Database,Closed
TCK-8987,2025-06-03 06:11:57.708759448,2025-06-03 18:17:40.878895781,Low,HR,Access,Resolved
TCK-8988,2025-05-08 13:10:02.010546080,2025-05-09 02:04:30.386986500,Low,Finance,Access,Closed
TCK-8989,2025-01-06 22:10:28.714243215,2025-01-07 21:51:46.145307044,Low,Finance,Database,Closed
TCK-8990,2025-02-23 07:28:22.940684120,2025-02-23 21:01:32.260167805,High,Operations,Network,Closed
TCK-8991,2025-06-06 18:22:38.117537624,2025-06-07 03:58:37.179165305,Low,IT Support,Hardware,Closed
TCK-8992,2025-01-04 07:10:08.573214929,2025-01-04 11:58:07.996871908,Low,  IT Support ,Hardware,Closed
TCK-8993,2025-04-09 03:29:41.596266164,2025-04-09 19:00:57.260450014,Medium,HR,Access,Resolved
TCK-8994,2025-05-12 00:12:24.806993176,2025-05-12 07:01:54.768594616,Low,IT Support,Hardware,Closed
TCK-8995,2025-04-22 22:25:05.841456122,2025-04-23 02:58:10.600007557,Medium,IT Support,Network,Closed
TCK-8996,2025-05-17 21:29:56.807128194,2025-05-18 01:52:34.961828324,Low,IT Support,Hardware,Closed
TCK-8997,2025-05-11 14:59:19.634322128,2025-05-11 22:52:19.093527253,High,HR,Software,Resolved
TCK-8998,2025-05-05 13:34:21.371021218,2025-05-06 17:31:58.655238846,Medium,DevOps,Database,Closed
TCK-8999,2025-05-28 21:03:07.917115742,2025-05-29 06:04:56.291390599,Medium,IT Support,Access,Closed
TCK-9000,2025-04-27 05:23:01.275727220,2025-04-28 09:25:20.518507374,Low,Finance,Hardware,Resolved
TCK-9001,2025-03-14 10:26:52.422684585,2025-03-15 07:26:24.136872681,Critical,Operations,Network,Closed
TCK-9002,2025-03-26 22:38:50.477391666,2025-03-27 04:27:52.093457195,Low,IT Support,Hardware,Closed
TCK-9003,2025-05-10 00:15:03.820261920,2025-05-12 04:52:33.321351721,High,DevOps,Database,Closed
TCK-9004,2025-06-07 17:38:31.373377978,2025-06-08 08:04:16.756413075,None,  Operations ,Software,Closed
TCK-9005,2025-02-18 23:59:06.790660191,2025-02-19 17:46:10.321816358,Medium,HR,Access,Resolved
TCK-9006,2025-03-03 13:46:18.330942092,2025-03-04 12:20:28.202977992,Medium,Finance,Access,Closed
TCK-9007,2025-06-17 12:47:39.092228242,2025-06-17 23:03:01.204672941,Low,IT Support,Network,Resolved
TCK-9008,2025-04-15 03:10:15.395551695,2025-04-15 19:20:30.309207084,Medium,Operations,Software,Closed
TCK-9009,2025-02-02 05:06:54.180083536,2025-02-02 15:27:50.345558869,High,IT Support,Hardware,Closed
TCK-9010,2025-04-30 11:09:46.800365378,2025-05-01 11:34:21.552377359,Low,Finance,Hardware,Closed
TCK-9011,2025-06-28 08:05:33.042948432,2025-06-29 05:25:24.707163351,Critical,HR,Network,Closed
TCK-9012,2025-05-29 05:19:09.834643662,2025-05-29 17:16:22.654702905,Medium,Operations,Software,Resolved
TCK-9013,2025-05-15 05:36:06.155647416,2025-05-15 09:06:35.895530832,Medium,IT Support,Network,Closed
TCK-9014,2025-02-07 10:45:41.567149019,2025-02-07 21:49:31.825903368,Medium,Operations,Database,Closed
TCK-9015,2025-06-07 16:55:25.931405680,2025-06-09 10:44:01.446715021,Low,Finance,Database,Resolved
TCK-9016,2025-04-05 15:24:28.094664819,2025-04-06 04:33:06.360939820,Low,  HR ,Hardware,Closed
TCK-9017,2025-06-10 01:43:58.423263054,2025-06-10 20:34:50.958515533,Low,Operations,Database,Closed
TCK-9018,2025-03-01 08:51:22.403215723,2025-03-01 17:14:27.777234268,Medium,HR,Network,Resolved
TCK-9019,2025-01-12 04:03:37.970586250,2025-01-13 12:05:36.476020152,Critical,DevOps,Access,Resolved
TCK-9020,2025-03-27 16:12:58.264596372,2025-03-28 00:43:52.458589482,Medium,HR,Database,Closed
TCK-9021,2025-02-18 13:41:54.430127633,2025-02-19 05:30:38.389180219,Medium,Finance,Network,Resolved
TCK-9022,2025-05-09 17:47:25.914600988,2025-05-10 13:49:28.346763919,Low,Finance,Access,Closed
TCK-9023,2025-06-22 06:42:01.110017016,2025-06-23 00:26:23.105782000,High,HR,Access,Closed
TCK-9024,2025-05-05 09:00:29.998709122,2025-05-05 20:12:33.070222931,Medium,IT Support,Database,Closed
TCK-9025,2025-06-09 15:33:16.474837532,2025-06-10 10:31:22.030400256,Medium,HR,Software,Closed
TCK-9026,2025-03-23 13:03:49.459525961,2025-03-24 00:08:17.097063115,Critical,Finance,Database,Closed
TCK-9027,2025-05-19 21:29:16.744861332,2025-05-20 05:57:34.947706351,Critical,IT Support,Database,Closed
TCK-9028,2025-06-01 17:56:51.527118332,2025-06-02 10:15:39.413882540,Medium,  Operations ,Software,Resolved
TCK-9029,2025-05-08 22:58:57.760179252,2025-05-09 10:22:15.451463232,Critical,Finance,Database,Resolved
TCK-9030,2025-04-02 09:35:52.352953869,2025-04-02 23:54:42.534911270,Medium,HR,Network,Resolved
TCK-9031,2025-04-23 15:44:29.736738204,2025-04-24 07:37:23.321944953,High,Operations,Software,Closed
TCK-9032,2025-05-07 02:11:24.796797946,2025-05-07 13:10:03.056855127,Medium,IT Support,Network,Closed
TCK-9033,2025-02-15 13:19:28.638899631,2025-02-15 22:10:37.313729525,Low,IT Support,Access,Closed
TCK-9034,2025-05-26 17:22:56.665749844,2025-05-27 11:59:53.691170819,None,Finance,Software,Resolved
TCK-9035,2025-06-21 01:24:07.230019034,2025-06-21 14:54:19.756012385,Low,IT Support,Access,Closed
TCK-9036,2025-03-25 17:50:01.829678365,2025-03-25 20:38:00.116182969,Low,IT Support,Hardware,Resolved
TCK-9037,2025-05-07 04:36:36.831724814,2025-05-08 10:37:47.838987009,Low,DevOps,Hardware,Resolved
TCK-9038,2025-05-13 15:57:06.886851584,2025-05-13 21:49:56.151395834,Low,HR,Network,Closed
TCK-9039,2025-04-30 04:54:33.859054060,2025-05-01 00:33:20.648218085,Low,DevOps,Access,Closed
TCK-9040,2025-04-09 11:32:14.164726939,2025-04-11 03:50:20.343385858,Medium,  DevOps ,Access,Resolved
TCK-9041,2025-06-08 16:43:08.989547454,2025-06-08 21:12:51.017952589,None,IT Support,Software,Closed
TCK-9042,2025-03-22 19:21:48.182549846,2025-03-22 23:32:04.554956101,Low,IT Support,Hardware,Resolved
TCK-9043,2025-01-11 23:57:53.179279658,2025-01-15 08:34:35.824253002,High,Finance,Network,Closed
TCK-9044,2025-06-02 00:29:00.755075516,2025-06-02 07:40:48.223527531,Low,HR,Network,Resolved
TCK-9045,2025-05-02 07:35:56.747066996,2025-05-03 03:00:00.487027263,Low,IT Support,Software,Closed
TCK-9046,2025-06-02 20:47:50.159322504,2025-06-03 19:16:33.790156793,Medium,Finance,Software,Resolved
TCK-9047,2025-01-25 22:31:29.824899885,2025-01-26 05:03:47.102571725,High,IT Support,Network,Resolved
TCK-9048,2025-01-06 12:51:09.730807108,2025-01-08 06:00:32.912479994,Low,DevOps,Software,Resolved
TCK-9049,2025-06-18 04:29:52.852028660,2025-06-18 21:04:50.764137192,Low,IT Support,Access,Closed
TCK-9050,2025-01-27 14:11:10.612588131,2025-01-27 18:58:43.267471273,Low,IT Support,Network,Closed
TCK-9051,2025-05-26 17:41:53.068359668,2025-05-27 00:17:02.551819631,Critical,IT Support,Database,Closed
TCK-9052,2025-05-29 04:16:01.020793248,2025-05-31 03:36:36.348868085,Low,  DevOps ,Hardware,Closed
TCK-9053,2025-05-08 13:36:23.278938094,2025-05-09 10:23:39.556351810,Medium,Operations,Hardware,Closed
TCK-9054,2025-01-24 15:03:09.906916329,2025-01-26 09:33:29.485580888,Critical,Finance,Database,Resolved
TCK-9055,2025-05-01 03:09:43.409169680,2025-05-01 21:32:00.636621236,Medium,HR,Database,Resolved
TCK-9056,2025-06-10 00:51:14.543899416,2025-06-11 11:55:27.541929170,Critical,HR,Access,Closed
TCK-9057,2025-03-18 14:17:48.139943336,2025-03-18 23:35:26.253281367,Critical,IT Support,Network,Closed
TCK-9058,2025-03-16 10:23:34.119295970,2025-03-17 02:15:29.953469426,Medium,HR,Software,Resolved
TCK-9059,2025-03-21 17:08:52.430579126,2025-03-22 14:17:21.412773510,Medium,Operations,Hardware,Closed
TCK-9060,2025-01-15 19:24:52.443796362,2025-01-16 12:10:36.422974283,Low,Operations,Database,Resolved
TCK-9061,2025-06-10 13:33:01.649554146,2025-06-11 02:32:22.372083788,None,IT Support,Network,Closed
TCK-9062,2025-06-06 10:52:11.900624898,2025-06-07 21:46:14.537485416,Low,DevOps,Software,Resolved
TCK-9063,2025-06-29 14:58:05.772482532,2025-06-30 03:34:26.613571379,High,IT Support,Hardware,Closed
TCK-9064,2025-04-16 07:59:28.216583326,2025-04-18 09:42:09.766308010,Low,  DevOps ,Network,Closed
TCK-9065,2025-05-16 05:08:52.330091952,2025-05-16 15:40:42.800945046,Low,IT Support,Hardware,Closed
TCK-9066,2025-02-06 11:32:33.486891202,2025-02-07 05:47:29.219597705,Low,HR,Access,Closed
TCK-9067,2025-05-01 03:43:28.181022284,2025-05-01 12:17:34.299285136,Medium,HR,Hardware,Resolved
TCK-9068,2025-04-27 22:50:45.263874940,2025-04-28 09:37:47.726632462,Low,HR,Access,Closed
TCK-9069,2025-06-12 05:13:18.259808756,2025-06-13 08:39:48.353145316,Low,Operations,Access,Closed
TCK-9070,2025-05-30 13:01:28.425593282,2025-05-31 17:57:35.011058958,Low,HR,Access,Closed
TCK-9071,2025-06-18 22:10:30.426631452,2025-06-19 03:33:24.983376738,Low,HR,Software,Closed
TCK-9072,2025-06-06 09:21:38.167455400,2025-06-07 03:48:16.728775854,Medium,Finance,Software,Closed
TCK-9073,2025-06-06 08:45:27.453466946,2025-06-07 02:58:17.298085247,Medium,Operations,Access,Resolved
TCK-9074,2025-01-12 11:17:05.176662946,2025-01-13 03:04:09.799473133,Low,Finance,Network,Closed
TCK-9075,2025-06-02 06:33:20.288327506,2025-06-02 12:11:22.418004491,Medium,IT Support,Access,Resolved
TCK-9076,2025-04-20 08:18:23.991312492,2025-04-21 07:07:51.959134821,High,  Operations ,Network,Closed
TCK-9077,2025-03-10 11:31:12.113864228,2025-03-12 03:12:30.466583879,Medium,Operations,Hardware,Resolved
TCK-9078,2025-01-11 04:08:35.438483145,2025-01-11 09:17:04.566781196,None,HR,Software,Closed
TCK-9079,2025-05-02 23:33:02.545192662,2025-05-03 12:35:25.715869344,Low,HR,Network,Resolved
TCK-9080,2025-03-01 01:49:53.624361027,2025-03-01 19:43:58.871450573,High,HR,Network,Closed
TCK-9081,2025-03-26 04:47:36.473062812,2025-03-26 17:20:56.920916586,Medium,IT Support,Network,Resolved
TCK-9082,2025-05-03 17:04:00.653081448,2025-05-04 03:02:14.420843919,Medium,IT Support,Database,Closed
TCK-9083,2025-06-14 02:51:57.755319468,2025-06-14 23:22:23.040011099,Medium,IT Support,Software,Closed
TCK-9084,2025-05-29 13:53:14.911488936,2025-05-30 08:08:58.286127097,Low,Operations,Database,Resolved
TCK-9085,2025-03-23 02:34:46.551819185,2025-03-24 13:16:00.148430067,Low,Operations,Hardware,Closed
TCK-9086,2025-03-11 19:13:23.664606085,2025-03-12 17:39:44.295067280,Medium,DevOps,Network,Resolved
TCK-9087,2025-02-13 03:50:54.498502626,2025-02-14 05:04:08.973554275,Low,Finance,Software,Closed
TCK-9088,2025-03-09 00:53:00.834288658,2025-03-09 05:31:08.042842320,Medium,  IT Support ,Software,Closed
TCK-9089,2025-01-20 23:43:13.415163602,2025-01-23 00:21:32.720180806,High,DevOps,Software,Closed
TCK-9090,2025-06-24 19:10:32.866088662,2025-06-26 00:21:50.517977177,Medium,DevOps,Network,Closed
TCK-9091,2025-04-14 07:19:24.088459371,2025-04-15 00:18:19.198975232,Low,HR,Access,Closed
TCK-9092,2025-01-24 00:07:16.467151151,2025-01-24 15:30:38.777044824,Low,Operations,Access,Resolved
TCK-9093,2025-03-05 12:07:19.056103366,2025-03-07 05:41:04.525462552,Low,DevOps,Access,Resolved
TCK-9094,2025-04-09 11:12:32.761588441,2025-04-10 09:09:58.178926429,Low,Operations,Database,Closed
TCK-9095,2025-04-06 22:03:57.421038805,2025-04-07 16:55:07.504128427,Low,DevOps,Network,Closed
TCK-9096,2025-01-07 09:22:28.390312170,2025-01-07 14:41:44.396254102,Low,IT Support,Hardware,Resolved
TCK-9097,2025-06-21 03:37:59.764331140,2025-06-21 12:00:57.838620299,Low,IT Support,Database,Resolved
TCK-9098,2025-02-19 13:37:22.598298339,2025-02-20 09:22:13.743484373,Low,HR,Software,Closed
TCK-9099,2025-01-03 21:55:03.971228771,2025-01-05 19:36:18.115458212,None,Operations,Access,Closed
TCK-9100,2025-01-14 18:14:17.227194793,2025-01-15 22:44:44.364236224,None,  Finance ,Software,Closed
TCK-9101,2025-04-15 10:26:31.135312536,2025-04-17 13:44:42.614187370,Low,DevOps,Database,Resolved
TCK-9102,2025-01-25 19:14:00.417539106,2025-01-26 01:34:22.996304940,Low,HR,Access,Closed
TCK-9103,2025-01-08 12:15:03.978457683,2025-01-09 11:30:23.981479768,Medium,IT Support,Network,Closed
TCK-9104,2025-03-10 07:59:10.805650488,2025-03-11 17:09:07.327294844,Low,Finance,Access,Closed
TCK-9105,2025-04-23 02:19:42.063274612,2025-04-23 19:53:14.644273438,Medium,Operations,Access,Closed
TCK-9106,2025-01-21 03:08:52.644896755,2025-01-21 10:58:33.757430139,Medium,IT Support,Access,Closed
TCK-9107,2025-02-26 09:34:34.445617259,2025-02-26 17:44:22.136556506,Low,HR,Database,Resolved
TCK-9108,2025-03-17 04:43:33.965104881,2025-03-17 20:58:30.268660188,High,Finance,Access,Closed
TCK-9109,2025-01-29 16:52:03.440779803,2025-02-01 08:32:56.115671313,High,Finance,Database,Resolved
TCK-9110,2025-04-02 02:14:21.268954276,2025-04-02 10:53:58.049077650,None,HR,Software,Resolved
TCK-9111,2025-01-16 08:07:29.479496341,2025-01-16 16:42:07.416965872,Low,HR,Network,Closed
TCK-9112,2025-01-09 08:57:35.655158507,2025-01-10 06:46:51.581367469,Critical,  DevOps ,Access,Closed
TCK-9113,2025-04-04 13:41:19.629996656,2025-04-04 23:34:34.987668465,Medium,Operations,Database,Closed
TCK-9114,2025-02-14 14:54:53.720221617,2025-02-15 05:13:26.457222268,Medium,HR,Access,Closed
TCK-9115,2025-01-18 04:00:53.460430124,2025-01-18 18:39:57.736992955,Critical,IT Support,Access,Closed
TCK-9116,2025-03-18 07:18:08.560607657,2025-03-19 01:21:26.840079199,Critical,Finance,Access,Resolved
TCK-9117,2025-06-14 17:24:28.780974522,2025-06-14 21:41:08.324520025,High,IT Support,Hardware,Closed
TCK-9118,2025-05-11 08:30:40.930365418,2025-05-11 18:20:48.678337728,Low,IT Support,Network,Closed
TCK-9119,2025-05-27 19:27:38.715476972,2025-05-28 12:57:56.591624644,Medium,Operations,Network,Closed
TCK-9120,2025-06-06 22:40:06.353174314,2025-06-07 12:42:05.998854388,Medium,IT Support,Database,Closed
TCK-9121,2025-06-25 01:45:06.634197106,2025-06-25 16:05:33.978150553,High,Operations,Software,Resolved
TCK-9122,2025-05-18 09:13:30.711292420,2025-05-18 16:41:18.325248793,Medium,IT Support,Software,Resolved
TCK-9123,2025-04-20 12:19:20.002002788,2025-04-21 05:01:31.898294480,Medium,Operations,Software,Closed
TCK-9124,2025-03-07 18:38:23.290460548,2025-03-08 03:31:35.808501298,Medium,  IT Support ,Access,Closed
TCK-9125,2025-02-02 16:41:55.614945600,2025-02-02 23:41:02.126221999,Low,IT Support,Database,Closed
TCK-9126,2025-05-04 14:22:14.360188194,2025-05-04 20:48:43.358486887,Critical,IT Support,Access,Closed
TCK-9127,2025-06-29 02:11:02.184168440,2025-06-29 14:28:26.734499364,Low,DevOps,Hardware,Closed
TCK-9128,2025-03-26 02:59:22.263193429,2025-03-27 02:21:20.841119218,Medium,DevOps,Database,Closed
TCK-9129,2025-05-11 06:17:41.532579344,2025-05-11 18:26:56.784215572,High,IT Support,Database,Closed
TCK-9130,2025-03-31 02:47:57.782293565,2025-04-01 16:16:44.219818143,Medium,Finance,Database,Closed
TCK-9131,2025-03-19 17:57:08.600148789,2025-03-20 08:10:29.089598404,High,Operations,Hardware,Resolved
TCK-9132,2025-03-15 20:31:12.902083800,2025-03-18 07:53:12.325457015,High,DevOps,Database,Resolved
TCK-9133,2025-04-01 19:58:43.068953761,2025-04-02 09:58:34.632656648,Low,HR,Hardware,Closed
TCK-9134,2025-03-08 00:59:21.333330313,2025-03-08 10:12:35.774174513,Medium,Operations,Software,Closed
TCK-9135,2025-05-15 18:42:02.700972754,2025-05-15 22:25:16.716178212,Medium,IT Support,Database,Closed
TCK-9136,2025-06-07 08:51:18.557551266,2025-06-08 10:57:59.496532214,Medium,  HR ,Access,Resolved
TCK-9137,2025-06-08 22:03:52.288945904,2025-06-09 23:47:24.331957494,Medium,DevOps,Network,Resolved
TCK-9138,2025-02-10 23:39:30.391198444,2025-02-11 09:28:04.174227822,Medium,Operations,Hardware,Closed
TCK-9139,2025-06-11 06:19:38.925552144,2025-06-11 09:04:27.321302792,Low,IT Support,Software,Closed
TCK-9140,2025-03-03 11:30:04.757810594,2025-03-03 18:28:31.638848936,Medium,IT Support,Software,Resolved
TCK-9141,2025-02-25 16:12:32.813627349,2025-02-26 22:12:16.740685248,Low,Finance,Network,Resolved
TCK-9142,2025-05-11 19:35:10.204657364,2025-05-12 08:17:06.738865649,Low,Operations,Database,Closed
TCK-9143,2025-02-24 20:17:17.481021973,2025-02-25 04:40:28.763710122,Medium,HR,Access,Closed
TCK-9144,2025-01-10 12:48:53.540042211,2025-01-11 12:22:08.250624522,Medium,DevOps,Network,Closed
TCK-9145,2025-03-09 06:01:43.594969911,2025-03-09 21:51:17.651665378,Low,IT Support,Database,Closed
TCK-9146,2025-05-10 20:43:53.016773044,2025-05-11 03:48:27.696353639,High,HR,Database,Closed
TCK-9147,2025-02-28 20:27:37.352041786,2025-03-01 18:57:06.689631996,Medium,DevOps,Hardware,Closed
TCK-9148,2025-04-24 07:41:42.438836518,2025-04-25 09:42:31.525845992,Critical,  HR ,Access,Closed
TCK-9149,2025-04-29 19:42:57.597180204,2025-04-30 06:35:54.531118585,Medium,IT Support,Access,Resolved
TCK-9150,2025-05-13 01:44:22.454368292,2025-05-13 21:25:34.034604457,Low,Operations,Hardware,Resolved
TCK-9151,2025-06-11 11:36:13.012067684,2025-06-12 05:19:09.455393690,High,Finance,Database,Closed
TCK-9152,2025-03-19 20:40:43.092622646,2025-03-20 05:18:33.393779513,Medium,IT Support,Database,Closed
TCK-9153,2025-01-30 22:59:11.656254532,2025-01-31 22:40:37.332279656,Medium,DevOps,Access,Resolved
TCK-9154,2025-02-27 09:45:32.726396744,2025-02-28 01:42:05.241589102,Medium,Finance,Access,Closed
TCK-9155,2025-03-19 18:57:45.152465829,2025-03-19 23:54:56.736543272,Low,IT Support,Access,Closed
TCK-9156,2025-05-09 12:00:40.130990814,2025-05-11 00:16:16.876407051,Low,Finance,Access,Closed
TCK-9157,2025-01-03 08:41:15.296734524,2025-01-03 22:27:54.399490063,Low,HR,Database,Resolved
TCK-9158,2025-02-26 20:11:34.283256997,2025-02-27 12:48:39.824566586,Medium,HR,Access,Closed
TCK-9159,2025-05-21 08:55:11.820012414,2025-05-22 11:21:00.769768808,Critical,Finance,Database,Closed
TCK-9160,2025-05-01 18:06:19.002198976,2025-05-03 08:45:05.067101373,High,  DevOps ,Hardware,Closed
TCK-9161,2025-05-12 17:07:00.069203332,2025-05-13 00:36:00.835468196,Low,IT Support,Software,Closed
TCK-9162,2025-05-27 03:01:21.086318356,2025-05-27 14:11:00.191325060,Critical,HR,Hardware,Closed
TCK-9163,2025-05-21 23:34:41.899990068,2025-05-22 09:01:27.854617199,Medium,HR,Hardware,Closed
TCK-9164,2025-05-03 19:01:52.600008006,2025-05-04 02:02:01.352198490,Low,HR,Network,Closed
TCK-9165,2025-03-21 03:20:16.151427425,2025-03-21 11:26:26.689352801,High,HR,Hardware,Closed
TCK-9166,2025-06-27 01:08:41.210713050,2025-06-27 08:13:31.336379574,Low,IT Support,Network,Closed
TCK-9167,2025-04-13 10:23:46.337816827,2025-04-13 18:28:18.638698660,Low,Operations,Network,Resolved
TCK-9168,2025-02-06 11:57:46.744104186,2025-02-06 19:04:38.023555142,Low,HR,Network,Resolved
TCK-9169,2025-02-22 16:57:05.522589607,2025-02-23 07:15:50.668328244,Medium,IT Support,Hardware,Closed
TCK-9170,2025-05-05 20:11:23.315252750,2025-05-06 23:35:45.003303686,Low,Finance,Software,Closed
TCK-9171,2025-06-16 10:52:29.717982058,2025-06-17 06:25:14.198582085,High,Finance,Network,Closed
TCK-9172,2025-02-02 04:04:15.449410118,2025-02-04 00:17:03.893702841,Medium,  HR ,Access,Closed
TCK-9173,2025-01-15 19:44:12.701838469,2025-01-15 23:27:54.433372508,Medium,IT Support,Access,Resolved
TCK-9174,2025-06-08 16:12:50.859149280,2025-06-09 21:31:53.098057597,Low,Operations,Database,Closed
TCK-9175,2025-06-14 18:00:03.128052400,2025-06-15 02:02:24.350688037,High,IT Support,Access,Resolved
TCK-9176,2025-02-19 17:57:31.578352868,2025-02-20 06:32:41.386317519,Medium,IT Support,Access,Resolved
TCK-9177,2025-03-09 21:52:27.585421522,2025-03-10 23:44:45.730472501,Medium,Finance,Network,Resolved
TCK-9178,2025-04-29 20:00:43.737086692,2025-04-29 23:20:43.387028370,High,IT Support,Hardware,Resolved
TCK-9179,2025-03-01 09:17:51.684142168,2025-03-01 18:12:47.646620625,Low,IT Support,Access,Closed
TCK-9180,2025-06-07 21:19:32.231015862,2025-06-08 07:22:42.053638339,Medium,IT Support,Hardware,Closed
TCK-9181,2025-01-20 08:44:23.984605993,2025-01-20 11:34:50.739957318,Medium,IT Support,Software,Resolved
TCK-9182,2025-01-07 20:04:59.500372955,2025-01-08 18:33:04.157670214,Medium,IT Support,Access,Closed
TCK-9183,2025-02-07 12:39:37.487263862,2025-02-09 00:52:46.820659497,Low,DevOps,Software,Closed
TCK-9184,2025-02-21 11:53:57.126643678,2025-02-21 23:47:36.638321403,Low,  IT Support ,Software,Closed
TCK-9185,2025-01-21 07:50:34.347724584,2025-01-21 12:35:19.935947390,Low,IT Support,Database,Closed
TCK-9186,2025-01-12 19:46:57.557105737,2025-01-13 07:47:17.791313494,None,IT Support,Hardware,Closed
TCK-9187,2025-05-17 00:13:31.160379966,2025-05-19 05:40:29.774344371,Low,DevOps,Hardware,Closed
TCK-9188,2025-01-30 13:40:29.152911906,2025-01-31 10:06:28.293566277,Low,Operations,Database,Closed
TCK-9189,2025-06-14 12:08:38.039879160,2025-06-15 02:16:39.063176665,High,HR,Network,Closed
TCK-9190,2025-03-08 05:45:30.734840790,2025-03-09 01:35:18.534919278,Medium,DevOps,Database,Closed
TCK-9191,2025-05-01 17:01:01.552786364,2025-05-02 05:45:43.528371983,Medium,HR,Database,Closed
TCK-9192,2025-02-10 13:44:13.688884381,2025-02-11 00:43:47.242332673,Medium,HR,Database,Resolved
TCK-9193,2025-02-13 06:11:39.695585513,2025-02-13 17:30:31.035868714,Medium,IT Support,Software,Closed
TCK-9194,2025-04-14 10:44:37.522996532,2025-04-14 20:01:40.307812105,Medium,HR,Hardware,Closed
TCK-9195,2025-04-11 21:58:38.771870377,2025-04-12 16:48:34.634560921,Low,HR,Network,Closed
TCK-9196,2025-05-19 08:54:36.954043890,2025-05-19 20:44:35.189107842,High,  Operations ,Access,Closed
TCK-9197,2025-05-17 09:45:12.530157226,2025-05-17 17:12:30.662688953,Low,IT Support,Access,Resolved
TCK-9198,2025-05-01 17:22:16.116049258,2025-05-02 17:51:51.497472429,Low,Operations,Access,Closed
TCK-9199,2025-03-22 20:14:38.560775572,2025-03-23 02:13:21.119949945,Low,IT Support,Network,Closed
TCK-9200,2025-06-10 07:33:59.287436158,2025-06-10 19:20:01.987239952,High,IT Support,Access,Closed
TCK-9201,2025-04-23 01:32:20.679921638,2025-04-23 20:15:42.558452319,Medium,HR,Network,Closed
TCK-9202,2025-06-28 05:39:26.923670578,2025-06-29 08:43:47.281918932,High,DevOps,Access,Closed
TCK-9203,2025-05-28 11:40:39.408515144,2025-05-29 13:03:43.134575156,Medium,HR,Access,Closed
TCK-9204,2025-01-08 23:25:06.184378449,2025-01-09 18:07:56.046901630,Low,Operations,Network,Closed
TCK-9205,2025-02-27 16:57:56.442913102,2025-02-28 07:42:54.390319340,Low,IT Support,Hardware,Closed
TCK-9206,2025-04-13 22:30:11.142556241,2025-04-14 19:20:29.471635123,Medium,IT Support,Network,Closed
TCK-9207,2025-05-10 20:44:54.252977368,2025-05-11 04:16:56.369370105,Low,IT Support,Network,Resolved
TCK-9208,2025-04-10 01:27:13.213193715,2025-04-10 21:03:26.613131460,Low,  HR ,Database,Closed
TCK-9209,2025-05-22 12:05:00.330131852,2025-05-22 18:15:47.527646842,High,IT Support,Software,Resolved
TCK-9210,2025-02-20 21:04:20.711682223,2025-02-21 02:08:38.519318068,High,IT Support,Software,Closed
TCK-9211,2025-02-03 02:30:00.220772895,2025-02-04 00:43:08.261638516,Low,Finance,Hardware,Resolved
TCK-9212,2025-01-10 16:55:12.266298504,2025-01-10 21:13:14.603969267,High,IT Support,Hardware,Closed
TCK-9213,2025-04-14 04:42:55.355576310,2025-04-14 15:58:43.974181901,Medium,Operations,Hardware,Closed
TCK-9214,2025-05-04 22:44:59.745545302,2025-05-05 17:50:09.564198333,Low,HR,Software,Closed
TCK-9215,2025-02-28 16:58:00.400640312,2025-03-01 06:53:23.456329626,Medium,Operations,Hardware,Closed
TCK-9216,2025-04-21 10:41:01.242878594,2025-04-22 12:21:41.507397232,Low,Operations,Hardware,Closed
TCK-9217,2025-01-10 09:19:09.254230976,2025-01-11 01:48:44.759913570,Low,HR,Network,Closed
TCK-9218,2025-01-18 20:56:50.121607890,2025-01-19 18:23:43.832227989,Low,IT Support,Network,Closed
TCK-9219,2025-05-07 07:34:50.218164166,2025-05-08 15:25:27.790376150,Critical,Finance,Software,Closed
TCK-9220,2025-03-08 06:03:40.055539430,2025-03-10 12:10:31.099820017,Medium,  DevOps ,Network,Closed
TCK-9221,2025-05-01 20:09:46.851713942,2025-05-02 06:33:17.012284069,High,IT Support,Hardware,Closed
TCK-9222,2025-05-30 17:02:06.862593286,2025-05-31 02:58:02.100007167,Low,IT Support,Network,Closed
TCK-9223,2025-06-03 11:19:44.147628570,2025-06-05 18:49:38.294531229,Low,DevOps,Database,Closed
TCK-9224,2025-01-31 23:45:51.222263141,2025-02-01 19:36:10.979495232,Critical,HR,Network,Closed
TCK-9225,2025-03-29 12:45:13.221208141,2025-03-30 08:44:49.558036608,Medium,Operations,Software,Resolved
TCK-9226,2025-05-13 02:33:48.405932430,2025-05-13 18:18:04.703244895,Critical,HR,Hardware,Closed
TCK-9227,2025-05-20 07:35:46.233142990,2025-05-20 18:43:15.672100854,Low,IT Support,Hardware,Resolved
TCK-9228,2025-05-22 05:48:00.852295504,2025-05-22 18:40:02.937222464,Critical,Operations,Software,Closed
TCK-9229,2025-02-11 01:40:58.384286849,2025-02-11 14:16:48.188997822,Medium,Operations,Network,Closed
TCK-9230,2025-02-04 15:45:01.485240123,2025-02-05 09:05:10.078297352,Low,IT Support,Hardware,Closed
TCK-9231,2025-04-17 04:51:13.906592518,2025-04-18 16:55:24.257693176,Medium,HR,Hardware,Closed
TCK-9232,2025-05-14 09:29:26.326424792,2025-05-15 00:53:18.808102283,High,  Finance ,Database,Resolved
TCK-9233,2025-02-27 10:40:57.745587774,2025-02-27 23:33:54.965436426,Low,Operations,Software,Resolved
TCK-9234,2025-01-19 20:19:34.599524380,2025-01-20 11:22:31.867948897,None,IT Support,Network,Closed
TCK-9235,2025-05-10 00:20:39.747017526,2025-05-10 23:50:50.858545806,Medium,Operations,Network,Closed
TCK-9236,2025-02-23 22:41:40.673621830,2025-02-25 09:03:15.940489572,Low,Finance,Hardware,Closed
TCK-9237,2025-01-30 22:41:13.088495898,2025-02-01 13:02:43.359696917,Low,Finance,Access,Closed
TCK-9238,2025-01-27 14:09:56.313632191,2025-01-28 06:07:27.722219556,Medium,Operations,Database,Resolved
TCK-9239,2025-02-26 16:24:33.283135491,2025-02-27 02:26:02.169877167,Low,IT Support,Database,Closed
TCK-9240,2025-04-17 16:22:09.281090570,2025-04-18 20:09:42.580527044,Medium,Finance,Database,Closed
TCK-9241,2025-03-06 12:17:51.616166236,2025-03-07 00:00:56.409275384,High,Operations,Hardware,Resolved
TCK-9242,2025-01-04 17:15:33.115981048,2025-01-05 03:12:34.515994909,Medium,IT Support,Software,Closed
TCK-9243,2025-01-18 10:38:39.976109317,2025-01-19 13:00:39.665396471,Medium,HR,Software,Resolved
TCK-9244,2025-02-22 06:58:26.500432924,2025-02-22 18:59:21.342855906,Low,  HR ,Database,Closed
TCK-9245,2025-04-29 17:55:24.106351574,2025-04-30 13:21:00.784007263,None,Operations,Access,Closed
TCK-9246,2025-01-18 17:35:06.422582638,2025-01-19 03:00:38.284989277,Low,IT Support,Access,Resolved
TCK-9247,2025-04-11 22:02:15.385642605,2025-04-12 13:38:58.565036276,Low,Operations,Network,Closed
TCK-9248,2025-01-22 13:54:25.063054914,2025-01-24 09:23:34.471457021,Medium,DevOps,Access,Resolved
TCK-9249,2025-02-08 02:10:41.570937581,2025-02-08 19:36:57.653334906,High,Finance,Database,Closed
TCK-9250,2025-01-31 23:51:15.980547222,2025-02-03 12:12:48.358238636,None,DevOps,Network,Resolved
TCK-9251,2025-01-13 02:25:39.740397244,2025-01-14 20:49:30.830001718,None,DevOps,Database,Closed
TCK-9252,2025-05-01 20:08:41.319996250,2025-05-02 01:27:57.314750217,Critical,IT Support,Software,Resolved
TCK-9253,2025-03-25 09:54:11.968947609,2025-03-27 03:58:30.285042210,Medium,Operations,Database,Resolved
TCK-9254,2025-05-30 14:09:03.112835404,2025-05-31 05:35:45.522560682,Low,HR,Network,Closed
TCK-9255,2025-01-18 19:12:30.343404993,2025-01-19 16:48:16.358063156,Medium,DevOps,Database,Closed
TCK-9256,2025-01-27 01:14:46.579273699,2025-01-27 16:00:45.039655283,Low,  IT Support ,Hardware,Closed
TCK-9257,2025-02-25 03:53:50.637962208,2025-02-26 19:35:46.604318798,Low,DevOps,Network,Closed
TCK-9258,2025-05-18 20:32:27.828872344,2025-05-19 03:57:45.515089273,Low,Operations,Access,Resolved
TCK-9259,2025-02-25 00:52:41.217717428,2025-02-25 19:42:55.769799214,Low,Finance,Software,Closed
TCK-9260,2025-03-15 12:22:07.739019667,2025-03-15 22:08:30.234716162,Medium,IT Support,Access,Closed
TCK-9261,2025-02-24 06:55:38.663053503,2025-02-24 09:48:52.537843463,Medium,IT Support,Database,Resolved
TCK-9262,2025-01-15 10:34:08.186089618,2025-01-16 12:08:00.707272719,Medium,Finance,Access,Closed
TCK-9263,2025-06-19 02:21:11.703281506,2025-06-19 11:33:06.813997521,High,IT Support,Network,Closed
TCK-9264,2025-04-09 17:41:18.404691128,2025-04-10 07:14:44.783705543,Medium,Finance,Hardware,Closed
TCK-9265,2025-05-22 19:26:21.742660844,2025-05-23 05:10:15.862952351,Critical,IT Support,Access,Closed
TCK-9266,2025-04-29 12:06:09.497665724,2025-04-30 06:10:11.777857277,Medium,Operations,Database,Closed
TCK-9267,2025-04-03 13:34:42.547971836,2025-04-03 21:24:20.188014152,Low,HR,Access,Resolved
TCK-9268,2025-01-17 03:24:36.247566679,2025-01-18 07:55:01.689780506,Low,  Operations ,Access,Closed
TCK-9269,2025-04-26 16:36:32.096043772,2025-04-27 19:58:29.428896169,Medium,Operations,Network,Resolved
TCK-9270,2025-01-28 23:11:59.775529613,2025-01-29 11:29:05.528537286,High,HR,Database,Closed
TCK-9271,2025-03-16 14:08:07.049828814,2025-03-16 21:49:54.721964817,Low,IT Support,Database,Closed
TCK-9272,2025-04-24 05:46:07.607407652,2025-04-24 17:59:25.070609644,High,IT Support,Hardware,Closed
TCK-9273,2025-05-21 19:13:45.415342464,2025-05-22 11:30:39.442064795,Medium,Operations,Network,Closed
TCK-9274,2025-05-04 07:23:42.572620452,2025-05-04 14:14:59.075812424,Low,Operations,Network,Closed
TCK-9275,2025-05-01 21:01:29.443857588,2025-05-03 04:16:43.171952798,Medium,Finance,Software,Resolved
TCK-9276,2025-01-27 19:51:44.437092827,2025-01-28 07:50:54.157717310,Medium,Operations,Hardware,Closed
TCK-9277,2025-03-04 07:16:31.055193335,2025-03-04 18:57:37.663867838,Low,HR,Hardware,Closed
TCK-9278,2025-01-08 17:22:51.664411339,2025-01-09 22:48:56.902105562,Medium,HR,Database,Closed
TCK-9279,2025-05-10 12:08:24.642680376,2025-05-10 20:05:21.923847295,High,IT Support,Database,Closed
TCK-9280,2025-06-21 11:10:17.181448502,2025-06-22 01:23:01.545648916,Medium,  HR ,Hardware,Closed
TCK-9281,2025-02-17 12:57:24.788064986,2025-02-19 04:57:16.348199159,Low,DevOps,Network,Closed
TCK-9282,2025-01-16 18:50:59.220892234,2025-01-18 10:45:39.137174281,Critical,DevOps,Software,Resolved
TCK-9283,2025-03-27 14:27:45.833672821,2025-03-27 23:25:50.000740314,Low,HR,Database,Closed
TCK-9284,2025-06-04 04:56:10.766079952,2025-06-04 22:24:06.251298959,Low,Operations,Software,Closed
TCK-9285,2025-04-10 08:31:42.684866719,2025-04-11 09:28:31.508299912,Medium,Finance,Hardware,Resolved
TCK-9286,2025-01-09 10:04:38.239756642,2025-01-10 02:20:46.285793412,Critical,HR,Network,Closed
TCK-9287,2025-06-25 08:51:21.884690616,2025-06-25 18:40:42.936370900,Medium,IT Support,Software,Closed
TCK-9288,2025-05-30 03:46:03.399738366,2025-05-31 10:45:41.034371171,Medium,IT Support,Access,Closed
TCK-9289,2025-01-24 16:29:11.086305086,2025-01-25 02:29:05.930740191,None,Operations,Hardware,Closed
TCK-9290,2025-06-15 22:09:58.709142572,2025-06-18 00:46:13.544545683,High,DevOps,Network,Resolved
TCK-9291,2025-03-23 02:58:24.264387893,2025-03-24 11:30:00.193555737,Low,Operations,Hardware,Closed
TCK-9292,2025-03-08 22:35:57.549421486,2025-03-09 09:28:27.219524746,High,  IT Support ,Hardware,Closed
TCK-9293,2025-03-24 23:45:01.396358831,2025-03-25 05:53:27.247069404,High,IT Support,Software,Closed
TCK-9294,2025-05-31 05:21:03.073256972,2025-06-02 13:40:06.440429841,Low,Finance,Software,Closed
TCK-9295,2025-04-29 16:57:07.956716092,2025-04-30 01:08:25.110952172,Low,Finance,Access,Resolved
TCK-9296,2025-01-11 15:57:11.931720562,2025-01-12 04:44:39.375650314,High,Operations,Database,Closed
TCK-9297,2025-06-22 08:51:03.179598690,2025-06-23 17:11:16.469357954,Low,Operations,Access,Closed
TCK-9298,2025-01-27 14:25:38.843854798,2025-01-27 21:29:29.215842804,Low,IT Support,Network,Closed
TCK-9299,2025-05-15 04:51:12.785388180,2025-05-17 11:16:58.807793883,High,Finance,Network,Closed
TCK-9300,2025-04-25 12:06:35.321218294,2025-04-25 23:36:52.866522560,Critical,Finance,Hardware,Resolved
TCK-9301,2025-02-03 18:07:16.201664914,2025-02-03 22:59:44.360978320,Low,IT Support,Software,Resolved
TCK-9302,2025-01-31 17:33:45.247710148,2025-02-01 12:20:37.409699318,Medium,Finance,Hardware,Closed
TCK-9303,2025-06-06 15:48:54.737295370,2025-06-07 02:17:16.228483238,Medium,IT Support,Database,Resolved
TCK-9304,2025-03-17 13:04:55.450265734,2025-03-17 20:41:20.300074007,Medium,  IT Support ,Hardware,Closed
TCK-9305,2025-04-28 19:46:13.948436202,2025-04-29 02:25:19.926582672,None,IT Support,Network,Closed
TCK-9306,2025-04-01 17:35:12.251978982,2025-04-02 10:52:44.722678394,Medium,IT Support,Network,Resolved
TCK-9307,2025-05-11 22:10:01.897565322,2025-05-13 04:25:52.903872832,Medium,HR,Access,Closed
TCK-9308,2025-03-28 06:19:37.416611669,2025-03-28 17:52:11.090039771,None,HR,Hardware,Closed
TCK-9309,2025-02-21 17:28:52.442054599,2025-02-22 01:08:13.992445987,Low,Operations,Software,Closed
TCK-9310,2025-03-07 09:48:58.185737512,2025-03-07 14:38:40.163270601,Low,HR,Database,Closed
TCK-9311,2025-06-04 15:12:56.304091730,2025-06-05 00:47:45.463904861,Medium,IT Support,Database,Resolved
TCK-9312,2025-03-26 05:54:35.544334251,2025-03-26 17:42:33.184344142,Medium,IT Support,Software,Resolved
TCK-9313,2025-02-08 10:06:04.015068163,2025-02-09 04:40:37.630163535,Low,Operations,Database,Resolved
TCK-9314,2025-06-18 05:29:42.995377442,2025-06-18 19:12:02.336467243,Low,HR,Software,Closed
TCK-9315,2025-05-24 09:18:50.299462758,2025-05-24 14:59:55.557152844,Medium,IT Support,Software,Resolved
TCK-9316,2025-01-11 00:28:39.903466008,2025-01-12 19:29:22.786798638,Critical,  DevOps ,Access,Closed
TCK-9317,2025-06-29 19:26:00.944721014,2025-07-02 04:07:59.229358125,Low,Finance,Hardware,Closed
TCK-9318,2025-05-06 02:04:59.983036472,2025-05-06 12:18:56.225544140,Medium,DevOps,Network,Resolved
TCK-9319,2025-01-29 20:21:06.148279208,2025-01-30 10:00:43.108010866,Low,HR,Network,Closed
TCK-9320,2025-02-12 16:33:51.779555772,2025-02-12 21:47:48.832552831,Medium,IT Support,Hardware,Resolved
TCK-9321,2025-05-05 15:21:52.124268538,2025-05-05 23:54:27.740102704,Medium,Operations,Database,Resolved
TCK-9322,2025-05-21 08:34:03.931700906,2025-05-21 13:23:55.962018445,Critical,IT Support,Software,Closed
TCK-9323,2025-02-13 00:38:06.987865785,2025-02-13 17:48:13.716611145,Low,HR,Network,Closed
TCK-9324,2025-02-16 06:06:19.615841460,2025-02-16 16:30:47.386253510,Medium,IT Support,Access,Closed
TCK-9325,2025-02-25 06:45:41.046650290,2025-02-27 09:36:29.491470301,Low,Finance,Database,Closed
TCK-9326,2025-04-18 15:26:21.609939374,2025-04-18 23:58:36.263009941,Medium,IT Support,Access,Resolved
TCK-9327,2025-01-31 22:14:45.204941459,2025-02-01 11:06:56.156364828,High,DevOps,Network,Closed
TCK-9328,2025-01-19 18:19:50.229056059,2025-01-20 21:51:01.180902830,Critical,  DevOps ,Hardware,Closed
TCK-9329,2025-05-03 04:41:34.313457906,2025-05-03 11:47:33.230873027,Medium,HR,Hardware,Closed
TCK-9330,2025-05-21 05:42:11.159663382,2025-05-21 19:06:12.147020033,High,Finance,Access,Closed
TCK-9331,2025-04-01 04:00:54.097485493,2025-04-02 04:04:38.809462300,Low,Operations,Database,Closed
TCK-9332,2025-03-07 11:45:26.310093929,2025-03-08 14:45:19.186017208,Low,Finance,Network,Closed
TCK-9333,2025-03-19 18:25:28.280763761,2025-03-20 13:28:25.377199612,High,HR,Software,Resolved
TCK-9334,2025-03-11 21:55:18.632376595,2025-03-12 18:24:41.874946947,Low,Finance,Hardware,Resolved
TCK-9335,2025-06-22 19:08:05.292912324,2025-06-23 16:13:07.107504185,Low,HR,Access,Closed
TCK-9336,2025-05-19 06:08:54.205968068,2025-05-20 07:21:34.291363331,Medium,DevOps,Network,Closed
TCK-9337,2025-02-07 10:56:12.365348915,2025-02-08 11:45:18.432680468,Medium,HR,Database,Closed
TCK-9338,2025-03-11 03:41:49.692743498,2025-03-11 20:34:03.182990546,Low,HR,Software,Closed
TCK-9339,2025-04-08 22:07:59.155279083,2025-04-09 20:13:27.104926788,High,Finance,Software,Closed
TCK-9340,2025-04-21 08:05:56.126814482,2025-04-22 11:20:23.378509554,Medium,  Finance ,Hardware,Closed
TCK-9341,2025-03-26 06:33:15.951039386,2025-03-27 00:23:39.840590696,Medium,Operations,Software,Closed
TCK-9342,2025-05-26 19:44:49.427705988,2025-05-27 14:37:38.532904245,Low,IT Support,Network,Resolved
TCK-9343,2025-05-19 04:03:28.814614418,2025-05-19 20:06:43.372750933,Medium,HR,Hardware,Resolved
TCK-9344,2025-04-01 22:16:55.950505249,2025-04-03 05:15:25.999655822,High,DevOps,Hardware,Closed
TCK-9345,2025-06-03 19:08:05.823229472,2025-06-04 16:52:51.255420532,Critical,Finance,Hardware,Closed
TCK-9346,2025-05-16 04:42:24.377439986,2025-05-17 18:03:15.276902789,None,Finance,Network,Resolved
TCK-9347,2025-05-21 03:28:24.911303444,2025-05-21 15:35:00.530949971,Medium,IT Support,Access,Closed
TCK-9348,2025-06-22 03:39:04.921748494,2025-06-22 16:02:03.569521867,None,HR,Software,Closed
TCK-9349,2025-02-17 23:08:13.869685520,2025-02-18 09:14:14.436060108,Low,Operations,Software,Closed
TCK-9350,2025-02-18 04:14:24.221129238,2025-02-18 19:50:47.708450714,Low,Finance,Access,Closed
TCK-9351,2025-06-10 00:16:25.480500834,2025-06-10 08:01:33.629895834,High,IT Support,Hardware,Closed
TCK-9352,2025-05-20 00:01:04.558894086,2025-05-22 12:52:13.132656494,Low,  DevOps ,Database,Closed
TCK-9353,2025-06-16 18:40:36.260406878,2025-06-17 10:33:37.009575031,Low,Operations,Network,Resolved
TCK-9354,2025-01-12 08:43:20.253365894,2025-01-12 15:02:15.994918629,Critical,IT Support,Hardware,Resolved
TCK-9355,2025-04-23 23:54:38.065572350,2025-04-24 05:47:54.143336683,High,HR,Hardware,Resolved
TCK-9356,2025-01-27 00:47:39.914495854,2025-01-27 18:54:40.211664828,Low,IT Support,Hardware,Closed
TCK-9357,2025-04-01 16:50:09.227846245,2025-04-02 16:45:35.945800057,High,Operations,Software,Closed
TCK-9358,2025-01-29 00:49:36.284184764,2025-01-29 13:28:55.138610383,High,IT Support,Software,Closed
TCK-9359,2025-01-24 01:17:56.971732842,2025-01-24 15:02:50.604727104,Critical,IT Support,Database,Closed
TCK-9360,2025-01-03 04:34:02.107381379,2025-01-04 03:07:48.631751601,Medium,Finance,Network,Closed
TCK-9361,2025-04-24 10:37:54.010178930,2025-04-24 19:29:56.006941137,High,IT Support,Hardware,Closed
TCK-9362,2025-03-06 14:58:39.734764218,2025-03-07 08:52:11.801029938,High,IT Support,Software,Closed
TCK-9363,2025-01-19 22:24:48.206437767,2025-01-20 13:56:50.675740725,Medium,HR,Access,Closed
TCK-9364,2025-02-28 02:39:33.119277331,2025-03-01 02:48:20.081239863,Medium,  Operations ,Software,Closed
TCK-9365,2025-01-31 09:50:18.510255049,2025-02-01 23:42:01.779164950,Medium,Finance,Hardware,Resolved
TCK-9366,2025-06-19 12:07:18.019513808,2025-06-20 07:42:20.047578575,Medium,HR,Hardware,Resolved
TCK-9367,2025-02-27 14:25:15.983360486,2025-02-28 13:24:01.026714338,None,Finance,Software,Closed
TCK-9368,2025-03-02 02:40:45.194196591,2025-03-02 20:22:36.605122589,Low,Operations,Access,Closed
TCK-9369,2025-06-01 04:11:11.668870356,2025-06-01 16:43:33.991679096,Low,IT Support,Access,Closed
TCK-9370,2025-04-27 14:18:17.599519938,2025-04-28 02:50:02.975418324,High,IT Support,Hardware,Closed
TCK-9371,2025-05-08 19:56:28.838331478,2025-05-09 21:24:27.725032479,Low,HR,Software,Closed
TCK-9372,2025-04-25 11:31:40.055636314,2025-04-26 06:13:58.027924175,Medium,HR,Network,Closed
TCK-9373,2025-06-20 07:34:04.607968088,2025-06-21 16:35:00.262510502,Low,Finance,Network,Closed
TCK-9374,2025-02-07 06:14:36.932390718,2025-02-07 20:38:38.325242505,Medium,Operations,Hardware,Resolved
TCK-9375,2025-06-28 00:38:58.287786136,2025-06-28 11:16:07.542569319,Critical,HR,Access,Closed
TCK-9376,2025-05-30 13:43:50.473358894,2025-05-31 02:17:20.339755745,High,  IT Support ,Network,Resolved
TCK-9377,2025-04-17 00:21:41.702204874,2025-04-17 06:44:25.236101138,Low,IT Support,Software,Closed
TCK-9378,2025-04-30 05:26:43.502610464,2025-04-30 23:15:36.249269902,None,Operations,Database,Closed
TCK-9379,2025-04-27 18:55:40.031337550,2025-04-28 23:13:29.006525711,Low,HR,Database,Closed
TCK-9380,2025-01-11 12:16:18.076567961,2025-01-12 21:24:32.042577490,Medium,Operations,Access,Closed
TCK-9381,2025-02-09 05:49:52.585168709,2025-02-09 15:42:56.525591492,Medium,IT Support,Database,Resolved
TCK-9382,2025-06-23 01:33:15.196128900,2025-06-23 17:04:36.832266312,None,Operations,Software,Closed
TCK-9383,2025-04-07 04:27:15.597621066,2025-04-08 09:35:59.106181108,Low,DevOps,Hardware,Closed
TCK-9384,2025-03-10 02:29:15.237929256,2025-03-10 15:36:15.830441448,Medium,IT Support,Hardware,Closed
TCK-9385,2025-05-18 04:00:22.182626894,2025-05-18 17:56:57.722286414,Medium,HR,Software,Closed
TCK-9386,2025-04-05 09:55:18.596183150,2025-04-06 09:22:16.529023325,Low,DevOps,Hardware,Resolved
TCK-9387,2025-01-03 08:51:47.421308871,2025-01-04 10:56:31.722734636,Critical,HR,Software,Closed
TCK-9388,2025-05-13 12:32:47.104113514,2025-05-14 08:15:26.347323582,Medium,  Operations ,Software,Closed
TCK-9389,2025-05-12 19:10:47.493942098,2025-05-13 01:32:55.797221395,High,IT Support,Database,Resolved
TCK-9390,2025-01-30 17:26:32.770734322,2025-01-31 16:18:46.075239852,Low,Operations,Database,Resolved
TCK-9391,2025-06-22 04:46:17.695173366,2025-06-22 18:35:07.737087217,High,IT Support,Access,Closed
TCK-9392,2025-02-10 07:16:59.261727410,2025-02-11 02:00:48.890513257,High,DevOps,Database,Resolved
TCK-9393,2025-03-24 09:28:38.161527963,2025-03-25 07:38:26.711199598,Medium,Finance,Hardware,Resolved
TCK-9394,2025-01-21 15:39:33.669529745,2025-01-22 13:18:59.080498508,Medium,Finance,Database,Closed
TCK-9395,2025-04-19 14:10:46.632095552,2025-04-20 20:53:47.882208931,None,Finance,Software,Resolved
TCK-9396,2025-03-09 13:56:55.819129769,2025-03-10 14:38:17.829569825,High,Operations,Database,Closed
TCK-9397,2025-03-05 13:42:33.684285340,2025-03-06 00:29:14.406274709,Medium,HR,Hardware,Resolved
TCK-9398,2025-05-29 20:32:24.394540172,2025-05-30 11:14:11.913388034,Medium,DevOps,Access,Resolved
TCK-9399,2025-01-02 17:18:23.758250637,2025-01-04 21:14:09.874558734,High,DevOps,Network,Resolved
TCK-9400,2025-05-24 15:07:48.180918954,2025-05-24 23:14:29.187329085,Low,  HR ,Software,Closed
TCK-9401,2025-04-13 20:39:28.094514120,2025-04-15 08:09:34.051478133,Medium,DevOps,Hardware,Closed
TCK-9402,2025-06-27 11:56:44.081644056,2025-06-28 04:47:45.941006642,None,Operations,Hardware,Resolved
TCK-9403,2025-04-17 02:23:40.966837282,2025-04-17 21:55:03.798661167,Critical,Operations,Network,Closed
TCK-9404,2025-01-10 23:14:16.294269041,2025-01-12 07:39:38.032442161,High,HR,Access,Resolved
TCK-9405,2025-01-10 02:47:16.116852831,2025-01-11 17:37:06.049653866,Low,IT Support,Software,Closed
TCK-9406,2025-06-08 23:13:15.244054730,2025-06-09 02:58:36.748003722,None,IT Support,Access,Resolved
TCK-9407,2025-06-01 10:02:42.390987898,2025-06-01 23:56:48.916680712,Medium,IT Support,Network,Resolved
TCK-9408,2025-03-04 06:14:42.455451625,2025-03-04 22:53:32.725290012,Low,Operations,Software,Resolved
TCK-9409,2025-04-22 05:54:01.193985044,2025-04-23 05:52:44.797572881,Medium,HR,Database,Closed
TCK-9410,2025-03-30 03:02:04.784928696,2025-03-31 01:57:05.531954581,High,HR,Access,Resolved
TCK-9411,2025-06-24 02:08:55.385475884,2025-06-26 16:52:47.858264030,Low,DevOps,Database,Closed
TCK-9412,2025-06-20 23:49:51.930437418,2025-06-21 16:12:20.081833737,Critical,  HR ,Software,Closed
TCK-9413,2025-06-27 02:11:04.260826126,2025-06-27 11:17:10.135502762,Critical,HR,Network,Resolved
TCK-9414,2025-06-05 23:03:31.436424076,2025-06-06 12:34:29.850910412,Low,IT Support,Database,Closed
TCK-9415,2025-06-13 17:15:46.339734376,2025-06-14 02:16:46.022762203,Critical,IT Support,Database,Closed
TCK-9416,2025-02-09 02:38:39.567386505,2025-02-10 00:26:27.132445749,Critical,Finance,Hardware,Resolved
TCK-9417,2025-05-30 13:56:57.582368974,2025-05-31 04:08:07.399658521,Low,Operations,Software,Closed
TCK-9418,2025-05-08 14:15:45.824552880,2025-05-10 06:47:04.421431058,Low,Finance,Network,Resolved
TCK-9419,2025-06-23 07:14:15.785294148,2025-06-24 02:11:12.168227258,Medium,IT Support,Hardware,Closed
TCK-9420,2025-04-13 19:51:03.955939617,2025-04-14 05:45:09.684510859,Low,Operations,Access,Closed
TCK-9421,2025-01-16 07:55:19.776682572,2025-01-16 19:31:21.329624840,High,IT Support,Network,Resolved
TCK-9422,2025-04-18 12:45:47.555742602,2025-04-18 19:49:09.009736668,Medium,IT Support,Hardware,Closed
TCK-9423,2025-05-04 14:01:46.592587066,2025-05-04 18:06:39.484152662,None,IT Support,Access,Closed
TCK-9424,2025-02-09 15:47:12.638535685,2025-02-10 00:56:18.080494969,None,  IT Support ,Network,Resolved
TCK-9425,2025-03-12 22:34:11.340389952,2025-03-13 07:55:55.016674623,Low,HR,Hardware,Closed
TCK-9426,2025-04-18 17:32:05.095331726,2025-04-18 21:23:48.356027527,Medium,IT Support,Network,Closed
TCK-9427,2025-03-09 08:08:12.426746294,2025-03-10 05:06:26.247896430,Medium,DevOps,Database,Resolved
TCK-9428,2025-03-09 11:46:26.898495701,2025-03-09 20:16:05.144801685,Medium,HR,Hardware,Resolved
TCK-9429,2025-01-24 22:56:03.412415345,2025-01-25 05:05:09.405531277,Medium,IT Support,Database,Resolved
TCK-9430,2025-06-19 08:01:33.037303864,2025-06-19 12:24:22.226265838,Low,IT Support,Hardware,Closed
TCK-9431,2025-05-16 02:08:08.667667740,2025-05-16 16:54:31.494963478,Low,Operations,Database,Closed
TCK-9432,2025-01-01 05:22:17.961245618,2025-01-01 11:19:19.040410190,Low,IT Support,Software,Closed
TCK-9433,2025-05-18 19:26:57.793112714,2025-05-20 08:51:14.413916669,Critical,DevOps,Database,Closed
TCK-9434,2025-05-14 03:54:51.725815018,2025-05-15 21:37:30.096718211,Low,DevOps,Software,Closed
TCK-9435,2025-01-02 18:02:15.892338693,2025-01-03 03:43:06.629777409,Low,IT Support,Network,Resolved
TCK-9436,2025-03-08 12:41:26.036489267,2025-03-09 01:18:48.799630614,Medium,  HR ,Access,Closed
TCK-9437,2025-04-20 05:09:00.079942652,2025-04-20 12:36:17.205505975,Low,IT Support,Access,Closed
TCK-9438,2025-03-23 11:52:58.137696174,2025-03-23 23:43:37.085771606,Low,Operations,Access,Resolved
TCK-9439,2025-05-21 00:54:00.118341328,2025-05-21 10:21:24.958378867,Medium,HR,Software,Closed
TCK-9440,2025-03-18 13:58:47.989130718,2025-03-19 02:03:49.772880572,Medium,IT Support,Access,Closed
TCK-9441,2025-01-28 16:41:16.900946073,2025-01-28 20:12:51.145545927,Low,IT Support,Access,Closed
TCK-9442,2025-06-25 18:06:55.788706582,2025-06-26 11:24:12.381429449,Medium,Operations,Database,Closed
TCK-9443,2025-02-13 13:36:45.967653076,2025-02-14 01:41:30.760153889,Medium,HR,Access,Resolved
TCK-9444,2025-05-10 04:25:50.813538800,2025-05-10 15:53:58.572368012,Medium,IT Support,Software,Closed
TCK-9445,2025-01-26 18:26:06.958999646,2025-01-27 03:15:45.765700163,High,Operations,Database,Closed
TCK-9446,2025-03-01 05:20:04.169567721,2025-03-01 23:26:49.808774969,Low,Operations,Software,Resolved
TCK-9447,2025-03-21 13:33:33.366309950,2025-03-23 02:21:30.919425597,Medium,DevOps,Hardware,Closed
TCK-9448,2025-02-04 14:26:32.134404897,2025-02-04 17:43:18.447537555,High,  IT Support ,Access,Resolved
TCK-9449,2025-03-22 23:49:31.331684615,2025-03-23 14:08:35.700985581,Critical,Finance,Software,Resolved
TCK-9450,2025-01-29 06:56:36.223167696,2025-01-30 00:08:09.445504952,Critical,Operations,Software,Closed
TCK-9451,2025-04-11 14:54:29.694308564,2025-04-12 01:53:59.781654613,Medium,IT Support,Database,Resolved
TCK-9452,2025-04-30 11:14:28.503194056,2025-05-01 06:57:39.655858338,Medium,Operations,Hardware,Closed
TCK-9453,2025-01-12 05:42:57.985203623,2025-01-13 00:30:31.745425509,Medium,HR,Hardware,Closed
TCK-9454,2025-06-06 19:17:26.747069878,2025-06-07 13:21:41.859463640,High,DevOps,Access,Closed
TCK-9455,2025-02-03 07:48:31.044173736,2025-02-03 11:38:58.066735102,High,IT Support,Network,Closed
TCK-9456,2025-02-10 13:33:56.438581676,2025-02-11 08:20:33.094031904,Low,Operations,Network,Closed
TCK-9457,2025-04-30 01:01:52.712971796,2025-04-30 08:42:39.214444927,Low,HR,Database,Closed
TCK-9458,2025-03-26 09:00:16.491876007,2025-03-27 05:07:00.371717252,Medium,DevOps,Access,Closed
TCK-9459,2025-03-31 21:23:20.358308414,2025-04-01 20:01:16.887018531,Low,HR,Database,Resolved
TCK-9460,2025-01-24 01:37:46.319925839,2025-01-25 11:42:13.008528964,None,  DevOps ,Access,Closed
TCK-9461,2025-05-26 00:46:43.501821902,2025-05-27 00:06:46.172936370,Low,DevOps,Hardware,Closed
TCK-9462,2025-04-22 01:40:27.635412674,2025-04-22 07:40:12.325187305,Low,IT Support,Network,Resolved
TCK-9463,2025-01-25 08:51:01.537548660,2025-01-26 18:16:11.055877939,Critical,Finance,Software,Resolved
TCK-9464,2025-03-09 07:40:38.155982069,2025-03-10 18:08:35.674270885,Low,DevOps,Network,Closed
TCK-9465,2025-05-26 20:58:15.273895190,2025-05-27 01:36:07.124218414,Low,IT Support,Access,Closed
TCK-9466,2025-04-13 07:17:37.675183924,2025-04-13 12:39:20.741186264,Medium,HR,Network,Resolved
TCK-9467,2025-01-20 13:21:45.813075334,2025-01-22 11:29:02.126446037,Medium,Operations,Software,Closed
TCK-9468,2025-03-09 02:23:48.616114987,2025-03-09 07:00:34.555012653,Low,IT Support,Hardware,Closed
TCK-9469,2025-02-13 16:26:23.284783584,2025-02-14 03:30:22.361617497,Medium,IT Support,Hardware,Resolved
TCK-9470,2025-04-04 03:27:04.290422752,2025-04-04 21:32:31.763595095,Low,IT Support,Access,Closed
TCK-9471,2025-06-01 19:19:12.276217182,2025-06-02 04:28:15.935020888,Medium,IT Support,Network,Closed
TCK-9472,2025-03-20 12:40:26.480478337,2025-03-20 23:11:28.840216296,Medium,  HR ,Access,Resolved
TCK-9473,2025-03-20 00:02:15.256288161,2025-03-20 04:12:14.135635149,High,IT Support,Network,Closed
TCK-9474,2025-06-12 23:06:57.232990078,2025-06-13 14:12:18.498581337,Medium,DevOps,Database,Closed
TCK-9475,2025-04-14 17:07:15.535313100,2025-04-15 22:41:55.238581872,Medium,Finance,Access,Closed
TCK-9476,2025-04-12 21:56:43.791204471,2025-04-13 15:30:15.412811395,Medium,IT Support,Network,Closed
TCK-9477,2025-02-17 03:27:02.638446056,2025-02-17 18:13:16.984074260,Low,Operations,Database,Resolved
TCK-9478,2025-04-20 09:21:44.174362990,2025-04-20 22:59:43.867733744,Low,Operations,Access,Closed
TCK-9479,2025-04-14 15:55:59.589275349,2025-04-16 11:52:08.196021649,High,DevOps,Hardware,Closed
TCK-9480,2025-03-13 10:23:54.066756669,2025-03-13 16:25:49.568726827,Low,IT Support,Database,Resolved
TCK-9481,2025-06-28 07:48:17.440864054,2025-06-28 17:33:18.856556358,Medium,IT Support,Access,Closed
TCK-9482,2025-06-08 17:46:08.286872644,2025-06-10 01:25:25.354190835,Low,DevOps,Software,Closed
TCK-9483,2025-05-15 22:12:45.983274634,2025-05-16 23:28:24.807633677,High,DevOps,Hardware,Closed
TCK-9484,2025-04-07 17:19:58.590998984,2025-04-08 17:38:36.013132795,None,  Finance ,Database,Resolved
TCK-9485,2025-03-25 04:05:54.039065289,2025-03-27 15:15:30.792369776,Medium,Finance,Network,Closed
TCK-9486,2025-02-03 06:45:24.290511196,2025-02-03 18:15:23.694362838,Medium,IT Support,Software,Resolved
TCK-9487,2025-02-25 00:47:09.195875428,2025-02-26 07:52:03.644672963,Medium,Operations,Network,Closed
TCK-9488,2025-05-20 07:30:38.358850564,2025-05-20 12:52:48.253217777,Critical,IT Support,Software,Closed
TCK-9489,2025-03-23 16:11:43.731636800,2025-03-24 06:53:53.615026433,Low,IT Support,Access,Resolved
TCK-9490,2025-06-08 19:24:15.521688886,2025-06-10 05:07:38.717236534,Medium,Finance,Access,Resolved
TCK-9491,2025-01-27 14:58:33.992445663,2025-01-27 18:59:31.328348597,Medium,IT Support,Network,Resolved
TCK-9492,2025-04-02 12:03:34.037204075,2025-04-03 06:39:32.413482171,Medium,HR,Network,Resolved
TCK-9493,2025-04-27 10:53:30.317899392,2025-04-28 10:52:29.540102317,Low,DevOps,Network,Closed
TCK-9494,2025-04-04 00:47:07.192500865,2025-04-04 04:42:34.338163219,Low,IT Support,Database,Closed
TCK-9495,2025-06-10 01:27:36.617929720,2025-06-11 10:32:18.211226426,High,DevOps,Hardware,Closed
TCK-9496,2025-06-28 02:54:48.159006782,2025-06-29 19:30:10.225677132,Low,  DevOps ,Network,Resolved
TCK-9497,2025-01-21 20:24:20.606524982,2025-01-22 15:49:23.681384618,Medium,Operations,Access,Resolved
TCK-9498,2025-01-24 09:24:18.668204275,2025-01-24 17:27:13.590763175,Low,IT Support,Access,Closed
TCK-9499,2025-01-24 11:00:00.614087003,2025-01-24 23:02:12.256545607,Low,HR,Network,Closed
TCK-9500,2025-05-03 14:41:06.198088846,2025-05-05 15:25:36.501058594,Medium,HR,Network,Resolved
TCK-9501,2025-03-09 01:57:38.637151271,2025-03-09 09:49:19.466669136,Critical,HR,Access,Resolved
TCK-9502,2025-05-12 23:55:09.612007370,2025-05-13 13:04:14.601719372,Medium,IT Support,Database,Resolved
TCK-9503,2025-03-14 23:38:12.346338293,2025-03-16 06:52:36.274918969,High,DevOps,Software,Closed
TCK-9504,2025-04-23 23:15:39.730156254,2025-04-24 04:48:20.458408971,Medium,IT Support,Access,Closed
TCK-9505,2025-05-19 13:47:11.704318152,2025-05-20 13:42:02.924827195,Medium,Finance,Software,Closed
TCK-9506,2025-04-09 16:17:33.842505325,2025-04-09 20:31:43.143874765,Medium,IT Support,Network,Closed
TCK-9507,2025-04-08 02:39:19.838678494,2025-04-08 16:01:13.223059080,Critical,Operations,Hardware,Closed
TCK-9508,2025-01-16 21:10:20.226842187,2025-01-18 03:27:11.781977854,Medium,  DevOps ,Network,Closed
TCK-9509,2025-03-15 22:34:37.665727531,2025-03-16 02:29:27.329737848,Medium,IT Support,Network,Closed
TCK-9510,2025-04-09 05:45:26.286954230,2025-04-09 16:42:23.053719586,Medium,IT Support,Network,Closed
TCK-9511,2025-03-25 03:45:25.800764007,2025-03-25 14:52:27.631870846,Low,Operations,Access,Closed
TCK-9512,2025-06-12 03:22:41.666930392,2025-06-12 15:14:02.352273085,Low,Finance,Access,Closed
TCK-9513,2025-06-13 04:12:44.390722298,2025-06-13 14:41:58.591011480,Low,Operations,Hardware,Closed
TCK-9514,2025-05-28 22:40:59.102916424,2025-05-30 16:49:56.729884818,High,HR,Software,Closed
TCK-9515,2025-03-09 13:17:15.668202762,2025-03-09 16:26:56.925868379,Low,IT Support,Software,Closed
TCK-9516,2025-05-10 02:43:56.407044534,2025-05-11 17:17:09.265449071,Medium,DevOps,Software,Closed
TCK-9517,2025-03-13 03:38:46.146554572,2025-03-14 00:56:04.903523245,Critical,DevOps,Network,Closed
TCK-9518,2025-02-11 20:48:15.651271004,2025-02-12 08:43:25.944145929,Medium,HR,Hardware,Closed
TCK-9519,2025-03-03 17:20:21.912503311,2025-03-05 02:28:33.692807600,Low,Finance,Network,Closed
TCK-9520,2025-01-13 18:34:01.976856647,2025-01-14 13:18:25.372733831,High,  HR ,Hardware,Closed
TCK-9521,2025-03-01 17:16:43.820040273,2025-03-02 03:22:56.851296558,Low,HR,Database,Closed
TCK-9522,2025-03-24 22:24:22.962845741,2025-03-25 02:43:02.318637671,Medium,IT Support,Access,Closed
TCK-9523,2025-06-21 23:40:38.875631468,2025-06-22 19:03:31.818520160,Medium,HR,Network,Closed
TCK-9524,2025-02-26 09:56:01.436887607,2025-02-27 09:39:34.085484645,Low,Operations,Database,Resolved
TCK-9525,2025-06-12 10:35:57.441724258,2025-06-12 17:58:13.785445155,Low,IT Support,Software,Closed
TCK-9526,2025-02-11 04:40:03.905607026,2025-02-11 22:22:45.306269669,Low,HR,Database,Closed
TCK-9527,2025-02-04 08:59:08.297951847,2025-02-05 04:35:24.444690964,Low,Finance,Access,Resolved
TCK-9528,2025-04-04 10:03:37.338433029,2025-04-04 21:57:50.816957116,Low,Operations,Access,Closed
TCK-9529,2025-05-02 01:14:56.815313258,2025-05-02 19:17:05.317226516,None,Operations,Access,Closed
TCK-9530,2025-01-08 23:30:55.164477080,2025-01-10 15:42:02.579804461,Medium,DevOps,Database,Closed
TCK-9531,2025-02-09 19:00:16.333214314,2025-02-10 04:55:33.275274796,High,IT Support,Software,Closed
TCK-9532,2025-03-24 00:33:12.381428473,2025-03-24 23:46:19.292641573,Medium,  Operations ,Network,Closed
TCK-9533,2025-03-01 13:56:19.433210438,2025-03-02 06:41:18.554201737,Medium,Finance,Software,Closed
TCK-9534,2025-05-09 06:31:23.026025102,2025-05-10 22:13:17.471201693,Low,Operations,Hardware,Closed
TCK-9535,2025-04-03 00:12:49.589634559,2025-04-03 12:10:46.424668040,Low,HR,Hardware,Resolved
TCK-9536,2025-01-29 20:45:04.810351856,2025-01-30 04:45:38.433690881,Medium,IT Support,Network,Closed
TCK-9537,2025-06-11 00:05:25.579108288,2025-06-11 16:07:24.965053444,Critical,DevOps,Access,Closed
TCK-9538,2025-02-22 17:21:09.065117207,2025-02-23 06:14:26.688230831,Low,HR,Network,Closed
TCK-9539,2025-05-12 14:29:11.006614712,2025-05-14 06:56:16.748438070,Medium,DevOps,Database,Resolved
TCK-9540,2025-05-21 09:14:10.196647334,2025-05-22 11:35:25.260592039,Low,Operations,Access,Closed
TCK-9541,2025-06-23 08:50:28.554382900,2025-06-25 00:08:45.194486659,Medium,Operations,Network,Closed
TCK-9542,2025-03-31 17:33:08.119382825,2025-04-02 01:19:50.788592450,Medium,Finance,Network,Closed
TCK-9543,2025-04-21 20:24:33.936502850,2025-04-22 17:04:56.725693150,High,Operations,Database,Closed
TCK-9544,2025-03-02 06:39:56.116193709,2025-03-02 18:01:31.952428338,Low,  HR ,Database,Closed
TCK-9545,2025-05-03 01:44:04.371144458,2025-05-03 14:39:50.107151154,Low,Operations,Software,Resolved
TCK-9546,2025-03-25 09:48:59.972193005,2025-03-27 01:36:50.009219929,Medium,Finance,Hardware,Resolved
TCK-9547,2025-03-20 18:39:29.576194215,2025-03-21 17:30:15.266102268,None,HR,Network,Closed
TCK-9548,2025-06-03 23:37:11.012813672,2025-06-04 07:54:25.632678538,Medium,HR,Software,Resolved
TCK-9549,2025-01-10 00:43:45.854091606,2025-01-10 12:55:53.679370903,Medium,IT Support,Access,Resolved
TCK-9550,2025-06-08 18:04:39.677641218,2025-06-10 12:59:27.132643538,Medium,DevOps,Access,Resolved
TCK-9551,2025-06-03 08:56:30.117909718,2025-06-03 13:48:43.306337237,Low,IT Support,Hardware,Closed
TCK-9552,2025-04-02 03:30:07.975392944,2025-04-03 03:05:13.062111096,High,Operations,Access,Closed
TCK-9553,2025-03-30 05:40:34.788605930,2025-03-30 14:04:41.957212955,Low,HR,Hardware,Closed
TCK-9554,2025-03-07 03:00:28.187687944,2025-03-07 07:13:21.366634648,High,HR,Access,Resolved
TCK-9555,2025-06-28 22:49:50.808234332,2025-06-29 15:26:45.684470605,Medium,Operations,Access,Closed
TCK-9556,2025-01-21 00:15:05.462987738,2025-01-21 09:55:15.555574193,Medium,  IT Support ,Network,Closed
TCK-9557,2025-04-17 05:43:47.344496096,2025-04-17 22:43:24.277142015,Low,Operations,Database,Closed
TCK-9558,2025-05-03 16:51:52.089428310,2025-05-07 23:36:25.336552805,Critical,Finance,Network,Closed
TCK-9559,2025-06-18 04:18:20.287789920,2025-06-19 09:54:54.858352971,Low,Finance,Software,Closed
TCK-9560,2025-05-21 10:28:44.783116356,2025-05-21 19:37:40.935746747,Medium,IT Support,Database,Closed
TCK-9561,2025-04-26 21:25:11.698125176,2025-04-28 11:50:52.013323792,High,DevOps,Network,Resolved
TCK-9562,2025-01-22 00:37:45.151062131,2025-01-22 15:03:54.084240083,Medium,Operations,Database,Closed
TCK-9563,2025-03-09 06:31:43.653762980,2025-03-11 07:52:06.166067089,Low,DevOps,Database,Closed
TCK-9564,2025-01-25 23:47:45.224906266,2025-01-26 16:48:17.644620886,None,HR,Database,Closed
TCK-9565,2025-06-08 14:50:20.415303668,2025-06-09 11:54:40.560882464,Low,Operations,Access,Closed
TCK-9566,2025-05-15 22:21:48.211325776,2025-05-16 21:03:12.439572422,Critical,DevOps,Database,Closed
TCK-9567,2025-05-17 08:33:32.108270510,2025-05-17 22:44:19.573298268,Low,DevOps,Access,Closed
TCK-9568,2025-04-28 09:44:53.364414158,2025-04-28 20:47:58.078309361,Medium,  HR ,Database,Closed
TCK-9569,2025-04-02 06:25:41.086439709,2025-04-02 16:13:05.848954850,Low,IT Support,Access,Closed
TCK-9570,2025-01-27 23:52:29.916776308,2025-01-28 11:14:38.393377472,Low,HR,Database,Closed
TCK-9571,2025-03-01 08:16:54.878036965,2025-03-02 00:42:42.677885896,Low,HR,Software,Closed
TCK-9572,2025-01-25 15:28:34.404600602,2025-01-25 23:02:38.016571190,Low,IT Support,Network,Resolved
TCK-9573,2025-05-11 11:37:29.197639642,2025-05-11 22:09:59.966037387,None,IT Support,Database,Closed
TCK-9574,2025-01-29 20:11:17.924694222,2025-01-30 15:12:35.682365391,High,DevOps,Software,Resolved
TCK-9575,2025-05-07 09:07:49.932270054,2025-05-07 18:29:28.152200252,Low,IT Support,Network,Closed
TCK-9576,2025-05-05 14:32:35.818995510,2025-05-06 03:36:27.833532283,Low,Operations,Hardware,Closed
TCK-9577,2025-03-24 16:11:43.257272525,2025-03-24 20:08:03.626195392,Medium,IT Support,Database,Resolved
TCK-9578,2025-01-25 08:11:16.028843949,2025-01-25 21:15:44.282256550,Medium,HR,Hardware,Closed
TCK-9579,2025-02-26 15:56:22.448036538,2025-02-27 10:15:49.723705463,High,IT Support,Network,Closed
TCK-9580,2025-02-27 14:48:08.032342976,2025-02-27 18:54:04.947616701,Medium,  IT Support ,Network,Closed
TCK-9581,2025-05-07 01:39:49.590644500,2025-05-08 03:40:15.119287614,Medium,Finance,Database,Closed
TCK-9582,2025-01-21 11:22:11.437922241,2025-01-23 09:33:37.501797972,Medium,DevOps,Software,Closed
TCK-9583,2025-05-30 05:34:35.585952644,2025-05-31 08:25:17.771717491,Medium,IT Support,Database,Closed
TCK-9584,2025-05-17 23:33:05.376971334,2025-05-18 10:38:58.598934266,Low,HR,Software,Closed
TCK-9585,2025-02-03 12:50:45.191446308,2025-02-03 23:11:54.699272222,Medium,HR,Database,Resolved
TCK-9586,2025-05-10 10:47:24.465425288,2025-05-11 04:05:20.392758589,Low,DevOps,Software,Resolved
TCK-9587,2025-05-01 07:58:36.998187564,2025-05-03 03:18:38.421411121,Medium,Finance,Access,Closed
TCK-9588,2025-05-15 15:52:54.683325124,2025-05-16 03:32:51.693890642,Medium,Operations,Software,Closed
TCK-9589,2025-02-04 00:10:16.894338096,2025-02-04 15:07:36.393743322,High,Operations,Software,Closed
TCK-9590,2025-01-29 08:47:24.690177400,2025-01-29 18:30:37.339648688,Low,Finance,Network,Closed
TCK-9591,2025-02-12 13:36:38.949070673,2025-02-13 02:50:06.240476334,Medium,IT Support,Hardware,Closed
TCK-9592,2025-03-07 20:33:56.727372870,2025-03-08 21:54:19.535092399,Low,  HR ,Database,Resolved
TCK-9593,2025-05-23 20:37:57.785068780,2025-05-25 19:56:59.853354123,Medium,DevOps,Network,Closed
TCK-9594,2025-05-13 19:49:53.075671074,2025-05-14 06:48:38.508046913,High,Finance,Hardware,Closed
TCK-9595,2025-06-16 13:57:03.163115748,2025-06-17 14:20:07.327452762,High,Operations,Network,Closed
TCK-9596,2025-01-11 13:16:46.903101667,2025-01-11 21:04:44.455526372,Critical,Operations,Network,Closed
TCK-9597,2025-01-03 01:55:23.282332614,2025-01-03 16:32:28.528044514,None,HR,Database,Resolved
TCK-9598,2025-05-06 20:16:47.079506828,2025-05-07 16:13:24.201626354,High,Operations,Access,Closed
TCK-9599,2025-02-20 06:31:19.134590864,2025-02-21 03:32:30.302317061,Low,Operations,Network,Closed
TCK-9600,2025-03-02 03:13:14.983341930,2025-03-02 21:46:21.023323305,Low,HR,Database,Closed
TCK-9601,2025-04-09 10:11:05.107022494,2025-04-10 10:35:11.535693898,Medium,Finance,Software,Closed
TCK-9602,2025-01-19 10:25:28.890867970,2025-01-19 22:02:42.760661989,None,DevOps,Hardware,Closed
TCK-9603,2025-04-26 16:26:23.566155270,2025-04-27 03:32:50.810559284,Medium,IT Support,Database,Closed
TCK-9604,2025-02-28 12:38:13.083786848,2025-03-01 03:32:49.830231666,Low,  HR ,Access,Closed
TCK-9605,2025-04-24 21:19:45.613129022,2025-04-25 06:22:18.495420109,Critical,HR,Database,Closed
TCK-9606,2025-05-31 02:54:35.512117296,2025-05-31 11:07:20.975212806,Medium,Operations,Database,Closed
TCK-9607,2025-01-31 19:12:03.456063706,2025-02-01 13:33:33.036554674,Medium,IT Support,Software,Closed
TCK-9608,2025-06-17 13:22:18.341006620,2025-06-18 22:41:14.053799543,High,Operations,Hardware,Closed
TCK-9609,2025-04-06 12:34:21.969803126,2025-04-08 08:41:42.342654713,High,DevOps,Hardware,Resolved
TCK-9610,2025-06-16 03:02:52.603985556,2025-06-16 13:10:25.680349470,High,HR,Access,Resolved
TCK-9611,2025-02-07 09:23:38.238402053,2025-02-07 18:12:01.617578923,High,DevOps,Hardware,Resolved
TCK-9612,2025-04-19 19:42:38.559925104,2025-04-21 17:08:51.766647327,Medium,DevOps,Software,Closed
TCK-9613,2025-03-14 16:47:32.448616700,2025-03-15 03:00:09.989396088,Medium,IT Support,Access,Closed
TCK-9614,2025-05-20 08:38:23.516858316,2025-05-20 15:41:16.091557131,Medium,IT Support,Software,Resolved
TCK-9615,2025-04-20 01:31:35.884853184,2025-04-22 07:55:41.016706334,High,DevOps,Software,Resolved
TCK-9616,2025-03-31 00:18:24.386615768,2025-04-01 23:40:35.850213476,Medium,  DevOps ,Database,Resolved
TCK-9617,2025-06-14 08:05:49.040815046,2025-06-14 17:22:45.472749006,Low,IT Support,Database,Closed
TCK-9618,2025-03-09 21:08:44.581997971,2025-03-10 05:47:45.704661545,Low,IT Support,Database,Closed
TCK-9619,2025-02-09 14:18:52.146576518,2025-02-09 23:02:01.973834819,Medium,IT Support,Network,Closed
TCK-9620,2025-04-20 10:59:49.657923730,2025-04-22 06:32:57.095367692,Low,DevOps,Software,Closed
TCK-9621,2025-04-23 07:48:10.254911600,2025-04-23 13:20:20.966454441,High,IT Support,Hardware,Closed
TCK-9622,2025-03-21 00:53:19.554685806,2025-03-21 23:09:41.403420296,Low,Operations,Access,Resolved
TCK-9623,2025-03-29 14:09:19.399457274,2025-03-30 05:37:02.167758413,Low,Finance,Network,Closed
TCK-9624,2025-06-22 17:16:14.699192044,2025-06-23 09:51:11.450074285,Low,IT Support,Database,Closed
TCK-9625,2025-05-12 21:12:07.872603054,2025-05-13 20:41:20.139740345,Medium,Operations,Network,Closed
TCK-9626,2025-01-20 21:47:58.439057037,2025-01-21 03:49:29.188531064,Low,IT Support,Network,Resolved
TCK-9627,2025-02-08 04:24:06.862179741,2025-02-09 12:40:35.953550458,Medium,DevOps,Software,Closed
TCK-9628,2025-06-25 14:29:27.818741814,2025-06-25 20:02:15.336056337,Critical,  IT Support ,Software,Resolved
TCK-9629,2025-05-11 18:19:52.292596998,2025-05-13 08:30:56.286763600,High,Operations,Hardware,Closed
TCK-9630,2025-06-14 16:59:41.801801646,2025-06-16 09:30:55.854344718,High,Operations,Access,Resolved
TCK-9631,2025-02-24 16:40:53.487952605,2025-02-25 04:43:15.041898523,Medium,IT Support,Access,Resolved
TCK-9632,2025-05-14 12:51:53.408066684,2025-05-15 07:22:34.960458703,High,IT Support,Database,Closed
TCK-9633,2025-05-09 12:29:30.122957650,2025-05-10 03:48:41.062655807,High,HR,Hardware,Resolved
TCK-9634,2025-02-23 01:03:38.653553161,2025-02-23 13:30:43.217544951,None,IT Support,Access,Closed
TCK-9635,2025-04-10 03:31:35.493409369,2025-04-12 00:43:25.452539289,Low,Finance,Network,Closed
TCK-9636,2025-04-23 22:25:59.810475632,2025-04-24 22:51:46.881267976,Low,Finance,Network,Closed
TCK-9637,2025-03-28 14:29:21.921988736,2025-03-29 05:12:12.029156239,Low,HR,Access,Resolved
TCK-9638,2025-05-29 21:24:43.245945414,2025-05-31 02:07:14.550018246,Critical,Operations,Network,Resolved
TCK-9639,2025-05-30 21:59:39.338042332,2025-05-31 22:51:47.621008601,Medium,Operations,Network,Closed
TCK-9640,2025-06-03 02:35:39.727185810,2025-06-03 19:23:13.355857434,Medium,  Finance ,Database,Closed
TCK-9641,2025-05-25 14:47:23.346614630,2025-05-25 19:32:52.144338053,Medium,HR,Network,Closed
TCK-9642,2025-03-29 20:31:14.237369993,2025-03-30 04:18:23.133359636,High,IT Support,Access,Closed
TCK-9643,2025-03-10 15:48:48.412813360,2025-03-10 18:47:33.042319611,Critical,IT Support,Software,Resolved
TCK-9644,2025-05-30 15:32:43.964325892,2025-05-31 02:30:44.071740860,High,Operations,Network,Closed
TCK-9645,2025-03-30 05:40:13.083467062,2025-03-30 14:50:30.405421771,High,HR,Access,Closed
TCK-9646,2025-02-14 08:19:27.991462373,2025-02-14 19:00:37.065802022,Low,HR,Network,Resolved
TCK-9647,2025-04-02 07:43:26.614675107,2025-04-02 20:32:05.341118373,Medium,IT Support,Hardware,Closed
TCK-9648,2025-01-26 12:47:28.430488053,2025-01-28 05:57:11.243325206,Critical,Finance,Database,Closed
TCK-9649,2025-05-05 11:50:21.837792520,2025-05-05 22:48:05.107909846,High,IT Support,Software,Resolved
TCK-9650,2025-03-02 11:10:47.771814992,2025-03-02 22:50:30.298356429,Medium,IT Support,Network,Resolved
TCK-9651,2025-02-16 22:02:45.633454809,2025-02-17 17:45:34.127893093,Low,HR,Access,Closed
TCK-9652,2025-06-22 04:07:04.021442754,2025-06-22 06:33:24.975052590,Low,  IT Support ,Software,Closed
TCK-9653,2025-05-20 20:07:33.246033200,2025-05-21 14:13:04.494704730,Low,Operations,Network,Closed
TCK-9654,2025-05-22 16:08:24.906362584,2025-05-22 21:55:25.580656215,Medium,HR,Hardware,Closed
TCK-9655,2025-04-23 06:28:44.066229862,2025-04-24 00:47:44.086688506,Medium,HR,Access,Resolved
TCK-9656,2025-06-01 01:13:35.549056140,2025-06-01 07:32:49.789694179,Critical,Operations,Database,Resolved
TCK-9657,2025-05-17 15:34:54.907052904,2025-05-17 23:20:55.069890108,Medium,IT Support,Network,Closed
TCK-9658,2025-04-18 18:42:08.646686004,2025-04-19 05:52:49.587153142,Low,IT Support,Access,Closed
TCK-9659,2025-06-23 00:03:26.697597908,2025-06-23 17:47:05.131151336,Low,DevOps,Network,Closed
TCK-9660,2025-02-04 11:41:24.657492147,2025-02-05 10:39:29.292291807,High,HR,Database,Closed
TCK-9661,2025-06-19 19:24:01.389806368,2025-06-20 13:41:38.466879095,Medium,HR,Hardware,Closed
TCK-9662,2025-03-14 06:12:46.295406348,2025-03-14 16:29:44.594366506,Medium,IT Support,Database,Closed
TCK-9663,2025-04-06 02:41:00.989859920,2025-04-06 22:48:51.273993849,Medium,HR,Database,Closed
TCK-9664,2025-01-23 02:14:01.897553092,2025-01-23 17:16:29.059410882,Low,  Operations ,Database,Closed
TCK-9665,2025-04-08 05:15:50.890111692,2025-04-09 00:41:04.828582394,Low,Operations,Software,Resolved
TCK-9666,2025-04-21 00:24:47.404898624,2025-04-22 01:02:11.795003576,Medium,Finance,Access,Resolved
TCK-9667,2025-06-29 14:04:14.378206166,2025-06-29 22:31:02.980441454,Medium,IT Support,Network,Closed
TCK-9668,2025-06-25 12:49:52.376984380,2025-06-25 18:54:19.504241213,Medium,IT Support,Hardware,Closed
TCK-9669,2025-06-23 22:50:10.683228916,2025-06-24 11:59:57.350391868,Medium,Finance,Network,Closed
TCK-9670,2025-03-04 17:02:11.110707196,2025-03-05 19:13:52.118370606,None,DevOps,Software,Closed
TCK-9671,2025-06-28 10:16:16.588482916,2025-06-28 17:15:30.818032732,High,IT Support,Hardware,Closed
TCK-9672,2025-03-23 23:39:56.213607164,2025-03-24 09:29:24.314752251,Medium,HR,Software,Resolved
TCK-9673,2025-06-03 07:55:57.496265076,2025-06-03 20:56:51.051901727,Medium,IT Support,Network,Closed
TCK-9674,2025-02-08 22:30:08.158183052,2025-02-09 03:13:56.799334478,Medium,IT Support,Hardware,Closed
TCK-9675,2025-04-02 01:11:57.610019480,2025-04-02 14:13:56.540576525,Low,HR,Network,Resolved
TCK-9676,2025-06-23 21:10:20.118976518,2025-06-24 12:24:06.411240846,None,  IT Support ,Access,Resolved
TCK-9677,2025-06-20 11:10:32.284953146,2025-06-22 01:46:30.272462798,Medium,Finance,Software,Closed
TCK-9678,2025-05-04 01:44:04.819878828,2025-05-05 10:48:03.983604586,Critical,Operations,Access,Resolved
TCK-9679,2025-05-24 14:33:28.344345186,2025-05-24 20:53:02.120839577,None,IT Support,Access,Closed
TCK-9680,2025-02-01 18:09:47.985560546,2025-02-02 06:44:40.604043804,Medium,IT Support,Network,Resolved
TCK-9681,2025-05-10 21:33:53.761577616,2025-05-11 11:57:51.673114631,Low,Finance,Network,Closed
TCK-9682,2025-04-22 05:58:46.171231710,2025-04-22 13:23:03.471144994,Medium,IT Support,Database,Closed
TCK-9683,2025-01-17 11:30:12.594403379,2025-01-18 03:56:23.366060920,Medium,Operations,Database,Closed
TCK-9684,2025-01-21 08:50:48.870482645,2025-01-21 19:29:39.745358696,High,HR,Hardware,Closed
TCK-9685,2025-01-20 12:28:35.143267624,2025-01-21 03:29:51.583708369,Low,Operations,Network,Closed
TCK-9686,2025-05-11 09:13:19.050473604,2025-05-11 20:19:03.424875355,Medium,HR,Software,Closed
TCK-9687,2025-01-26 12:12:34.918666246,2025-01-26 17:24:38.862119283,Critical,IT Support,Network,Resolved
TCK-9688,2025-03-26 04:36:12.280372244,2025-03-26 17:38:48.081699243,None,  IT Support ,Network,Closed
TCK-9689,2025-03-06 06:09:41.045010888,2025-03-06 13:55:13.101504460,Low,IT Support,Access,Resolved
TCK-9690,2025-04-10 02:10:40.397258427,2025-04-10 17:52:57.328902458,High,HR,Access,Closed
TCK-9691,2025-05-08 03:58:42.329236154,2025-05-08 23:30:52.018985518,Low,Operations,Database,Closed
TCK-9692,2025-05-04 06:00:04.898866156,2025-05-04 14:44:13.774182905,High,IT Support,Hardware,Resolved
TCK-9693,2025-04-03 19:02:45.732300385,2025-04-04 03:56:59.100888165,Low,IT Support,Hardware,Closed
TCK-9694,2025-03-25 13:55:35.954388715,2025-03-26 05:22:38.965989387,None,Operations,Network,Closed
TCK-9695,2025-03-13 14:33:48.135341368,2025-03-15 03:08:45.162756623,Medium,Operations,Software,Resolved
TCK-9696,2025-06-05 03:27:03.516029708,2025-06-07 00:47:55.256709801,Medium,DevOps,Access,Closed
TCK-9697,2025-03-01 13:16:47.269379375,2025-03-02 07:26:45.592628620,Low,Operations,Software,Resolved
TCK-9698,2025-02-16 16:27:37.250796879,2025-02-17 03:48:57.563374353,Low,HR,Access,Closed
TCK-9699,2025-05-14 19:07:22.557326778,2025-05-15 12:05:04.889538902,Medium,Operations,Network,Resolved
TCK-9700,2025-03-06 18:10:41.356307490,2025-03-08 08:22:36.192123939,Critical,  DevOps ,Hardware,Closed
TCK-9701,2025-06-02 11:02:02.223425038,2025-06-04 14:53:56.032031158,High,Finance,Network,Resolved
TCK-9702,2025-03-01 00:28:45.352244875,2025-03-01 07:37:35.208451707,High,HR,Access,Resolved
TCK-9703,2025-05-07 08:24:05.911783996,2025-05-07 20:13:24.743240581,High,IT Support,Hardware,Closed
TCK-9704,2025-01-09 02:52:15.265749546,2025-01-09 17:48:06.241876677,None,IT Support,Software,Closed
TCK-9705,2025-03-11 09:37:53.911475698,2025-03-11 18:11:27.210041366,High,Operations,Software,Closed
TCK-9706,2025-03-03 18:45:15.681095361,2025-03-04 17:07:58.039623521,Low,Finance,Database,Closed
TCK-9707,2025-05-28 00:03:07.753219162,2025-05-28 10:37:23.291134093,High,Operations,Software,Closed
TCK-9708,2025-06-24 01:40:45.631006678,2025-06-24 12:13:15.453057845,Low,IT Support,Database,Closed
TCK-9709,2025-03-24 23:00:25.615128936,2025-03-25 19:29:17.216918302,None,Finance,Hardware,Resolved
TCK-9710,2025-05-29 11:17:33.782295246,2025-05-30 10:14:57.385871285,Medium,Finance,Network,Closed
TCK-9711,2025-05-06 22:40:51.989288942,2025-05-07 05:36:07.040952384,Low,IT Support,Network,Closed
TCK-9712,2025-06-24 03:06:26.880145756,2025-06-25 04:54:34.216316387,Low,  Operations ,Hardware,Resolved
TCK-9713,2025-05-26 23:59:19.615059610,2025-05-27 15:54:42.061954083,Medium,HR,Hardware,Closed
TCK-9714,2025-01-14 22:42:18.881867937,2025-01-16 09:29:57.986872122,Low,DevOps,Access,Resolved
TCK-9715,2025-05-09 09:22:37.346488538,2025-05-10 11:55:32.976900545,None,Finance,Software,Closed
TCK-9716,2025-04-07 09:21:31.574248754,2025-04-08 09:19:27.538342775,Low,Operations,Software,Resolved
TCK-9717,2025-01-03 23:00:13.572963552,2025-01-04 14:47:38.084686937,Low,Operations,Software,Closed
TCK-9718,2025-02-15 05:40:19.134098100,2025-02-18 06:13:44.892659159,Low,DevOps,Database,Resolved
TCK-9719,2025-06-15 21:58:57.570658240,2025-06-16 05:38:28.954966820,Low,HR,Software,Closed
TCK-9720,2025-06-16 16:35:06.469579582,2025-06-16 22:34:34.595779809,Medium,HR,Access,Resolved
TCK-9721,2025-05-24 19:02:02.357040268,2025-05-25 04:57:06.498120671,Medium,Finance,Network,Resolved
TCK-9722,2025-06-26 17:17:16.390179292,2025-06-26 20:17:34.331068418,Low,IT Support,Network,Resolved
TCK-9723,2025-05-26 04:16:31.333355634,2025-05-27 00:09:27.397432939,Low,HR,Database,Resolved
TCK-9724,2025-01-02 20:04:55.520660133,2025-01-04 12:55:20.852825638,Low,  DevOps ,Access,Closed
TCK-9725,2025-02-21 19:26:39.660369111,2025-02-23 16:15:36.638401072,High,Finance,Hardware,Closed
TCK-9726,2025-01-06 12:17:47.282161688,2025-01-06 20:40:07.387938751,Medium,HR,Network,Closed
TCK-9727,2025-01-17 22:32:47.129806524,2025-01-18 10:53:08.947415264,Low,IT Support,Access,Closed
TCK-9728,2025-02-09 09:23:32.385218469,2025-02-10 00:00:05.638196881,Low,HR,Hardware,Closed
TCK-9729,2025-04-01 15:22:22.512454525,2025-04-02 00:36:40.443240393,Medium,IT Support,Database,Closed
TCK-9730,2025-06-02 13:20:17.717841300,2025-06-03 00:57:35.987244003,Low,IT Support,Software,Closed
TCK-9731,2025-06-05 03:41:46.991755344,2025-06-05 20:28:55.808372770,Medium,Finance,Access,Resolved
TCK-9732,2025-04-21 21:59:31.304283076,2025-04-23 04:58:58.222768422,None,IT Support,Network,Closed
TCK-9733,2025-06-17 01:43:12.204358086,2025-06-18 05:21:28.057089739,Low,HR,Database,Closed
TCK-9734,2025-04-01 00:16:09.303130916,2025-04-01 11:09:15.432167610,Low,HR,Access,Closed
TCK-9735,2025-06-10 00:38:08.558359550,2025-06-10 18:36:15.025801713,Low,DevOps,Database,Closed
TCK-9736,2025-03-23 17:33:42.866475453,2025-03-24 07:09:04.697015282,Medium,  HR ,Hardware,Resolved
TCK-9737,2025-02-19 21:36:43.315425113,2025-02-20 06:55:22.878164106,Low,IT Support,Access,Closed
TCK-9738,2025-06-14 22:54:13.702297852,2025-06-15 13:23:07.197211893,Medium,IT Support,Software,Resolved
TCK-9739,2025-03-11 19:52:46.296957776,2025-03-12 05:54:49.852027909,Critical,Operations,Hardware,Closed
TCK-9740,2025-04-01 14:42:20.700749068,2025-04-02 11:28:03.215859687,Low,Operations,Software,Resolved
TCK-9741,2025-03-01 04:40:40.557117092,2025-03-01 11:17:20.145789636,Medium,HR,Database,Resolved
TCK-9742,2025-04-30 07:27:30.359721430,2025-05-01 01:07:13.898129044,High,HR,Software,Closed
TCK-9743,2025-06-29 02:32:05.611293864,2025-06-29 10:35:24.221320718,Low,IT Support,Hardware,Resolved
TCK-9744,2025-01-05 14:13:06.711944897,2025-01-07 13:37:21.969607062,Low,Operations,Hardware,Resolved
TCK-9745,2025-06-11 23:20:36.189422442,2025-06-12 07:39:09.523335156,Medium,Operations,Hardware,Closed
TCK-9746,2025-01-01 16:57:38.038297055,2025-01-02 09:49:39.924691281,Low,IT Support,Database,Resolved
TCK-9747,2025-03-07 13:27:52.007585875,2025-03-07 17:05:25.873667693,High,IT Support,Network,Closed
TCK-9748,2025-01-31 08:22:53.051414526,2025-01-31 12:45:31.787313472,Low,  IT Support ,Database,Closed
TCK-9749,2025-05-17 07:42:59.373019518,2025-05-17 11:23:28.919920883,Medium,IT Support,Hardware,Closed
TCK-9750,2025-01-10 02:38:19.795455562,2025-01-10 23:02:20.762025703,High,Operations,Database,Closed
TCK-9751,2025-04-10 15:03:17.998143468,2025-04-10 19:46:53.939024601,Low,IT Support,Access,Resolved
TCK-9752,2025-02-23 02:04:51.233562302,2025-02-23 06:24:44.423185488,Low,IT Support,Access,Closed
TCK-9753,2025-01-25 01:27:19.710343847,2025-01-25 10:51:44.770525498,Low,IT Support,Network,Closed
TCK-9754,2025-05-19 22:15:16.834620270,2025-05-21 13:06:40.168096819,High,DevOps,Database,Closed
TCK-9755,2025-02-09 03:14:26.606337752,2025-02-10 10:51:52.497509909,High,DevOps,Database,Resolved
TCK-9756,2025-02-10 06:16:36.897878410,2025-02-10 14:06:52.932908985,Low,IT Support,Access,Closed
TCK-9757,2025-02-19 12:19:54.162464978,2025-02-20 23:45:59.747692914,High,HR,Hardware,Closed
TCK-9758,2025-04-16 14:49:56.711053482,2025-04-16 23:58:31.370752305,High,IT Support,Software,Closed
TCK-9759,2025-04-29 17:45:24.569654516,2025-04-30 15:00:03.979100205,None,HR,Hardware,Resolved
TCK-9760,2025-01-04 04:02:34.448603316,2025-01-04 13:10:21.184252680,Medium,  IT Support ,Network,Closed
TCK-9761,2025-02-13 12:52:36.580841667,2025-02-13 23:16:22.648551922,High,Operations,Software,Closed
TCK-9762,2025-03-19 13:47:38.542642158,2025-03-20 13:29:24.939512934,Medium,Operations,Hardware,Resolved
TCK-9763,2025-03-01 18:08:25.560011498,2025-03-02 16:28:26.220743615,Critical,DevOps,Database,Closed
TCK-9764,2025-06-09 03:37:02.081161300,2025-06-09 11:44:21.183654945,Low,IT Support,Database,Resolved
TCK-9765,2025-05-22 18:54:06.182745586,2025-05-23 23:26:37.153797589,Low,Finance,Access,Closed
TCK-9766,2025-04-23 15:50:44.632059846,2025-04-24 01:07:36.057801903,High,Finance,Database,Resolved
TCK-9767,2025-03-02 20:20:35.653585963,2025-03-03 00:08:39.950256890,High,IT Support,Database,Resolved
TCK-9768,2025-05-07 02:54:16.307047476,2025-05-08 01:16:48.505020752,Low,HR,Network,Closed
TCK-9769,2025-06-01 20:30:58.375777794,2025-06-02 02:36:56.271430251,Medium,IT Support,Software,Closed
TCK-9770,2025-04-18 01:40:02.028686962,2025-04-18 07:54:46.817198121,Medium,IT Support,Hardware,Closed
TCK-9771,2025-05-22 04:52:24.733125832,2025-05-22 14:06:40.201223425,Low,IT Support,Hardware,Closed
TCK-9772,2025-05-15 20:08:00.359688878,2025-05-16 10:58:35.538312786,Low,  Operations ,Network,Closed
TCK-9773,2025-04-13 21:54:18.663165331,2025-04-14 15:24:08.286313466,Low,HR,Software,Resolved
TCK-9774,2025-02-26 04:37:53.388008138,2025-02-27 10:50:56.940993472,Medium,DevOps,Database,Closed
TCK-9775,2025-05-15 05:46:44.121235778,2025-05-15 15:09:58.736701431,Low,IT Support,Network,Resolved
TCK-9776,2025-02-07 05:21:37.089593495,2025-02-08 03:11:07.239476783,Low,DevOps,Database,Closed
TCK-9777,2025-05-21 07:23:22.764325292,2025-05-21 16:45:12.861792936,Critical,IT Support,Hardware,Resolved
TCK-9778,2025-05-25 19:38:30.156200674,2025-05-27 14:12:52.559472443,Low,Finance,Network,Closed
TCK-9779,2025-05-28 23:39:57.167078442,2025-05-29 10:21:23.442762876,Medium,HR,Network,Resolved
TCK-9780,2025-03-27 02:59:49.180656972,2025-03-27 16:25:48.510070321,Critical,IT Support,Network,Closed
TCK-9781,2025-02-04 15:31:00.900365597,2025-02-05 21:43:40.603562312,Low,DevOps,Hardware,Closed
TCK-9782,2025-01-18 22:48:21.428227501,2025-01-19 19:18:25.701847379,Low,HR,Hardware,Closed
TCK-9783,2025-05-14 19:19:14.167588196,2025-05-15 14:31:03.602576965,Medium,Operations,Access,Closed
TCK-9784,2025-06-09 12:38:57.052207654,2025-06-10 06:21:03.530201719,Medium,  Operations ,Hardware,Closed
TCK-9785,2025-04-28 03:37:18.156631572,2025-04-28 20:32:06.433072388,Medium,HR,Hardware,Closed
TCK-9786,2025-01-26 22:46:17.259159924,2025-01-28 00:49:19.414020160,Medium,HR,Database,Closed
TCK-9787,2025-06-18 06:45:09.567345312,2025-06-19 10:19:20.926141996,Critical,Finance,Hardware,Resolved
TCK-9788,2025-06-28 00:55:14.530115498,2025-06-28 11:43:06.189104946,Low,IT Support,Software,Closed
TCK-9789,2025-03-20 00:11:44.141707906,2025-03-20 15:10:00.512670581,High,Operations,Database,Closed
TCK-9790,2025-04-18 01:38:42.898785690,2025-04-20 21:38:23.985364203,Low,DevOps,Access,Resolved
TCK-9791,2025-05-20 21:37:37.943065782,2025-05-21 09:20:05.156198876,Medium,IT Support,Software,Closed
TCK-9792,2025-05-13 13:12:14.014858294,2025-05-13 22:02:26.354035699,Low,IT Support,Access,Closed
TCK-9793,2025-06-24 04:50:26.408949002,2025-06-25 03:52:59.902067700,Medium,Finance,Network,Closed
TCK-9794,2025-01-21 16:17:41.832457325,2025-01-22 15:26:58.612047709,High,HR,Network,Closed
TCK-9795,2025-04-15 12:43:53.118252914,2025-04-15 23:13:06.451568469,Low,HR,Network,Closed
TCK-9796,2025-05-05 13:08:37.438755930,2025-05-05 16:37:45.453945220,Low,  IT Support ,Hardware,Resolved
TCK-9797,2025-06-10 05:13:30.692966644,2025-06-10 23:53:19.414765541,Medium,Operations,Hardware,Resolved
TCK-9798,2025-06-07 08:09:12.930272680,2025-06-07 23:33:51.804043932,Low,IT Support,Database,Closed
TCK-9799,2025-06-26 00:57:32.789465182,2025-06-27 08:25:29.117634624,High,HR,Software,Closed
TCK-9800,2025-04-03 04:10:44.115638784,2025-04-04 03:23:57.132923167,High,Finance,Software,Closed
TCK-9801,2025-05-30 12:53:13.000679300,2025-05-30 21:34:27.212076864,High,IT Support,Network,Closed
TCK-9802,2025-03-18 21:51:25.124796201,2025-03-19 16:16:08.626710912,Medium,HR,Network,Closed
TCK-9803,2025-03-18 00:23:45.428417014,2025-03-19 03:33:27.998438201,Medium,DevOps,Hardware,Closed
TCK-9804,2025-02-15 14:27:53.764281903,2025-02-16 13:46:03.945542852,Low,Operations,Access,Closed
TCK-9805,2025-05-28 06:47:06.287723062,2025-05-29 06:15:39.348470583,Medium,Finance,Software,Closed
TCK-9806,2025-06-27 10:43:16.525611796,2025-06-28 10:15:59.594425548,Medium,HR,Software,Closed
TCK-9807,2025-02-16 03:23:46.559256554,2025-02-17 14:33:54.751788830,None,Finance,Access,Closed
TCK-9808,2025-01-11 02:29:18.456903716,2025-01-11 15:14:02.340023117,None,  IT Support ,Software,Closed
TCK-9809,2025-05-27 19:08:35.986740402,2025-05-28 02:48:50.491972516,Critical,IT Support,Software,Closed
TCK-9810,2025-04-22 15:23:37.777020528,2025-04-23 13:39:32.889964439,Medium,IT Support,Hardware,Closed
TCK-9811,2025-06-22 17:53:55.746169220,2025-06-23 11:59:09.238373276,Medium,HR,Software,Resolved
TCK-9812,2025-02-15 09:40:24.335084761,2025-02-16 13:23:52.898934759,High,Finance,Network,Closed
TCK-9813,2025-01-13 18:50:22.137235923,2025-01-14 04:32:44.653533418,High,HR,Network,Resolved
TCK-9814,2025-03-30 15:21:02.040995833,2025-03-31 08:29:52.019814924,High,Operations,Database,Resolved
TCK-9815,2025-01-16 09:12:47.589153973,2025-01-17 11:09:18.763096292,Low,Finance,Hardware,Closed
TCK-9816,2025-02-17 02:55:58.097149306,2025-02-17 15:04:23.291336018,High,Operations,Hardware,Resolved
TCK-9817,2025-01-23 16:13:27.691459705,2025-01-24 04:29:36.428727080,Medium,HR,Network,Closed
TCK-9818,2025-02-10 08:15:03.658073544,2025-02-11 00:49:08.376047171,Medium,Operations,Hardware,Closed
TCK-9819,2025-01-20 02:32:41.640678286,2025-01-20 17:08:51.142616669,High,HR,Hardware,Resolved
TCK-9820,2025-06-21 16:52:26.103093142,2025-06-21 20:23:41.292769095,Medium,  IT Support ,Database,Closed
TCK-9821,2025-02-20 03:23:27.319570286,2025-02-21 08:21:48.823335591,Medium,DevOps,Access,Closed
TCK-9822,2025-03-21 21:38:15.257356378,2025-03-22 04:40:33.806493507,Medium,IT Support,Software,Closed
TCK-9823,2025-06-11 18:00:10.832327426,2025-06-12 02:24:52.967311549,Medium,IT Support,Database,Closed
TCK-9824,2025-05-02 22:01:45.335976848,2025-05-05 02:02:56.816776204,Low,DevOps,Access,Closed
TCK-9825,2025-04-22 05:55:18.897696714,2025-04-23 21:32:45.970330549,Medium,HR,Software,Closed
TCK-9826,2025-05-08 00:01:58.736491740,2025-05-09 01:18:05.499959213,Medium,Operations,Network,Closed
TCK-9827,2025-05-30 04:30:43.742502898,2025-05-30 12:10:20.263551419,Medium,HR,Access,Resolved
TCK-9828,2025-06-07 23:31:52.453630586,2025-06-08 11:28:44.160617699,High,HR,Software,Resolved
TCK-9829,2025-04-26 16:12:12.158182492,2025-04-27 03:39:14.552635750,Low,IT Support,Database,Closed
TCK-9830,2025-06-10 04:49:53.136041986,2025-06-10 22:54:46.399131005,Critical,HR,Software,Closed
TCK-9831,2025-04-07 08:55:02.346521016,2025-04-08 08:10:52.556490120,Medium,HR,Hardware,Closed
TCK-9832,2025-02-19 21:53:47.396686521,2025-02-20 21:13:57.029268807,Medium,  Finance ,Software,Closed
TCK-9833,2025-06-08 09:55:52.976561548,2025-06-09 00:56:23.842848745,Low,Operations,Network,Closed
TCK-9834,2025-04-08 11:09:45.411928331,2025-04-11 13:37:04.561921300,Low,DevOps,Database,Closed
TCK-9835,2025-06-13 02:30:51.761845628,2025-06-13 11:16:02.718342223,High,IT Support,Access,Resolved
TCK-9836,2025-01-08 05:31:29.842559439,2025-01-08 16:21:06.713420078,Low,Operations,Software,Resolved
TCK-9837,2025-03-13 13:16:04.967969295,2025-03-15 02:54:11.525891783,None,Operations,Database,Closed
TCK-9838,2025-06-20 14:31:03.645573106,2025-06-21 05:11:22.768630050,Low,DevOps,Network,Closed
TCK-9839,2025-02-14 22:29:18.242577124,2025-02-14 23:58:08.915049870,Critical,IT Support,Access,Closed
TCK-9840,2025-06-19 11:26:11.698390636,2025-06-20 13:52:53.511071080,Medium,Operations,Software,Closed
TCK-9841,2025-06-21 16:51:31.075482094,2025-06-23 17:44:13.686568213,Medium,DevOps,Network,Resolved
TCK-9842,2025-06-08 18:51:17.270840590,2025-06-09 05:18:34.981088875,Low,IT Support,Hardware,Closed
TCK-9843,2025-04-12 11:02:45.437290981,2025-04-13 03:12:34.243784575,Medium,DevOps,Database,Closed
TCK-9844,2025-04-27 10:46:42.312102090,2025-04-27 19:01:54.730352741,Low,  IT Support ,Database,Closed
TCK-9845,2025-06-06 12:44:43.559892366,2025-06-07 10:03:51.202918290,Medium,Finance,Software,Resolved
TCK-9846,2025-05-20 15:52:31.425316596,2025-05-21 15:34:20.134038413,Medium,DevOps,Network,Resolved
TCK-9847,2025-04-24 10:00:19.546730562,2025-04-25 22:28:20.580168299,High,Operations,Access,Resolved
TCK-9848,2025-06-26 19:21:38.311205168,2025-06-27 03:46:29.073181337,High,HR,Access,Resolved
TCK-9849,2025-05-04 10:07:23.048261610,2025-05-04 20:04:42.605547332,Medium,IT Support,Access,Resolved
TCK-9850,2025-06-25 14:04:55.946547580,2025-06-27 22:24:00.036224475,Low,DevOps,Access,Closed
TCK-9851,2025-01-11 07:55:05.557089475,2025-01-12 01:06:06.967852051,Low,HR,Software,Closed
TCK-9852,2025-01-26 00:18:31.685782888,2025-01-26 16:07:06.701060517,High,IT Support,Software,Resolved
TCK-9853,2025-03-23 06:18:07.972999630,2025-03-24 06:09:46.180764862,Low,Operations,Database,Resolved
TCK-9854,2025-03-11 06:40:45.375672868,2025-03-12 00:16:46.509688202,Medium,HR,Network,Closed
TCK-9855,2025-05-21 21:24:52.252784496,2025-05-22 07:37:32.515468237,Low,IT Support,Hardware,Closed
TCK-9856,2025-01-29 21:51:09.339649056,2025-01-30 09:24:13.595989601,Low,  IT Support ,Software,Closed
TCK-9857,2025-06-25 16:43:52.225541872,2025-06-25 23:44:27.188710406,Medium,IT Support,Access,Closed
TCK-9858,2025-02-26 17:05:04.492057735,2025-02-27 02:28:21.378373892,Medium,Operations,Hardware,Closed
TCK-9859,2025-03-19 04:57:01.502774959,2025-03-20 09:57:11.696224719,Medium,Operations,Database,Closed
TCK-9860,2025-02-19 10:53:54.744507236,2025-02-20 19:04:30.901575935,Medium,Operations,Access,Resolved
TCK-9861,2025-04-15 06:51:02.976662462,2025-04-16 10:38:25.603993095,Low,Finance,Network,Closed
TCK-9862,2025-01-11 13:16:33.548972025,2025-01-12 12:50:30.673829925,Low,DevOps,Hardware,Closed
TCK-9863,2025-01-27 22:36:24.566631619,2025-01-28 06:52:03.201717727,Medium,Operations,Database,Closed
TCK-9864,2025-05-15 05:50:45.883567998,2025-05-15 14:43:07.302250797,Medium,IT Support,Software,Closed
TCK-9865,2025-02-03 13:40:57.073111510,2025-02-03 22:51:07.729526314,Low,Operations,Network,Closed
TCK-9866,2025-02-12 09:25:20.750609220,2025-02-12 16:10:01.456986828,Medium,HR,Access,Closed
TCK-9867,2025-05-23 17:40:59.729992676,2025-05-24 11:29:51.497836781,Medium,Operations,Hardware,Closed
TCK-9868,2025-01-17 19:03:39.925812008,2025-01-18 07:20:50.702536726,Low,  Operations ,Database,Resolved
TCK-9869,2025-03-20 17:53:12.891732118,2025-03-21 10:45:46.749839931,High,HR,Hardware,Resolved
TCK-9870,2025-01-05 03:38:01.794580874,2025-01-06 08:15:37.868663915,Medium,DevOps,Network,Closed
TCK-9871,2025-03-04 10:12:28.674192040,2025-03-04 16:29:02.636720877,Low,IT Support,Software,Closed
TCK-9872,2025-05-06 19:35:58.773402454,2025-05-07 03:16:27.279324585,Medium,Operations,Software,Closed
TCK-9873,2025-01-17 05:14:46.206162334,2025-01-17 10:47:42.693444157,Medium,IT Support,Network,Closed
TCK-9874,2025-06-09 21:36:20.115663276,2025-06-10 18:13:06.694137204,Critical,DevOps,Access,Resolved
TCK-9875,2025-06-13 17:02:09.115814016,2025-06-13 21:38:31.586791072,High,IT Support,Hardware,Closed
TCK-9876,2025-01-19 21:33:30.313946101,2025-01-20 04:46:08.262395422,Low,IT Support,Access,Resolved
TCK-9877,2025-06-28 07:57:50.850516078,2025-06-28 15:57:55.874461615,Low,HR,Database,Resolved
TCK-9878,2025-02-23 13:19:39.614406643,2025-02-24 02:24:41.095037316,High,HR,Access,Closed
TCK-9879,2025-01-16 03:19:09.189438737,2025-01-16 12:54:17.687550761,High,IT Support,Network,Closed
TCK-9880,2025-01-01 21:53:23.764661422,2025-01-02 09:47:55.837285412,Low,  Operations ,Software,Closed
TCK-9881,2025-03-15 12:49:08.074919591,2025-03-16 06:23:04.477452452,Low,HR,Network,Closed
TCK-9882,2025-04-24 08:46:44.897701542,2025-04-24 13:04:56.856054175,High,IT Support,Network,Closed
TCK-9883,2025-03-01 19:00:51.694496328,2025-03-02 03:09:26.336282553,High,HR,Hardware,Closed
TCK-9884,2025-05-31 14:37:08.467861332,2025-06-01 13:46:14.275878797,Low,Finance,Network,Closed
TCK-9885,2025-05-09 23:44:20.797587660,2025-05-11 01:07:02.478937284,Medium,Operations,Database,Closed
TCK-9886,2025-03-05 00:41:52.145166844,2025-03-06 14:30:00.825397620,Low,Finance,Hardware,Closed
TCK-9887,2025-05-13 04:13:03.935097020,2025-05-14 20:31:35.217720402,Low,Operations,Hardware,Closed
TCK-9888,2025-06-19 06:54:25.285345772,2025-06-19 18:40:11.599004889,Low,HR,Access,Resolved
TCK-9889,2025-01-17 18:10:28.969341001,2025-01-18 02:08:59.080032223,Medium,IT Support,Network,Closed
TCK-9890,2025-02-25 02:22:08.788371257,2025-02-25 07:26:27.863877759,High,IT Support,Access,Resolved
TCK-9891,2025-03-25 09:34:05.005142814,2025-03-25 22:39:26.242420652,Medium,Finance,Access,Closed
TCK-9892,2025-03-31 15:19:02.466842161,2025-04-02 02:04:14.186213389,Low,  DevOps ,Hardware,Resolved
TCK-9893,2025-04-08 14:17:06.669268217,2025-04-08 23:55:09.336555268,Critical,HR,Access,Closed
TCK-9894,2025-02-24 02:42:29.650489062,2025-02-24 18:26:56.513255874,Low,IT Support,Access,Closed
TCK-9895,2025-05-01 02:33:42.014317494,2025-05-01 06:39:10.849405422,High,IT Support,Hardware,Closed
TCK-9896,2025-04-27 02:45:54.198895910,2025-04-27 20:52:27.219221520,High,HR,Hardware,Closed
TCK-9897,2025-04-15 00:11:20.065536140,2025-04-15 11:04:30.628768606,Low,Operations,Software,Closed
TCK-9898,2025-01-21 11:27:02.296047553,2025-01-21 17:05:25.440548420,Low,IT Support,Network,Closed
TCK-9899,2025-03-27 20:30:04.642324129,2025-03-29 13:05:31.784938709,High,DevOps,Software,Resolved
TCK-9900,2025-03-06 02:54:00.554234769,2025-03-06 13:01:41.276979937,Medium,HR,Hardware,Closed
TCK-9901,2025-03-30 09:17:10.282922483,2025-03-31 09:14:21.220353140,Low,DevOps,Database,Resolved
TCK-9902,2025-06-15 22:27:46.805129684,2025-06-16 14:47:10.708682101,Critical,Finance,Access,Closed
TCK-9903,2025-03-28 11:53:43.448799565,2025-03-30 23:42:22.709203918,Low,Finance,Access,Closed
TCK-9904,2025-01-03 12:23:49.274688088,2025-01-04 01:36:56.409508230,Low,  Operations ,Hardware,Closed
TCK-9905,2025-03-20 23:46:28.950684404,2025-03-21 18:14:40.955498517,Medium,Operations,Access,Resolved
TCK-9906,2025-05-28 17:12:00.496127992,2025-05-29 09:28:17.887139396,Medium,Operations,Software,Closed
TCK-9907,2025-05-21 09:51:47.477888952,2025-05-22 05:58:13.566467237,Medium,Operations,Access,Closed
TCK-9908,2025-04-03 09:50:42.423510271,2025-04-03 23:04:55.020495319,Low,Operations,Database,Closed
TCK-9909,2025-02-14 23:00:07.687988071,2025-02-16 03:02:26.290156835,Medium,DevOps,Network,Resolved
TCK-9910,2025-03-25 17:10:58.885647005,2025-03-26 23:01:01.332830598,Medium,Finance,Software,Closed
TCK-9911,2025-04-12 11:11:36.916391717,2025-04-13 03:06:25.616243764,High,Finance,Network,Closed
TCK-9912,2025-06-29 23:26:40.608039328,2025-07-02 04:53:21.606603630,Medium,DevOps,Network,Resolved
TCK-9913,2025-04-26 22:50:57.658314156,2025-04-27 14:13:31.179202246,Medium,IT Support,Database,Closed
TCK-9914,2025-05-05 23:13:28.192333766,2025-05-06 10:44:08.180899911,Low,IT Support,Database,Resolved
TCK-9915,2025-03-30 11:04:54.840770344,2025-03-31 01:47:12.448204740,Critical,HR,Database,Closed
TCK-9916,2025-03-05 19:23:41.493769905,2025-03-05 23:25:48.434098417,Low,  Operations ,Database,Closed
TCK-9917,2025-05-27 07:57:24.801681350,2025-05-28 14:14:48.917141425,Medium,Finance,Software,Closed
TCK-9918,2025-03-31 02:06:27.508123801,2025-03-31 13:47:02.844525686,Critical,HR,Database,Closed
TCK-9919,2025-06-29 01:03:40.901208294,2025-06-29 16:58:33.325155299,High,Operations,Software,Resolved
TCK-9920,2025-03-24 06:45:39.171016621,2025-03-24 13:43:52.874014811,Medium,Operations,Access,Closed
TCK-9921,2025-01-13 05:45:40.411287123,2025-01-13 16:38:25.832746941,High,IT Support,Network,Resolved
TCK-9922,2025-05-03 20:44:15.188024966,2025-05-04 05:27:41.694371717,Critical,Operations,Access,Resolved
TCK-9923,2025-01-09 09:29:27.844798213,2025-01-10 11:29:08.083480892,High,Finance,Access,Resolved
TCK-9924,2025-02-15 02:10:00.834750905,2025-02-15 15:31:43.074954824,Medium,IT Support,Hardware,Closed
TCK-9925,2025-03-05 16:08:57.307233057,2025-03-06 06:23:03.509476173,Medium,Operations,Access,Closed
TCK-9926,2025-05-14 02:34:08.723582888,2025-05-15 11:37:53.474927052,Low,Operations,Access,Closed
TCK-9927,2025-03-30 23:05:57.127491195,2025-03-31 04:56:59.851002200,Medium,IT Support,Hardware,Closed
TCK-9928,2025-01-06 03:45:01.523737110,2025-01-06 15:13:36.148481721,Low,  IT Support ,Access,Resolved
TCK-9929,2025-04-22 00:47:28.887043140,2025-04-22 16:56:09.952713091,Medium,DevOps,Hardware,Resolved
TCK-9930,2025-03-16 01:24:16.364459453,2025-03-17 01:11:01.136301267,Medium,HR,Software,Closed
TCK-9931,2025-06-15 22:19:30.299008450,2025-06-16 11:29:47.981157039,Low,IT Support,Network,Closed
TCK-9932,2025-03-31 22:06:33.062852941,2025-04-01 08:51:07.504930683,Low,IT Support,Database,Resolved
TCK-9933,2025-05-08 14:46:21.469648600,2025-05-09 05:33:33.672770333,Medium,Operations,Access,Resolved
TCK-9934,2025-02-09 09:30:42.792709112,2025-02-09 18:26:29.347730577,Low,Operations,Software,Closed
TCK-9935,2025-05-17 23:24:20.875596270,2025-05-18 14:12:43.493467495,Medium,Operations,Network,Resolved
TCK-9936,2025-05-10 18:31:36.988642072,2025-05-11 09:20:08.570159869,Critical,IT Support,Software,Closed
TCK-9937,2025-06-12 17:37:58.731234426,2025-06-14 02:42:51.407925613,High,DevOps,Hardware,Closed
TCK-9938,2025-01-07 02:06:34.172016986,2025-01-07 08:38:29.614806630,Low,HR,Software,Closed
TCK-9939,2025-03-22 13:12:10.849346600,2025-03-22 21:17:42.114180830,Low,HR,Access,Resolved
TCK-9940,2025-05-03 05:57:04.823406728,2025-05-04 08:31:20.162223084,Medium,  HR ,Access,Closed
TCK-9941,2025-01-18 03:06:28.974047504,2025-01-18 21:13:52.849965371,Medium,HR,Database,Closed
TCK-9942,2025-03-15 21:48:34.452299885,2025-03-16 14:32:09.422124036,Medium,DevOps,Database,Closed
TCK-9943,2025-06-19 14:04:23.970885470,2025-06-20 02:53:38.971089373,Low,DevOps,Access,Closed
TCK-9944,2025-03-20 11:14:13.202338826,2025-03-20 21:37:32.605377833,Low,HR,Software,Closed
TCK-9945,2025-06-27 08:56:55.192690780,2025-06-27 21:13:58.045880348,Low,DevOps,Access,Resolved
TCK-9946,2025-01-11 05:32:41.077913354,2025-01-12 04:12:29.691920593,Medium,Finance,Software,Closed
TCK-9947,2025-05-10 05:01:28.678543142,2025-05-14 14:38:22.482263073,High,DevOps,Access,Resolved
TCK-9948,2025-04-15 13:59:24.506133086,2025-04-15 17:48:54.914534872,High,IT Support,Network,Closed
TCK-9949,2025-04-01 02:19:53.058758815,2025-04-01 18:43:57.639936512,Medium,Operations,Software,Closed
TCK-9950,2025-06-24 18:03:38.787894866,2025-06-25 10:26:24.922927911,High,IT Support,Hardware,Closed
TCK-9951,2025-01-24 08:05:23.028438032,2025-01-25 19:43:14.756868819,None,Finance,Hardware,Closed
TCK-9952,2025-06-11 06:42:55.696541564,2025-06-11 14:36:22.527744526,High,  IT Support ,Database,Resolved
TCK-9953,2025-05-05 10:09:30.873996564,2025-05-06 02:53:18.507077463,High,Operations,Network,Closed
TCK-9954,2025-02-16 14:51:46.931955888,2025-02-16 22:49:47.531463795,Critical,HR,Hardware,Closed
TCK-9955,2025-06-12 07:12:38.552873428,2025-06-12 19:37:55.292735210,Low,HR,Access,Closed
TCK-9956,2025-03-19 06:33:14.562574478,2025-03-20 02:53:02.159117662,Low,Operations,Hardware,Closed
TCK-9957,2025-05-27 13:27:43.406192398,2025-05-29 19:19:49.634751369,None,DevOps,Access,Closed
TCK-9958,2025-03-11 23:46:25.513121164,2025-03-12 12:58:28.702606484,Medium,Operations,Network,Closed
TCK-9959,2025-06-03 04:01:16.228241764,2025-06-04 08:12:50.614171543,High,DevOps,Database,Closed
TCK-9960,2025-04-25 14:14:16.050057396,2025-04-25 19:31:33.217862748,High,IT Support,Hardware,Closed
TCK-9961,2025-01-26 09:19:17.245494124,2025-01-27 05:28:04.919041252,Medium,Operations,Database,Closed
TCK-9962,2025-04-27 22:32:41.518278092,2025-04-28 19:33:27.591765943,Medium,HR,Network,Closed
TCK-9963,2025-02-04 10:36:33.749539523,2025-02-04 22:15:16.305717142,Medium,IT Support,Software,Closed
TCK-9964,2025-03-16 03:30:20.709010018,2025-03-16 13:31:57.792258621,Low,  Operations ,Network,Closed
TCK-9965,2025-01-31 15:40:36.926287628,2025-02-01 11:02:54.357590281,Low,Operations,Network,Resolved
TCK-9966,2025-01-04 23:06:34.630855028,2025-01-05 11:56:19.366178260,Medium,Operations,Network,Resolved
TCK-9967,2025-02-08 03:20:59.461525739,2025-02-09 19:58:02.332433599,Low,Finance,Software,Closed
TCK-9968,2025-04-07 13:07:37.712957604,2025-04-08 05:43:56.402900173,Low,Operations,Software,Resolved
TCK-9969,2025-03-28 16:20:36.170873285,2025-03-28 20:19:10.246172586,Low,IT Support,Network,Resolved
TCK-9970,2025-04-01 06:28:02.829776863,2025-04-01 14:04:58.058619005,High,IT Support,Software,Closed
TCK-9971,2025-02-14 14:00:26.333601543,2025-02-15 12:38:41.351472263,High,Operations,Access,Closed
TCK-9972,2025-05-04 07:53:46.991951824,2025-05-04 17:29:57.572269325,Medium,IT Support,Network,Resolved
TCK-9973,2025-05-07 18:25:02.636630018,2025-05-08 00:59:53.797088491,Medium,IT Support,Hardware,Closed
TCK-9974,2025-03-06 10:25:15.623103919,2025-03-06 21:01:06.132692255,None,HR,Access,Closed
TCK-9975,2025-06-08 14:39:17.215950358,2025-06-09 01:38:26.729885284,Low,Operations,Network,Closed
TCK-9976,2025-04-26 22:10:49.065116040,2025-04-27 09:50:12.598983876,Low,  HR ,Hardware,Closed
TCK-9977,2025-05-09 08:19:46.808822240,2025-05-10 00:18:05.804417938,Low,Finance,Hardware,Closed
TCK-9978,2025-02-19 22:06:30.403786385,2025-02-21 03:20:41.469330611,Medium,Operations,Database,Closed
TCK-9979,2025-01-01 02:38:32.149939689,2025-01-01 11:41:29.169381667,Low,HR,Database,Closed
TCK-9980,2025-06-05 18:25:21.519412008,2025-06-06 20:28:02.538435461,Low,Finance,Hardware,Resolved
TCK-9981,2025-05-29 00:52:24.028985182,2025-05-29 19:22:07.579316823,Low,Operations,Network,Closed
TCK-9982,2025-01-23 04:11:20.242842095,2025-01-24 09:04:14.082661383,Medium,Operations,Network,Closed
TCK-9983,2025-03-09 08:08:03.058840479,2025-03-10 15:10:02.389277761,Medium,Operations,Network,Closed
TCK-9984,2025-04-30 00:59:08.924059236,2025-04-30 13:01:24.979626571,Medium,IT Support,Network,Closed
TCK-9985,2025-04-28 09:07:08.051465660,2025-04-29 06:35:33.912528234,Medium,Operations,Hardware,Closed
TCK-9986,2025-06-04 20:42:48.406942672,2025-06-05 05:07:09.194580235,Low,HR,Software,Resolved
TCK-9987,2025-01-26 05:57:30.449754184,2025-01-27 00:07:28.078891175,High,DevOps,Software,Resolved
TCK-9988,2025-03-19 09:20:22.957554167,2025-03-20 01:23:29.825582885,Medium,  Finance ,Network,Resolved
TCK-9989,2025-01-18 12:00:34.147591758,2025-01-19 14:13:28.193994108,Low,Operations,Database,Resolved
TCK-9990,2025-03-12 03:03:05.303717545,2025-03-12 11:52:08.073406838,Low,IT Support,Hardware,Resolved
TCK-9991,2025-01-03 17:15:50.993779978,2025-01-04 06:23:15.133980370,High,IT Support,Software,Closed
TCK-9992,2025-06-11 16:32:22.708592694,2025-06-12 15:59:03.533659680,High,HR,Hardware,Closed
TCK-9993,2025-04-05 20:49:48.238679648,2025-04-06 06:42:27.472344087,Medium,HR,Database,Resolved
TCK-9994,2025-06-02 23:08:44.759998204,2025-06-03 07:46:59.453346456,Low,IT Support,Hardware,Resolved
TCK-9995,2025-01-11 18:47:17.910004313,2025-01-12 12:40:18.279427197,Medium,Operations,Database,Closed
TCK-9996,2025-02-10 22:37:08.534074861,2025-02-11 05:50:02.797100821,Medium,IT Support,Database,Closed
TCK-9997,2025-02-16 16:31:17.685679801,2025-02-17 16:14:50.797455681,High,DevOps,Access,Closed
TCK-9998,2025-03-11 14:30:26.124622432,2025-03-12 05:52:39.583063213,Medium,IT Support,Database,Closed
TCK-9999,2025-05-25 12:22:57.823526638,2025-05-26 20:11:55.854181665,Low,DevOps,Access,Closed
TCK-10000,2025-03-11 13:55:48.052272174,2025-03-12 21:08:03.947120357,Low,  DevOps ,Database,Closed
TCK-10001,2025-02-06 20:06:11.693059677,2025-02-07 08:09:08.147346174,Low,Operations,Database,Resolved
TCK-10002,2025-01-12 16:45:28.528788526,2025-01-14 03:05:48.631886211,Medium,Finance,Hardware,Closed
TCK-10003,2025-01-15 07:24:15.670380995,2025-01-15 15:59:42.437528403,Low,HR,Access,Closed
TCK-10004,2025-05-17 19:24:14.147105120,2025-05-18 18:00:03.946505665,Medium,Operations,Software,Closed
TCK-10005,2025-03-22 01:32:56.116601717,2025-03-22 19:37:14.852436499,Medium,HR,Software,Closed
TCK-10006,2025-05-11 17:06:08.809344238,2025-05-12 04:39:21.243746916,Low,HR,Hardware,Resolved
TCK-10007,2025-05-03 19:28:49.317669024,2025-05-04 16:34:43.602502152,Medium,Operations,Software,Closed
TCK-10008,2025-01-25 08:45:57.005295529,2025-01-26 00:20:49.980728583,Medium,HR,Software,Resolved
TCK-10009,2025-01-26 17:16:33.152558139,2025-01-27 10:55:30.335391175,Medium,Operations,Database,Closed
TCK-10010,2025-05-16 23:04:39.024031650,2025-05-17 07:37:57.709178500,Critical,IT Support,Network,Closed
TCK-10011,2025-05-10 19:52:44.500285208,2025-05-11 10:31:28.287376415,Medium,HR,Network,Closed
TCK-10012,2025-03-10 01:05:34.486429275,2025-03-10 10:09:48.110439908,Medium,  IT Support ,Software,Closed
TCK-10013,2025-01-14 22:27:51.039352329,2025-01-15 07:13:26.764177325,High,IT Support,Hardware,Resolved
TCK-10014,2025-01-03 04:15:48.433454328,2025-01-03 09:09:29.020092818,High,IT Support,Hardware,Resolved
TCK-10015,2025-02-21 20:50:16.878029056,2025-02-22 04:42:54.462761519,High,IT Support,Access,Resolved
TCK-10016,2025-01-02 15:50:24.798828553,2025-01-03 01:32:39.278914113,Medium,IT Support,Hardware,Resolved
TCK-10017,2025-02-11 09:54:49.403404795,2025-02-12 11:38:05.901860361,Medium,Finance,Hardware,Resolved
TCK-10018,2025-03-17 12:14:35.511766737,2025-03-18 01:56:13.098965819,Low,IT Support,Database,Closed
TCK-10019,2025-01-22 20:30:57.982131511,2025-01-23 21:03:31.754698941,Medium,Operations,Database,Resolved
TCK-10020,2025-01-19 18:28:47.689796207,2025-01-19 23:58:49.933337184,Low,IT Support,Software,Closed
TCK-10021,2025-06-11 08:36:35.000297790,2025-06-12 13:07:53.987869466,High,DevOps,Hardware,Closed
TCK-10022,2025-04-16 09:13:49.891363972,2025-04-16 21:23:00.585705696,Medium,HR,Network,Closed
TCK-10023,2025-06-18 04:50:54.840534776,2025-06-18 19:01:03.813959717,Medium,HR,Hardware,Closed
TCK-10024,2025-03-04 05:58:08.499194883,2025-03-04 23:56:31.973803180,Medium,  Operations ,Hardware,Closed
TCK-10025,2025-05-02 21:15:58.065343146,2025-05-03 16:32:41.519965171,Medium,HR,Software,Closed
TCK-10026,2025-02-06 20:16:04.923718084,2025-02-07 15:56:12.767675991,High,Operations,Network,Resolved
TCK-10027,2025-04-22 07:13:48.614337646,2025-04-22 22:57:23.531894750,Medium,IT Support,Software,Closed
TCK-10028,2025-01-24 07:48:37.273115277,2025-01-25 18:46:49.049309845,Low,DevOps,Hardware,Closed
TCK-10029,2025-01-01 08:59:18.100469596,2025-01-01 18:21:44.730112539,Low,HR,Network,Resolved
TCK-10030,2025-06-17 16:13:02.575521772,2025-06-18 03:27:31.545213098,High,HR,Hardware,Resolved
TCK-10031,2025-04-10 21:08:37.338276856,2025-04-12 06:16:40.657637594,Critical,Finance,Software,Closed
TCK-10032,2025-06-16 20:23:01.187586278,2025-06-17 02:43:08.738870799,Low,HR,Software,Closed
TCK-10033,2025-03-02 02:09:07.856614624,2025-03-02 14:39:08.048578841,Low,Finance,Database,Closed
TCK-10034,2025-03-01 00:02:08.947603642,2025-03-01 14:18:43.100732392,Low,HR,Network,Closed
TCK-10035,2025-03-14 02:49:46.587574190,2025-03-15 18:14:38.845452834,Critical,Finance,Database,Closed
TCK-10036,2025-05-08 02:05:49.382517432,2025-05-08 18:26:11.487829368,Low,  IT Support ,Network,Closed
TCK-10037,2025-04-12 20:17:35.878863381,2025-04-13 18:16:22.873553616,Low,Finance,Access,Closed
TCK-10038,2025-06-16 13:31:59.515205482,2025-06-18 07:10:27.445334668,Low,Finance,Network,Resolved
TCK-10039,2025-01-05 13:54:16.894411696,2025-01-05 22:43:02.812871428,High,IT Support,Hardware,Closed
TCK-10040,2025-05-08 11:24:23.227348886,2025-05-08 15:21:32.375079017,Critical,IT Support,Network,Closed
TCK-10041,2025-03-01 11:00:56.225028653,2025-03-02 01:09:30.205018272,Medium,HR,Database,Resolved
TCK-10042,2025-02-02 10:36:33.753080708,2025-02-03 09:21:31.132058718,Low,DevOps,Software,Resolved
TCK-10043,2025-04-02 20:54:32.721432579,2025-04-03 10:21:42.527363403,Medium,IT Support,Software,Closed
TCK-10044,2025-04-01 21:52:31.971567297,2025-04-02 11:53:39.906353929,Low,HR,Network,Closed
TCK-10045,2025-01-25 15:53:15.518162438,2025-01-25 20:22:27.511292502,Low,IT Support,Access,Closed
TCK-10046,2025-02-06 08:11:27.464978703,2025-02-06 14:53:58.286684753,Critical,HR,Software,Closed
TCK-10047,2025-03-15 11:16:16.868548982,2025-03-16 05:05:00.670779557,High,Operations,Software,Closed
TCK-10048,2025-03-15 14:03:55.085525288,2025-03-15 23:18:30.283510003,None,  DevOps ,Software,Closed
TCK-10049,2025-02-27 03:51:04.187365336,2025-02-27 17:44:34.186015739,Medium,Operations,Access,Closed
TCK-10050,2025-01-27 17:42:54.196283223,2025-01-28 21:12:54.421582687,Low,Finance,Database,Resolved
TCK-10051,2025-01-01 18:53:39.457378433,2025-01-02 05:30:17.999530680,High,Operations,Network,Closed
TCK-10052,2025-06-24 15:24:55.690880576,2025-06-25 05:23:15.112952253,Low,IT Support,Access,Resolved
TCK-10053,2025-06-19 19:55:00.020355472,2025-06-20 21:40:28.818594745,Low,HR,Network,Closed
TCK-10054,2025-03-29 01:22:10.696947254,2025-03-29 12:11:47.049872432,Low,Operations,Hardware,Closed
TCK-10055,2025-06-29 02:37:24.866932890,2025-06-30 05:19:53.856479982,None,DevOps,Network,Closed
TCK-10056,2025-05-02 06:11:12.152325448,2025-05-04 09:09:41.870396565,High,DevOps,Software,Closed
TCK-10057,2025-01-13 09:27:52.424872486,2025-01-13 17:57:32.426136353,Low,IT Support,Access,Closed
TCK-10058,2025-01-22 04:32:33.432133020,2025-01-22 08:46:30.950800514,Low,IT Support,Access,Closed
TCK-10059,2025-06-14 21:35:55.843860606,2025-06-15 05:30:39.756943415,High,IT Support,Database,Resolved
TCK-10060,2025-04-24 09:49:31.847831022,2025-04-25 06:03:45.807784760,High,  DevOps ,Hardware,Resolved
TCK-10061,2025-06-01 18:33:11.761775124,2025-06-04 00:30:17.289548030,Medium,DevOps,Database,Resolved
TCK-10062,2025-06-11 16:31:29.591105546,2025-06-13 01:41:40.792451387,Low,Finance,Database,Closed
TCK-10063,2025-03-22 15:06:34.159463668,2025-03-23 03:14:51.941104111,Medium,HR,Hardware,Closed
TCK-10064,2025-01-09 17:37:55.598920730,2025-01-10 12:57:28.811020053,Medium,Operations,Software,Closed
TCK-10065,2025-02-03 21:22:15.986051152,2025-02-04 04:45:14.815714277,Critical,HR,Access,Resolved
TCK-10066,2025-01-12 23:35:26.924447470,2025-01-13 05:25:18.291903339,Low,IT Support,Network,Closed
TCK-10067,2025-02-03 23:21:22.080303186,2025-02-05 14:29:27.255345600,Medium,Operations,Hardware,Closed
TCK-10068,2025-03-15 21:30:08.072241796,2025-03-16 06:13:57.898888182,Low,IT Support,Database,Closed
TCK-10069,2025-01-22 06:36:36.797129053,2025-01-22 20:08:34.521371245,Medium,IT Support,Network,Resolved
TCK-10070,2025-01-31 00:17:15.469868698,2025-02-01 11:06:02.629362585,Low,DevOps,Hardware,Resolved
TCK-10071,2025-03-22 05:57:00.354778755,2025-03-24 05:13:01.837497436,High,Finance,Hardware,Resolved
TCK-10072,2025-03-03 05:32:18.620441790,2025-03-03 10:45:55.551330974,Low,  HR ,Software,Resolved
TCK-10073,2025-03-26 04:16:59.147372413,2025-03-26 20:39:59.053474062,Medium,Operations,Software,Resolved
TCK-10074,2025-03-19 06:01:23.375708933,2025-03-20 14:20:29.157333389,Medium,HR,Access,Resolved
TCK-10075,2025-04-27 00:08:42.260039146,2025-04-28 15:39:47.568070410,High,Finance,Access,Closed
TCK-10076,2025-06-18 16:39:31.864117288,2025-06-20 16:11:19.548649157,High,Finance,Network,Closed
TCK-10077,2025-01-20 09:58:26.191484859,2025-01-21 10:23:28.376837291,Low,Finance,Access,Resolved
TCK-10078,2025-01-18 20:48:13.842056599,2025-01-19 15:32:01.396587436,Low,Finance,Hardware,Closed
TCK-10079,2025-06-03 12:07:20.639685708,2025-06-03 17:12:30.098091753,Medium,IT Support,Hardware,Closed
TCK-10080,2025-04-02 03:38:01.550755044,2025-04-02 11:50:20.560801608,Medium,HR,Hardware,Resolved
TCK-10081,2025-05-18 22:52:10.926536412,2025-05-19 20:07:42.707437149,Low,HR,Hardware,Resolved
TCK-10082,2025-02-08 18:37:21.444900440,2025-02-09 12:58:35.841954897,High,HR,Software,Resolved
TCK-10083,2025-05-30 04:41:10.737901764,2025-05-31 04:23:03.174170644,Low,Finance,Hardware,Resolved
TCK-10084,2025-06-16 07:01:02.699444806,2025-06-17 01:19:31.444690543,None,  HR ,Hardware,Closed
TCK-10085,2025-04-25 09:17:11.857778986,2025-04-25 18:24:50.864629255,Low,IT Support,Hardware,Closed
TCK-10086,2025-01-20 01:23:50.541960572,2025-01-21 00:22:15.922493341,Low,HR,Database,Resolved
TCK-10087,2025-06-11 03:40:24.949759380,2025-06-13 05:35:20.571172762,Low,DevOps,Network,Closed
TCK-10088,2025-05-23 15:32:49.136059350,2025-05-23 20:32:07.625612188,Medium,IT Support,Network,Closed
TCK-10089,2025-05-16 03:47:31.180353346,2025-05-17 00:25:52.491415860,Low,Operations,Hardware,Closed
TCK-10090,2025-01-07 14:39:56.793864798,2025-01-07 20:49:49.028466541,High,HR,Hardware,Closed
TCK-10091,2025-05-24 19:31:05.192796416,2025-05-25 04:36:09.617409018,Medium,IT Support,Network,Closed
TCK-10092,2025-01-25 19:56:54.114803888,2025-01-26 15:09:27.564908566,Low,HR,Access,Resolved
TCK-10093,2025-02-10 00:42:29.812214008,2025-02-10 13:24:39.480807438,High,Finance,Database,Resolved
TCK-10094,2025-04-14 21:13:20.951886693,2025-04-15 11:50:19.792155497,Critical,Operations,Database,Closed
TCK-10095,2025-02-17 16:43:00.980403365,2025-02-18 23:51:53.820253161,Medium,DevOps,Access,Resolved
TCK-10096,2025-04-30 01:01:27.304562974,2025-04-30 10:34:43.895787016,High,  IT Support ,Hardware,Resolved
TCK-10097,2025-04-20 10:51:51.602616116,2025-04-20 18:15:32.543500111,Low,IT Support,Network,Closed
TCK-10098,2025-01-20 11:12:22.548302260,2025-01-21 04:27:24.472488488,Low,DevOps,Database,Closed
TCK-10099,2025-04-29 01:58:58.741807106,2025-04-29 15:48:16.789296787,Low,HR,Access,Closed
TCK-10100,2025-06-16 07:29:06.757597312,2025-06-16 15:21:52.546980978,None,Operations,Access,Closed
TCK-10101,2025-01-29 23:59:41.245450076,2025-01-30 21:48:15.974992650,Medium,Finance,Software,Resolved
TCK-10102,2025-04-18 11:18:28.549703784,2025-04-18 22:41:45.144242397,Low,HR,Access,Closed
TCK-10103,2025-03-03 12:51:30.264359467,2025-03-04 11:46:03.524912298,Medium,Finance,Software,Closed
TCK-10104,2025-03-24 17:31:20.719423089,2025-03-24 23:56:55.543548284,Low,IT Support,Software,Closed
TCK-10105,2025-02-21 15:50:26.785036140,2025-02-21 19:50:25.796989533,Low,IT Support,Database,Closed
TCK-10106,2025-03-05 17:50:39.656479357,2025-03-06 00:55:17.988051594,Medium,IT Support,Hardware,Resolved
TCK-10107,2025-01-06 04:53:56.675441498,2025-01-07 19:55:09.917904186,Low,Finance,Hardware,Closed
TCK-10108,2025-06-26 16:18:12.628088616,2025-06-27 08:16:29.492305217,Low,  IT Support ,Access,Resolved
TCK-10109,2025-04-23 11:08:08.388075382,2025-04-26 22:05:38.920626764,Low,Finance,Network,Closed
TCK-10110,2025-04-01 03:02:53.343360905,2025-04-04 03:16:30.145917749,Medium,DevOps,Network,Closed
TCK-10111,2025-03-11 01:39:01.115429081,2025-03-11 11:32:38.599398179,Medium,Operations,Software,Closed
TCK-10112,2025-04-08 02:05:53.138831277,2025-04-08 16:46:23.539894157,Medium,Operations,Access,Resolved
TCK-10113,2025-03-10 10:03:28.492028183,2025-03-11 00:05:49.396231761,High,HR,Access,Resolved
TCK-10114,2025-03-06 18:48:08.088381607,2025-03-07 08:24:27.296941164,Low,HR,Hardware,Closed
TCK-10115,2025-03-25 12:14:56.616860748,2025-03-26 02:57:05.144852793,Low,HR,Network,Closed
TCK-10116,2025-02-19 16:14:48.139654360,2025-02-22 04:14:09.890834003,High,Operations,Database,Closed
TCK-10117,2025-02-02 09:48:56.044283447,2025-02-03 03:51:44.072614107,Low,DevOps,Access,Closed
TCK-10118,2025-04-11 04:32:14.928499924,2025-04-12 02:14:07.849260667,Medium,DevOps,Access,Closed
TCK-10119,2025-06-01 16:44:48.063009482,2025-06-04 15:16:01.030771396,Critical,DevOps,Hardware,Resolved
TCK-10120,2025-01-28 12:13:03.819993077,2025-01-29 11:00:01.134574359,Medium,  DevOps ,Database,Resolved
TCK-10121,2025-01-06 21:24:44.465076808,2025-01-07 14:42:02.489322210,Low,HR,Database,Resolved
TCK-10122,2025-02-14 10:13:36.260635570,2025-02-15 16:25:20.879849468,Critical,Operations,Database,Closed
TCK-10123,2025-06-26 08:23:35.446993666,2025-06-27 23:55:48.614331231,Low,DevOps,Database,Resolved
TCK-10124,2025-05-30 04:14:05.562856414,2025-05-30 19:51:49.772587324,Medium,HR,Network,Closed
TCK-10125,2025-04-18 06:08:28.864476732,2025-04-20 07:42:24.229474802,Low,DevOps,Software,Closed
TCK-10126,2025-06-17 06:21:19.129861250,2025-06-17 15:26:27.844065139,Medium,HR,Database,Closed
TCK-10127,2025-03-22 03:36:20.825052829,2025-03-22 17:38:58.968967192,Medium,Operations,Software,Closed
TCK-10128,2025-06-26 23:46:19.931249104,2025-06-28 07:47:47.056413561,Medium,Finance,Software,Closed
TCK-10129,2025-02-23 08:01:29.405695105,2025-02-23 19:02:23.786162138,High,DevOps,Hardware,Closed
TCK-10130,2025-02-13 06:07:15.016471884,2025-02-13 23:22:48.928085780,Critical,IT Support,Database,Closed
TCK-10131,2025-04-25 20:22:05.624238314,2025-04-27 00:52:53.366696747,Low,Finance,Network,Closed
TCK-10132,2025-03-10 01:37:30.509564005,2025-03-10 21:03:23.362087845,High,  Operations ,Hardware,Resolved
TCK-10133,2025-04-23 17:53:56.908814762,2025-04-23 21:39:38.199274183,Low,IT Support,Hardware,Closed
TCK-10134,2025-02-24 21:34:50.300643370,2025-02-25 10:27:24.060165584,Low,Finance,Software,Closed
TCK-10135,2025-04-22 05:24:24.730344438,2025-04-22 20:09:16.067412337,None,Operations,Access,Closed
TCK-10136,2025-02-19 15:13:25.844618485,2025-02-20 18:10:35.875616549,Medium,Operations,Network,Closed
TCK-10137,2025-01-10 04:11:57.614271376,2025-01-10 09:13:36.815458141,Low,HR,Database,Closed
TCK-10138,2025-06-14 04:25:37.546709348,2025-06-15 01:29:17.251039960,Medium,HR,Database,Resolved
TCK-10139,2025-06-08 23:26:47.299536084,2025-06-09 14:28:51.961525507,Low,Operations,Network,Resolved
TCK-10140,2025-06-24 17:50:52.817488594,2025-06-25 06:32:49.536500094,Medium,HR,Database,Closed
TCK-10141,2025-05-09 23:23:50.644595286,2025-05-10 09:02:47.334690713,Medium,IT Support,Access,Closed
TCK-10142,2025-05-03 21:21:19.756139432,2025-05-05 08:49:26.464005997,High,DevOps,Access,Closed
TCK-10143,2025-04-11 14:53:35.745803768,2025-04-12 03:29:56.645654444,Low,Operations,Database,Closed
TCK-10144,2025-01-23 16:04:16.459114432,2025-01-25 01:33:26.146000678,Low,  Finance ,Hardware,Resolved
TCK-10145,2025-02-04 01:29:47.555883047,2025-02-04 05:56:57.792703994,Low,HR,Database,Closed
TCK-10146,2025-02-22 02:30:32.598235283,2025-02-22 13:50:44.198727443,Low,HR,Database,Resolved
TCK-10147,2025-06-10 05:28:31.750741430,2025-06-10 20:48:34.717179417,Critical,HR,Network,Closed
TCK-10148,2025-02-01 03:13:42.046627024,2025-02-01 15:10:43.596606283,Critical,HR,Access,Closed
TCK-10149,2025-06-16 02:48:43.609635676,2025-06-16 10:01:57.212170071,High,Operations,Hardware,Resolved
TCK-10150,2025-04-05 02:26:03.720415640,2025-04-06 04:43:46.348995661,Medium,Operations,Network,Resolved
TCK-10151,2025-05-09 19:15:38.970877218,2025-05-10 02:52:03.600792532,High,HR,Network,Closed
TCK-10152,2025-01-20 20:15:22.256856170,2025-01-21 04:28:26.532892431,Low,IT Support,Hardware,Closed
TCK-10153,2025-02-18 10:13:29.750562966,2025-02-19 01:33:14.857146177,Low,HR,Hardware,Closed
TCK-10154,2025-06-22 12:48:01.394437542,2025-06-22 21:23:06.258540204,Low,IT Support,Network,Closed
TCK-10155,2025-02-17 21:46:03.974651182,2025-02-18 13:01:03.542226159,High,IT Support,Database,Closed
TCK-10156,2025-02-23 08:58:25.795523104,2025-02-24 15:09:32.970452318,Medium,  DevOps ,Hardware,Closed
TCK-10157,2025-02-05 13:37:14.529048468,2025-02-06 11:54:35.424696600,Medium,Operations,Software,Closed
TCK-10158,2025-01-24 05:35:53.642851812,2025-01-24 23:06:07.432565405,Low,Operations,Hardware,Resolved
TCK-10159,2025-02-11 23:40:22.839892576,2025-02-12 18:57:56.089044598,Medium,HR,Network,Closed
TCK-10160,2025-04-26 14:51:07.823618816,2025-04-29 05:04:32.896518226,Critical,DevOps,Software,Closed
TCK-10161,2025-03-23 23:11:18.991447420,2025-03-24 18:28:12.154445926,Low,Operations,Network,Closed
TCK-10162,2025-04-10 16:13:30.766726999,2025-04-12 04:26:41.051286385,Medium,Finance,Access,Closed
TCK-10163,2025-01-23 00:36:57.816969209,2025-01-24 06:00:48.477816626,Low,HR,Access,Resolved
TCK-10164,2025-05-25 09:08:34.986277422,2025-05-27 22:14:49.825674332,High,DevOps,Database,Closed
TCK-10165,2025-05-22 03:17:20.783417796,2025-05-22 23:29:45.935166918,Medium,Finance,Hardware,Closed
TCK-10166,2025-01-04 21:16:06.298090887,2025-01-07 01:19:06.033378739,Low,DevOps,Network,Resolved
TCK-10167,2025-03-11 00:47:06.749824263,2025-03-11 10:24:39.794422954,Medium,IT Support,Software,Closed
TCK-10168,2025-01-13 09:05:20.401855290,2025-01-13 23:56:56.836409001,Low,  IT Support ,Hardware,Closed
TCK-10169,2025-05-23 13:53:49.081461428,2025-05-24 01:11:32.029114928,High,IT Support,Database,Closed
TCK-10170,2025-05-13 17:00:18.111970956,2025-05-14 02:45:40.334371988,None,IT Support,Network,Closed
TCK-10171,2025-06-12 08:35:18.842447164,2025-06-13 23:06:02.508790656,Medium,DevOps,Network,Closed
TCK-10172,2025-02-12 13:15:54.369638838,2025-02-12 22:55:19.642664293,Low,IT Support,Access,Closed
TCK-10173,2025-03-24 03:11:53.574403528,2025-03-24 13:02:45.108661270,Medium,IT Support,Database,Resolved
TCK-10174,2025-02-03 04:59:15.465660713,2025-02-03 12:50:19.322040686,Medium,IT Support,Network,Closed
TCK-10175,2025-03-08 19:44:05.700941506,2025-03-09 03:13:46.833798155,Low,IT Support,Access,Closed
TCK-10176,2025-04-05 00:05:27.048368180,2025-04-05 20:36:57.785265306,Low,IT Support,Access,Closed
TCK-10177,2025-01-10 14:23:20.443569735,2025-01-11 21:29:46.113781125,Critical,Finance,Software,Closed
TCK-10178,2025-05-09 16:14:24.626854696,2025-05-10 05:45:14.691734890,High,Operations,Database,Closed
TCK-10179,2025-04-08 19:01:38.340490961,2025-04-09 02:25:35.075894307,High,IT Support,Database,Closed
TCK-10180,2025-05-30 05:06:10.635660392,2025-05-31 05:10:57.731586468,Medium,  HR ,Network,Closed
TCK-10181,2025-02-18 22:05:30.354525499,2025-02-19 07:55:08.082009943,High,HR,Software,Closed
TCK-10182,2025-06-12 14:20:49.829147446,2025-06-12 18:23:54.720704482,Medium,IT Support,Hardware,Resolved
TCK-10183,2025-06-29 18:21:33.023129456,2025-06-30 03:15:36.096260686,Medium,Operations,Network,Closed
TCK-10184,2025-06-15 11:22:09.313649592,2025-06-15 21:41:25.086901523,High,Finance,Access,Resolved
TCK-10185,2025-05-21 00:29:43.784157212,2025-05-21 13:17:35.514345449,None,Finance,Hardware,Closed
TCK-10186,2025-05-27 05:25:59.622293038,2025-05-27 19:00:30.124768666,Critical,Finance,Hardware,Resolved
TCK-10187,2025-04-14 06:34:30.460053409,2025-04-14 23:33:58.124964299,High,IT Support,Network,Resolved
TCK-10188,2025-02-04 05:27:52.876016918,2025-02-05 11:45:25.596954134,High,DevOps,Software,Resolved
TCK-10189,2025-05-02 20:48:56.735417298,2025-05-03 17:14:47.452268286,Medium,Finance,Database,Closed
TCK-10190,2025-05-09 07:05:34.688036054,2025-05-09 22:09:23.617415454,High,DevOps,Software,Resolved
TCK-10191,2025-06-27 08:51:49.701446470,2025-06-27 16:46:36.387161461,Medium,IT Support,Network,Resolved
TCK-10192,2025-04-08 10:25:18.070418317,2025-04-08 23:25:35.568265301,Low,  DevOps ,Database,Closed
TCK-10193,2025-02-18 20:18:50.921669677,2025-02-19 16:40:55.684280817,High,Finance,Hardware,Closed
TCK-10194,2025-05-04 01:27:55.058092808,2025-05-06 22:14:44.867487054,Critical,Finance,Access,Closed
TCK-10195,2025-06-26 06:54:12.747452702,2025-06-26 18:44:57.396252975,Low,IT Support,Software,Closed
TCK-10196,2025-02-01 21:33:50.701400950,2025-02-02 19:37:27.338601599,High,Finance,Database,Closed
TCK-10197,2025-02-28 16:18:39.629065692,2025-03-02 12:15:39.056794027,Low,DevOps,Software,Closed
TCK-10198,2025-04-08 12:55:32.593072737,2025-04-09 02:47:38.198915916,Critical,Operations,Database,Closed
TCK-10199,2025-01-31 15:19:38.001684939,2025-02-01 03:23:20.023691500,Medium,Operations,Access,Resolved
TCK-10200,2025-01-04 23:59:35.385814081,2025-01-08 00:40:19.664087078,Medium,DevOps,Network,Resolved
TCK-10201,2025-03-02 15:46:01.520206329,2025-03-02 23:47:18.319586856,High,HR,Network,Resolved
TCK-10202,2025-06-05 18:24:06.704944454,2025-06-06 09:28:51.544252174,High,Operations,Database,Resolved
TCK-10203,2025-01-08 19:47:00.546282413,2025-01-09 12:19:52.950552924,Critical,HR,Database,Closed
TCK-10204,2025-03-19 04:58:24.725831101,2025-03-20 00:23:06.435242776,Critical,  DevOps ,Network,Resolved
TCK-10205,2025-05-18 04:42:26.420546434,2025-05-18 16:28:30.570548838,Low,IT Support,Hardware,Closed
TCK-10206,2025-06-21 13:44:55.747158088,2025-06-22 05:11:26.025779853,Low,Operations,Hardware,Closed
TCK-10207,2025-06-27 09:15:13.405316930,2025-06-28 10:20:24.540600143,High,Operations,Hardware,Closed
TCK-10208,2025-03-17 22:54:27.807227151,2025-03-19 07:44:53.926156178,Critical,Finance,Access,Closed
TCK-10209,2025-06-21 01:39:36.546184036,2025-06-21 17:36:02.498376230,Low,Operations,Database,Closed
TCK-10210,2025-01-07 09:00:35.872463992,2025-01-10 09:55:35.689819449,Low,DevOps,Software,Closed
TCK-10211,2025-05-15 06:21:40.219753546,2025-05-16 04:35:18.342890565,Low,DevOps,Software,Closed
TCK-10212,2025-04-26 16:39:46.330621948,2025-04-27 09:20:51.807243179,Medium,IT Support,Database,Resolved
TCK-10213,2025-02-14 21:56:03.929179840,2025-02-15 23:29:10.484761037,High,HR,Network,Closed
TCK-10214,2025-04-02 07:36:57.322569899,2025-04-03 04:13:13.357067033,Low,IT Support,Database,Resolved
TCK-10215,2025-01-24 07:40:19.729651227,2025-01-24 23:09:47.930503202,Low,HR,Hardware,Resolved
TCK-10216,2025-06-06 21:17:58.891598678,2025-06-07 09:26:04.239055005,Critical,  Operations ,Hardware,Closed
TCK-10217,2025-03-06 10:07:11.026405917,2025-03-10 01:41:06.325937210,Low,DevOps,Software,Closed
TCK-10218,2025-04-23 16:30:43.604682824,2025-04-24 13:14:12.238029735,High,Finance,Database,Resolved
TCK-10219,2025-01-29 13:54:48.804339502,2025-01-29 19:34:22.175697974,Medium,IT Support,Software,Closed
TCK-10220,2025-02-07 02:37:55.663704532,2025-02-07 10:21:45.442748237,Medium,IT Support,Network,Resolved
TCK-10221,2025-06-28 13:15:05.478730620,2025-06-29 00:16:10.124068628,Low,Operations,Access,Closed
TCK-10222,2025-05-16 13:19:59.606351552,2025-05-17 12:44:59.450473585,Low,Operations,Access,Closed
TCK-10223,2025-06-23 03:43:06.518726348,2025-06-23 09:59:51.398859867,Medium,IT Support,Network,Closed
TCK-10224,2025-02-23 06:04:37.321377710,2025-02-24 08:55:35.320398955,High,DevOps,Hardware,Closed
TCK-10225,2025-01-30 14:54:41.857191446,2025-02-01 17:12:18.600446063,Medium,DevOps,Hardware,Closed
TCK-10226,2025-04-01 13:15:20.744022779,2025-04-02 08:39:07.859984586,Low,HR,Hardware,Closed
TCK-10227,2025-03-31 00:58:01.125199644,2025-04-01 08:12:34.141327393,High,DevOps,Software,Closed
TCK-10228,2025-02-01 11:46:08.181964227,2025-02-02 03:14:07.711938847,Low,  HR ,Software,Closed
TCK-10229,2025-05-12 23:30:30.746130092,2025-05-14 00:09:32.869914707,Critical,Finance,Access,Closed
TCK-10230,2025-03-07 02:52:44.215591192,2025-03-07 14:19:30.808963526,Low,HR,Hardware,Resolved
TCK-10231,2025-02-03 13:05:52.071431404,2025-02-03 21:35:13.437929010,Medium,IT Support,Hardware,Closed
TCK-10232,2025-03-01 18:10:05.751937221,2025-03-03 09:47:28.303666803,Low,DevOps,Network,Resolved
TCK-10233,2025-04-12 11:00:20.096723756,2025-04-13 00:20:14.996259016,Medium,HR,Access,Closed
TCK-10234,2025-05-11 18:21:15.937270254,2025-05-13 00:34:33.700768458,Medium,Finance,Software,Closed
TCK-10235,2025-03-28 17:46:07.059966000,2025-03-29 03:06:51.284936023,Medium,HR,Access,Closed
TCK-10236,2025-04-05 14:34:13.281810865,2025-04-05 20:51:18.229633138,Low,IT Support,Hardware,Closed
TCK-10237,2025-01-26 00:14:47.195781623,2025-01-26 06:08:03.773861460,High,IT Support,Hardware,Closed
TCK-10238,2025-06-14 15:27:53.261062426,2025-06-15 02:10:09.926000875,High,HR,Software,Closed
TCK-10239,2025-06-17 04:05:18.727172274,2025-06-18 14:20:52.727708816,Medium,Operations,Software,Closed
TCK-10240,2025-05-04 00:24:10.334180792,2025-05-04 20:49:03.704809596,Medium,  HR ,Access,Closed
TCK-10241,2025-01-04 04:10:03.671741952,2025-01-04 14:40:23.897935945,Medium,Operations,Database,Closed
TCK-10242,2025-04-07 16:09:38.205728526,2025-04-08 14:33:43.040018810,Low,Operations,Hardware,Closed
TCK-10243,2025-04-24 06:13:33.453922118,2025-04-25 02:22:46.343454500,Critical,Finance,Hardware,Closed
TCK-10244,2025-06-29 00:54:22.475444528,2025-06-29 11:00:04.817791655,Low,HR,Database,Resolved
TCK-10245,2025-06-29 07:00:33.287189480,2025-06-29 21:45:26.617655673,Medium,DevOps,Access,Closed
TCK-10246,2025-06-04 08:52:49.931783068,2025-06-05 07:57:57.448943351,Medium,HR,Network,Resolved
TCK-10247,2025-01-12 11:44:59.587990117,2025-01-12 18:55:47.872493213,Medium,HR,Network,Closed
TCK-10248,2025-06-21 14:09:14.429390808,2025-06-21 22:26:09.632055331,High,IT Support,Hardware,Resolved
TCK-10249,2025-04-21 06:41:47.715707890,2025-04-21 15:32:37.168057857,Low,HR,Network,Resolved
TCK-10250,2025-05-25 03:49:51.054492198,2025-05-25 16:21:32.846620712,High,IT Support,Access,Closed
TCK-10251,2025-03-15 07:04:23.198314395,2025-03-15 22:18:07.288002022,Medium,Operations,Network,Resolved
TCK-10252,2025-02-27 12:58:19.616640341,2025-02-27 20:55:09.970666566,Low,  IT Support ,Software,Resolved
TCK-10253,2025-03-25 09:12:52.950564181,2025-03-25 22:43:01.949575342,Medium,HR,Access,Closed
TCK-10254,2025-01-27 10:29:52.425691196,2025-01-28 14:59:57.986530418,High,Finance,Database,Closed
TCK-10255,2025-03-06 06:31:32.589891416,2025-03-06 20:49:06.074706653,Low,HR,Hardware,Closed
TCK-10256,2025-06-04 08:54:27.356396270,2025-06-04 17:13:32.387801445,Medium,IT Support,Access,Closed
TCK-10257,2025-01-07 19:56:45.962329228,2025-01-08 02:30:19.000428893,Medium,IT Support,Network,Closed
TCK-10258,2025-01-28 03:47:35.384216249,2025-01-28 14:56:30.123530564,Medium,Finance,Access,Closed
TCK-10259,2025-01-23 12:30:06.514868799,2025-01-23 17:21:38.180698468,Critical,IT Support,Database,Closed
TCK-10260,2025-03-14 13:17:10.840073947,2025-03-15 09:37:26.964767660,Low,HR,Access,Closed
TCK-10261,2025-06-29 10:59:00.282654682,2025-06-30 02:25:52.108388512,Medium,Operations,Database,Closed
TCK-10262,2025-02-01 04:54:22.530647423,2025-02-01 17:49:15.481870248,Medium,Operations,Database,Resolved
TCK-10263,2025-01-27 04:29:06.166567694,2025-01-27 13:23:52.863907378,Low,Operations,Access,Closed
TCK-10264,2025-06-14 17:02:26.709478754,2025-06-15 03:24:36.190596893,Critical,  Finance ,Hardware,Closed
TCK-10265,2025-06-08 18:27:29.639854700,2025-06-09 00:26:18.547396779,Low,IT Support,Hardware,Resolved
TCK-10266,2025-01-06 19:16:42.234186414,2025-01-07 08:31:46.767718573,Low,IT Support,Network,Resolved
TCK-10267,2025-05-16 07:22:11.092708706,2025-05-16 13:48:11.978814342,High,IT Support,Access,Closed
TCK-10268,2025-04-28 23:36:42.589361432,2025-04-29 09:59:46.588097140,Low,IT Support,Access,Closed
TCK-10269,2025-05-19 04:38:25.074829330,2025-05-19 10:55:39.457204918,High,IT Support,Software,Closed
TCK-10270,2025-03-31 00:15:02.176986181,2025-03-31 19:47:41.067995682,High,HR,Hardware,Resolved
TCK-10271,2025-06-28 10:45:29.605307892,2025-06-29 01:51:18.822069526,Low,Operations,Database,Resolved
TCK-10272,2025-01-08 21:25:08.834992899,2025-01-09 07:08:29.374665334,Low,Operations,Software,Resolved
TCK-10273,2025-02-12 04:29:06.911751987,2025-02-12 16:53:54.655552696,Low,HR,Access,Closed
TCK-10274,2025-03-13 09:04:43.189413662,2025-03-15 22:22:19.684659170,Low,Finance,Software,Closed
TCK-10275,2025-03-22 23:02:26.547229815,2025-03-24 09:47:27.116482627,Low,HR,Hardware,Closed
TCK-10276,2025-06-15 20:18:25.846782914,2025-06-16 07:08:53.352032087,High,  IT Support ,Access,Resolved
TCK-10277,2025-04-11 19:13:07.870129529,2025-04-12 12:01:35.906915464,High,Operations,Hardware,Closed
TCK-10278,2025-01-09 02:52:46.202333165,2025-01-09 12:46:27.756544053,Low,IT Support,Software,Closed
TCK-10279,2025-03-15 09:58:04.807195893,2025-03-15 19:55:37.768932592,High,IT Support,Network,Closed
TCK-10280,2025-03-16 23:14:18.893163775,2025-03-17 13:09:29.486715935,Low,HR,Database,Closed
TCK-10281,2025-06-23 18:55:15.074584428,2025-06-25 09:34:02.891937723,Medium,DevOps,Database,Closed
TCK-10282,2025-04-18 20:31:53.159560274,2025-04-19 23:43:11.021445440,Low,Finance,Network,Closed
TCK-10283,2025-04-25 10:00:45.458663816,2025-04-25 17:16:13.622749427,Low,IT Support,Network,Closed
TCK-10284,2025-05-09 09:15:11.142019764,2025-05-09 22:43:51.262312884,High,Finance,Network,Resolved
TCK-10285,2025-05-19 14:34:11.437488380,2025-05-20 10:02:07.225475801,Medium,Finance,Hardware,Closed
TCK-10286,2025-04-25 07:25:14.243789112,2025-04-26 10:16:01.230505648,Medium,Operations,Access,Resolved
TCK-10287,2025-02-12 16:40:46.548834965,2025-02-13 16:47:49.921066838,Medium,Finance,Network,Closed
TCK-10288,2025-06-07 07:52:42.059833786,2025-06-08 00:22:43.546604361,Low,  HR ,Hardware,Closed
TCK-10289,2025-05-12 18:45:27.135986122,2025-05-13 02:08:09.418132586,High,IT Support,Software,Closed
TCK-10290,2025-05-14 12:52:49.784227858,2025-05-14 23:28:39.062937298,High,Operations,Software,Resolved
TCK-10291,2025-06-29 09:07:30.408578818,2025-06-30 01:06:02.243188389,Low,Operations,Network,Closed
TCK-10292,2025-05-25 10:54:52.670194288,2025-05-25 21:42:37.030882009,Medium,Operations,Software,Resolved
TCK-10293,2025-05-30 05:56:02.621868944,2025-05-30 16:23:26.148971419,Medium,Operations,Network,Resolved
TCK-10294,2025-06-21 06:04:18.580324384,2025-06-23 14:43:00.944650612,Medium,DevOps,Software,Resolved
TCK-10295,2025-01-28 04:53:55.965649997,2025-01-29 06:01:33.277529052,Medium,DevOps,Software,Closed
TCK-10296,2025-03-31 14:10:56.158986911,2025-04-01 11:34:44.905784659,Medium,DevOps,Access,Closed
TCK-10297,2025-04-15 12:02:58.350883930,2025-04-17 19:04:01.676361042,None,Finance,Access,Closed
TCK-10298,2025-03-01 06:28:16.140867661,2025-03-03 05:03:55.873505924,Medium,DevOps,Software,Resolved
TCK-10299,2025-06-01 02:13:20.804247350,2025-06-01 09:16:53.411418516,Medium,IT Support,Access,Resolved
TCK-10300,2025-05-18 05:39:09.955834290,2025-05-18 16:10:44.917729769,Medium,  IT Support ,Network,Closed
TCK-10301,2025-05-10 18:12:53.574750346,2025-05-11 06:50:08.525580234,Medium,HR,Database,Closed
TCK-10302,2025-06-29 11:41:08.087119012,2025-06-30 05:00:49.485207296,Medium,Finance,Network,Closed
TCK-10303,2025-02-16 16:31:39.119247289,2025-02-17 15:20:57.693782046,Medium,Operations,Access,Closed
TCK-10304,2025-05-13 09:10:31.178056152,2025-05-14 06:00:28.771106000,Medium,Finance,Hardware,Resolved
TCK-10305,2025-04-10 06:04:02.393736565,2025-04-10 14:53:39.592527692,Medium,IT Support,Software,Closed
TCK-10306,2025-02-26 08:06:47.766144761,2025-02-26 22:16:40.422351426,Low,IT Support,Access,Closed
TCK-10307,2025-01-29 21:44:07.013486053,2025-01-31 12:22:29.853378004,Medium,Finance,Access,Closed
TCK-10308,2025-06-11 06:13:05.434074494,2025-06-11 12:40:27.256883498,Critical,IT Support,Access,Closed
TCK-10309,2025-04-18 04:22:03.667072410,2025-04-18 22:28:26.205087848,High,HR,Network,Closed
TCK-10310,2025-05-29 11:42:51.042989638,2025-05-29 16:33:01.515366000,High,IT Support,Software,Closed
TCK-10311,2025-04-09 03:53:25.191192025,2025-04-09 21:40:37.186858711,Medium,HR,Database,Closed
TCK-10312,2025-02-09 14:18:03.558331312,2025-02-10 16:41:21.442164593,Low,  Finance ,Access,Closed
TCK-10313,2025-03-02 18:12:39.141336259,2025-03-03 11:22:24.442520013,Medium,HR,Hardware,Closed
TCK-10314,2025-03-10 16:14:52.078148596,2025-03-11 07:45:37.258530656,Low,Operations,Software,Closed
TCK-10315,2025-06-25 03:04:42.204057578,2025-06-26 03:10:32.657497335,High,IT Support,Database,Resolved
TCK-10316,2025-01-02 00:20:08.745387260,2025-01-02 15:56:51.013232441,Low,Finance,Hardware,Closed
TCK-10317,2025-06-27 10:04:37.990077132,2025-06-28 09:09:30.259119581,High,HR,Database,Closed
TCK-10318,2025-06-26 11:35:39.349228086,2025-06-26 22:20:24.523909539,High,Operations,Database,Closed
TCK-10319,2025-06-29 07:22:17.094324684,2025-06-30 14:53:54.394578368,Critical,Finance,Software,Resolved
TCK-10320,2025-03-27 18:51:39.358558158,2025-03-28 06:11:48.046462926,High,IT Support,Network,Closed
TCK-10321,2025-06-23 11:39:17.095545786,2025-06-24 19:31:07.299894397,Medium,DevOps,Hardware,Closed
TCK-10322,2025-03-13 04:59:18.476128515,2025-03-13 19:02:22.884713829,Medium,Operations,Access,Closed
TCK-10323,2025-01-05 17:35:31.141274750,2025-01-06 08:49:48.879439873,Low,HR,Database,Resolved
TCK-10324,2025-02-10 09:10:47.442453682,2025-02-10 18:53:37.953879618,Low,  IT Support ,Hardware,Closed
TCK-10325,2025-06-20 03:40:47.201266204,2025-06-23 07:32:41.201992983,Low,DevOps,Software,Closed
TCK-10326,2025-01-03 11:27:48.510752140,2025-01-04 03:18:10.491483329,Low,Finance,Hardware,Closed
TCK-10327,2025-04-09 06:41:40.794098107,2025-04-09 13:07:55.079145308,Critical,IT Support,Access,Closed
TCK-10328,2025-01-14 14:35:55.910490048,2025-01-15 06:58:17.302156169,Low,HR,Access,Resolved
TCK-10329,2025-02-21 13:13:59.587705700,2025-02-22 10:47:20.568624473,High,Finance,Software,Closed
TCK-10330,2025-01-16 20:33:40.014271261,2025-01-17 13:40:58.416215864,Low,Operations,Hardware,Closed
TCK-10331,2025-06-04 17:09:49.115550254,2025-06-06 11:00:12.545511173,None,Finance,Network,Resolved
TCK-10332,2025-04-17 09:25:31.676441120,2025-04-17 12:53:30.618124754,Medium,HR,Network,Closed
TCK-10333,2025-06-12 09:05:59.754851202,2025-06-13 03:16:06.951342577,Medium,Finance,Database,Closed
TCK-10334,2025-05-04 21:41:08.959249630,2025-05-05 03:37:40.406842248,Medium,HR,Database,Closed
TCK-10335,2025-06-24 18:50:45.049123790,2025-06-24 23:31:13.850572638,High,IT Support,Hardware,Resolved
TCK-10336,2025-04-02 18:40:17.286833843,2025-04-05 06:34:18.903883509,Low,  Operations ,Database,Closed
TCK-10337,2025-04-25 23:13:46.967576224,2025-04-27 17:02:13.293635739,High,DevOps,Access,Closed
TCK-10338,2025-04-14 17:39:14.766914608,2025-04-15 16:30:20.797599482,Medium,HR,Software,Closed
TCK-10339,2025-03-29 04:00:18.198753721,2025-03-29 17:38:40.749583420,Low,HR,Database,Closed
TCK-10340,2025-06-02 06:32:40.051058692,2025-06-03 08:50:55.175609827,Low,Operations,Network,Resolved
TCK-10341,2025-04-27 00:20:54.909945442,2025-04-27 07:47:24.767049077,High,Operations,Access,Closed
TCK-10342,2025-05-25 05:40:08.343032314,2025-05-26 22:50:37.015990172,Low,Finance,Network,Closed
TCK-10343,2025-05-22 13:05:31.942040730,2025-05-23 05:21:10.456458918,Critical,Finance,Database,Resolved
TCK-10344,2025-02-04 09:18:54.338511152,2025-02-04 15:49:55.400242580,Low,IT Support,Database,Resolved
TCK-10345,2025-04-28 00:42:23.257714394,2025-04-29 16:36:50.036978259,Medium,DevOps,Access,Resolved
TCK-10346,2025-02-05 22:28:45.994308108,2025-02-07 03:10:45.929637682,Medium,Finance,Network,Resolved
TCK-10347,2025-04-15 23:56:40.077647126,2025-04-17 08:17:03.189863136,Medium,DevOps,Software,Resolved
TCK-10348,2025-05-02 22:31:04.212508864,2025-05-03 07:37:22.211457556,Low,  Operations ,Software,Closed
TCK-10349,2025-06-29 12:03:19.833330150,2025-06-30 20:38:30.757835180,High,DevOps,Access,Closed
TCK-10350,2025-01-06 11:56:28.844184730,2025-01-07 01:40:54.602831531,High,IT Support,Database,Closed
TCK-10351,2025-01-17 10:10:01.713256587,2025-01-17 21:02:52.540314080,Medium,HR,Access,Closed
TCK-10352,2025-01-14 20:45:19.181965392,2025-01-17 08:34:56.094023434,Medium,DevOps,Network,Closed
TCK-10353,2025-03-13 16:55:14.724020341,2025-03-13 22:24:54.382122173,Medium,IT Support,Software,Resolved
TCK-10354,2025-05-28 21:15:42.197827374,2025-05-29 05:47:22.544746222,Critical,IT Support,Database,Resolved
TCK-10355,2025-06-01 22:19:24.087505534,2025-06-04 03:06:50.977223199,Critical,Finance,Network,Closed
TCK-10356,2025-05-13 15:45:06.672655352,2025-05-14 09:10:40.888538704,Low,Finance,Software,Resolved
TCK-10357,2025-06-11 10:30:50.416939346,2025-06-12 00:54:41.641097819,Low,IT Support,Software,Closed
TCK-10358,2025-02-28 02:45:17.851723325,2025-03-03 13:57:37.632008978,None,DevOps,Hardware,Resolved
TCK-10359,2025-01-16 20:49:41.027411756,2025-01-17 16:26:06.731887744,Low,Operations,Database,Resolved
TCK-10360,2025-01-11 11:13:15.891298149,2025-01-12 01:03:05.042336718,None,  Operations ,Access,Resolved
TCK-10361,2025-06-03 09:12:48.055520696,2025-06-04 01:51:41.672229587,Medium,Finance,Hardware,Closed
TCK-10362,2025-05-12 11:29:05.249788606,2025-05-13 14:44:53.310463924,Low,HR,Software,Resolved
TCK-10363,2025-05-06 18:01:05.239084952,2025-05-07 10:06:41.711590002,Low,IT Support,Database,Resolved
TCK-10364,2025-03-03 03:24:06.417062242,2025-03-03 20:56:45.367415254,Medium,IT Support,Database,Resolved
TCK-10365,2025-03-10 09:11:25.493390654,2025-03-11 02:53:50.217913417,High,Operations,Hardware,Closed
TCK-10366,2025-06-22 11:03:01.601442212,2025-06-23 17:17:37.542011859,Low,Operations,Network,Resolved
TCK-10367,2025-01-12 11:38:11.380211085,2025-01-13 11:32:43.648081174,Low,Finance,Network,Closed
TCK-10368,2025-05-20 06:31:15.972856552,2025-05-20 22:16:33.279854016,Critical,Finance,Access,Closed
TCK-10369,2025-02-25 17:36:57.450312930,2025-02-27 01:11:38.190613774,Low,Operations,Database,Closed
TCK-10370,2025-01-08 00:42:57.425552072,2025-01-10 08:10:22.687642789,Medium,Finance,Hardware,Closed
TCK-10371,2025-05-14 15:54:10.362266676,2025-05-14 21:00:19.997136072,Medium,IT Support,Software,Closed
TCK-10372,2025-03-01 13:32:21.646070082,2025-03-01 18:35:39.151629377,Low,  IT Support ,Network,Closed
TCK-10373,2025-05-10 23:40:38.211487974,2025-05-12 07:18:11.652605281,Low,DevOps,Hardware,Resolved
TCK-10374,2025-05-08 09:04:00.966253004,2025-05-08 22:46:37.211690763,Medium,IT Support,Access,Closed
TCK-10375,2025-04-07 06:16:45.486735806,2025-04-07 11:06:04.127550478,Low,IT Support,Access,Resolved
TCK-10376,2025-05-20 22:15:06.905482454,2025-05-21 18:24:55.911045423,Medium,Operations,Database,Closed
TCK-10377,2025-04-15 14:05:08.017511178,2025-04-16 00:39:20.348096791,Medium,HR,Access,Closed
TCK-10378,2025-02-21 14:16:16.335496150,2025-02-23 10:16:49.938943948,Medium,DevOps,Access,Closed
TCK-10379,2025-05-13 03:22:41.162153844,2025-05-13 09:04:54.639556510,Medium,IT Support,Network,Resolved
TCK-10380,2025-04-17 01:05:02.416530358,2025-04-17 13:35:13.173685520,Medium,IT Support,Network,Closed
TCK-10381,2025-01-03 06:58:54.684841644,2025-01-03 20:06:06.532550921,Low,HR,Access,Closed
TCK-10382,2025-06-12 07:06:10.252683852,2025-06-12 18:22:08.345688126,Low,Operations,Database,Resolved
TCK-10383,2025-04-09 05:10:49.552179722,2025-04-09 19:50:23.665253075,Medium,HR,Network,Closed
TCK-10384,2025-06-06 08:28:11.232737678,2025-06-06 15:18:00.718563349,Critical,  Operations ,Network,Closed
TCK-10385,2025-06-08 21:25:23.319851868,2025-06-09 20:51:46.978411593,Low,DevOps,Access,Closed
TCK-10386,2025-03-22 02:15:21.445544097,2025-03-23 14:57:09.685351152,Medium,DevOps,Database,Resolved
TCK-10387,2025-04-02 09:05:28.264809543,2025-04-02 12:35:46.242772146,High,IT Support,Access,Resolved
TCK-10388,2025-03-16 20:03:32.237130961,2025-03-16 23:59:06.578347477,High,HR,Software,Closed
TCK-10389,2025-03-22 21:34:00.729590723,2025-03-23 03:09:18.870552802,None,Operations,Software,Closed
TCK-10390,2025-06-11 03:02:08.616328310,2025-06-13 15:13:42.422947722,Low,DevOps,Database,Closed
TCK-10391,2025-05-22 20:46:55.705228952,2025-05-24 02:36:53.703471749,Low,DevOps,Software,Resolved
TCK-10392,2025-01-23 18:35:27.318059869,2025-01-24 01:06:14.898544812,Low,IT Support,Database,Closed
TCK-10393,2025-04-20 20:31:46.618511570,2025-04-22 11:49:50.292300943,Low,Finance,Software,Closed
TCK-10394,2025-06-29 06:19:00.071288394,2025-06-29 17:55:00.573466285,Medium,HR,Hardware,Resolved
TCK-10395,2025-04-18 04:46:44.505567620,2025-04-18 14:30:00.407216668,Critical,IT Support,Network,Closed
TCK-10396,2025-05-22 10:57:55.521223978,2025-05-22 19:34:32.126287867,Medium,  IT Support ,Access,Closed
TCK-10397,2025-05-19 10:20:44.034023970,2025-05-19 21:33:57.825615970,Low,HR,Database,Resolved
TCK-10398,2025-03-05 01:22:18.162366454,2025-03-05 17:49:17.536375300,Low,HR,Software,Resolved
TCK-10399,2025-03-08 22:23:20.355651968,2025-03-09 10:54:03.942592887,Critical,IT Support,Hardware,Resolved
TCK-10400,2025-05-11 08:00:36.511684350,2025-05-12 00:25:14.138912980,Medium,Operations,Software,Resolved
TCK-10401,2025-03-31 23:55:43.883518396,2025-04-01 06:40:49.858943399,Critical,IT Support,Hardware,Closed
TCK-10402,2025-04-13 16:51:55.668395793,2025-04-14 08:01:56.515609143,High,Operations,Access,Closed
TCK-10403,2025-05-09 07:45:10.851753954,2025-05-09 12:15:14.226588730,None,HR,Network,Resolved
TCK-10404,2025-05-20 23:07:26.820511310,2025-05-21 08:54:59.085500721,High,IT Support,Network,Closed
TCK-10405,2025-02-18 20:57:05.816904725,2025-02-19 04:42:33.548679140,Medium,HR,Hardware,Closed
TCK-10406,2025-01-27 10:08:56.546763647,2025-01-27 21:47:40.585153885,High,IT Support,Software,Resolved
TCK-10407,2025-02-22 12:33:10.345847375,2025-02-23 05:45:25.847833477,Medium,Operations,Network,Closed
TCK-10408,2025-04-02 08:33:56.031831958,2025-04-02 17:31:27.402937015,Low,  IT Support ,Software,Closed
TCK-10409,2025-03-03 14:03:01.766603553,2025-03-04 15:35:52.479534462,Low,Operations,Database,Closed
TCK-10410,2025-04-13 07:19:37.625597779,2025-04-13 12:40:31.997096358,Medium,IT Support,Software,Closed
TCK-10411,2025-01-10 14:58:18.941601773,2025-01-11 12:37:18.203133369,Low,Operations,Database,Closed
TCK-10412,2025-04-02 18:07:18.401417308,2025-04-03 22:07:46.542017226,Low,Finance,Database,Resolved
TCK-10413,2025-03-08 05:41:41.272695233,2025-03-08 13:26:40.795715598,Medium,IT Support,Network,Closed
TCK-10414,2025-04-07 05:45:37.372094107,2025-04-07 14:41:16.772668710,None,HR,Database,Closed
TCK-10415,2025-03-18 01:20:38.735171159,2025-03-18 12:47:26.190352362,Medium,IT Support,Software,Closed
TCK-10416,2025-02-21 03:51:20.429115060,2025-02-22 05:26:34.975829168,Medium,Operations,Access,Closed
TCK-10417,2025-06-12 17:44:46.145677152,2025-06-13 02:44:34.567958645,Low,IT Support,Software,Resolved
TCK-10418,2025-02-03 06:11:05.099928942,2025-02-03 16:43:30.731818818,Low,Operations,Hardware,Closed
TCK-10419,2025-05-03 15:29:57.431428864,2025-05-04 05:19:35.828038699,Medium,Operations,Hardware,Closed
TCK-10420,2025-06-16 10:27:54.570081704,2025-06-17 16:32:38.275918871,High,  DevOps ,Software,Closed
TCK-10421,2025-04-07 23:03:15.213027855,2025-04-09 00:27:03.313696575,Medium,Operations,Hardware,Closed
TCK-10422,2025-06-07 18:05:04.814388106,2025-06-08 02:14:22.691709108,Medium,Operations,Access,Resolved
TCK-10423,2025-01-23 11:21:30.192594438,2025-01-23 22:04:12.452591882,High,HR,Hardware,Resolved
TCK-10424,2025-03-30 21:10:02.955027658,2025-03-31 22:30:51.292240915,Low,DevOps,Network,Closed
TCK-10425,2025-03-24 06:20:57.162039570,2025-03-25 05:51:02.399508425,Medium,Finance,Access,Closed
TCK-10426,2025-01-02 11:04:23.687039344,2025-01-02 15:30:27.705873034,High,IT Support,Network,Closed
TCK-10427,2025-03-21 18:52:18.172820370,2025-03-22 16:50:48.274460391,Medium,Finance,Network,Resolved
TCK-10428,2025-03-08 10:12:30.771262161,2025-03-08 22:22:00.131205445,Low,HR,Access,Closed
TCK-10429,2025-05-01 13:31:49.814350818,2025-05-02 04:06:49.701878631,Low,Finance,Network,Closed
TCK-10430,2025-06-18 21:35:04.716422016,2025-06-19 20:40:52.801107894,Medium,Finance,Hardware,Closed
TCK-10431,2025-01-16 10:37:03.004651192,2025-01-16 17:06:08.766460992,Low,IT Support,Software,Closed
TCK-10432,2025-02-28 22:41:52.766185818,2025-03-02 06:05:14.146551993,High,  Finance ,Access,Closed
TCK-10433,2025-03-21 22:21:34.795955406,2025-03-22 03:49:09.883805243,Low,IT Support,Software,Closed
TCK-10434,2025-03-23 22:24:02.999190729,2025-03-24 07:17:28.797067036,Low,IT Support,Access,Closed
TCK-10435,2025-05-20 11:10:40.778538730,2025-05-20 16:51:06.717080824,Low,IT Support,Access,Resolved
TCK-10436,2025-03-21 19:28:09.395041672,2025-03-22 13:37:17.591659009,Critical,Finance,Network,Closed
TCK-10437,2025-01-05 21:20:12.560207217,2025-01-06 07:11:56.576419085,High,IT Support,Software,Closed
TCK-10438,2025-05-08 19:38:58.879107712,2025-05-09 05:12:29.280178213,Critical,IT Support,Hardware,Closed
TCK-10439,2025-06-09 06:27:51.418905486,2025-06-10 02:21:11.476024907,Medium,Finance,Software,Resolved
TCK-10440,2025-04-03 12:04:06.089572513,2025-04-03 19:29:49.676398935,High,IT Support,Access,Closed
TCK-10441,2025-04-15 14:23:19.729455154,2025-04-15 18:29:53.360989104,High,IT Support,Hardware,Closed
TCK-10442,2025-01-30 07:53:07.498846604,2025-01-31 01:01:33.560141223,Medium,IT Support,Network,Closed
TCK-10443,2025-02-09 17:11:25.731647140,2025-02-10 13:12:54.914914729,None,HR,Hardware,Closed
TCK-10444,2025-02-12 07:56:07.558865962,2025-02-13 03:36:10.450029196,High,  HR ,Hardware,Closed
TCK-10445,2025-03-19 12:48:19.193353904,2025-03-19 16:38:02.854288967,None,IT Support,Software,Resolved
TCK-10446,2025-06-17 01:35:14.475369026,2025-06-18 00:36:16.432301171,High,DevOps,Access,Closed
TCK-10447,2025-04-04 22:06:36.691949908,2025-04-05 18:50:11.124069802,High,Finance,Access,Closed
TCK-10448,2025-02-04 13:51:42.578171436,2025-02-04 19:16:08.105348972,Critical,HR,Access,Closed
TCK-10449,2025-02-17 21:29:56.468233905,2025-02-18 19:39:26.736595336,Medium,HR,Database,Closed
TCK-10450,2025-03-11 02:56:41.742317170,2025-03-12 08:19:15.997403867,High,HR,Network,Closed
TCK-10451,2025-04-23 04:28:43.589974416,2025-04-25 06:56:48.347066371,Low,Operations,Software,Closed
TCK-10452,2025-03-21 04:56:35.595518291,2025-03-21 09:58:54.482672723,High,IT Support,Access,Closed
TCK-10453,2025-03-12 15:21:42.216639536,2025-03-13 00:22:30.961310431,High,IT Support,Hardware,Closed
TCK-10454,2025-04-12 15:37:39.193405166,2025-04-15 03:41:26.496717454,High,DevOps,Database,Closed
TCK-10455,2025-02-13 12:43:37.841531847,2025-02-13 20:12:53.433485813,High,IT Support,Network,Resolved
TCK-10456,2025-01-15 04:51:43.695235422,2025-01-15 15:33:24.604302541,Medium,  HR ,Access,Resolved
TCK-10457,2025-01-05 09:28:11.424115198,2025-01-05 21:39:51.331622115,Medium,DevOps,Database,Resolved
TCK-10458,2025-02-15 05:26:22.510240760,2025-02-16 13:09:04.320727177,Low,Operations,Network,Closed
TCK-10459,2025-01-17 11:40:39.315014777,2025-01-18 01:44:29.373039361,Low,HR,Hardware,Closed
TCK-10460,2025-03-02 12:59:29.610274965,2025-03-03 01:29:28.358577160,Medium,Operations,Database,Closed
TCK-10461,2025-05-20 03:04:22.419674918,2025-05-20 12:52:08.748598450,Medium,IT Support,Software,Resolved
TCK-10462,2025-05-09 22:23:29.427731310,2025-05-11 00:50:21.776715185,Low,Finance,Network,Closed
TCK-10463,2025-04-20 23:12:26.389599424,2025-04-21 14:39:13.182109748,Low,HR,Database,Closed
TCK-10464,2025-06-03 10:48:03.792813654,2025-06-04 08:46:51.091537887,Low,Finance,Database,Resolved
TCK-10465,2025-02-20 18:31:55.696912591,2025-02-23 16:17:58.194229728,High,DevOps,Network,Resolved
TCK-10466,2025-06-09 07:25:55.967122026,2025-06-10 12:25:41.509544542,Medium,DevOps,Database,Closed
TCK-10467,2025-03-13 20:42:47.566695075,2025-03-16 18:22:29.078237578,Low,DevOps,Database,Closed
TCK-10468,2025-03-14 03:51:32.885682576,2025-03-15 03:43:28.369485016,High,  Operations ,Network,Closed
TCK-10469,2025-03-14 23:07:08.295104111,2025-03-15 16:02:40.440925266,Low,HR,Hardware,Closed
TCK-10470,2025-01-18 15:46:03.583779743,2025-01-19 05:11:08.746010460,Medium,HR,Software,Resolved
TCK-10471,2025-06-25 14:07:08.230044580,2025-06-26 19:24:43.190867381,Low,Operations,Network,Resolved
TCK-10472,2025-01-25 22:20:57.408736875,2025-01-27 07:09:03.852878859,None,DevOps,Access,Closed
TCK-10473,2025-03-03 08:37:34.786944758,2025-03-03 13:57:35.250099806,Low,IT Support,Database,Closed
TCK-10474,2025-02-27 11:22:38.581721727,2025-02-28 06:30:25.433394174,High,DevOps,Software,Resolved
TCK-10475,2025-01-14 10:36:54.539165468,2025-01-15 16:52:40.204413301,Medium,Finance,Software,Closed
TCK-10476,2025-01-28 09:45:49.543499906,2025-01-29 05:27:26.790777600,Low,DevOps,Network,Closed
TCK-10477,2025-01-09 01:47:16.844355120,2025-01-10 07:50:17.819604128,Low,DevOps,Access,Resolved
TCK-10478,2025-02-22 15:11:14.683853106,2025-02-23 05:36:28.879824651,Medium,IT Support,Access,Closed
TCK-10479,2025-06-05 23:57:28.482497554,2025-06-06 09:51:11.254555380,High,IT Support,Hardware,Resolved
TCK-10480,2025-03-03 02:23:25.183627804,2025-03-03 08:18:51.302802046,Low,  IT Support ,Access,Closed
TCK-10481,2025-01-23 06:20:55.372311881,2025-01-23 23:33:04.694170725,High,IT Support,Network,Closed
TCK-10482,2025-04-27 05:23:51.041106692,2025-04-28 05:04:11.643936680,Medium,Operations,Software,Resolved
TCK-10483,2025-06-29 09:18:57.384277968,2025-07-01 02:04:14.075501483,Low,Finance,Software,Closed
TCK-10484,2025-02-11 19:38:19.574800537,2025-02-12 05:36:54.102263374,Low,DevOps,Access,Closed
TCK-10485,2025-02-20 07:44:48.275523096,2025-02-21 04:59:05.547037143,Critical,Operations,Database,Closed
TCK-10486,2025-06-24 22:22:45.388174822,2025-06-25 11:19:47.686296328,Low,IT Support,Hardware,Resolved
TCK-10487,2025-02-02 04:18:48.823985175,2025-02-03 00:12:12.350811709,Low,IT Support,Access,Closed
TCK-10488,2025-04-03 00:26:41.177124917,2025-04-03 04:31:59.463869355,Medium,IT Support,Network,Closed
TCK-10489,2025-02-13 03:17:49.972666308,2025-02-14 05:15:01.898452391,Low,HR,Hardware,Closed
TCK-10490,2025-06-17 19:45:36.716160144,2025-06-19 12:43:07.690947584,Medium,Operations,Access,Closed
TCK-10491,2025-06-26 16:10:14.818690526,2025-06-26 19:16:15.037019822,Low,IT Support,Hardware,Closed
TCK-10492,2025-05-27 15:29:40.902858478,2025-05-28 09:32:01.396295867,None,  HR ,Database,Resolved
TCK-10493,2025-02-26 15:51:57.903520830,2025-02-27 03:26:29.110747149,Medium,IT Support,Network,Resolved
TCK-10494,2025-03-14 15:03:57.215562413,2025-03-15 06:21:02.993875619,None,Operations,Access,Closed
TCK-10495,2025-02-13 14:45:37.992380185,2025-02-14 01:52:27.958658450,Medium,HR,Software,Resolved
TCK-10496,2025-06-10 08:04:27.902923836,2025-06-11 03:54:13.973954719,Low,HR,Network,Closed
TCK-10497,2025-06-14 14:53:30.334606236,2025-06-15 01:19:58.337720144,Critical,HR,Database,Closed
TCK-10498,2025-03-17 09:31:16.539250526,2025-03-18 13:19:49.222665640,Low,DevOps,Database,Resolved
TCK-10499,2025-04-29 04:13:22.303131486,2025-04-29 16:58:56.848636623,Medium,IT Support,Software,Closed
TCK-10500,2025-01-30 19:11:23.051856039,2025-02-01 14:27:24.729004282,Low,Operations,Network,Closed
TCK-10501,2025-03-20 06:55:23.122451737,2025-03-21 14:59:05.598237397,None,Finance,Access,Closed
TCK-10502,2025-04-24 16:04:34.106986236,2025-04-25 11:19:06.596527646,Low,Operations,Software,Closed
TCK-10503,2025-03-11 08:56:29.299192240,2025-03-12 08:53:13.792910814,High,DevOps,Access,Closed
TCK-10504,2025-03-06 08:49:47.823475825,2025-03-06 17:23:49.773891437,Medium,  HR ,Hardware,Closed
TCK-10505,2025-01-01 04:18:56.327735492,2025-01-02 05:02:45.574476697,Low,HR,Access,Closed
TCK-10506,2025-05-25 18:32:51.948661678,2025-05-26 02:25:11.972726099,Low,IT Support,Hardware,Closed
TCK-10507,2025-06-10 01:56:18.542157562,2025-06-11 09:56:17.101294486,Critical,Operations,Access,Closed
TCK-10508,2025-06-24 12:04:56.811496782,2025-06-24 19:17:28.172878539,High,IT Support,Hardware,Resolved
TCK-10509,2025-05-10 11:15:08.580596440,2025-05-10 17:23:45.782629329,Medium,IT Support,Network,Closed
TCK-10510,2025-04-09 18:46:58.041976444,2025-04-10 16:59:52.319160574,Medium,Operations,Database,Closed
TCK-10511,2025-02-18 11:18:32.852065048,2025-02-19 04:37:59.935910734,Low,Operations,Network,Closed
TCK-10512,2025-06-29 20:58:25.450184328,2025-06-30 01:37:32.727666005,Medium,IT Support,Software,Resolved
TCK-10513,2025-04-17 03:43:56.393683306,2025-04-19 00:23:28.804620245,Medium,Operations,Network,Closed
TCK-10514,2025-05-03 14:35:08.132883100,2025-05-04 03:44:29.824891789,High,Operations,Network,Closed
TCK-10515,2025-05-03 19:59:40.630729100,2025-05-04 09:30:37.634931691,Medium,IT Support,Database,Closed
TCK-10516,2025-06-02 03:29:15.927615686,2025-06-03 01:07:10.861239729,None,  HR ,Network,Closed
TCK-10517,2025-01-02 17:47:07.324147287,2025-01-03 06:50:14.540891762,Low,Finance,Software,Resolved
TCK-10518,2025-02-09 15:28:00.417588694,2025-02-10 02:22:16.711313485,Low,Operations,Network,Closed
TCK-10519,2025-04-30 19:06:24.770644058,2025-05-01 07:19:10.969910788,Critical,HR,Network,Resolved
TCK-10520,2025-06-11 03:01:46.499095678,2025-06-11 12:14:26.771257926,Medium,HR,Network,Closed
TCK-10521,2025-05-04 08:39:48.736440932,2025-05-06 03:20:16.689358633,Low,Operations,Network,Closed
TCK-10522,2025-03-16 10:16:56.565309714,2025-03-17 14:19:47.553662599,High,DevOps,Database,Closed
TCK-10523,2025-03-07 01:55:11.071774309,2025-03-08 06:00:18.148894497,Medium,Operations,Database,Closed
TCK-10524,2025-05-13 19:56:07.424822198,2025-05-14 06:55:27.432603806,Low,IT Support,Software,Closed
TCK-10525,2025-05-14 10:08:48.665877632,2025-05-15 02:21:02.777926032,Medium,HR,Software,Closed
TCK-10526,2025-04-20 06:29:25.899448498,2025-04-21 14:07:18.656103132,Low,DevOps,Software,Resolved
TCK-10527,2025-02-22 11:08:15.158761785,2025-02-23 02:54:56.808094463,Low,IT Support,Network,Closed
TCK-10528,2025-06-16 12:40:07.735609734,2025-06-17 09:11:22.742077744,Low,  DevOps ,Access,Closed
TCK-10529,2025-04-10 08:07:16.859829076,2025-04-13 09:36:42.319478370,Medium,DevOps,Network,Closed
TCK-10530,2025-05-23 06:55:37.124374038,2025-05-23 11:23:34.104109401,Low,IT Support,Access,Closed
TCK-10531,2025-02-08 13:48:42.093140805,2025-02-10 11:37:57.786502135,Critical,DevOps,Software,Resolved
TCK-10532,2025-03-03 22:15:22.344536248,2025-03-04 05:17:22.326377343,Medium,HR,Network,Resolved
TCK-10533,2025-06-07 10:11:00.638855950,2025-06-08 07:06:21.277806529,Low,Finance,Software,Closed
TCK-10534,2025-01-10 00:27:44.529626388,2025-01-10 15:20:26.043161077,Medium,HR,Database,Closed
TCK-10535,2025-04-03 05:12:07.720663609,2025-04-03 16:20:05.743921783,High,HR,Software,Closed
TCK-10536,2025-03-28 16:58:03.622534028,2025-03-29 09:24:16.945724671,Medium,Operations,Network,Closed
TCK-10537,2025-05-16 05:18:51.897898494,2025-05-16 17:33:36.992703756,Low,Finance,Database,Resolved
TCK-10538,2025-02-20 17:46:51.920360817,2025-02-20 22:58:08.583323667,Low,IT Support,Database,Closed
TCK-10539,2025-02-09 10:22:07.213560491,2025-02-10 09:27:39.899485398,High,Operations,Access,Closed
TCK-10540,2025-06-16 16:53:37.908601330,2025-06-17 01:31:15.271835003,Low,  IT Support ,Hardware,Closed
TCK-10541,2025-04-13 21:47:08.507258045,2025-04-14 07:50:23.174606292,Low,HR,Database,Resolved
TCK-10542,2025-01-19 20:15:32.165947394,2025-01-20 23:47:30.525952488,Medium,HR,Hardware,Closed
TCK-10543,2025-02-04 17:54:58.394757121,2025-02-05 01:37:55.450865055,Low,HR,Software,Resolved
TCK-10544,2025-06-29 18:55:42.877565588,2025-06-30 06:46:47.948609216,None,HR,Software,Closed
TCK-10545,2025-02-05 05:01:51.109714096,2025-02-05 11:37:55.110649817,High,IT Support,Database,Resolved
TCK-10546,2025-04-20 21:15:15.152572412,2025-04-21 08:48:52.572290368,Medium,IT Support,Access,Closed
TCK-10547,2025-03-17 14:57:11.884539853,2025-03-17 23:39:37.733681166,High,IT Support,Software,Closed
TCK-10548,2025-06-09 09:47:17.123104640,2025-06-09 23:14:25.850883985,Medium,HR,Hardware,Closed
TCK-10549,2025-05-16 22:19:41.947376936,2025-05-17 10:39:23.002768480,High,DevOps,Database,Closed
TCK-10550,2025-04-18 10:49:48.114663760,2025-04-18 23:55:46.755230575,Medium,IT Support,Database,Closed
TCK-10551,2025-01-02 22:23:32.644922223,2025-01-04 02:11:36.475694915,Low,DevOps,Access,Closed
TCK-10552,2025-06-08 08:42:55.066938284,2025-06-09 10:40:26.089092160,Critical,  Finance ,Database,Closed
TCK-10553,2025-03-22 00:57:48.506483715,2025-03-22 13:20:36.857707357,High,Operations,Network,Closed
TCK-10554,2025-06-17 16:24:55.659744902,2025-06-18 03:51:33.721972954,None,Operations,Hardware,Closed
TCK-10555,2025-03-31 04:43:42.727908537,2025-04-02 08:34:35.646556874,High,Finance,Network,Resolved
TCK-10556,2025-05-05 23:02:59.255769746,2025-05-06 02:33:07.875931057,Medium,IT Support,Network,Closed
TCK-10557,2025-01-13 11:20:39.284505218,2025-01-13 21:58:11.676321678,Low,Operations,Hardware,Closed
TCK-10558,2025-05-15 03:03:18.515648574,2025-05-16 16:47:28.562356585,Low,Operations,Database,Resolved
TCK-10559,2025-03-02 20:08:34.278963025,2025-03-03 20:56:25.467035570,Low,Operations,Database,Closed
TCK-10560,2025-03-05 05:52:15.390887856,2025-03-06 02:41:29.473719896,Low,Finance,Network,Resolved
TCK-10561,2025-01-22 08:35:35.696920432,2025-01-23 00:26:46.814450662,Medium,IT Support,Hardware,Closed
TCK-10562,2025-01-27 10:25:22.375652426,2025-01-28 08:55:45.586034821,Medium,Operations,Software,Closed
TCK-10563,2025-02-03 10:28:44.842118980,2025-02-04 06:41:58.996087314,Low,Operations,Hardware,Resolved
TCK-10564,2025-03-01 01:51:02.333622761,2025-03-01 17:44:45.385303870,Medium,  HR ,Network,Closed
TCK-10565,2025-06-10 13:18:36.083486216,2025-06-11 07:13:44.449348133,Low,HR,Hardware,Closed
TCK-10566,2025-03-08 06:53:03.224954211,2025-03-09 06:03:45.231152485,Medium,Operations,Hardware,Closed
TCK-10567,2025-05-11 09:14:48.812471174,2025-05-15 06:11:19.372816420,None,DevOps,Software,Resolved
TCK-10568,2025-01-15 21:28:09.180495280,2025-01-16 10:21:02.737481016,Medium,HR,Access,Resolved
TCK-10569,2025-04-17 09:32:48.526278028,2025-04-18 08:07:02.795893171,Low,Finance,Access,Closed
TCK-10570,2025-03-28 17:46:12.428717876,2025-03-29 01:25:14.899799693,Medium,HR,Software,Closed
TCK-10571,2025-06-26 00:46:41.991036454,2025-06-26 09:03:38.174505924,High,IT Support,Hardware,Closed
TCK-10572,2025-06-02 07:37:03.237157632,2025-06-03 05:11:31.246990287,Medium,IT Support,Network,Closed
TCK-10573,2025-03-23 20:51:52.620965881,2025-03-24 10:46:13.633398170,None,IT Support,Software,Closed
TCK-10574,2025-05-20 12:37:00.266433108,2025-05-20 23:26:12.726819302,Low,HR,Access,Resolved
TCK-10575,2025-02-04 17:55:38.504600828,2025-02-05 08:20:32.157730944,Low,HR,Access,Closed
TCK-10576,2025-04-12 05:17:34.563596932,2025-04-12 18:06:21.070657198,Low,  Finance ,Software,Closed
TCK-10577,2025-01-14 10:21:15.552204549,2025-01-15 01:26:43.962005029,High,Finance,Hardware,Closed
TCK-10578,2025-03-04 15:44:40.629578175,2025-03-05 00:54:14.669579822,Medium,IT Support,Database,Closed
TCK-10579,2025-02-10 15:43:28.648587993,2025-02-10 22:21:46.121263423,Low,IT Support,Network,Closed
TCK-10580,2025-05-10 09:41:25.447937680,2025-05-10 14:43:55.984342688,Low,IT Support,Database,Closed
TCK-10581,2025-03-30 05:11:30.429765749,2025-03-31 04:11:13.699591204,Medium,Operations,Network,Resolved
TCK-10582,2025-05-16 04:37:28.087044260,2025-05-16 12:46:55.186031311,None,IT Support,Database,Resolved
TCK-10583,2025-04-03 18:04:34.646044242,2025-04-03 21:57:29.014445416,Medium,IT Support,Database,Closed
TCK-10584,2025-01-16 13:36:46.044342282,2025-01-17 00:35:47.418346392,Low,DevOps,Network,Closed
TCK-10585,2025-05-13 08:47:17.688640256,2025-05-14 03:12:44.964535575,Medium,Finance,Network,Resolved
TCK-10586,2025-05-30 23:33:01.513538354,2025-05-31 03:23:31.890985791,Low,IT Support,Access,Closed
TCK-10587,2025-06-12 15:15:17.625395750,2025-06-12 20:49:57.541301095,Medium,HR,Hardware,Closed
TCK-10588,2025-04-13 23:00:18.733409924,2025-04-14 23:58:35.359462655,Medium,  HR ,Hardware,Closed
TCK-10589,2025-05-16 15:29:19.503160146,2025-05-17 14:49:14.019755018,Medium,Finance,Access,Closed
TCK-10590,2025-05-16 08:49:53.527198616,2025-05-17 00:35:39.370860742,Critical,Operations,Database,Closed
TCK-10591,2025-01-29 00:50:20.264393182,2025-01-29 08:34:29.265557188,Low,IT Support,Network,Closed
TCK-10592,2025-01-30 13:26:00.131371244,2025-01-31 03:18:13.569824403,High,Finance,Software,Closed
TCK-10593,2025-01-13 18:13:31.386343529,2025-01-14 11:39:53.102845179,Critical,HR,Database,Closed
TCK-10594,2025-02-27 14:01:36.853701969,2025-02-27 21:59:21.079162110,Medium,IT Support,Hardware,Closed
TCK-10595,2025-03-27 05:33:25.556549035,2025-03-27 15:16:49.876536272,Low,HR,Network,Closed
TCK-10596,2025-06-29 14:55:07.406033582,2025-06-30 01:23:53.857083929,High,HR,Access,Resolved
TCK-10597,2025-03-19 13:53:28.455844172,2025-03-19 21:34:41.158219037,High,HR,Database,Closed
TCK-10598,2025-05-11 17:22:04.736466632,2025-05-12 00:18:19.817584884,Low,IT Support,Software,Resolved
TCK-10599,2025-05-05 19:28:30.552590458,2025-05-06 08:04:18.361926220,Medium,HR,Database,Closed
TCK-10600,2025-02-06 19:21:43.290297013,2025-02-07 02:12:35.297971018,Medium,  IT Support ,Access,Resolved
TCK-10601,2025-01-11 12:45:03.219341635,2025-01-12 13:56:09.384084070,Low,Finance,Software,Closed
TCK-10602,2025-04-09 06:44:56.999850351,2025-04-09 14:55:19.042887396,High,IT Support,Database,Resolved
TCK-10603,2025-05-07 01:19:12.571674732,2025-05-07 10:51:35.093106979,Medium,IT Support,Access,Closed
TCK-10604,2025-06-29 16:26:51.840976654,2025-06-30 21:17:32.138879840,Critical,Operations,Database,Closed
TCK-10605,2025-03-06 13:11:59.085076767,2025-03-07 22:09:22.051563452,Medium,Finance,Network,Closed
TCK-10606,2025-06-11 08:17:41.669485216,2025-06-12 23:46:54.376782040,Medium,Finance,Database,Resolved
TCK-10607,2025-03-10 17:56:53.553677588,2025-03-11 03:14:32.148373631,Medium,HR,Access,Closed
TCK-10608,2025-05-05 02:15:30.889511336,2025-05-05 08:50:59.762160611,Low,IT Support,Hardware,Closed
TCK-10609,2025-04-18 16:27:09.575401192,2025-04-20 02:25:20.802194265,High,Finance,Access,Closed
TCK-10610,2025-01-10 12:52:06.193441987,2025-01-11 14:02:59.683704002,Medium,Operations,Database,Closed
TCK-10611,2025-01-15 02:38:16.816241460,2025-01-15 08:41:32.014892882,High,IT Support,Network,Closed
TCK-10612,2025-01-04 17:42:03.123394817,2025-01-06 11:47:22.423889247,High,  DevOps ,Hardware,Resolved
TCK-10613,2025-03-08 18:00:11.683605724,2025-03-08 23:18:23.006834799,Medium,IT Support,Access,Closed
TCK-10614,2025-05-15 05:51:37.910408998,2025-05-16 21:17:24.223887490,Low,DevOps,Hardware,Closed
TCK-10615,2025-02-01 02:18:11.887343719,2025-02-02 08:53:54.163485239,Critical,DevOps,Network,Resolved
TCK-10616,2025-04-20 01:17:05.364306348,2025-04-20 10:17:35.490170205,Medium,Operations,Software,Closed
TCK-10617,2025-02-21 23:44:09.635043323,2025-02-23 00:41:16.503967816,None,DevOps,Hardware,Closed
TCK-10618,2025-05-24 11:00:29.288122530,2025-05-27 11:57:37.888393317,Medium,Finance,Access,Closed
TCK-10619,2025-05-24 17:04:16.909294516,2025-05-25 02:28:42.185555948,Low,IT Support,Network,Resolved
TCK-10620,2025-05-20 13:47:26.536757820,2025-05-22 10:38:49.686043133,Critical,HR,Access,Closed
TCK-10621,2025-04-05 11:16:50.806639012,2025-04-05 15:24:36.212274285,High,IT Support,Network,Resolved
TCK-10622,2025-02-21 05:19:41.475161853,2025-02-22 01:59:48.228351747,High,HR,Access,Closed
TCK-10623,2025-05-26 16:47:53.770400524,2025-05-26 23:41:53.363277351,Low,Finance,Network,Closed
TCK-10624,2025-02-03 11:57:15.939279084,2025-02-04 02:09:09.920638993,High,  HR ,Database,Closed
TCK-10625,2025-02-22 03:45:41.330749659,2025-02-22 23:13:51.636930271,Medium,HR,Access,Closed
TCK-10626,2025-02-03 02:39:14.726209987,2025-02-04 06:01:13.847179457,Medium,Operations,Network,Closed
TCK-10627,2025-05-02 08:35:16.414348698,2025-05-03 05:22:31.451592282,Critical,DevOps,Software,Closed
TCK-10628,2025-05-04 12:32:22.709257202,2025-05-05 02:49:49.352648648,Medium,IT Support,Network,Resolved
TCK-10629,2025-04-28 10:50:35.407819584,2025-04-28 21:43:02.197949114,Low,HR,Software,Closed
TCK-10630,2025-03-16 19:23:54.012679314,2025-03-17 03:13:43.563849490,Medium,IT Support,Hardware,Closed
TCK-10631,2025-01-19 00:44:19.503996689,2025-01-19 15:13:56.645340020,Medium,Operations,Network,Closed
TCK-10632,2025-06-14 00:15:09.378377608,2025-06-14 05:04:05.726303491,Critical,IT Support,Hardware,Closed
TCK-10633,2025-04-02 09:23:51.952318328,2025-04-04 00:51:20.004651240,Low,Operations,Hardware,Closed
TCK-10634,2025-03-15 06:07:11.575257295,2025-03-15 14:49:35.138210112,High,IT Support,Database,Closed
TCK-10635,2025-04-16 23:43:24.739797456,2025-04-17 14:21:47.045090291,High,IT Support,Network,Resolved
TCK-10636,2025-02-04 16:51:16.857858733,2025-02-06 21:07:13.848474196,Low,  DevOps ,Database,Resolved
TCK-10637,2025-01-24 20:36:38.612639006,2025-01-25 01:50:58.360380960,Low,IT Support,Database,Resolved
TCK-10638,2025-03-14 23:52:08.244113938,2025-03-16 01:57:09.093695953,Medium,HR,Hardware,Closed
TCK-10639,2025-02-10 21:35:36.234641808,2025-02-11 08:31:34.544502583,High,IT Support,Access,Resolved
TCK-10640,2025-02-13 23:20:02.660641983,2025-02-14 07:46:20.849460583,Medium,HR,Hardware,Closed
TCK-10641,2025-06-10 15:38:58.657931690,2025-06-11 14:10:42.555521651,High,Operations,Hardware,Closed
TCK-10642,2025-04-06 12:52:46.723593948,2025-04-06 21:23:38.538288672,Medium,HR,Software,Closed
TCK-10643,2025-03-29 00:35:10.888356756,2025-03-29 19:33:52.708662694,Medium,IT Support,Access,Resolved
TCK-10644,2025-05-05 02:33:06.641667146,2025-05-05 23:52:56.239226237,Low,HR,Hardware,Closed
TCK-10645,2025-06-21 06:41:16.263900654,2025-06-22 00:03:31.571715055,Low,Operations,Access,Closed
TCK-10646,2025-01-21 04:41:52.074646212,2025-01-23 02:48:35.557987714,High,Finance,Software,Closed
TCK-10647,2025-05-31 00:52:09.587683170,2025-05-31 09:01:49.517472714,High,Operations,Access,Closed
TCK-10648,2025-04-16 02:57:46.285304740,2025-04-16 15:20:17.301028759,Medium,  Operations ,Network,Closed
TCK-10649,2025-01-27 07:26:03.582481693,2025-01-27 14:55:35.335883645,Medium,IT Support,Software,Closed
TCK-10650,2025-02-23 11:41:06.204251198,2025-02-24 13:40:48.605940942,Medium,IT Support,Access,Resolved
TCK-10651,2025-03-28 19:48:04.748859629,2025-03-29 00:46:41.902511174,Low,IT Support,Database,Closed
TCK-10652,2025-05-05 09:53:06.952468082,2025-05-05 13:30:18.159713779,Medium,IT Support,Access,Closed
TCK-10653,2025-02-13 16:03:44.327660089,2025-02-13 20:11:26.322190486,Medium,IT Support,Software,Closed
TCK-10654,2025-04-07 06:40:35.338151958,2025-04-08 10:59:38.308018247,Medium,Operations,Database,Resolved
TCK-10655,2025-05-04 05:46:53.149571482,2025-05-04 19:09:17.772953712,Medium,Operations,Access,Closed
TCK-10656,2025-03-22 18:33:36.157180416,2025-03-23 23:11:22.998000805,High,DevOps,Access,Closed
TCK-10657,2025-06-05 08:16:19.747340974,2025-06-05 20:43:09.075240713,Low,IT Support,Software,Closed
TCK-10658,2025-06-06 12:03:47.967373970,2025-06-07 04:41:43.220864192,Medium,Operations,Database,Closed
TCK-10659,2025-03-26 17:23:09.816744212,2025-03-27 20:31:08.198733768,Medium,Finance,Database,Closed
TCK-10660,2025-06-25 03:02:20.648279206,2025-06-26 02:33:43.504659688,High,  Operations ,Access,Resolved
TCK-10661,2025-01-14 14:31:39.357089516,2025-01-14 21:22:51.179836569,Medium,IT Support,Network,Closed
TCK-10662,2025-01-01 14:31:31.707678310,2025-01-01 22:20:49.988498125,Low,IT Support,Software,Resolved
TCK-10663,2025-03-10 12:29:12.838678549,2025-03-10 22:04:47.990894587,None,IT Support,Software,Resolved
TCK-10664,2025-04-19 04:44:21.498465264,2025-04-20 02:39:28.143603989,Medium,HR,Hardware,Closed
TCK-10665,2025-04-24 06:08:40.848657126,2025-04-24 22:37:49.080639052,Low,Finance,Database,Closed
TCK-10666,2025-03-27 18:14:44.090841622,2025-03-27 20:07:21.989876175,Medium,IT Support,Database,Resolved
TCK-10667,2025-01-23 11:29:45.287518529,2025-01-23 23:26:07.724228533,High,IT Support,Hardware,Closed
TCK-10668,2025-01-31 16:32:57.458845331,2025-02-02 07:30:32.841461011,Medium,Finance,Access,Closed
TCK-10669,2025-06-03 09:16:45.444866446,2025-06-04 12:21:23.184850119,Medium,Finance,Access,Resolved
TCK-10670,2025-06-06 05:22:33.920808992,2025-06-06 21:36:52.731736760,Low,HR,Software,Closed
TCK-10671,2025-05-02 07:14:30.060809920,2025-05-02 20:48:59.422816531,Medium,Operations,Access,Closed
TCK-10672,2025-04-30 13:25:17.904881178,2025-05-01 07:39:23.304296157,Low,  HR ,Network,Resolved
TCK-10673,2025-04-18 13:59:12.455088462,2025-04-19 03:00:32.092873026,Medium,IT Support,Network,Closed
TCK-10674,2025-02-06 12:38:23.374437321,2025-02-07 03:14:48.010172114,Medium,HR,Network,Closed
TCK-10675,2025-03-19 02:02:34.890442015,2025-03-21 16:35:41.575231761,Medium,Operations,Hardware,Closed
TCK-10676,2025-05-06 06:15:53.619558464,2025-05-06 20:26:56.126374863,Medium,DevOps,Network,Closed
TCK-10677,2025-04-07 16:55:47.334195923,2025-04-08 02:09:05.042428033,Medium,IT Support,Hardware,Resolved
TCK-10678,2025-01-04 08:16:01.355224902,2025-01-04 18:16:23.328542865,Low,Operations,Software,Closed
TCK-10679,2025-06-21 15:21:55.458110970,2025-06-22 13:24:43.736510601,Low,HR,Software,Resolved
TCK-10680,2025-06-02 01:36:19.249601976,2025-06-02 09:46:06.704799912,Low,Operations,Network,Resolved
TCK-10681,2025-02-16 21:33:16.059434643,2025-02-17 01:55:02.003405893,Low,IT Support,Hardware,Closed
TCK-10682,2025-04-21 23:06:09.359706238,2025-04-22 09:26:56.767009070,High,HR,Network,Closed
TCK-10683,2025-06-16 04:23:38.895740776,2025-06-17 08:22:36.891802642,High,Finance,Access,Closed
TCK-10684,2025-01-18 06:46:03.260391506,2025-01-18 20:07:57.102287933,High,  Operations ,Hardware,Closed
TCK-10685,2025-04-01 13:05:14.485350288,2025-04-01 23:41:01.792857953,Medium,HR,Hardware,Resolved
TCK-10686,2025-03-24 02:58:11.537961572,2025-03-24 10:44:05.383640056,Low,IT Support,Hardware,Closed
TCK-10687,2025-03-15 20:05:08.242169495,2025-03-16 03:36:57.625855510,High,IT Support,Hardware,Resolved
TCK-10688,2025-05-31 09:44:34.045502768,2025-06-01 15:36:58.092615287,Medium,HR,Access,Resolved
TCK-10689,2025-03-10 12:23:28.873438857,2025-03-11 22:54:52.034953774,Low,Finance,Network,Closed
TCK-10690,2025-01-12 11:01:32.158564150,2025-01-13 13:22:54.031969788,Critical,DevOps,Software,Resolved
TCK-10691,2025-01-12 20:25:08.566139232,2025-01-14 12:56:13.599580461,Low,HR,Database,Resolved
TCK-10692,2025-01-08 16:39:24.120670719,2025-01-09 10:48:50.392063934,Medium,HR,Database,Closed
TCK-10693,2025-03-15 15:30:29.600985027,2025-03-16 06:36:02.283583731,Medium,Finance,Hardware,Closed
TCK-10694,2025-05-10 07:30:54.430764894,2025-05-10 23:39:29.946477921,High,HR,Hardware,Closed
TCK-10695,2025-02-06 16:04:51.727943376,2025-02-07 15:36:27.177484670,Critical,Operations,Software,Closed
TCK-10696,2025-04-27 08:44:38.429751458,2025-04-27 14:46:15.725858652,Critical,  IT Support ,Database,Closed
TCK-10697,2025-05-04 16:13:19.918156806,2025-05-05 06:41:49.690889364,Medium,Finance,Hardware,Closed
TCK-10698,2025-02-15 22:28:23.432690579,2025-02-16 17:16:06.138131586,Medium,Operations,Access,Closed
TCK-10699,2025-04-19 02:24:32.667054906,2025-04-19 22:52:15.331115891,Low,Finance,Database,Closed
TCK-10700,2025-05-04 06:37:52.424097530,2025-05-06 09:57:33.344119046,Medium,Finance,Access,Closed
TCK-10701,2025-03-25 23:46:15.061818659,2025-03-26 12:05:01.350322607,Critical,IT Support,Software,Closed
TCK-10702,2025-03-02 14:36:56.520900038,2025-03-03 08:23:58.044045360,Medium,Finance,Software,Closed
TCK-10703,2025-04-22 10:44:04.930083938,2025-04-23 17:02:58.879173078,Low,Finance,Database,Resolved
TCK-10704,2025-06-26 00:17:57.902125942,2025-06-27 03:03:24.057158180,Low,HR,Network,Closed
TCK-10705,2025-03-18 19:57:17.598506347,2025-03-19 00:11:20.254090519,Medium,IT Support,Database,Closed
TCK-10706,2025-03-12 12:17:44.217426202,2025-03-12 17:23:33.874540642,Low,IT Support,Access,Closed
TCK-10707,2025-03-25 13:37:58.866530915,2025-03-26 03:45:14.192267509,Medium,HR,Network,Resolved
TCK-10708,2025-01-14 17:15:48.454857390,2025-01-15 07:43:06.588756093,Low,  HR ,Access,Closed
TCK-10709,2025-04-10 13:39:55.325449457,2025-04-11 07:12:06.004621260,Low,Operations,Access,Closed
TCK-10710,2025-03-01 03:58:21.766002883,2025-03-01 11:14:57.888920270,Low,IT Support,Access,Closed
TCK-10711,2025-01-22 20:32:36.846495794,2025-01-23 22:52:48.363448145,Critical,DevOps,Hardware,Closed
TCK-10712,2025-03-25 22:13:44.837857391,2025-03-26 08:31:46.741470032,Medium,IT Support,Network,Closed
TCK-10713,2025-01-01 14:37:07.759198496,2025-01-02 05:36:13.097800165,Medium,IT Support,Hardware,Closed
TCK-10714,2025-03-14 07:42:44.132771227,2025-03-14 18:52:37.397809389,Medium,HR,Hardware,Closed
TCK-10715,2025-01-20 00:46:34.886792158,2025-01-22 00:50:09.400052025,Medium,HR,Access,Closed
TCK-10716,2025-01-05 08:56:40.123273383,2025-01-06 07:36:00.676343588,High,IT Support,Software,Resolved
TCK-10717,2025-05-29 09:43:55.919194498,2025-05-30 02:15:15.187723259,Critical,IT Support,Database,Closed
TCK-10718,2025-06-14 22:11:41.388651536,2025-06-15 09:47:54.032681399,Low,IT Support,Software,Closed
TCK-10719,2025-02-07 09:09:16.131280826,2025-02-10 04:01:08.087497897,Low,Finance,Access,Closed
TCK-10720,2025-04-08 01:46:06.599150431,2025-04-08 22:57:37.164645354,Medium,  Finance ,Database,Closed
TCK-10721,2025-02-20 00:46:45.259701078,2025-02-20 10:08:37.925418930,Low,HR,Database,Closed
TCK-10722,2025-03-30 20:15:16.326229777,2025-03-31 15:05:20.308807847,Critical,Finance,Access,Closed
TCK-10723,2025-03-20 14:14:50.302545980,2025-03-21 05:05:07.650511054,Medium,Finance,Hardware,Resolved
TCK-10724,2025-02-18 10:18:02.008611713,2025-02-18 19:20:03.484579566,Medium,IT Support,Database,Closed
TCK-10725,2025-05-07 01:42:00.950488150,2025-05-08 13:42:50.661372396,Medium,DevOps,Database,Resolved
TCK-10726,2025-01-23 18:26:27.399348593,2025-01-24 21:31:44.415007279,Medium,Finance,Database,Closed
TCK-10727,2025-01-10 13:16:27.908329101,2025-01-10 21:43:18.298527732,Low,IT Support,Database,Resolved
TCK-10728,2025-05-19 04:21:28.334595766,2025-05-19 13:26:34.947045354,Critical,IT Support,Network,Closed
TCK-10729,2025-04-30 20:49:03.845544012,2025-05-01 17:04:09.187441197,Low,IT Support,Hardware,Resolved
TCK-10730,2025-03-31 17:37:58.282724781,2025-04-01 05:13:20.173211174,None,IT Support,Network,Resolved
TCK-10731,2025-03-26 04:51:06.510388967,2025-03-27 19:42:37.204500642,Low,Finance,Network,Resolved
TCK-10732,2025-03-31 12:49:01.773850661,2025-04-01 04:26:18.541881924,High,  HR ,Access,Closed
TCK-10733,2025-03-20 15:56:38.431486561,2025-03-21 02:52:01.550413663,Low,Finance,Hardware,Closed
TCK-10734,2025-03-12 17:17:40.984766498,2025-03-13 03:11:12.381791589,Medium,Finance,Software,Closed
TCK-10735,2025-03-31 22:39:48.256084943,2025-04-03 01:39:39.281986961,Medium,Operations,Hardware,Resolved
TCK-10736,2025-04-06 03:11:07.941876594,2025-04-06 16:58:57.610907778,Low,Operations,Software,Closed
TCK-10737,2025-05-05 13:01:04.788628472,2025-05-05 19:15:44.750679046,Medium,IT Support,Database,Closed
TCK-10738,2025-05-09 00:24:53.763735520,2025-05-09 16:28:14.842009176,Low,HR,Software,Closed
TCK-10739,2025-03-09 23:21:27.454339529,2025-03-10 23:03:35.833082772,Medium,Operations,Software,Closed
TCK-10740,2025-03-16 10:29:42.209706737,2025-03-16 22:25:06.208314310,Medium,IT Support,Software,Closed
TCK-10741,2025-03-09 06:22:18.383737740,2025-03-10 03:00:45.689545925,High,IT Support,Database,Resolved
TCK-10742,2025-04-07 13:50:04.351427048,2025-04-10 07:29:08.557150204,Low,DevOps,Database,Resolved
TCK-10743,2025-03-23 14:29:14.221641566,2025-03-24 02:29:14.156659689,Low,Operations,Network,Closed
TCK-10744,2025-06-10 03:03:24.194694082,2025-06-10 16:51:12.514215047,Medium,  IT Support ,Software,Closed
TCK-10745,2025-05-06 08:16:50.423084982,2025-05-06 23:08:07.877070768,Critical,Operations,Hardware,Resolved
TCK-10746,2025-06-11 18:11:44.080149138,2025-06-12 17:04:03.715750618,High,Finance,Access,Closed
TCK-10747,2025-05-08 15:28:18.492732186,2025-05-08 23:41:20.940572871,Medium,HR,Network,Closed
TCK-10748,2025-06-24 18:41:09.893842356,2025-06-24 22:19:54.169015410,Critical,IT Support,Software,Resolved
TCK-10749,2025-04-25 10:22:58.375425944,2025-04-26 16:53:51.055227459,High,DevOps,Network,Resolved
TCK-10750,2025-06-23 10:32:11.748711826,2025-06-23 19:20:27.570012103,Low,HR,Software,Closed
TCK-10751,2025-01-29 11:17:38.135647394,2025-01-30 00:48:40.544906893,Low,IT Support,Software,Closed
TCK-10752,2025-01-10 10:42:12.892258888,2025-01-10 23:02:30.532280004,Low,HR,Network,Closed
TCK-10753,2025-04-15 05:49:14.880290419,2025-04-16 10:24:29.743174459,Low,Finance,Software,Closed
TCK-10754,2025-06-27 00:41:26.336598098,2025-06-27 17:31:54.703601508,Medium,IT Support,Software,Closed
TCK-10755,2025-03-17 04:03:16.806046875,2025-03-17 08:05:57.888991496,Medium,IT Support,Access,Closed
TCK-10756,2025-02-08 04:01:38.368824907,2025-02-08 09:56:38.033181472,Medium,  IT Support ,Hardware,Resolved
TCK-10757,2025-04-04 21:03:32.617857529,2025-04-06 06:59:36.429470214,Low,DevOps,Database,Closed
TCK-10758,2025-04-27 18:48:36.209450876,2025-04-28 04:44:51.677799758,High,IT Support,Access,Resolved
TCK-10759,2025-02-26 17:34:19.072663105,2025-02-28 00:49:30.450627801,Medium,Operations,Database,Closed
TCK-10760,2025-05-09 15:48:13.063380484,2025-05-11 15:37:45.689626449,Medium,DevOps,Database,Resolved
TCK-10761,2025-06-25 12:29:40.813575128,2025-06-25 21:25:00.425977240,None,IT Support,Hardware,Resolved
TCK-10762,2025-06-11 10:52:50.468843514,2025-06-12 22:57:32.084302454,Low,DevOps,Access,Closed
TCK-10763,2025-02-22 11:38:55.728861661,2025-02-24 00:13:46.824490188,Medium,DevOps,Software,Closed
TCK-10764,2025-02-28 19:26:46.720264793,2025-03-01 10:18:47.226127003,Medium,DevOps,Hardware,Closed
TCK-10765,2025-03-08 21:03:29.122640002,2025-03-09 04:55:07.720852096,Critical,IT Support,Software,Closed
TCK-10766,2025-03-13 00:28:04.809577973,2025-03-13 20:50:56.796437391,Low,Operations,Software,Closed
TCK-10767,2025-01-19 01:22:48.851453881,2025-01-20 08:11:36.967951100,High,Finance,Software,Closed
TCK-10768,2025-05-18 03:40:46.070406226,2025-05-18 23:12:23.787879507,Critical,  DevOps ,Software,Closed
TCK-10769,2025-03-07 18:15:56.227673613,2025-03-07 22:46:22.003086574,Medium,IT Support,Access,Resolved
TCK-10770,2025-06-08 08:49:20.277723194,2025-06-09 06:36:40.800560917,Low,Finance,Database,Closed
TCK-10771,2025-06-16 20:23:00.570763930,2025-06-18 10:21:30.156761716,Medium,HR,Database,Closed
TCK-10772,2025-01-05 09:32:35.722353165,2025-01-05 15:11:11.062086885,Low,IT Support,Access,Closed
TCK-10773,2025-06-27 22:19:59.743523464,2025-06-28 23:52:20.087689417,Medium,HR,Database,Closed
TCK-10774,2025-05-08 19:17:53.520290870,2025-05-11 01:24:34.181312066,Critical,Finance,Hardware,Closed
TCK-10775,2025-04-04 16:05:39.898642550,2025-04-05 06:37:15.333162445,Medium,HR,Software,Closed
TCK-10776,2025-03-12 02:45:33.365409949,2025-03-12 15:34:19.589291752,Low,Operations,Software,Resolved
TCK-10777,2025-04-04 07:59:53.998346255,2025-04-06 00:03:32.688876093,Low,DevOps,Software,Closed
TCK-10778,2025-02-28 10:22:43.707312768,2025-03-01 02:01:58.706660458,Medium,HR,Network,Closed
TCK-10779,2025-04-23 02:00:40.878608718,2025-04-23 13:43:32.757134486,Medium,Operations,Hardware,Closed
TCK-10780,2025-01-17 17:40:29.259269393,2025-01-18 03:53:22.646000088,Medium,  HR ,Network,Resolved
TCK-10781,2025-04-22 19:14:58.720484472,2025-04-23 13:03:52.149157107,High,HR,Access,Closed
TCK-10782,2025-02-19 13:29:23.109353083,2025-02-20 18:11:43.242102023,Medium,Operations,Network,Resolved
TCK-10783,2025-01-04 04:10:56.861422090,2025-01-05 06:33:43.527751982,None,DevOps,Database,Closed
TCK-10784,2025-04-10 11:41:20.075365072,2025-04-11 05:04:38.419166771,Critical,Operations,Database,Resolved
TCK-10785,2025-04-15 02:53:39.499021133,2025-04-16 13:07:13.938558457,Low,Finance,Hardware,Resolved
TCK-10786,2025-03-18 18:46:41.161273808,2025-03-19 02:34:32.710120824,Low,IT Support,Network,Closed
TCK-10787,2025-01-14 00:16:35.488622527,2025-01-14 07:35:42.017168180,Low,IT Support,Network,Closed
TCK-10788,2025-06-10 19:14:29.602010786,2025-06-11 07:34:47.175635815,Low,Operations,Software,Closed
TCK-10789,2025-04-21 01:22:51.914008128,2025-04-21 07:09:25.772894607,Low,IT Support,Hardware,Closed
TCK-10790,2025-01-21 19:52:53.234896615,2025-01-23 04:09:48.172629049,Medium,IT Support,Software,Resolved
TCK-10791,2025-04-02 23:13:12.327192185,2025-04-03 15:32:17.252603656,Low,Operations,Hardware,Resolved
TCK-10792,2025-03-31 12:08:19.121630629,2025-04-01 04:57:32.736556297,Low,  IT Support ,Hardware,Closed
TCK-10793,2025-01-11 20:56:09.863467600,2025-01-12 16:39:52.359878886,Low,IT Support,Network,Resolved
TCK-10794,2025-04-20 05:38:02.110433040,2025-04-20 22:03:18.869680033,Low,Operations,Software,Closed
TCK-10795,2025-05-26 11:58:12.156028170,2025-05-27 09:36:39.522187462,Medium,Operations,Access,Closed
TCK-10796,2025-05-15 19:42:53.259672332,2025-05-17 04:20:40.594205831,Low,DevOps,Software,Resolved
TCK-10797,2025-02-06 12:49:40.329081379,2025-02-06 20:52:00.031198443,Critical,Operations,Access,Closed
TCK-10798,2025-06-05 05:06:13.419627096,2025-06-05 11:38:21.374987311,Low,HR,Database,Closed
TCK-10799,2025-03-03 15:46:55.760334225,2025-03-04 23:32:55.064563838,Critical,DevOps,Hardware,Resolved
TCK-10800,2025-06-20 08:54:58.299196272,2025-06-21 04:43:36.402160389,Low,Finance,Software,Closed
TCK-10801,2025-01-13 21:57:04.339638299,2025-01-14 19:50:14.662118355,Medium,IT Support,Hardware,Closed
TCK-10802,2025-03-29 12:25:17.523860593,2025-03-29 19:58:23.833910480,Low,IT Support,Software,Resolved
TCK-10803,2025-04-18 11:34:38.313865244,2025-04-20 11:19:13.766493746,High,Operations,Database,Closed
TCK-10804,2025-02-14 13:50:54.331477052,2025-02-15 04:01:59.871454513,Low,  Operations ,Software,Resolved
TCK-10805,2025-05-19 20:21:44.694976982,2025-05-22 12:05:59.750384376,None,Finance,Database,Closed
TCK-10806,2025-04-23 20:11:21.612416272,2025-04-25 03:44:57.029572990,Low,Finance,Hardware,Closed
TCK-10807,2025-01-04 06:13:57.968702284,2025-01-05 06:05:18.018360969,Low,Operations,Network,Resolved
TCK-10808,2025-04-20 12:09:08.322507860,2025-04-21 12:09:12.763216536,Medium,DevOps,Access,Resolved
TCK-10809,2025-03-30 11:11:09.501675678,2025-03-31 11:12:16.618864755,High,Operations,Hardware,Closed
TCK-10810,2025-02-05 06:50:46.144892951,2025-02-06 02:39:38.978833724,None,IT Support,Network,Closed
TCK-10811,2025-06-29 05:37:56.427229804,2025-06-30 04:25:15.301876670,Medium,Finance,Hardware,Closed
TCK-10812,2025-06-11 11:44:26.453959068,2025-06-11 18:54:50.384471619,High,IT Support,Hardware,Resolved
TCK-10813,2025-02-22 15:37:59.673091996,2025-02-23 13:17:21.997811479,High,Finance,Software,Closed
TCK-10814,2025-04-08 09:25:34.960260080,2025-04-11 07:06:55.490944191,Medium,DevOps,Database,Closed
TCK-10815,2025-02-26 23:17:21.279884841,2025-02-28 02:53:44.293200158,Medium,Operations,Database,Closed
TCK-10816,2025-05-20 14:08:29.929444286,2025-05-22 03:15:49.392360268,Low,  Operations ,Software,Closed
TCK-10817,2025-06-17 11:01:54.449071270,2025-06-18 03:38:33.343041917,Medium,HR,Software,Closed
TCK-10818,2025-03-06 14:08:22.494732494,2025-03-07 04:37:17.441566115,High,HR,Hardware,Resolved
TCK-10819,2025-05-26 00:07:26.242681696,2025-05-26 17:40:36.354453482,Medium,HR,Database,Closed
TCK-10820,2025-03-31 17:07:14.104275762,2025-04-01 23:51:25.521054894,High,Operations,Hardware,Closed
TCK-10821,2025-03-13 09:13:09.785517651,2025-03-14 06:52:18.245725320,High,Finance,Network,Closed
TCK-10822,2025-06-18 21:58:56.643840068,2025-06-20 09:40:00.051698738,High,Operations,Network,Resolved
TCK-10823,2025-04-02 20:56:53.718958377,2025-04-03 07:09:15.526893914,Low,IT Support,Software,Resolved
TCK-10824,2025-03-26 03:12:48.100004094,2025-03-26 07:28:36.891500441,Low,HR,Database,Closed
TCK-10825,2025-05-02 00:54:59.819318360,2025-05-03 15:01:28.015312900,Low,Finance,Network,Closed
TCK-10826,2025-02-17 00:31:54.294236359,2025-02-17 08:02:53.392631003,None,HR,Database,Closed
TCK-10827,2025-02-28 11:06:18.726499886,2025-03-01 14:45:51.820117670,Low,Operations,Database,Closed
TCK-10828,2025-06-17 18:26:16.845183060,2025-06-19 08:53:27.008451953,Medium,  Finance ,Access,Closed
TCK-10829,2025-05-03 03:14:56.156235328,2025-05-04 00:28:36.726332953,Low,Operations,Network,Closed
TCK-10830,2025-05-29 19:04:20.922134678,2025-05-30 13:42:29.664741174,Low,HR,Network,Closed
TCK-10831,2025-02-18 19:12:10.121619802,2025-02-21 00:54:11.976899927,Low,DevOps,Hardware,Closed
TCK-10832,2025-04-08 21:10:25.033789370,2025-04-09 03:48:28.493858679,Low,IT Support,Hardware,Closed
TCK-10833,2025-06-24 20:25:54.744220676,2025-06-26 18:31:36.337677516,Medium,DevOps,Database,Closed
TCK-10834,2025-02-27 08:48:03.037686841,2025-02-28 00:00:18.492092147,None,IT Support,Software,Closed
TCK-10835,2025-01-29 21:15:30.159682635,2025-01-30 17:45:06.737517949,Medium,IT Support,Hardware,Closed
TCK-10836,2025-04-02 23:01:39.199909975,2025-04-03 16:51:40.978032015,High,DevOps,Hardware,Closed
TCK-10837,2025-03-11 19:23:13.571849274,2025-03-12 05:48:47.979192339,Medium,IT Support,Database,Closed
TCK-10838,2025-01-29 17:22:25.124298969,2025-01-30 08:31:21.196800349,High,Finance,Network,Resolved
TCK-10839,2025-06-09 22:32:31.103802778,2025-06-10 13:22:22.304645470,Critical,Finance,Hardware,Resolved
TCK-10840,2025-06-28 07:55:38.256932354,2025-06-29 21:01:22.781039779,None,  DevOps ,Software,Resolved
TCK-10841,2025-04-13 08:16:30.074090846,2025-04-14 16:29:56.891174865,Low,DevOps,Database,Closed
TCK-10842,2025-05-20 10:36:13.101743958,2025-05-21 01:40:17.555279592,High,IT Support,Network,Closed
TCK-10843,2025-06-04 15:02:44.723184050,2025-06-05 11:39:06.515851029,Low,Finance,Access,Closed
TCK-10844,2025-05-07 04:14:32.157651452,2025-05-07 12:11:28.394847686,Medium,IT Support,Software,Closed
TCK-10845,2025-01-08 22:45:14.875785643,2025-01-09 14:32:17.123902752,Low,HR,Network,Closed
TCK-10846,2025-01-29 08:58:47.571659950,2025-01-30 00:54:10.032708837,Medium,Finance,Database,Closed
TCK-10847,2025-01-13 18:40:23.900786362,2025-01-14 04:33:54.413227621,Medium,HR,Access,Closed
TCK-10848,2025-01-02 18:40:47.642497263,2025-01-04 02:07:50.145551478,Low,Operations,Software,Resolved
TCK-10849,2025-02-25 01:54:16.148992543,2025-02-25 15:35:02.145873895,High,Operations,Hardware,Closed
TCK-10850,2025-03-12 14:58:39.897409217,2025-03-13 23:29:23.189775649,Medium,Operations,Hardware,Closed
TCK-10851,2025-02-13 09:14:54.397288317,2025-02-15 03:14:50.447472140,Low,DevOps,Software,Closed
TCK-10852,2025-01-12 15:05:31.487038463,2025-01-12 19:00:46.436711638,Medium,  IT Support ,Hardware,Closed
TCK-10853,2025-04-06 09:00:30.788692010,2025-04-07 08:28:29.110033571,Medium,Operations,Database,Closed
TCK-10854,2025-02-19 04:44:22.063973467,2025-02-20 20:59:39.034520267,Low,DevOps,Software,Closed
TCK-10855,2025-05-24 06:52:49.832438120,2025-05-25 00:25:27.869767666,Low,HR,Software,Closed
TCK-10856,2025-01-02 10:47:14.371516373,2025-01-02 18:42:18.862287171,None,IT Support,Hardware,Resolved
TCK-10857,2025-06-01 15:43:00.701624916,2025-06-02 02:57:59.482656027,High,Operations,Software,Closed
TCK-10858,2025-06-21 20:32:09.214967522,2025-06-23 00:22:20.638867074,Low,HR,Access,Resolved
TCK-10859,2025-05-09 21:42:12.502164314,2025-05-10 05:46:57.142595493,Medium,IT Support,Software,Resolved
TCK-10860,2025-05-13 01:20:32.502963434,2025-05-13 17:05:39.855848869,Medium,Finance,Hardware,Resolved
TCK-10861,2025-06-18 00:59:21.070045706,2025-06-18 23:36:55.192444823,Medium,Operations,Hardware,Closed
TCK-10862,2025-02-07 15:11:16.628991029,2025-02-08 12:34:15.506378703,Medium,DevOps,Hardware,Closed
TCK-10863,2025-06-29 00:31:23.716779786,2025-06-29 15:45:59.050282231,Low,Finance,Hardware,Closed
TCK-10864,2025-05-20 05:26:19.674943084,2025-05-20 20:21:28.068680375,Low,  Operations ,Database,Closed
TCK-10865,2025-05-11 18:47:07.655913846,2025-05-12 00:52:47.429317647,Low,IT Support,Hardware,Resolved
TCK-10866,2025-03-06 23:54:40.684534793,2025-03-07 08:54:37.323574557,Medium,HR,Access,Resolved
TCK-10867,2025-04-09 05:45:31.453028055,2025-04-09 18:28:47.871560877,Critical,IT Support,Software,Closed
TCK-10868,2025-04-28 16:55:29.443227092,2025-04-29 22:12:35.217374500,None,DevOps,Network,Closed
TCK-10869,2025-04-22 15:52:52.179205344,2025-04-23 07:46:45.712997688,Critical,IT Support,Network,Resolved
TCK-10870,2025-05-07 21:32:01.097603336,2025-05-08 03:04:41.396989813,None,IT Support,Database,Closed
TCK-10871,2025-01-15 19:53:20.806147442,2025-01-16 03:28:38.239549569,Low,Operations,Network,Closed
TCK-10872,2025-03-06 00:24:04.427398548,2025-03-06 09:33:27.409706200,High,IT Support,Hardware,Closed
TCK-10873,2025-03-20 02:52:48.258092861,2025-03-21 00:22:48.466242318,Low,IT Support,Network,Resolved
TCK-10874,2025-02-16 21:55:06.840551478,2025-02-17 21:23:30.853017371,High,Operations,Access,Resolved
TCK-10875,2025-02-01 01:44:59.307226968,2025-02-02 20:10:31.666997374,High,IT Support,Hardware,Resolved
TCK-10876,2025-01-26 00:10:00.167604842,2025-01-26 10:12:06.772421372,Medium,  IT Support ,Network,Resolved
TCK-10877,2025-03-07 22:46:34.516374412,2025-03-08 14:45:04.117830783,Medium,HR,Hardware,Resolved
TCK-10878,2025-03-30 19:40:05.327149024,2025-03-31 04:00:27.182480734,Low,Finance,Database,Closed
TCK-10879,2025-01-12 08:03:29.597160867,2025-01-13 06:21:10.235937798,Low,Operations,Access,Closed
TCK-10880,2025-06-20 08:41:56.287072226,2025-06-21 00:08:54.442814412,None,HR,Software,Closed
TCK-10881,2025-05-18 17:51:04.157130514,2025-05-19 08:32:01.413507637,Critical,Operations,Hardware,Resolved
TCK-10882,2025-05-12 13:16:46.776580376,2025-05-13 02:32:27.576500808,Low,HR,Access,Closed
TCK-10883,2025-02-01 02:45:26.884624681,2025-02-02 08:43:10.840232651,Low,DevOps,Database,Closed
TCK-10884,2025-04-19 16:25:09.544125562,2025-04-20 00:11:16.829077383,Low,IT Support,Database,Resolved
TCK-10885,2025-04-06 08:24:42.372768396,2025-04-08 11:35:08.339633132,None,Operations,Access,Closed
TCK-10886,2025-06-26 20:15:55.489674662,2025-06-27 22:01:06.759293572,Critical,DevOps,Network,Closed
TCK-10887,2025-05-15 13:56:31.368286618,2025-05-16 16:36:23.269441555,Medium,Finance,Access,Closed
TCK-10888,2025-04-14 15:17:28.815554827,2025-04-14 22:14:13.156991670,Medium,  IT Support ,Network,Resolved
TCK-10889,2025-06-03 03:30:38.588943340,2025-06-03 16:05:11.805076060,High,IT Support,Network,Closed
TCK-10890,2025-01-28 22:00:26.100425753,2025-01-30 00:46:16.237063491,Low,Finance,Access,Closed
TCK-10891,2025-01-03 17:44:07.469754077,2025-01-04 01:07:31.021266319,Critical,IT Support,Database,Closed
TCK-10892,2025-05-05 05:48:28.801262666,2025-05-05 15:09:39.331801203,Medium,Finance,Software,Closed
TCK-10893,2025-01-18 16:42:19.829609517,2025-01-19 20:22:29.681638976,Low,Finance,Software,Closed
TCK-10894,2025-01-21 18:40:23.969023535,2025-01-22 15:39:35.792633980,Medium,Finance,Access,Resolved
TCK-10895,2025-05-15 01:01:14.657354298,2025-05-15 09:15:59.295579237,Medium,IT Support,Hardware,Resolved
TCK-10896,2025-02-18 16:42:37.895971798,2025-02-19 06:16:29.512824151,Medium,Finance,Access,Closed
TCK-10897,2025-04-24 03:41:12.664527422,2025-04-25 16:32:33.523718049,Medium,Operations,Software,Closed
TCK-10898,2025-06-15 03:11:52.514594424,2025-06-16 16:47:58.017777480,Critical,Finance,Access,Resolved
TCK-10899,2025-02-26 23:10:11.916031973,2025-02-27 16:33:06.113228708,High,IT Support,Database,Closed
TCK-10900,2025-02-09 02:03:45.942726417,2025-02-09 17:08:44.065738663,Medium,  IT Support ,Software,Closed
TCK-10901,2025-01-20 04:21:05.967940836,2025-01-20 23:26:46.187201941,Medium,HR,Software,Resolved
TCK-10902,2025-01-24 11:35:50.644799580,2025-01-24 16:23:55.984992841,Low,IT Support,Software,Resolved
TCK-10903,2025-01-12 04:48:07.358531762,2025-01-14 02:02:44.988975970,Medium,Operations,Database,Closed
TCK-10904,2025-01-16 18:36:54.275560118,2025-01-17 14:06:37.090139725,Low,DevOps,Software,Closed
TCK-10905,2025-03-19 18:15:35.365159962,2025-03-20 06:40:35.297949641,Critical,HR,Hardware,Resolved
TCK-10906,2025-02-27 18:08:13.180212777,2025-03-01 05:01:27.635006279,Critical,Finance,Software,Closed
TCK-10907,2025-05-08 04:20:33.784351266,2025-05-08 16:45:02.366869044,Low,IT Support,Access,Closed
TCK-10908,2025-06-06 15:26:38.269057372,2025-06-07 02:45:34.519586808,High,IT Support,Hardware,Resolved
TCK-10909,2025-05-22 06:13:12.855270362,2025-05-22 13:10:42.402890557,High,IT Support,Network,Resolved
TCK-10910,2025-04-06 12:21:10.615664223,2025-04-06 22:50:10.217752786,None,HR,Software,Resolved
TCK-10911,2025-01-19 10:32:59.791650226,2025-01-24 00:38:06.066735462,Medium,DevOps,Network,Closed
TCK-10912,2025-05-08 18:11:40.799859042,2025-05-09 02:31:45.169918689,High,  IT Support ,Network,Resolved
TCK-10913,2025-03-07 07:25:12.326952337,2025-03-08 00:01:17.309364029,Medium,Operations,Database,Closed
TCK-10914,2025-01-16 10:00:34.926172459,2025-01-16 19:56:55.229821409,Low,HR,Access,Closed
TCK-10915,2025-06-01 15:27:17.564970754,2025-06-03 02:29:20.388804677,Low,DevOps,Access,Closed
TCK-10916,2025-03-02 21:05:43.275222327,2025-03-03 06:28:48.089143277,Low,IT Support,Network,Resolved
TCK-10917,2025-02-09 06:50:05.843219958,2025-02-09 15:15:58.586592444,Low,IT Support,Database,Resolved
TCK-10918,2025-06-06 20:40:22.508952248,2025-06-07 06:57:37.506022299,Low,IT Support,Hardware,Resolved
TCK-10919,2025-06-12 09:13:05.922087820,2025-06-13 19:30:49.298064304,High,HR,Software,Closed
TCK-10920,2025-03-03 00:21:14.460003139,2025-03-03 06:39:59.642161772,High,IT Support,Hardware,Closed
TCK-10921,2025-03-05 20:44:31.672663920,2025-03-07 04:25:01.826533711,None,DevOps,Software,Closed
TCK-10922,2025-04-15 07:59:42.860973056,2025-04-15 21:00:53.028071856,Low,Operations,Network,Resolved
TCK-10923,2025-05-13 00:28:02.111743356,2025-05-13 21:19:29.663072795,Critical,Operations,Database,Closed
TCK-10924,2025-01-12 08:48:16.388055540,2025-01-12 22:21:04.217007290,Medium,  Operations ,Database,Resolved
TCK-10925,2025-04-17 19:14:40.556595112,2025-04-18 01:46:50.610961286,Medium,IT Support,Access,Closed
TCK-10926,2025-06-21 12:10:57.600858260,2025-06-21 19:01:38.660016051,Medium,HR,Access,Resolved
TCK-10927,2025-02-17 04:14:44.288942639,2025-02-18 12:47:56.854504342,High,DevOps,Hardware,Closed
TCK-10928,2025-06-13 14:08:00.833635514,2025-06-14 20:30:24.057080721,Low,Finance,Access,Closed
TCK-10929,2025-06-21 00:43:38.035547632,2025-06-24 07:18:56.636335028,High,DevOps,Software,Closed
TCK-10930,2025-02-18 10:44:37.424382387,2025-02-19 17:43:34.628404794,High,Finance,Database,Closed
TCK-10931,2025-05-16 18:09:07.418248972,2025-05-17 00:56:25.874007634,None,IT Support,Database,Closed
TCK-10932,2025-02-12 23:30:28.929385797,2025-02-13 03:48:53.897020118,Critical,IT Support,Network,Closed
TCK-10933,2025-05-13 18:28:48.787258128,2025-05-13 23:05:44.628070163,Medium,IT Support,Network,Closed
TCK-10934,2025-05-24 12:51:15.393483822,2025-05-24 20:17:00.770600343,High,HR,Hardware,Closed
TCK-10935,2025-02-14 11:55:43.104108019,2025-02-15 09:40:01.884036362,Critical,IT Support,Network,Closed
TCK-10936,2025-05-09 20:33:23.141806470,2025-05-10 12:57:15.223788775,None,  HR ,Software,Closed
TCK-10937,2025-05-27 04:17:29.788414326,2025-05-27 17:44:25.408646586,High,Operations,Access,Resolved
TCK-10938,2025-03-06 13:03:38.619006692,2025-03-07 08:14:39.693271574,High,DevOps,Access,Closed
TCK-10939,2025-01-31 04:28:33.572192233,2025-01-31 20:26:40.239201503,Low,Finance,Hardware,Closed
TCK-10940,2025-01-17 13:17:12.950921971,2025-01-18 12:08:44.741495848,High,DevOps,Access,Closed
TCK-10941,2025-04-14 13:38:56.254541816,2025-04-15 06:03:50.149394199,Low,IT Support,Database,Closed
TCK-10942,2025-06-26 01:23:01.951597972,2025-06-26 09:45:27.229339850,Medium,IT Support,Access,Closed
TCK-10943,2025-05-29 03:08:43.376985506,2025-05-29 11:52:27.391520655,Medium,Operations,Network,Closed
TCK-10944,2025-03-20 10:49:38.064710165,2025-03-21 13:48:45.487403434,Low,IT Support,Database,Resolved
TCK-10945,2025-04-07 14:12:08.281200316,2025-04-07 19:00:31.965416006,Low,IT Support,Network,Closed
TCK-10946,2025-02-20 07:33:37.673924608,2025-02-20 18:07:42.235857173,High,HR,Network,Closed
TCK-10947,2025-01-30 08:26:40.369183708,2025-01-31 00:48:33.983260571,High,IT Support,Hardware,Closed
TCK-10948,2025-03-28 18:35:26.172828314,2025-03-29 16:44:34.871159262,Medium,  Operations ,Hardware,Closed
TCK-10949,2025-03-25 10:19:36.357032064,2025-03-25 21:33:11.894840931,Medium,HR,Database,Closed
TCK-10950,2025-04-04 22:44:14.626004078,2025-04-05 08:27:44.220077550,None,Operations,Access,Closed
TCK-10951,2025-06-21 12:06:56.914690406,2025-06-21 23:13:00.175364241,Medium,Operations,Software,Closed
TCK-10952,2025-04-19 16:49:39.707851498,2025-04-20 01:51:09.558425459,Medium,HR,Access,Resolved
TCK-10953,2025-04-20 00:56:03.603151158,2025-04-20 09:27:51.379011749,Medium,IT Support,Database,Resolved
TCK-10954,2025-01-24 01:04:01.112015466,2025-01-24 10:25:08.542568135,Critical,IT Support,Software,Resolved
TCK-10955,2025-06-29 08:49:54.846781912,2025-06-29 22:00:53.007493198,Medium,HR,Network,Closed
TCK-10956,2025-05-20 02:41:24.572737566,2025-05-21 02:42:52.086681570,None,Finance,Network,Resolved
TCK-10957,2025-06-07 21:31:06.407349962,2025-06-08 12:00:22.727476876,Low,Finance,Software,Resolved
TCK-10958,2025-03-16 13:46:40.004795620,2025-03-17 10:37:08.926090501,Low,Operations,Network,Closed
TCK-10959,2025-04-01 09:11:36.145658039,2025-04-02 01:19:03.511364284,Low,IT Support,Access,Closed
TCK-10960,2025-04-04 23:24:07.400091724,2025-04-05 15:59:41.901259620,Medium,  Operations ,Hardware,Resolved
TCK-10961,2025-02-04 22:29:18.275031939,2025-02-05 14:55:13.342021338,Medium,Operations,Access,Resolved
TCK-10962,2025-05-05 02:35:35.359196838,2025-05-05 17:23:41.503260597,Medium,HR,Network,Closed
TCK-10963,2025-06-12 12:51:34.005698684,2025-06-13 20:20:35.805835127,Medium,Operations,Hardware,Closed
TCK-10964,2025-01-30 11:12:32.883688692,2025-01-30 20:17:14.551730164,Medium,HR,Access,Closed
TCK-10965,2025-01-16 12:53:41.789256830,2025-01-18 02:04:33.061006246,High,Operations,Network,Resolved
TCK-10966,2025-05-13 21:06:20.418963402,2025-05-15 03:20:57.340358200,High,Finance,Access,Closed
TCK-10967,2025-02-19 04:13:54.886178217,2025-02-19 12:51:16.862293852,High,IT Support,Network,Closed
TCK-10968,2025-04-23 07:05:10.247232706,2025-04-25 04:01:28.466652204,None,Finance,Database,Resolved
TCK-10969,2025-05-06 05:40:33.672454394,2025-05-06 10:22:58.607503674,Medium,IT Support,Software,Closed
TCK-10970,2025-02-27 22:39:16.195224493,2025-02-28 09:41:22.866278174,Low,IT Support,Network,Closed
TCK-10971,2025-05-27 17:25:28.779165798,2025-05-29 07:51:58.785526573,Low,DevOps,Access,Resolved
TCK-10972,2025-04-09 23:57:08.649840301,2025-04-10 19:22:17.588420657,Low,  DevOps ,Network,Closed
TCK-10973,2025-06-06 10:04:38.792466436,2025-06-06 20:46:44.242796617,Medium,IT Support,Network,Resolved
TCK-10974,2025-05-18 09:25:41.329396750,2025-05-19 01:47:20.581907599,Critical,HR,Access,Closed
TCK-10975,2025-06-06 08:14:48.229446482,2025-06-06 16:01:12.174341482,High,IT Support,Access,Resolved
TCK-10976,2025-01-04 15:05:49.814697488,2025-01-05 12:57:25.205551410,Low,HR,Hardware,Closed
TCK-10977,2025-02-13 19:56:49.367006625,2025-02-14 14:21:18.872020201,Medium,Finance,Network,Closed
TCK-10978,2025-01-17 04:50:03.489815237,2025-01-18 16:19:14.313011433,Medium,DevOps,Database,Resolved
TCK-10979,2025-03-21 13:47:55.083328758,2025-03-22 06:39:06.258528739,None,Operations,Software,Resolved
TCK-10980,2025-06-10 04:37:39.811361428,2025-06-10 15:04:13.169839240,Low,HR,Network,Closed
TCK-10981,2025-03-26 03:46:26.158774350,2025-03-27 02:55:11.102257005,Medium,Operations,Access,Resolved
TCK-10982,2025-06-02 22:45:37.269314290,2025-06-03 11:33:33.994064619,None,HR,Hardware,Closed
TCK-10983,2025-02-28 21:24:35.957676432,2025-03-01 12:15:08.385303474,None,DevOps,Network,Closed
TCK-10984,2025-03-03 02:56:33.772267286,2025-03-03 15:32:22.766462017,Low,  DevOps ,Database,Resolved
TCK-10985,2025-06-11 04:49:36.030043600,2025-06-12 07:31:58.806119835,Low,Operations,Access,Closed
TCK-10986,2025-03-18 15:31:48.262549982,2025-03-18 23:14:36.025909216,Medium,HR,Database,Closed
TCK-10987,2025-05-23 03:47:12.866182652,2025-05-23 13:33:40.413677319,High,IT Support,Database,Closed
TCK-10988,2025-02-12 14:18:00.456659329,2025-02-12 23:02:12.877541585,Low,IT Support,Software,Closed
TCK-10989,2025-06-20 18:49:10.503146586,2025-06-21 15:11:47.733607907,Critical,Finance,Software,Resolved
TCK-10990,2025-04-14 10:10:40.890043441,2025-04-15 23:57:01.192270019,Low,HR,Network,Closed
TCK-10991,2025-05-17 16:16:40.138531306,2025-05-18 07:48:45.211900665,Medium,HR,Software,Closed
TCK-10992,2025-01-17 02:42:28.163210059,2025-01-17 23:25:37.126523914,High,HR,Network,Closed
TCK-10993,2025-03-30 16:18:34.040116383,2025-03-31 20:33:32.796091773,Low,Finance,Network,Resolved
TCK-10994,2025-06-12 04:29:10.716759528,2025-06-12 12:03:25.534339244,Medium,IT Support,Access,Closed
TCK-10995,2025-06-07 20:48:24.758881472,2025-06-09 03:30:44.673591507,Medium,DevOps,Access,Closed
TCK-10996,2025-01-09 10:14:10.662906706,2025-01-12 02:31:00.987746377,High,  DevOps ,Hardware,Closed
TCK-10997,2025-02-24 15:58:38.591893380,2025-02-26 21:23:22.640049455,Low,DevOps,Software,Closed
TCK-10998,2025-03-21 19:08:32.740762654,2025-03-23 08:49:35.083684758,Medium,HR,Hardware,Closed
TCK-10999,2025-02-01 00:11:02.392861218,2025-02-01 09:40:48.558729039,Medium,IT Support,Database,Closed
